** Message: 08:37:02.904: environement.vala:58: Exporting primary_variable
** Message: 08:37:02.904: environement.vala:59: desktop_environnement XDG_CURRENT_DESKTOP
** Message: 08:37:02.904: environement.vala:150: confir_dirs is null, export : /etc/xdg
** Message: 08:37:02.904: environement.vala:184: Exporting XDG_CONFIG_DIRS
** Message: 08:37:02.904: environement.vala:218: custom_data :
** Message: 08:37:02.904: environement.vala:219: data_dirs :~/.local/share:/usr/local/share:/usr/share/raspi-ui-overrides:/usr/share:/usr/share/gdm:/var/lib/menu-xdg
** Message: 08:37:02.904: environement.vala:220: data_dirs not null, export : ~/.local/share:/usr/local/share:/usr/share/raspi-ui-overrides:/usr/share:/usr/share/gdm:/var/lib/menu-xdg
** Message: 08:37:02.904: environement.vala:225: Exporting XDG_DATA_DIRS
** Message: 08:37:02.904: utils.vala:138: Config system location : /etc/xdg/lxsession/LXDE-pi
** Message: 08:37:02.904: utils.vala:144: System system path location : /etc/xdg/lxsession/LXDE-pi/desktop.conf
** Message: 08:37:02.904: utils.vala:148: Final file used : /etc/xdg/lxsession/LXDE-pi/desktop.conf
** Message: 08:37:02.904: utils.vala:39: Config system location : /etc/xdg/lxsession/LXDE-pi
** Message: 08:37:02.904: utils.vala:45: System system path location : /etc/xdg/lxsession/LXDE-pi/desktop.conf

** (lxsession:1506): WARNING **: 08:37:02.904: utils.vala:70: No such file or directory
** Message: 08:37:02.904: settings.vala:540: Key file does not have key “iGtk/ColorScheme” in group “GTK”
** Message: 08:37:02.904: settings.vala:540: Key file does not have key “windows_manager/command” in group “Session”
** Message: 08:37:02.904: settings.vala:540: Key file does not have key “panel/command” in group “Session”
** Message: 08:37:02.904: settings.vala:540: Key file does not have key “dock/command” in group “Session”
** Message: 08:37:02.904: settings.vala:540: Key file does not have key “file_manager/command” in group “Session”
** Message: 08:37:02.905: settings.vala:540: Key file does not have key “desktop_manager/command” in group “Session”
** Message: 08:37:02.905: settings.vala:540: Key file does not have key “launcher_manager/autostart” in group “Session”
** Message: 08:37:02.905: settings.vala:540: Key file does not have key “composite_manager/command” in group “Session”
** Message: 08:37:02.905: settings.vala:540: Key file does not have key “im1/command” in group “Session”
** Message: 08:37:02.905: settings.vala:540: Key file does not have key “im2/command” in group “Session”
** Message: 08:37:02.905: settings.vala:540: Key file does not have key “widget1/command” in group “Session”
** Message: 08:37:02.905: settings.vala:540: Key file does not have key “notification/command” in group “Session”
** Message: 08:37:02.905: settings.vala:540: Key file does not have key “keybindings/command” in group “Session”
** Message: 08:37:02.905: settings.vala:540: Key file does not have key “im_manager/command” in group “Session”
** Message: 08:37:02.905: settings.vala:540: Key file does not have key “screensaver/command” in group “Session”
** Message: 08:37:02.905: settings.vala:540: Key file does not have key “power_manager/command” in group “Session”
** Message: 08:37:02.905: settings.vala:540: Key file does not have key “audio_manager/command” in group “Session”
** Message: 08:37:02.905: settings.vala:540: Key file does not have key “workspace_manager/command” in group “Session”
** Message: 08:37:02.905: settings.vala:540: Key file does not have key “screenshot_manager/command” in group “Session”
** Message: 08:37:02.905: settings.vala:540: Key file does not have key “message_manager/command” in group “Session”
** Message: 08:37:02.905: settings.vala:540: Key file does not have key “upgrade_manager/command” in group “Session”
** Message: 08:37:02.905: settings.vala:540: Key file does not have key “updates_manager/command” in group “Session”
** Message: 08:37:02.905: settings.vala:540: Key file does not have key “updates_manager/timeout” in group “Session”
** Message: 08:37:02.905: settings.vala:540: Key file does not have key “crash_manager/command” in group “Session”
** Message: 08:37:02.905: settings.vala:540: Key file does not have key “crash_manager/dev_mode” in group “Session”
** Message: 08:37:02.905: settings.vala:540: Key file does not have key “crash_manager/timeout” in group “Session”
** Message: 08:37:02.905: settings.vala:540: Key file does not have key “upstart_user_session” in group “Session”
** Message: 08:37:02.905: settings.vala:540: Key file does not have key “proxy_manager/http” in group “Session”
** Message: 08:37:02.905: settings.vala:540: Key file does not have key “a11y/command” in group “Session”
** Message: 08:37:02.905: settings.vala:540: Key file does not have key “xrandr/command” in group “Session”
** Message: 08:37:02.905: settings.vala:540: Key file does not have key “network_gui/command” in group “Session”
** Message: 08:37:02.905: settings.vala:540: Key file does not have key “webbrowser/command” in group “Session”
** Message: 08:37:02.905: settings.vala:540: Key file does not have key “email/command” in group “Session”
** Message: 08:37:02.905: settings.vala:540: Key file does not have key “pdf_reader/command” in group “Session”
** Message: 08:37:02.905: settings.vala:540: Key file does not have key “video_player/command” in group “Session”
** Message: 08:37:02.905: settings.vala:540: Key file does not have key “audio_player/command” in group “Session”
** Message: 08:37:02.905: settings.vala:540: Key file does not have key “image_display/command” in group “Session”
** Message: 08:37:02.905: settings.vala:540: Key file does not have key “text_editor/command” in group “Session”
** Message: 08:37:02.905: settings.vala:540: Key file does not have key “archive/command” in group “Session”
** Message: 08:37:02.905: settings.vala:540: Key file does not have key “charmap/command” in group “Session”
** Message: 08:37:02.905: settings.vala:540: Key file does not have key “calculator/command” in group “Session”
** Message: 08:37:02.905: settings.vala:540: Key file does not have key “spreadsheet/command” in group “Session”
** Message: 08:37:02.905: settings.vala:540: Key file does not have key “bittorent/command” in group “Session”
** Message: 08:37:02.905: settings.vala:540: Key file does not have key “document/command” in group “Session”
** Message: 08:37:02.905: settings.vala:540: Key file does not have key “webcam/command” in group “Session”
** Message: 08:37:02.905: settings.vala:540: Key file does not have key “burn/command” in group “Session”
** Message: 08:37:02.905: settings.vala:540: Key file does not have key “notes/command” in group “Session”
** Message: 08:37:02.905: settings.vala:540: Key file does not have key “disk_utility/command” in group “Session”
** Message: 08:37:02.905: settings.vala:540: Key file does not have key “tasks/command” in group “Session”
** Message: 08:37:02.905: settings.vala:540: Key file does not have group “Keymap”
** Message: 08:37:02.905: settings.vala:540: Key file does not have key “laptop_mode” in group “State”
** Message: 08:37:02.905: settings.vala:540: Key file does not have key “gnome” in group “Dbus”
** Message: 08:37:02.905: settings.vala:540: Key file does not have key “type” in group “Environment”
** Message: 08:37:02.905: settings.vala:540: Key file does not have key “ubuntu_menuproxy” in group “Environment”
** Message: 08:37:02.905: settings.vala:540: Key file does not have key “toolkit_integration” in group “Environment”
** Message: 08:37:02.905: settings.vala:540: Key file does not have key “gtk/overlay_scrollbar_disable” in group “Environment”
** Message: 08:37:02.905: settings.vala:540: Key file does not have key “qt/force_theme” in group “Environment”
** Message: 08:37:02.905: settings.vala:540: Key file does not have key “qt/platform” in group “Environment”
** Message: 08:37:02.905: settings.vala:462: Monitoring: /etc/xdg/lxsession/LXDE-pi/desktop.conf
** Message: 08:37:02.905: settings.vala:470: Desktop file is not in config home, monitoring creation of it
** Message: 08:37:02.905: settings.vala:485: Monitoring home path: /home/pi/.config/lxsession/LXDE-pi/desktop.conf
** Message: 08:37:02.905: environement.vala:79: Exporting variable
** Message: 08:37:02.905: environement.vala:80: desktop_environnement XDG_CURRENT_DESKTOP
** Message: 08:37:02.905: environement.vala:177: custom_config :
** Message: 08:37:02.905: environement.vala:178: config_dirs :/etc/xdg
** Message: 08:37:02.905: environement.vala:179: confir_dirs not null, export : /etc/xdg
** Message: 08:37:02.905: environement.vala:184: Exporting XDG_CONFIG_DIRS
** Message: 08:37:02.905: environement.vala:218: custom_data :
** Message: 08:37:02.905: environement.vala:219: data_dirs :~/.local/share:/usr/local/share:/usr/share/raspi-ui-overrides:/usr/share:/usr/share/gdm:/var/lib/menu-xdg
** Message: 08:37:02.905: environement.vala:220: data_dirs not null, export : ~/.local/share:/usr/local/share:/usr/share/raspi-ui-overrides:/usr/share:/usr/share/gdm:/var/lib/menu-xdg
** Message: 08:37:02.905: environement.vala:225: Exporting XDG_DATA_DIRS
** Message: 08:37:02.905: utils.vala:39: Config system location : /etc/xdg/lxsession/LXDE-pi
** Message: 08:37:02.905: utils.vala:45: System system path location : /etc/xdg/lxsession/LXDE-pi/desktop.conf

** (lxsession:1506): WARNING **: 08:37:02.905: utils.vala:70: No such file or directory
** Message: 08:37:02.905: environement.vala:254: No entry in [Environment_variable]. Key file does not have group “Environment_variable”

** (lxsession:1506): WARNING **: 08:37:02.907: process.vala:49: Failed to execute child process “xprop” (No such file or directory)

** (lxsession:1506): WARNING **: 08:37:02.907: process.vala:50: Error when launching xprop
** Message: 08:37:02.907: utils.vala:138: Config system location : /etc/xdg/lxsession/LXDE-pi
** Message: 08:37:02.907: utils.vala:144: System system path location : /etc/xdg/lxsession/LXDE-pi/conffiles.conf
** Message: 08:37:02.907: utils.vala:148: Final file used : /etc/xdg/lxsession/LXDE-pi/conffiles.conf
** Message: 08:37:02.907: options.vala:164: Activate xsettings_manager build-in
** Message: 08:37:02.907: utils.vala:39: Config system location : /etc/xdg/lxsession/LXDE-pi
** Message: 08:37:02.907: utils.vala:45: System system path location : /etc/xdg/lxsession/LXDE-pi/desktop.conf

** (lxsession:1506): WARNING **: 08:37:02.908: utils.vala:70: No such file or directory
** Message: 08:37:02.913: app.vala:728: polkit separate
** Message: 08:37:02.913: app.vala:728: polkit separate
** Message: 08:37:02.916: app.vala:76: Launching lxpolkit 
** Message: 08:37:02.916: utils.vala:138: Config system location : /etc/xdg/lxsession/LXDE-pi
** Message: 08:37:02.916: utils.vala:144: System system path location : /etc/xdg/lxsession/LXDE-pi/autostart
** Message: 08:37:02.916: utils.vala:148: Final file used : /etc/xdg/lxsession/LXDE-pi/autostart
** Message: 08:37:02.916: autostart.vala:42: Autostart path : /etc/xdg/lxsession/LXDE-pi/autostart
** Message: 08:37:02.920: app.vala:76: Launching lxpanel 
** Message: 08:37:02.927: app.vala:76: Launching pcmanfm 

** (lxsession:1506): WARNING **: 08:37:02.931: app.vala:86: Failed to execute child process “xscreensaver” (No such file or directory)

** (lxsession:1506): WARNING **: 08:37:02.931: app.vala:87: Error when launching xscreensaver
** Message: 08:37:02.945: options.vala:107: Create build-in Clipboard
** Message: 08:37:02.946: main.vala:450: Check keymap_mode (null)
** Message: 08:37:02.951: app.vala:76: Launching /usr/bin/ssh-agent 
SSH_AUTH_SOCK=/tmp/ssh-Q4lwoANPqyZx/agent.1622; export SSH_AUTH_SOCK;
SSH_AGENT_PID=1627; export SSH_AGENT_PID;
echo Agent pid 1627;
** Message: 08:37:03.143: app.vala:130: /usr/bin/ssh-agent exit with this type of exit: 0
Cannot register authentication agent: GDBus.Error:org.freedesktop.PolicyKit1.Error.Failed: An authentication agent already exists for the given subject
Openbox-Message: Unable to find a valid menu file "/usr/share/lxde/openbox/menu.xml"
** Message: 08:37:03.241: main.vala:40: lxpolkit is already running. Exiting

(lxpanel:1612): Gtk-CRITICAL **: 08:37:03.439: gtk_icon_theme_choose_icon_for_scale: assertion 'scale >= 1' failed

(lxpanel:1612): Gtk-CRITICAL **: 08:37:03.439: gtk_icon_theme_load_icon_for_scale: assertion 'scale >= 1' failed

(lxpanel:1612): Gtk-CRITICAL **: 08:37:03.439: gtk_icon_theme_load_icon_for_scale: assertion 'scale >= 1' failed

(lxpanel:1612): Gtk-CRITICAL **: 08:37:03.452: gtk_icon_theme_choose_icon_for_scale: assertion 'scale >= 1' failed

(lxpanel:1612): Gtk-CRITICAL **: 08:37:03.452: gtk_icon_theme_load_icon_for_scale: assertion 'scale >= 1' failed

(lxpanel:1612): Gtk-CRITICAL **: 08:37:03.452: gtk_icon_theme_load_icon_for_scale: assertion 'scale >= 1' failed

(lxpanel:1612): Gtk-CRITICAL **: 08:37:03.452: gtk_icon_theme_choose_icon_for_scale: assertion 'scale >= 1' failed

(lxpanel:1612): Gtk-CRITICAL **: 08:37:03.452: gtk_icon_theme_load_icon_for_scale: assertion 'scale >= 1' failed

(lxpanel:1612): Gtk-CRITICAL **: 08:37:03.452: gtk_icon_theme_load_icon_for_scale: assertion 'scale >= 1' failed

(lxpanel:1612): GLib-GIO-CRITICAL **: 08:37:03.483: GFileInfo created without standard::is-symlink

(lxpanel:1612): GLib-GIO-CRITICAL **: 08:37:03.483: file ../../../gio/gfileinfo.c: line 1691 (g_file_info_get_is_symlink): should not be reached

(lxpanel:1612): GLib-GIO-CRITICAL **: 08:37:03.483: GFileInfo created without standard::is-symlink

(lxpanel:1612): GLib-GIO-CRITICAL **: 08:37:03.483: GFileInfo created without standard::is-symlink

(lxpanel:1612): GLib-GIO-CRITICAL **: 08:37:03.483: file ../../../gio/gfileinfo.c: line 1691 (g_file_info_get_is_symlink): should not be reached

(lxpanel:1612): GLib-GIO-CRITICAL **: 08:37:03.483: GFileInfo created without standard::is-symlink

(lxpanel:1612): GLib-GIO-CRITICAL **: 08:37:03.483: file ../../../gio/gfileinfo.c: line 1691 (g_file_info_get_is_symlink): should not be reached

(lxpanel:1612): GLib-GIO-CRITICAL **: 08:37:03.483: GFileInfo created without standard::is-symlink

(lxpanel:1612): GLib-GIO-CRITICAL **: 08:37:03.483: file ../../../gio/gfileinfo.c: line 1691 (g_file_info_get_is_symlink): should not be reached

(lxpanel:1612): GLib-GIO-CRITICAL **: 08:37:03.483: GFileInfo created without standard::is-symlink

(lxpanel:1612): GLib-GIO-CRITICAL **: 08:37:03.483: file ../../../gio/gfileinfo.c: line 1691 (g_file_info_get_is_symlink): should not be reached

(lxpanel:1612): GLib-GIO-CRITICAL **: 08:37:03.483: GFileInfo created without standard::is-symlink

(lxpanel:1612): GLib-GIO-CRITICAL **: 08:37:03.483: file ../../../gio/gfileinfo.c: line 1691 (g_file_info_get_is_symlink): should not be reached

(lxpanel:1612): GLib-GIO-CRITICAL **: 08:37:03.483: GFileInfo created without standard::is-symlink

(lxpanel:1612): GLib-GIO-CRITICAL **: 08:37:03.483: file ../../../gio/gfileinfo.c: line 1691 (g_file_info_get_is_symlink): should not be reached

(lxpanel:1612): GLib-GIO-CRITICAL **: 08:37:03.483: GFileInfo created without standard::is-symlink

(lxpanel:1612): GLib-GIO-CRITICAL **: 08:37:03.483: file ../../../gio/gfileinfo.c: line 1691 (g_file_info_get_is_symlink): should not be reached

(lxpanel:1612): GLib-GIO-CRITICAL **: 08:37:03.483: GFileInfo created without standard::is-symlink

(lxpanel:1612): GLib-GIO-CRITICAL **: 08:37:03.483: file ../../../gio/gfileinfo.c: line 1691 (g_file_info_get_is_symlink): should not be reached

(lxpanel:1612): GLib-GIO-CRITICAL **: 08:37:03.483: GFileInfo created without standard::is-symlink

(lxpanel:1612): GLib-GIO-CRITICAL **: 08:37:03.483: file ../../../gio/gfileinfo.c: line 1691 (g_file_info_get_is_symlink): should not be reached

(lxpanel:1612): GLib-GIO-CRITICAL **: 08:37:03.483: GFileInfo created without standard::is-symlink

(lxpanel:1612): GLib-GIO-CRITICAL **: 08:37:03.483: file ../../../gio/gfileinfo.c: line 1691 (g_file_info_get_is_symlink): should not be reached

(lxpanel:1612): GLib-GIO-CRITICAL **: 08:37:03.483: GFileInfo created without standard::is-symlink

(lxpanel:1612): GLib-GIO-CRITICAL **: 08:37:03.483: file ../../../gio/gfileinfo.c: line 1691 (g_file_info_get_is_symlink): should not be reached

(lxpanel:1612): GLib-GIO-CRITICAL **: 08:37:03.483: GFileInfo created without standard::is-symlink

(lxpanel:1612): GLib-GIO-CRITICAL **: 08:37:03.483: file ../../../gio/gfileinfo.c: line 1691 (g_file_info_get_is_symlink): should not be reached

(lxpanel:1612): GLib-GIO-CRITICAL **: 08:37:03.483: GFileInfo created without standard::is-symlink

(lxpanel:1612): GLib-GIO-CRITICAL **: 08:37:03.483: file ../../../gio/gfileinfo.c: line 1691 (g_file_info_get_is_symlink): should not be reached

(lxpanel:1612): GLib-GIO-CRITICAL **: 08:37:03.483: GFileInfo created without standard::is-symlink

(lxpanel:1612): GLib-GIO-CRITICAL **: 08:37:03.483: file ../../../gio/gfileinfo.c: line 1691 (g_file_info_get_is_symlink): should not be reached

(lxpanel:1612): GLib-GIO-CRITICAL **: 08:37:03.483: GFileInfo created without standard::is-symlink

(lxpanel:1612): GLib-GIO-CRITICAL **: 08:37:03.483: file ../../../gio/gfileinfo.c: line 1691 (g_file_info_get_is_symlink): should not be reached

(lxpanel:1612): GLib-GIO-CRITICAL **: 08:37:03.483: GFileInfo created without standard::size

(lxpanel:1612): GLib-GIO-CRITICAL **: 08:37:03.483: file ../../../gio/gfileinfo.c: line 1860 (g_file_info_get_size): should not be reached

(lxpanel:1612): GLib-GIO-CRITICAL **: 08:37:03.483: GFileInfo created without standard::is-symlink

(lxpanel:1612): GLib-GIO-CRITICAL **: 08:37:03.483: file ../../../gio/gfileinfo.c: line 1691 (g_file_info_get_is_symlink): should not be reached

(lxpanel:1612): GLib-GIO-CRITICAL **: 08:37:03.483: GFileInfo created without standard::is-symlink

(lxpanel:1612): GLib-GIO-CRITICAL **: 08:37:03.483: file ../../../gio/gfileinfo.c: line 1691 (g_file_info_get_is_symlink): should not be reached

(lxpanel:1612): GLib-GIO-CRITICAL **: 08:37:03.483: GFileInfo created without standard::is-symlink

(lxpanel:1612): GLib-GIO-CRITICAL **: 08:37:03.483: file ../../../gio/gfileinfo.c: line 1691 (g_file_info_get_is_symlink): should not be reached

(lxpanel:1612): GLib-GIO-CRITICAL **: 08:37:03.483: GFileInfo created without standard::is-symlink

(lxpanel:1612): GLib-GIO-CRITICAL **: 08:37:03.483: file ../../../gio/gfileinfo.c: line 1691 (g_file_info_get_is_symlink): should not be reached

(lxpanel:1612): GLib-GIO-CRITICAL **: 08:37:03.483: GFileInfo created without standard::is-symlink

(lxpanel:1612): GLib-GIO-CRITICAL **: 08:37:03.483: file ../../../gio/gfileinfo.c: line 1691 (g_file_info_get_is_symlink): should not be reached

(lxpanel:1612): GLib-GIO-CRITICAL **: 08:37:03.483: GFileInfo created without standard::is-symlink

(lxpanel:1612): GLib-GIO-CRITICAL **: 08:37:03.483: file ../../../gio/gfileinfo.c: line 1691 (g_file_info_get_is_symlink): should not be reached

(lxpanel:1612): GLib-GIO-CRITICAL **: 08:37:03.483: GFileInfo created without standard::is-symlink

(lxpanel:1612): GLib-GIO-CRITICAL **: 08:37:03.483: file ../../../gio/gfileinfo.c: line 1691 (g_file_info_get_is_symlink): should not be reached

(lxpanel:1612): GLib-GIO-CRITICAL **: 08:37:03.483: GFileInfo created without standard::is-symlink

(lxpanel:1612): GLib-GIO-CRITICAL **: 08:37:03.483: file ../../../gio/gfileinfo.c: line 1691 (g_file_info_get_is_symlink): should not be reached

(lxpanel:1612): GLib-GIO-CRITICAL **: 08:37:03.483: GFileInfo created without standard::is-symlink

(lxpanel:1612): GLib-GIO-CRITICAL **: 08:37:03.483: file ../../../gio/gfileinfo.c: line 1691 (g_file_info_get_is_symlink): should not be reached

(lxpanel:1612): GLib-GIO-CRITICAL **: 08:37:03.483: GFileInfo created without standard::is-symlink

(lxpanel:1612): GLib-GIO-CRITICAL **: 08:37:03.483: file ../../../gio/gfileinfo.c: line 1691 (g_file_info_get_is_symlink): should not be reached

(lxpanel:1612): GLib-GIO-CRITICAL **: 08:37:03.484: GFileInfo created without standard::is-symlink

(lxpanel:1612): GLib-GIO-CRITICAL **: 08:37:03.484: file ../../../gio/gfileinfo.c: line 1691 (g_file_info_get_is_symlink): should not be reached

(lxpanel:1612): GLib-GIO-CRITICAL **: 08:37:03.484: GFileInfo created without standard::is-symlink

(lxpanel:1612): GLib-GIO-CRITICAL **: 08:37:03.484: file ../../../gio/gfileinfo.c: line 1691 (g_file_info_get_is_symlink): should not be reached

(lxpanel:1612): GLib-GIO-CRITICAL **: 08:37:03.484: GFileInfo created without standard::is-symlink

(lxpanel:1612): GLib-GIO-CRITICAL **: 08:37:03.484: file ../../../gio/gfileinfo.c: line 1691 (g_file_info_get_is_symlink): should not be reached

(lxpanel:1612): GLib-GIO-CRITICAL **: 08:37:03.484: GFileInfo created without standard::is-symlink

(lxpanel:1612): GLib-GIO-CRITICAL **: 08:37:03.484: file ../../../gio/gfileinfo.c: line 1691 (g_file_info_get_is_symlink): should not be reached

(lxpanel:1612): GLib-GIO-CRITICAL **: 08:37:03.484: GFileInfo created without standard::is-symlink

(lxpanel:1612): GLib-GIO-CRITICAL **: 08:37:03.484: file ../../../gio/gfileinfo.c: line 1691 (g_file_info_get_is_symlink): should not be reached

(lxpanel:1612): GLib-GIO-CRITICAL **: 08:37:03.484: GFileInfo created without standard::is-symlink

(lxpanel:1612): GLib-GIO-CRITICAL **: 08:37:03.484: file ../../../gio/gfileinfo.c: line 1691 (g_file_info_get_is_symlink): should not be reached

(lxpanel:1612): GLib-GIO-CRITICAL **: 08:37:03.483: file ../../../gio/gfileinfo.c: line 1691 (g_file_info_get_is_symlink): should not be reached

(lxpanel:1612): GLib-GIO-CRITICAL **: 08:37:03.484: GFileInfo created without standard::is-symlink

(lxpanel:1612): GLib-GIO-CRITICAL **: 08:37:03.484: file ../../../gio/gfileinfo.c: line 1691 (g_file_info_get_is_symlink): should not be reached

(lxpanel:1612): GLib-GIO-CRITICAL **: 08:37:03.484: GFileInfo created without standard::is-symlink

(lxpanel:1612): GLib-GIO-CRITICAL **: 08:37:03.484: GFileInfo created without standard::is-symlink

(lxpanel:1612): GLib-GIO-CRITICAL **: 08:37:03.484: file ../../../gio/gfileinfo.c: line 1691 (g_file_info_get_is_symlink): should not be reached

(lxpanel:1612): GLib-GIO-CRITICAL **: 08:37:03.484: GFileInfo created without standard::is-symlink

(lxpanel:1612): GLib-GIO-CRITICAL **: 08:37:03.484: GFileInfo created without standard::is-symlink

(lxpanel:1612): GLib-GIO-CRITICAL **: 08:37:03.484: file ../../../gio/gfileinfo.c: line 1691 (g_file_info_get_is_symlink): should not be reached

(lxpanel:1612): GLib-GIO-CRITICAL **: 08:37:03.484: file ../../../gio/gfileinfo.c: line 1691 (g_file_info_get_is_symlink): should not be reached

(lxpanel:1612): GLib-GIO-CRITICAL **: 08:37:03.484: GFileInfo created without standard::is-symlink

(lxpanel:1612): GLib-GIO-CRITICAL **: 08:37:03.484: GFileInfo created without standard::is-symlink

(lxpanel:1612): GLib-GIO-CRITICAL **: 08:37:03.484: file ../../../gio/gfileinfo.c: line 1691 (g_file_info_get_is_symlink): should not be reached

(lxpanel:1612): GLib-GIO-CRITICAL **: 08:37:03.484: GFileInfo created without standard::is-symlink

(lxpanel:1612): GLib-GIO-CRITICAL **: 08:37:03.484: file ../../../gio/gfileinfo.c: line 1691 (g_file_info_get_is_symlink): should not be reached

(lxpanel:1612): GLib-GIO-CRITICAL **: 08:37:03.484: GFileInfo created without standard::is-symlink

(lxpanel:1612): GLib-GIO-CRITICAL **: 08:37:03.484: file ../../../gio/gfileinfo.c: line 1691 (g_file_info_get_is_symlink): should not be reached

(lxpanel:1612): GLib-GIO-CRITICAL **: 08:37:03.484: GFileInfo created without standard::is-symlink

(lxpanel:1612): GLib-GIO-CRITICAL **: 08:37:03.484: file ../../../gio/gfileinfo.c: line 1691 (g_file_info_get_is_symlink): should not be reached

(lxpanel:1612): GLib-GIO-CRITICAL **: 08:37:03.484: file ../../../gio/gfileinfo.c: line 1691 (g_file_info_get_is_symlink): should not be reached

(lxpanel:1612): GLib-GIO-CRITICAL **: 08:37:03.484: GFileInfo created without standard::is-symlink

(lxpanel:1612): GLib-GIO-CRITICAL **: 08:37:03.484: GFileInfo created without standard::is-symlink

(lxpanel:1612): GLib-GIO-CRITICAL **: 08:37:03.484: file ../../../gio/gfileinfo.c: line 1691 (g_file_info_get_is_symlink): should not be reached

(lxpanel:1612): GLib-GIO-CRITICAL **: 08:37:03.484: file ../../../gio/gfileinfo.c: line 1691 (g_file_info_get_is_symlink): should not be reached

(lxpanel:1612): GLib-GIO-CRITICAL **: 08:37:03.484: GFileInfo created without standard::is-symlink

(lxpanel:1612): GLib-GIO-CRITICAL **: 08:37:03.484: file ../../../gio/gfileinfo.c: line 1691 (g_file_info_get_is_symlink): should not be reached

(lxpanel:1612): GLib-GIO-CRITICAL **: 08:37:03.484: GFileInfo created without standard::is-symlink

(lxpanel:1612): GLib-GIO-CRITICAL **: 08:37:03.484: file ../../../gio/gfileinfo.c: line 1691 (g_file_info_get_is_symlink): should not be reached

(lxpanel:1612): GLib-GIO-CRITICAL **: 08:37:03.484: GFileInfo created without standard::is-symlink

(lxpanel:1612): GLib-GIO-CRITICAL **: 08:37:03.484: file ../../../gio/gfileinfo.c: line 1691 (g_file_info_get_is_symlink): should not be reached

(lxpanel:1612): GLib-GIO-CRITICAL **: 08:37:03.484: GFileInfo created without standard::is-symlink

(lxpanel:1612): GLib-GIO-CRITICAL **: 08:37:03.484: file ../../../gio/gfileinfo.c: line 1691 (g_file_info_get_is_symlink): should not be reached

(lxpanel:1612): GLib-GIO-CRITICAL **: 08:37:03.484: GFileInfo created without standard::is-symlink

(lxpanel:1612): GLib-GIO-CRITICAL **: 08:37:03.484: file ../../../gio/gfileinfo.c: line 1691 (g_file_info_get_is_symlink): should not be reached

(lxpanel:1612): GLib-GIO-CRITICAL **: 08:37:03.484: GFileInfo created without standard::is-symlink

(lxpanel:1612): GLib-GIO-CRITICAL **: 08:37:03.484: file ../../../gio/gfileinfo.c: line 1691 (g_file_info_get_is_symlink): should not be reached

(lxpanel:1612): GLib-GIO-CRITICAL **: 08:37:03.484: GFileInfo created without standard::is-symlink

(lxpanel:1612): GLib-GIO-CRITICAL **: 08:37:03.484: file ../../../gio/gfileinfo.c: line 1691 (g_file_info_get_is_symlink): should not be reached

(lxpanel:1612): GLib-GIO-CRITICAL **: 08:37:03.484: GFileInfo created without standard::is-symlink

(lxpanel:1612): GLib-GIO-CRITICAL **: 08:37:03.484: file ../../../gio/gfileinfo.c: line 1691 (g_file_info_get_is_symlink): should not be reached

(lxpanel:1612): GLib-GIO-CRITICAL **: 08:37:03.484: GFileInfo created without standard::is-symlink

(lxpanel:1612): GLib-GIO-CRITICAL **: 08:37:03.484: file ../../../gio/gfileinfo.c: line 1691 (g_file_info_get_is_symlink): should not be reached

(lxpanel:1612): GLib-GIO-CRITICAL **: 08:37:03.484: GFileInfo created without standard::is-symlink

(lxpanel:1612): GLib-GIO-CRITICAL **: 08:37:03.484: file ../../../gio/gfileinfo.c: line 1691 (g_file_info_get_is_symlink): should not be reached

(lxpanel:1612): GLib-GIO-CRITICAL **: 08:37:03.484: GFileInfo created without standard::is-symlink

(lxpanel:1612): GLib-GIO-CRITICAL **: 08:37:03.484: file ../../../gio/gfileinfo.c: line 1691 (g_file_info_get_is_symlink): should not be reached

(lxpanel:1612): GLib-GIO-CRITICAL **: 08:37:03.484: GFileInfo created without standard::is-symlink

(lxpanel:1612): GLib-GIO-CRITICAL **: 08:37:03.484: file ../../../gio/gfileinfo.c: line 1691 (g_file_info_get_is_symlink): should not be reached

(lxpanel:1612): GLib-GIO-CRITICAL **: 08:37:03.484: GFileInfo created without standard::is-symlink

(lxpanel:1612): GLib-GIO-CRITICAL **: 08:37:03.484: GFileInfo created without standard::is-symlink

(lxpanel:1612): GLib-GIO-CRITICAL **: 08:37:03.484: file ../../../gio/gfileinfo.c: line 1691 (g_file_info_get_is_symlink): should not be reached

(lxpanel:1612): GLib-GIO-CRITICAL **: 08:37:03.484: file ../../../gio/gfileinfo.c: line 1691 (g_file_info_get_is_symlink): should not be reached

(lxpanel:1612): GLib-GIO-CRITICAL **: 08:37:03.484: GFileInfo created without standard::is-symlink

(lxpanel:1612): GLib-GIO-CRITICAL **: 08:37:03.484: file ../../../gio/gfileinfo.c: line 1691 (g_file_info_get_is_symlink): should not be reached

(lxpanel:1612): GLib-GIO-CRITICAL **: 08:37:03.484: GFileInfo created without standard::is-symlink

(lxpanel:1612): GLib-GIO-CRITICAL **: 08:37:03.484: file ../../../gio/gfileinfo.c: line 1691 (g_file_info_get_is_symlink): should not be reached

(lxpanel:1612): GLib-GIO-CRITICAL **: 08:37:03.484: GFileInfo created without standard::is-symlink

(lxpanel:1612): GLib-GIO-CRITICAL **: 08:37:03.484: file ../../../gio/gfileinfo.c: line 1691 (g_file_info_get_is_symlink): should not be reached

(lxpanel:1612): GLib-GIO-CRITICAL **: 08:37:03.484: file ../../../gio/gfileinfo.c: line 1691 (g_file_info_get_is_symlink): should not be reached

(lxpanel:1612): GLib-GIO-CRITICAL **: 08:37:03.484: GFileInfo created without standard::is-symlink

(lxpanel:1612): GLib-GIO-CRITICAL **: 08:37:03.484: file ../../../gio/gfileinfo.c: line 1691 (g_file_info_get_is_symlink): should not be reached

(lxpanel:1612): GLib-GIO-CRITICAL **: 08:37:03.484: GFileInfo created without standard::is-symlink

(lxpanel:1612): GLib-GIO-CRITICAL **: 08:37:03.484: file ../../../gio/gfileinfo.c: line 1691 (g_file_info_get_is_symlink): should not be reached

(lxpanel:1612): GLib-GIO-CRITICAL **: 08:37:03.484: GFileInfo created without standard::is-symlink

(lxpanel:1612): GLib-GIO-CRITICAL **: 08:37:03.484: file ../../../gio/gfileinfo.c: line 1691 (g_file_info_get_is_symlink): should not be reached

(lxpanel:1612): GLib-GIO-CRITICAL **: 08:37:03.484: GFileInfo created without standard::is-symlink

(lxpanel:1612): GLib-GIO-CRITICAL **: 08:37:03.484: GFileInfo created without standard::is-symlink

(lxpanel:1612): GLib-GIO-CRITICAL **: 08:37:03.484: file ../../../gio/gfileinfo.c: line 1691 (g_file_info_get_is_symlink): should not be reached

(lxpanel:1612): GLib-GIO-CRITICAL **: 08:37:03.484: file ../../../gio/gfileinfo.c: line 1691 (g_file_info_get_is_symlink): should not be reached

(lxpanel:1612): GLib-GIO-CRITICAL **: 08:37:03.484: GFileInfo created without standard::is-symlink

(lxpanel:1612): GLib-GIO-CRITICAL **: 08:37:03.484: file ../../../gio/gfileinfo.c: line 1691 (g_file_info_get_is_symlink): should not be reached

(lxpanel:1612): GLib-GIO-CRITICAL **: 08:37:03.484: GFileInfo created without standard::is-symlink

(lxpanel:1612): GLib-GIO-CRITICAL **: 08:37:03.484: GFileInfo created without standard::is-symlink

(lxpanel:1612): GLib-GIO-CRITICAL **: 08:37:03.484: file ../../../gio/gfileinfo.c: line 1691 (g_file_info_get_is_symlink): should not be reached

(lxpanel:1612): GLib-GIO-CRITICAL **: 08:37:03.484: GFileInfo created without standard::is-symlink

(lxpanel:1612): GLib-GIO-CRITICAL **: 08:37:03.484: file ../../../gio/gfileinfo.c: line 1691 (g_file_info_get_is_symlink): should not be reached

(lxpanel:1612): GLib-GIO-CRITICAL **: 08:37:03.484: GFileInfo created without standard::is-symlink

(lxpanel:1612): GLib-GIO-CRITICAL **: 08:37:03.484: file ../../../gio/gfileinfo.c: line 1691 (g_file_info_get_is_symlink): should not be reached

(lxpanel:1612): GLib-GIO-CRITICAL **: 08:37:03.484: GFileInfo created without standard::is-symlink

(lxpanel:1612): GLib-GIO-CRITICAL **: 08:37:03.484: file ../../../gio/gfileinfo.c: line 1691 (g_file_info_get_is_symlink): should not be reached

(lxpanel:1612): GLib-GIO-CRITICAL **: 08:37:03.484: GFileInfo created without standard::is-symlink

(lxpanel:1612): GLib-GIO-CRITICAL **: 08:37:03.485: file ../../../gio/gfileinfo.c: line 1691 (g_file_info_get_is_symlink): should not be reached

(lxpanel:1612): GLib-GIO-CRITICAL **: 08:37:03.485: GFileInfo created without standard::is-symlink

(lxpanel:1612): GLib-GIO-CRITICAL **: 08:37:03.485: file ../../../gio/gfileinfo.c: line 1691 (g_file_info_get_is_symlink): should not be reached

(lxpanel:1612): GLib-GIO-CRITICAL **: 08:37:03.485: GFileInfo created without standard::is-symlink

(lxpanel:1612): GLib-GIO-CRITICAL **: 08:37:03.485: file ../../../gio/gfileinfo.c: line 1691 (g_file_info_get_is_symlink): should not be reached

(lxpanel:1612): GLib-GIO-CRITICAL **: 08:37:03.485: GFileInfo created without standard::is-symlink

(lxpanel:1612): GLib-GIO-CRITICAL **: 08:37:03.485: file ../../../gio/gfileinfo.c: line 1691 (g_file_info_get_is_symlink): should not be reached

(lxpanel:1612): GLib-GIO-CRITICAL **: 08:37:03.485: GFileInfo created without standard::is-symlink

(lxpanel:1612): GLib-GIO-CRITICAL **: 08:37:03.485: file ../../../gio/gfileinfo.c: line 1691 (g_file_info_get_is_symlink): should not be reached

(lxpanel:1612): GLib-GIO-CRITICAL **: 08:37:03.485: GFileInfo created without standard::is-symlink

(lxpanel:1612): GLib-GIO-CRITICAL **: 08:37:03.485: file ../../../gio/gfileinfo.c: line 1691 (g_file_info_get_is_symlink): should not be reached

(lxpanel:1612): GLib-GIO-CRITICAL **: 08:37:03.485: GFileInfo created without standard::is-symlink

(lxpanel:1612): GLib-GIO-CRITICAL **: 08:37:03.485: file ../../../gio/gfileinfo.c: line 1691 (g_file_info_get_is_symlink): should not be reached

(lxpanel:1612): GLib-GIO-CRITICAL **: 08:37:03.485: GFileInfo created without standard::is-symlink

(lxpanel:1612): GLib-GIO-CRITICAL **: 08:37:03.485: file ../../../gio/gfileinfo.c: line 1691 (g_file_info_get_is_symlink): should not be reached

(lxpanel:1612): GLib-GIO-CRITICAL **: 08:37:03.485: GFileInfo created without standard::is-symlink

(lxpanel:1612): GLib-GIO-CRITICAL **: 08:37:03.485: file ../../../gio/gfileinfo.c: line 1691 (g_file_info_get_is_symlink): should not be reached

(lxpanel:1612): GLib-GIO-CRITICAL **: 08:37:03.485: GFileInfo created without standard::is-symlink

(lxpanel:1612): GLib-GIO-CRITICAL **: 08:37:03.485: file ../../../gio/gfileinfo.c: line 1691 (g_file_info_get_is_symlink): should not be reached

(lxpanel:1612): GLib-GIO-CRITICAL **: 08:37:03.485: GFileInfo created without standard::is-symlink

(lxpanel:1612): GLib-GIO-CRITICAL **: 08:37:03.485: file ../../../gio/gfileinfo.c: line 1691 (g_file_info_get_is_symlink): should not be reached

(lxpanel:1612): GLib-GIO-CRITICAL **: 08:37:03.485: GFileInfo created without standard::is-symlink

(lxpanel:1612): GLib-GIO-CRITICAL **: 08:37:03.485: file ../../../gio/gfileinfo.c: line 1691 (g_file_info_get_is_symlink): should not be reached

(lxpanel:1612): GLib-GIO-CRITICAL **: 08:37:03.485: GFileInfo created without standard::is-symlink

(lxpanel:1612): GLib-GIO-CRITICAL **: 08:37:03.485: file ../../../gio/gfileinfo.c: line 1691 (g_file_info_get_is_symlink): should not be reached

(lxpanel:1612): GLib-GIO-CRITICAL **: 08:37:03.485: GFileInfo created without standard::is-symlink

(lxpanel:1612): GLib-GIO-CRITICAL **: 08:37:03.485: file ../../../gio/gfileinfo.c: line 1691 (g_file_info_get_is_symlink): should not be reached

(lxpanel:1612): GLib-GIO-CRITICAL **: 08:37:03.485: GFileInfo created without standard::is-symlink

(lxpanel:1612): GLib-GIO-CRITICAL **: 08:37:03.485: file ../../../gio/gfileinfo.c: line 1691 (g_file_info_get_is_symlink): should not be reached

(lxpanel:1612): GLib-GIO-CRITICAL **: 08:37:03.485: GFileInfo created without standard::is-symlink

(lxpanel:1612): GLib-GIO-CRITICAL **: 08:37:03.485: file ../../../gio/gfileinfo.c: line 1691 (g_file_info_get_is_symlink): should not be reached

(lxpanel:1612): GLib-GIO-CRITICAL **: 08:37:03.485: GFileInfo created without standard::is-symlink

(lxpanel:1612): GLib-GIO-CRITICAL **: 08:37:03.485: file ../../../gio/gfileinfo.c: line 1691 (g_file_info_get_is_symlink): should not be reached

(lxpanel:1612): GLib-GIO-CRITICAL **: 08:37:03.485: GFileInfo created without standard::is-symlink

(lxpanel:1612): GLib-GIO-CRITICAL **: 08:37:03.485: file ../../../gio/gfileinfo.c: line 1691 (g_file_info_get_is_symlink): should not be reached

(lxpanel:1612): GLib-GIO-CRITICAL **: 08:37:03.485: GFileInfo created without standard::is-symlink

(lxpanel:1612): GLib-GIO-CRITICAL **: 08:37:03.485: file ../../../gio/gfileinfo.c: line 1691 (g_file_info_get_is_symlink): should not be reached

(lxpanel:1612): GLib-GIO-CRITICAL **: 08:37:03.485: GFileInfo created without standard::is-symlink

(lxpanel:1612): GLib-GIO-CRITICAL **: 08:37:03.485: file ../../../gio/gfileinfo.c: line 1691 (g_file_info_get_is_symlink): should not be reached

(lxpanel:1612): GLib-GIO-CRITICAL **: 08:37:03.485: GFileInfo created without standard::is-symlink

(lxpanel:1612): GLib-GIO-CRITICAL **: 08:37:03.485: file ../../../gio/gfileinfo.c: line 1691 (g_file_info_get_is_symlink): should not be reached

(lxpanel:1612): GLib-GIO-CRITICAL **: 08:37:03.485: GFileInfo created without standard::is-symlink

(lxpanel:1612): GLib-GIO-CRITICAL **: 08:37:03.485: file ../../../gio/gfileinfo.c: line 1691 (g_file_info_get_is_symlink): should not be reached

(lxpanel:1612): GLib-GIO-CRITICAL **: 08:37:03.485: GFileInfo created without standard::is-symlink

(lxpanel:1612): GLib-GIO-CRITICAL **: 08:37:03.485: file ../../../gio/gfileinfo.c: line 1691 (g_file_info_get_is_symlink): should not be reached

(lxpanel:1612): GLib-GIO-CRITICAL **: 08:37:03.485: GFileInfo created without standard::is-symlink

(lxpanel:1612): GLib-GIO-CRITICAL **: 08:37:03.485: file ../../../gio/gfileinfo.c: line 1691 (g_file_info_get_is_symlink): should not be reached

(lxpanel:1612): GLib-GIO-CRITICAL **: 08:37:03.485: GFileInfo created without standard::is-symlink

(lxpanel:1612): GLib-GIO-CRITICAL **: 08:37:03.485: file ../../../gio/gfileinfo.c: line 1691 (g_file_info_get_is_symlink): should not be reached

(lxpanel:1612): GLib-GIO-CRITICAL **: 08:37:03.485: GFileInfo created without standard::is-symlink

(lxpanel:1612): GLib-GIO-CRITICAL **: 08:37:03.485: file ../../../gio/gfileinfo.c: line 1691 (g_file_info_get_is_symlink): should not be reached

(lxpanel:1612): GLib-GIO-CRITICAL **: 08:37:03.485: GFileInfo created without standard::is-symlink

(lxpanel:1612): GLib-GIO-CRITICAL **: 08:37:03.485: file ../../../gio/gfileinfo.c: line 1691 (g_file_info_get_is_symlink): should not be reached

(lxpanel:1612): GLib-GIO-CRITICAL **: 08:37:03.485: GFileInfo created without standard::is-symlink

(lxpanel:1612): GLib-GIO-CRITICAL **: 08:37:03.485: file ../../../gio/gfileinfo.c: line 1691 (g_file_info_get_is_symlink): should not be reached

(lxpanel:1612): GLib-GIO-CRITICAL **: 08:37:03.485: GFileInfo created without standard::is-symlink

(lxpanel:1612): GLib-GIO-CRITICAL **: 08:37:03.485: file ../../../gio/gfileinfo.c: line 1691 (g_file_info_get_is_symlink): should not be reached

(lxpanel:1612): GLib-GIO-CRITICAL **: 08:37:03.485: GFileInfo created without standard::is-symlink

(lxpanel:1612): GLib-GIO-CRITICAL **: 08:37:03.485: file ../../../gio/gfileinfo.c: line 1691 (g_file_info_get_is_symlink): should not be reached

(lxpanel:1612): GLib-GIO-CRITICAL **: 08:37:03.485: GFileInfo created without standard::is-symlink

(lxpanel:1612): GLib-GIO-CRITICAL **: 08:37:03.485: file ../../../gio/gfileinfo.c: line 1691 (g_file_info_get_is_symlink): should not be reached

(lxpanel:1612): GLib-GIO-CRITICAL **: 08:37:03.485: GFileInfo created without standard::is-symlink

(lxpanel:1612): GLib-GIO-CRITICAL **: 08:37:03.485: file ../../../gio/gfileinfo.c: line 1691 (g_file_info_get_is_symlink): should not be reached

(lxpanel:1612): GLib-GIO-CRITICAL **: 08:37:03.485: GFileInfo created without standard::is-symlink

(lxpanel:1612): GLib-GIO-CRITICAL **: 08:37:03.485: file ../../../gio/gfileinfo.c: line 1691 (g_file_info_get_is_symlink): should not be reached

(lxpanel:1612): GLib-GIO-CRITICAL **: 08:37:03.485: GFileInfo created without standard::is-symlink

(lxpanel:1612): GLib-GIO-CRITICAL **: 08:37:03.485: file ../../../gio/gfileinfo.c: line 1691 (g_file_info_get_is_symlink): should not be reached

(lxpanel:1612): GLib-GIO-CRITICAL **: 08:37:03.485: GFileInfo created without standard::is-symlink

(lxpanel:1612): GLib-GIO-CRITICAL **: 08:37:03.485: file ../../../gio/gfileinfo.c: line 1691 (g_file_info_get_is_symlink): should not be reached

(lxpanel:1612): GLib-GIO-CRITICAL **: 08:37:03.485: GFileInfo created without standard::is-symlink

(lxpanel:1612): GLib-GIO-CRITICAL **: 08:37:03.485: file ../../../gio/gfileinfo.c: line 1691 (g_file_info_get_is_symlink): should not be reached

(lxpanel:1612): GLib-GIO-CRITICAL **: 08:37:03.485: GFileInfo created without standard::is-symlink

(lxpanel:1612): GLib-GIO-CRITICAL **: 08:37:03.485: file ../../../gio/gfileinfo.c: line 1691 (g_file_info_get_is_symlink): should not be reached

(lxpanel:1612): GLib-GIO-CRITICAL **: 08:37:03.485: GFileInfo created without standard::is-symlink

(lxpanel:1612): GLib-GIO-CRITICAL **: 08:37:03.485: file ../../../gio/gfileinfo.c: line 1691 (g_file_info_get_is_symlink): should not be reached

(lxpanel:1612): GLib-GIO-CRITICAL **: 08:37:03.485: GFileInfo created without standard::is-symlink

(lxpanel:1612): GLib-GIO-CRITICAL **: 08:37:03.485: file ../../../gio/gfileinfo.c: line 1691 (g_file_info_get_is_symlink): should not be reached

(lxpanel:1612): GLib-GIO-CRITICAL **: 08:37:03.485: GFileInfo created without standard::is-symlink

(lxpanel:1612): GLib-GIO-CRITICAL **: 08:37:03.485: file ../../../gio/gfileinfo.c: line 1691 (g_file_info_get_is_symlink): should not be reached

(lxpanel:1612): GLib-GIO-CRITICAL **: 08:37:03.485: GFileInfo created without standard::is-symlink

(lxpanel:1612): GLib-GIO-CRITICAL **: 08:37:03.485: file ../../../gio/gfileinfo.c: line 1691 (g_file_info_get_is_symlink): should not be reached

(lxpanel:1612): GLib-GIO-CRITICAL **: 08:37:03.485: GFileInfo created without standard::is-symlink

(lxpanel:1612): GLib-GIO-CRITICAL **: 08:37:03.485: file ../../../gio/gfileinfo.c: line 1691 (g_file_info_get_is_symlink): should not be reached

(lxpanel:1612): GLib-GIO-CRITICAL **: 08:37:03.485: GFileInfo created without standard::is-symlink

(lxpanel:1612): GLib-GIO-CRITICAL **: 08:37:03.485: file ../../../gio/gfileinfo.c: line 1691 (g_file_info_get_is_symlink): should not be reached

(lxpanel:1612): GLib-GIO-CRITICAL **: 08:37:03.485: GFileInfo created without standard::is-symlink

(lxpanel:1612): GLib-GIO-CRITICAL **: 08:37:03.485: file ../../../gio/gfileinfo.c: line 1691 (g_file_info_get_is_symlink): should not be reached

(lxpanel:1612): GLib-GIO-CRITICAL **: 08:37:03.485: GFileInfo created without standard::is-symlink

(lxpanel:1612): GLib-GIO-CRITICAL **: 08:37:03.485: file ../../../gio/gfileinfo.c: line 1691 (g_file_info_get_is_symlink): should not be reached

(lxpanel:1612): GLib-GIO-CRITICAL **: 08:37:03.485: GFileInfo created without standard::is-symlink

(lxpanel:1612): GLib-GIO-CRITICAL **: 08:37:03.485: file ../../../gio/gfileinfo.c: line 1691 (g_file_info_get_is_symlink): should not be reached

(lxpanel:1612): GLib-GIO-CRITICAL **: 08:37:03.485: GFileInfo created without standard::is-symlink

(lxpanel:1612): GLib-GIO-CRITICAL **: 08:37:03.485: file ../../../gio/gfileinfo.c: line 1691 (g_file_info_get_is_symlink): should not be reached

(lxpanel:1612): GLib-GIO-CRITICAL **: 08:37:03.485: GFileInfo created without standard::is-symlink

(lxpanel:1612): GLib-GIO-CRITICAL **: 08:37:03.485: file ../../../gio/gfileinfo.c: line 1691 (g_file_info_get_is_symlink): should not be reached

(lxpanel:1612): GLib-GIO-CRITICAL **: 08:37:03.485: GFileInfo created without standard::is-symlink

(lxpanel:1612): GLib-GIO-CRITICAL **: 08:37:03.485: file ../../../gio/gfileinfo.c: line 1691 (g_file_info_get_is_symlink): should not be reached

(lxpanel:1612): GLib-GIO-CRITICAL **: 08:37:03.485: GFileInfo created without standard::is-symlink

(lxpanel:1612): GLib-GIO-CRITICAL **: 08:37:03.485: file ../../../gio/gfileinfo.c: line 1691 (g_file_info_get_is_symlink): should not be reached

(lxpanel:1612): GLib-GIO-CRITICAL **: 08:37:03.485: GFileInfo created without standard::is-symlink

(lxpanel:1612): GLib-GIO-CRITICAL **: 08:37:03.485: file ../../../gio/gfileinfo.c: line 1691 (g_file_info_get_is_symlink): should not be reached

(lxpanel:1612): GLib-GIO-CRITICAL **: 08:37:03.485: GFileInfo created without standard::is-symlink

(lxpanel:1612): GLib-GIO-CRITICAL **: 08:37:03.485: file ../../../gio/gfileinfo.c: line 1691 (g_file_info_get_is_symlink): should not be reached

(lxpanel:1612): GLib-GIO-CRITICAL **: 08:37:03.485: GFileInfo created without standard::is-symlink

(lxpanel:1612): GLib-GIO-CRITICAL **: 08:37:03.485: file ../../../gio/gfileinfo.c: line 1691 (g_file_info_get_is_symlink): should not be reached

(lxpanel:1612): GLib-GIO-CRITICAL **: 08:37:03.485: GFileInfo created without standard::is-symlink

(lxpanel:1612): GLib-GIO-CRITICAL **: 08:37:03.485: file ../../../gio/gfileinfo.c: line 1691 (g_file_info_get_is_symlink): should not be reached

(lxpanel:1612): GLib-GIO-CRITICAL **: 08:37:03.485: GFileInfo created without standard::is-symlink

(lxpanel:1612): GLib-GIO-CRITICAL **: 08:37:03.485: file ../../../gio/gfileinfo.c: line 1691 (g_file_info_get_is_symlink): should not be reached

(lxpanel:1612): GLib-GIO-CRITICAL **: 08:37:03.485: GFileInfo created without standard::is-symlink

(lxpanel:1612): GLib-GIO-CRITICAL **: 08:37:03.485: file ../../../gio/gfileinfo.c: line 1691 (g_file_info_get_is_symlink): should not be reached

(lxpanel:1612): GLib-GIO-CRITICAL **: 08:37:03.486: GFileInfo created without standard::is-symlink

(lxpanel:1612): GLib-GIO-CRITICAL **: 08:37:03.486: file ../../../gio/gfileinfo.c: line 1691 (g_file_info_get_is_symlink): should not be reached

(lxpanel:1612): GLib-GIO-CRITICAL **: 08:37:03.486: GFileInfo created without standard::is-symlink

(lxpanel:1612): GLib-GIO-CRITICAL **: 08:37:03.486: file ../../../gio/gfileinfo.c: line 1691 (g_file_info_get_is_symlink): should not be reached

(lxpanel:1612): GLib-GIO-CRITICAL **: 08:37:03.486: GFileInfo created without standard::is-symlink

(lxpanel:1612): GLib-GIO-CRITICAL **: 08:37:03.486: file ../../../gio/gfileinfo.c: line 1691 (g_file_info_get_is_symlink): should not be reached

(lxpanel:1612): GLib-GIO-CRITICAL **: 08:37:03.486: GFileInfo created without standard::is-symlink

(lxpanel:1612): GLib-GIO-CRITICAL **: 08:37:03.486: file ../../../gio/gfileinfo.c: line 1691 (g_file_info_get_is_symlink): should not be reached

(lxpanel:1612): GLib-GIO-CRITICAL **: 08:37:03.486: GFileInfo created without standard::is-symlink

(lxpanel:1612): GLib-GIO-CRITICAL **: 08:37:03.486: file ../../../gio/gfileinfo.c: line 1691 (g_file_info_get_is_symlink): should not be reached

(lxpanel:1612): GLib-GIO-CRITICAL **: 08:37:03.486: GFileInfo created without standard::is-symlink

(lxpanel:1612): GLib-GIO-CRITICAL **: 08:37:03.486: file ../../../gio/gfileinfo.c: line 1691 (g_file_info_get_is_symlink): should not be reached

(lxpanel:1612): GLib-GIO-CRITICAL **: 08:37:03.486: GFileInfo created without standard::is-symlink

(lxpanel:1612): GLib-GIO-CRITICAL **: 08:37:03.486: file ../../../gio/gfileinfo.c: line 1691 (g_file_info_get_is_symlink): should not be reached

(lxpanel:1612): GLib-GIO-CRITICAL **: 08:37:03.486: GFileInfo created without standard::is-symlink

(lxpanel:1612): GLib-GIO-CRITICAL **: 08:37:03.486: file ../../../gio/gfileinfo.c: line 1691 (g_file_info_get_is_symlink): should not be reached

(lxpanel:1612): GLib-GIO-CRITICAL **: 08:37:03.486: GFileInfo created without standard::is-symlink

(lxpanel:1612): GLib-GIO-CRITICAL **: 08:37:03.486: file ../../../gio/gfileinfo.c: line 1691 (g_file_info_get_is_symlink): should not be reached

(lxpanel:1612): GLib-GIO-CRITICAL **: 08:37:03.486: GFileInfo created without standard::is-symlink

(lxpanel:1612): GLib-GIO-CRITICAL **: 08:37:03.486: file ../../../gio/gfileinfo.c: line 1691 (g_file_info_get_is_symlink): should not be reached

(lxpanel:1612): GLib-GIO-CRITICAL **: 08:37:03.486: GFileInfo created without standard::is-symlink

(lxpanel:1612): GLib-GIO-CRITICAL **: 08:37:03.486: file ../../../gio/gfileinfo.c: line 1691 (g_file_info_get_is_symlink): should not be reached

(lxpanel:1612): GLib-GIO-CRITICAL **: 08:37:03.486: GFileInfo created without standard::is-symlink

(lxpanel:1612): GLib-GIO-CRITICAL **: 08:37:03.486: file ../../../gio/gfileinfo.c: line 1691 (g_file_info_get_is_symlink): should not be reached

(lxpanel:1612): GLib-GIO-CRITICAL **: 08:37:03.486: GFileInfo created without standard::is-symlink

(lxpanel:1612): GLib-GIO-CRITICAL **: 08:37:03.486: file ../../../gio/gfileinfo.c: line 1691 (g_file_info_get_is_symlink): should not be reached

(lxpanel:1612): GLib-GIO-CRITICAL **: 08:37:03.486: GFileInfo created without standard::is-symlink

(lxpanel:1612): GLib-GIO-CRITICAL **: 08:37:03.486: file ../../../gio/gfileinfo.c: line 1691 (g_file_info_get_is_symlink): should not be reached

(lxpanel:1612): GLib-GIO-CRITICAL **: 08:37:03.486: GFileInfo created without standard::is-symlink

(lxpanel:1612): GLib-GIO-CRITICAL **: 08:37:03.486: file ../../../gio/gfileinfo.c: line 1691 (g_file_info_get_is_symlink): should not be reached

(lxpanel:1612): GLib-GIO-CRITICAL **: 08:37:03.486: GFileInfo created without standard::is-symlink

(lxpanel:1612): GLib-GIO-CRITICAL **: 08:37:03.486: file ../../../gio/gfileinfo.c: line 1691 (g_file_info_get_is_symlink): should not be reached

(lxpanel:1612): GLib-GIO-CRITICAL **: 08:37:03.486: GFileInfo created without standard::is-symlink

(lxpanel:1612): GLib-GIO-CRITICAL **: 08:37:03.486: file ../../../gio/gfileinfo.c: line 1691 (g_file_info_get_is_symlink): should not be reached

(lxpanel:1612): GLib-GIO-CRITICAL **: 08:37:03.486: GFileInfo created without standard::is-symlink

(lxpanel:1612): GLib-GIO-CRITICAL **: 08:37:03.486: file ../../../gio/gfileinfo.c: line 1691 (g_file_info_get_is_symlink): should not be reached

(lxpanel:1612): GLib-GIO-CRITICAL **: 08:37:03.486: GFileInfo created without standard::is-symlink

(lxpanel:1612): GLib-GIO-CRITICAL **: 08:37:03.486: file ../../../gio/gfileinfo.c: line 1691 (g_file_info_get_is_symlink): should not be reached

(lxpanel:1612): GLib-GIO-CRITICAL **: 08:37:03.486: GFileInfo created without standard::is-symlink

(lxpanel:1612): GLib-GIO-CRITICAL **: 08:37:03.486: file ../../../gio/gfileinfo.c: line 1691 (g_file_info_get_is_symlink): should not be reached

(lxpanel:1612): GLib-GIO-CRITICAL **: 08:37:03.486: GFileInfo created without standard::is-symlink

(lxpanel:1612): GLib-GIO-CRITICAL **: 08:37:03.486: file ../../../gio/gfileinfo.c: line 1691 (g_file_info_get_is_symlink): should not be reached

(lxpanel:1612): GLib-GIO-CRITICAL **: 08:37:03.486: GFileInfo created without standard::is-symlink

(lxpanel:1612): GLib-GIO-CRITICAL **: 08:37:03.486: file ../../../gio/gfileinfo.c: line 1691 (g_file_info_get_is_symlink): should not be reached

(lxpanel:1612): GLib-GIO-CRITICAL **: 08:37:03.486: GFileInfo created without standard::is-symlink

(lxpanel:1612): GLib-GIO-CRITICAL **: 08:37:03.486: file ../../../gio/gfileinfo.c: line 1691 (g_file_info_get_is_symlink): should not be reached

(lxpanel:1612): GLib-GIO-CRITICAL **: 08:37:03.486: GFileInfo created without standard::is-symlink

(lxpanel:1612): GLib-GIO-CRITICAL **: 08:37:03.486: file ../../../gio/gfileinfo.c: line 1691 (g_file_info_get_is_symlink): should not be reached

(lxpanel:1612): GLib-GIO-CRITICAL **: 08:37:03.486: GFileInfo created without standard::is-symlink

(lxpanel:1612): GLib-GIO-CRITICAL **: 08:37:03.486: file ../../../gio/gfileinfo.c: line 1691 (g_file_info_get_is_symlink): should not be reached

(lxpanel:1612): GLib-GIO-CRITICAL **: 08:37:03.486: GFileInfo created without standard::is-symlink

(lxpanel:1612): GLib-GIO-CRITICAL **: 08:37:03.486: file ../../../gio/gfileinfo.c: line 1691 (g_file_info_get_is_symlink): should not be reached

(lxpanel:1612): GLib-GIO-CRITICAL **: 08:37:03.486: GFileInfo created without standard::is-symlink

(lxpanel:1612): GLib-GIO-CRITICAL **: 08:37:03.486: file ../../../gio/gfileinfo.c: line 1691 (g_file_info_get_is_symlink): should not be reached

(lxpanel:1612): GLib-GIO-CRITICAL **: 08:37:03.486: GFileInfo created without standard::is-symlink

(lxpanel:1612): GLib-GIO-CRITICAL **: 08:37:03.486: file ../../../gio/gfileinfo.c: line 1691 (g_file_info_get_is_symlink): should not be reached

(lxpanel:1612): GLib-GIO-CRITICAL **: 08:37:03.486: GFileInfo created without standard::is-symlink

(lxpanel:1612): GLib-GIO-CRITICAL **: 08:37:03.486: file ../../../gio/gfileinfo.c: line 1691 (g_file_info_get_is_symlink): should not be reached

(lxpanel:1612): GLib-GIO-CRITICAL **: 08:37:03.486: GFileInfo created without standard::is-symlink

(lxpanel:1612): GLib-GIO-CRITICAL **: 08:37:03.486: file ../../../gio/gfileinfo.c: line 1691 (g_file_info_get_is_symlink): should not be reached

(lxpanel:1612): GLib-GIO-CRITICAL **: 08:37:03.484: GFileInfo created without standard::is-symlink

(lxpanel:1612): GLib-GIO-CRITICAL **: 08:37:03.491: file ../../../gio/gfileinfo.c: line 1691 (g_file_info_get_is_symlink): should not be reached

(lxpanel:1612): GLib-GIO-CRITICAL **: 08:37:03.491: GFileInfo created without standard::is-symlink

(lxpanel:1612): GLib-GIO-CRITICAL **: 08:37:03.491: file ../../../gio/gfileinfo.c: line 1691 (g_file_info_get_is_symlink): should not be reached

(lxpanel:1612): GLib-GIO-CRITICAL **: 08:37:03.484: file ../../../gio/gfileinfo.c: line 1691 (g_file_info_get_is_symlink): should not be reached

(lxpanel:1612): GLib-GIO-CRITICAL **: 08:37:03.491: GFileInfo created without standard::is-symlink

(lxpanel:1612): GLib-GIO-CRITICAL **: 08:37:03.491: file ../../../gio/gfileinfo.c: line 1691 (g_file_info_get_is_symlink): should not be reached

(lxpanel:1612): GLib-GIO-CRITICAL **: 08:37:03.491: GFileInfo created without standard::is-symlink

(lxpanel:1612): GLib-GIO-CRITICAL **: 08:37:03.491: GFileInfo created without standard::is-symlink

(lxpanel:1612): GLib-GIO-CRITICAL **: 08:37:03.491: file ../../../gio/gfileinfo.c: line 1691 (g_file_info_get_is_symlink): should not be reached

(lxpanel:1612): GLib-GIO-CRITICAL **: 08:37:03.491: file ../../../gio/gfileinfo.c: line 1691 (g_file_info_get_is_symlink): should not be reached

(lxpanel:1612): GLib-GIO-CRITICAL **: 08:37:03.491: GFileInfo created without standard::is-symlink

(lxpanel:1612): GLib-GIO-CRITICAL **: 08:37:03.491: file ../../../gio/gfileinfo.c: line 1691 (g_file_info_get_is_symlink): should not be reached

(lxpanel:1612): GLib-GIO-CRITICAL **: 08:37:03.491: GFileInfo created without standard::is-symlink

(lxpanel:1612): GLib-GIO-CRITICAL **: 08:37:03.491: file ../../../gio/gfileinfo.c: line 1691 (g_file_info_get_is_symlink): should not be reached

(lxpanel:1612): GLib-GIO-CRITICAL **: 08:37:03.491: GFileInfo created without standard::is-symlink

(lxpanel:1612): GLib-GIO-CRITICAL **: 08:37:03.491: file ../../../gio/gfileinfo.c: line 1691 (g_file_info_get_is_symlink): should not be reached

(lxpanel:1612): GLib-GIO-CRITICAL **: 08:37:03.491: GFileInfo created without standard::is-symlink

(lxpanel:1612): GLib-GIO-CRITICAL **: 08:37:03.491: file ../../../gio/gfileinfo.c: line 1691 (g_file_info_get_is_symlink): should not be reached

(lxpanel:1612): GLib-GIO-CRITICAL **: 08:37:03.491: GFileInfo created without standard::is-symlink

(lxpanel:1612): GLib-GIO-CRITICAL **: 08:37:03.491: GFileInfo created without standard::is-symlink

(lxpanel:1612): GLib-GIO-CRITICAL **: 08:37:03.491: file ../../../gio/gfileinfo.c: line 1691 (g_file_info_get_is_symlink): should not be reached

(lxpanel:1612): GLib-GIO-CRITICAL **: 08:37:03.491: file ../../../gio/gfileinfo.c: line 1691 (g_file_info_get_is_symlink): should not be reached

(lxpanel:1612): GLib-GIO-CRITICAL **: 08:37:03.491: GFileInfo created without standard::is-symlink

(lxpanel:1612): GLib-GIO-CRITICAL **: 08:37:03.491: file ../../../gio/gfileinfo.c: line 1691 (g_file_info_get_is_symlink): should not be reached

(lxpanel:1612): GLib-GIO-CRITICAL **: 08:37:03.491: GFileInfo created without standard::is-symlink

(lxpanel:1612): GLib-GIO-CRITICAL **: 08:37:03.491: file ../../../gio/gfileinfo.c: line 1691 (g_file_info_get_is_symlink): should not be reached

(lxpanel:1612): GLib-GIO-CRITICAL **: 08:37:03.491: GFileInfo created without standard::is-symlink

(lxpanel:1612): GLib-GIO-CRITICAL **: 08:37:03.491: file ../../../gio/gfileinfo.c: line 1691 (g_file_info_get_is_symlink): should not be reached

(lxpanel:1612): GLib-GIO-CRITICAL **: 08:37:03.491: GFileInfo created without standard::is-symlink

(lxpanel:1612): GLib-GIO-CRITICAL **: 08:37:03.491: file ../../../gio/gfileinfo.c: line 1691 (g_file_info_get_is_symlink): should not be reached

(lxpanel:1612): GLib-GIO-CRITICAL **: 08:37:03.491: GFileInfo created without standard::is-symlink

(lxpanel:1612): GLib-GIO-CRITICAL **: 08:37:03.491: GFileInfo created without standard::is-symlink

(lxpanel:1612): GLib-GIO-CRITICAL **: 08:37:03.491: file ../../../gio/gfileinfo.c: line 1691 (g_file_info_get_is_symlink): should not be reached

(lxpanel:1612): GLib-GIO-CRITICAL **: 08:37:03.491: GFileInfo created without standard::is-symlink

(lxpanel:1612): GLib-GIO-CRITICAL **: 08:37:03.491: file ../../../gio/gfileinfo.c: line 1691 (g_file_info_get_is_symlink): should not be reached

(lxpanel:1612): GLib-GIO-CRITICAL **: 08:37:03.491: GFileInfo created without standard::is-symlink

(lxpanel:1612): GLib-GIO-CRITICAL **: 08:37:03.491: file ../../../gio/gfileinfo.c: line 1691 (g_file_info_get_is_symlink): should not be reached

(lxpanel:1612): GLib-GIO-CRITICAL **: 08:37:03.491: file ../../../gio/gfileinfo.c: line 1691 (g_file_info_get_is_symlink): should not be reached

(lxpanel:1612): GLib-GIO-CRITICAL **: 08:37:03.491: GFileInfo created without standard::is-symlink

(lxpanel:1612): GLib-GIO-CRITICAL **: 08:37:03.491: file ../../../gio/gfileinfo.c: line 1691 (g_file_info_get_is_symlink): should not be reached

(lxpanel:1612): GLib-GIO-CRITICAL **: 08:37:03.491: GFileInfo created without standard::is-symlink

(lxpanel:1612): GLib-GIO-CRITICAL **: 08:37:03.491: file ../../../gio/gfileinfo.c: line 1691 (g_file_info_get_is_symlink): should not be reached

(lxpanel:1612): GLib-GIO-CRITICAL **: 08:37:03.491: GFileInfo created without standard::is-symlink

(lxpanel:1612): GLib-GIO-CRITICAL **: 08:37:03.491: file ../../../gio/gfileinfo.c: line 1691 (g_file_info_get_is_symlink): should not be reached

(lxpanel:1612): GLib-GIO-CRITICAL **: 08:37:03.491: GFileInfo created without standard::is-symlink

(lxpanel:1612): GLib-GIO-CRITICAL **: 08:37:03.491: file ../../../gio/gfileinfo.c: line 1691 (g_file_info_get_is_symlink): should not be reached

(lxpanel:1612): GLib-GIO-CRITICAL **: 08:37:03.491: GFileInfo created without standard::is-symlink

(lxpanel:1612): GLib-GIO-CRITICAL **: 08:37:03.491: file ../../../gio/gfileinfo.c: line 1691 (g_file_info_get_is_symlink): should not be reached

(lxpanel:1612): GLib-GIO-CRITICAL **: 08:37:03.491: GFileInfo created without standard::is-symlink

(lxpanel:1612): GLib-GIO-CRITICAL **: 08:37:03.491: file ../../../gio/gfileinfo.c: line 1691 (g_file_info_get_is_symlink): should not be reached

(lxpanel:1612): GLib-GIO-CRITICAL **: 08:37:03.491: GFileInfo created without standard::is-symlink

(lxpanel:1612): GLib-GIO-CRITICAL **: 08:37:03.491: file ../../../gio/gfileinfo.c: line 1691 (g_file_info_get_is_symlink): should not be reached

(lxpanel:1612): GLib-GIO-CRITICAL **: 08:37:03.491: GFileInfo created without standard::is-symlink

(lxpanel:1612): GLib-GIO-CRITICAL **: 08:37:03.491: file ../../../gio/gfileinfo.c: line 1691 (g_file_info_get_is_symlink): should not be reached

(lxpanel:1612): GLib-GIO-CRITICAL **: 08:37:03.491: GFileInfo created without standard::is-symlink

(lxpanel:1612): GLib-GIO-CRITICAL **: 08:37:03.491: GFileInfo created without standard::is-symlink

(lxpanel:1612): GLib-GIO-CRITICAL **: 08:37:03.491: file ../../../gio/gfileinfo.c: line 1691 (g_file_info_get_is_symlink): should not be reached

(lxpanel:1612): GLib-GIO-CRITICAL **: 08:37:03.491: file ../../../gio/gfileinfo.c: line 1691 (g_file_info_get_is_symlink): should not be reached

(lxpanel:1612): GLib-GIO-CRITICAL **: 08:37:03.491: GFileInfo created without standard::is-symlink

(lxpanel:1612): GLib-GIO-CRITICAL **: 08:37:03.491: GFileInfo created without standard::is-symlink

(lxpanel:1612): GLib-GIO-CRITICAL **: 08:37:03.491: file ../../../gio/gfileinfo.c: line 1691 (g_file_info_get_is_symlink): should not be reached

(lxpanel:1612): GLib-GIO-CRITICAL **: 08:37:03.491: file ../../../gio/gfileinfo.c: line 1691 (g_file_info_get_is_symlink): should not be reached

(lxpanel:1612): GLib-GIO-CRITICAL **: 08:37:03.491: GFileInfo created without standard::is-symlink

(lxpanel:1612): GLib-GIO-CRITICAL **: 08:37:03.491: GFileInfo created without standard::is-symlink

(lxpanel:1612): GLib-GIO-CRITICAL **: 08:37:03.491: file ../../../gio/gfileinfo.c: line 1691 (g_file_info_get_is_symlink): should not be reached

(lxpanel:1612): GLib-GIO-CRITICAL **: 08:37:03.491: file ../../../gio/gfileinfo.c: line 1691 (g_file_info_get_is_symlink): should not be reached

(lxpanel:1612): GLib-GIO-CRITICAL **: 08:37:03.491: GFileInfo created without standard::is-symlink

(lxpanel:1612): GLib-GIO-CRITICAL **: 08:37:03.491: file ../../../gio/gfileinfo.c: line 1691 (g_file_info_get_is_symlink): should not be reached

(lxpanel:1612): GLib-GIO-CRITICAL **: 08:37:03.491: GFileInfo created without standard::is-symlink

(lxpanel:1612): GLib-GIO-CRITICAL **: 08:37:03.491: GFileInfo created without standard::is-symlink

(lxpanel:1612): GLib-GIO-CRITICAL **: 08:37:03.491: file ../../../gio/gfileinfo.c: line 1691 (g_file_info_get_is_symlink): should not be reached

(lxpanel:1612): GLib-GIO-CRITICAL **: 08:37:03.491: GFileInfo created without standard::is-symlink

(lxpanel:1612): GLib-GIO-CRITICAL **: 08:37:03.491: file ../../../gio/gfileinfo.c: line 1691 (g_file_info_get_is_symlink): should not be reached

(lxpanel:1612): GLib-GIO-CRITICAL **: 08:37:03.491: GFileInfo created without standard::is-symlink

(lxpanel:1612): GLib-GIO-CRITICAL **: 08:37:03.491: file ../../../gio/gfileinfo.c: line 1691 (g_file_info_get_is_symlink): should not be reached

(lxpanel:1612): GLib-GIO-CRITICAL **: 08:37:03.491: GFileInfo created without standard::is-symlink

(lxpanel:1612): GLib-GIO-CRITICAL **: 08:37:03.491: file ../../../gio/gfileinfo.c: line 1691 (g_file_info_get_is_symlink): should not be reached

(lxpanel:1612): GLib-GIO-CRITICAL **: 08:37:03.491: GFileInfo created without standard::is-symlink

(lxpanel:1612): GLib-GIO-CRITICAL **: 08:37:03.491: file ../../../gio/gfileinfo.c: line 1691 (g_file_info_get_is_symlink): should not be reached

(lxpanel:1612): GLib-GIO-CRITICAL **: 08:37:03.491: GFileInfo created without standard::is-symlink

(lxpanel:1612): GLib-GIO-CRITICAL **: 08:37:03.491: file ../../../gio/gfileinfo.c: line 1691 (g_file_info_get_is_symlink): should not be reached

(lxpanel:1612): GLib-GIO-CRITICAL **: 08:37:03.491: GFileInfo created without standard::is-symlink

(lxpanel:1612): GLib-GIO-CRITICAL **: 08:37:03.491: file ../../../gio/gfileinfo.c: line 1691 (g_file_info_get_is_symlink): should not be reached

(lxpanel:1612): GLib-GIO-CRITICAL **: 08:37:03.491: GFileInfo created without standard::is-symlink

(lxpanel:1612): GLib-GIO-CRITICAL **: 08:37:03.491: file ../../../gio/gfileinfo.c: line 1691 (g_file_info_get_is_symlink): should not be reached

(lxpanel:1612): GLib-GIO-CRITICAL **: 08:37:03.491: GFileInfo created without standard::is-symlink

(lxpanel:1612): GLib-GIO-CRITICAL **: 08:37:03.491: file ../../../gio/gfileinfo.c: line 1691 (g_file_info_get_is_symlink): should not be reached

(lxpanel:1612): GLib-GIO-CRITICAL **: 08:37:03.491: GFileInfo created without standard::is-symlink

(lxpanel:1612): GLib-GIO-CRITICAL **: 08:37:03.491: file ../../../gio/gfileinfo.c: line 1691 (g_file_info_get_is_symlink): should not be reached

(lxpanel:1612): GLib-GIO-CRITICAL **: 08:37:03.491: GFileInfo created without standard::is-symlink

(lxpanel:1612): GLib-GIO-CRITICAL **: 08:37:03.491: file ../../../gio/gfileinfo.c: line 1691 (g_file_info_get_is_symlink): should not be reached

(lxpanel:1612): GLib-GIO-CRITICAL **: 08:37:03.491: GFileInfo created without standard::is-symlink

(lxpanel:1612): GLib-GIO-CRITICAL **: 08:37:03.491: file ../../../gio/gfileinfo.c: line 1691 (g_file_info_get_is_symlink): should not be reached

(lxpanel:1612): GLib-GIO-CRITICAL **: 08:37:03.491: GFileInfo created without standard::is-symlink

(lxpanel:1612): GLib-GIO-CRITICAL **: 08:37:03.491: file ../../../gio/gfileinfo.c: line 1691 (g_file_info_get_is_symlink): should not be reached

(lxpanel:1612): GLib-GIO-CRITICAL **: 08:37:03.491: GFileInfo created without standard::is-symlink

(lxpanel:1612): GLib-GIO-CRITICAL **: 08:37:03.491: file ../../../gio/gfileinfo.c: line 1691 (g_file_info_get_is_symlink): should not be reached

(lxpanel:1612): GLib-GIO-CRITICAL **: 08:37:03.491: GFileInfo created without standard::is-symlink

(lxpanel:1612): GLib-GIO-CRITICAL **: 08:37:03.491: file ../../../gio/gfileinfo.c: line 1691 (g_file_info_get_is_symlink): should not be reached

(lxpanel:1612): GLib-GIO-CRITICAL **: 08:37:03.492: GFileInfo created without standard::is-symlink

(lxpanel:1612): GLib-GIO-CRITICAL **: 08:37:03.492: file ../../../gio/gfileinfo.c: line 1691 (g_file_info_get_is_symlink): should not be reached

(lxpanel:1612): GLib-GIO-CRITICAL **: 08:37:03.492: GFileInfo created without standard::is-symlink

(lxpanel:1612): GLib-GIO-CRITICAL **: 08:37:03.492: file ../../../gio/gfileinfo.c: line 1691 (g_file_info_get_is_symlink): should not be reached

(lxpanel:1612): GLib-GIO-CRITICAL **: 08:37:03.492: GFileInfo created without standard::is-symlink

(lxpanel:1612): GLib-GIO-CRITICAL **: 08:37:03.492: file ../../../gio/gfileinfo.c: line 1691 (g_file_info_get_is_symlink): should not be reached

(lxpanel:1612): GLib-GIO-CRITICAL **: 08:37:03.492: GFileInfo created without standard::is-symlink

(lxpanel:1612): GLib-GIO-CRITICAL **: 08:37:03.492: file ../../../gio/gfileinfo.c: line 1691 (g_file_info_get_is_symlink): should not be reached

(lxpanel:1612): GLib-GIO-CRITICAL **: 08:37:03.492: GFileInfo created without standard::is-symlink

(lxpanel:1612): GLib-GIO-CRITICAL **: 08:37:03.492: file ../../../gio/gfileinfo.c: line 1691 (g_file_info_get_is_symlink): should not be reached

(lxpanel:1612): GLib-GIO-CRITICAL **: 08:37:03.492: GFileInfo created without standard::is-symlink

(lxpanel:1612): GLib-GIO-CRITICAL **: 08:37:03.492: file ../../../gio/gfileinfo.c: line 1691 (g_file_info_get_is_symlink): should not be reached

(lxpanel:1612): GLib-GIO-CRITICAL **: 08:37:03.492: GFileInfo created without standard::is-symlink

(lxpanel:1612): GLib-GIO-CRITICAL **: 08:37:03.492: file ../../../gio/gfileinfo.c: line 1691 (g_file_info_get_is_symlink): should not be reached

(lxpanel:1612): GLib-GIO-CRITICAL **: 08:37:03.492: GFileInfo created without standard::is-symlink

(lxpanel:1612): GLib-GIO-CRITICAL **: 08:37:03.492: file ../../../gio/gfileinfo.c: line 1691 (g_file_info_get_is_symlink): should not be reached

(lxpanel:1612): GLib-GIO-CRITICAL **: 08:37:03.492: GFileInfo created without standard::is-symlink

(lxpanel:1612): GLib-GIO-CRITICAL **: 08:37:03.492: file ../../../gio/gfileinfo.c: line 1691 (g_file_info_get_is_symlink): should not be reached

(lxpanel:1612): GLib-GIO-CRITICAL **: 08:37:03.492: GFileInfo created without standard::is-symlink

(lxpanel:1612): GLib-GIO-CRITICAL **: 08:37:03.492: file ../../../gio/gfileinfo.c: line 1691 (g_file_info_get_is_symlink): should not be reached

(lxpanel:1612): GLib-GIO-CRITICAL **: 08:37:03.492: GFileInfo created without standard::is-symlink

(lxpanel:1612): GLib-GIO-CRITICAL **: 08:37:03.492: file ../../../gio/gfileinfo.c: line 1691 (g_file_info_get_is_symlink): should not be reached

(lxpanel:1612): GLib-GIO-CRITICAL **: 08:37:03.492: GFileInfo created without standard::is-symlink

(lxpanel:1612): GLib-GIO-CRITICAL **: 08:37:03.492: file ../../../gio/gfileinfo.c: line 1691 (g_file_info_get_is_symlink): should not be reached

(lxpanel:1612): GLib-GIO-CRITICAL **: 08:37:03.492: GFileInfo created without standard::is-symlink

(lxpanel:1612): GLib-GIO-CRITICAL **: 08:37:03.492: file ../../../gio/gfileinfo.c: line 1691 (g_file_info_get_is_symlink): should not be reached

(lxpanel:1612): GLib-GIO-CRITICAL **: 08:37:03.492: GFileInfo created without standard::is-symlink

(lxpanel:1612): GLib-GIO-CRITICAL **: 08:37:03.492: file ../../../gio/gfileinfo.c: line 1691 (g_file_info_get_is_symlink): should not be reached

(lxpanel:1612): GLib-GIO-CRITICAL **: 08:37:03.492: GFileInfo created without standard::is-symlink

(lxpanel:1612): GLib-GIO-CRITICAL **: 08:37:03.492: file ../../../gio/gfileinfo.c: line 1691 (g_file_info_get_is_symlink): should not be reached

(lxpanel:1612): GLib-GIO-CRITICAL **: 08:37:03.492: GFileInfo created without standard::is-symlink

(lxpanel:1612): GLib-GIO-CRITICAL **: 08:37:03.492: file ../../../gio/gfileinfo.c: line 1691 (g_file_info_get_is_symlink): should not be reached

(lxpanel:1612): GLib-GIO-CRITICAL **: 08:37:03.492: GFileInfo created without standard::is-symlink

(lxpanel:1612): GLib-GIO-CRITICAL **: 08:37:03.492: file ../../../gio/gfileinfo.c: line 1691 (g_file_info_get_is_symlink): should not be reached

(lxpanel:1612): GLib-GIO-CRITICAL **: 08:37:03.492: GFileInfo created without standard::is-symlink

(lxpanel:1612): GLib-GIO-CRITICAL **: 08:37:03.492: file ../../../gio/gfileinfo.c: line 1691 (g_file_info_get_is_symlink): should not be reached

(lxpanel:1612): GLib-GIO-CRITICAL **: 08:37:03.492: GFileInfo created without standard::is-symlink

(lxpanel:1612): GLib-GIO-CRITICAL **: 08:37:03.492: file ../../../gio/gfileinfo.c: line 1691 (g_file_info_get_is_symlink): should not be reached

(lxpanel:1612): GLib-GIO-CRITICAL **: 08:37:03.492: GFileInfo created without standard::is-symlink

(lxpanel:1612): GLib-GIO-CRITICAL **: 08:37:03.492: file ../../../gio/gfileinfo.c: line 1691 (g_file_info_get_is_symlink): should not be reached

(lxpanel:1612): GLib-GIO-CRITICAL **: 08:37:03.492: GFileInfo created without standard::is-symlink

(lxpanel:1612): GLib-GIO-CRITICAL **: 08:37:03.492: file ../../../gio/gfileinfo.c: line 1691 (g_file_info_get_is_symlink): should not be reached

(lxpanel:1612): GLib-GIO-CRITICAL **: 08:37:03.492: GFileInfo created without standard::is-symlink

(lxpanel:1612): GLib-GIO-CRITICAL **: 08:37:03.492: file ../../../gio/gfileinfo.c: line 1691 (g_file_info_get_is_symlink): should not be reached

(lxpanel:1612): GLib-GIO-CRITICAL **: 08:37:03.492: GFileInfo created without standard::is-symlink

(lxpanel:1612): GLib-GIO-CRITICAL **: 08:37:03.492: file ../../../gio/gfileinfo.c: line 1691 (g_file_info_get_is_symlink): should not be reached

(lxpanel:1612): GLib-GIO-CRITICAL **: 08:37:03.492: GFileInfo created without standard::is-symlink

(lxpanel:1612): GLib-GIO-CRITICAL **: 08:37:03.492: file ../../../gio/gfileinfo.c: line 1691 (g_file_info_get_is_symlink): should not be reached

(lxpanel:1612): GLib-GIO-CRITICAL **: 08:37:03.492: GFileInfo created without standard::is-symlink

(lxpanel:1612): GLib-GIO-CRITICAL **: 08:37:03.492: file ../../../gio/gfileinfo.c: line 1691 (g_file_info_get_is_symlink): should not be reached

(lxpanel:1612): GLib-GIO-CRITICAL **: 08:37:03.492: GFileInfo created without standard::is-symlink

(lxpanel:1612): GLib-GIO-CRITICAL **: 08:37:03.492: file ../../../gio/gfileinfo.c: line 1691 (g_file_info_get_is_symlink): should not be reached

(lxpanel:1612): GLib-GIO-CRITICAL **: 08:37:03.492: GFileInfo created without standard::is-symlink

(lxpanel:1612): GLib-GIO-CRITICAL **: 08:37:03.492: file ../../../gio/gfileinfo.c: line 1691 (g_file_info_get_is_symlink): should not be reached

(lxpanel:1612): GLib-GIO-CRITICAL **: 08:37:03.492: GFileInfo created without standard::is-symlink

(lxpanel:1612): GLib-GIO-CRITICAL **: 08:37:03.492: file ../../../gio/gfileinfo.c: line 1691 (g_file_info_get_is_symlink): should not be reached

(lxpanel:1612): GLib-GIO-CRITICAL **: 08:37:03.492: file ../../../gio/gfileinfo.c: line 1691 (g_file_info_get_is_symlink): should not be reached

(lxpanel:1612): GLib-GIO-CRITICAL **: 08:37:03.492: GFileInfo created without standard::is-symlink

(lxpanel:1612): GLib-GIO-CRITICAL **: 08:37:03.492: file ../../../gio/gfileinfo.c: line 1691 (g_file_info_get_is_symlink): should not be reached

(lxpanel:1612): GLib-GIO-CRITICAL **: 08:37:03.492: GFileInfo created without standard::is-symlink

(lxpanel:1612): GLib-GIO-CRITICAL **: 08:37:03.492: file ../../../gio/gfileinfo.c: line 1691 (g_file_info_get_is_symlink): should not be reached

(lxpanel:1612): GLib-GIO-CRITICAL **: 08:37:03.492: GFileInfo created without standard::is-symlink

(lxpanel:1612): GLib-GIO-CRITICAL **: 08:37:03.492: file ../../../gio/gfileinfo.c: line 1691 (g_file_info_get_is_symlink): should not be reached

(lxpanel:1612): GLib-GIO-CRITICAL **: 08:37:03.492: GFileInfo created without standard::is-symlink

(lxpanel:1612): GLib-GIO-CRITICAL **: 08:37:03.492: GFileInfo created without standard::is-symlink

(lxpanel:1612): GLib-GIO-CRITICAL **: 08:37:03.492: file ../../../gio/gfileinfo.c: line 1691 (g_file_info_get_is_symlink): should not be reached

(lxpanel:1612): GLib-GIO-CRITICAL **: 08:37:03.492: file ../../../gio/gfileinfo.c: line 1691 (g_file_info_get_is_symlink): should not be reached

(lxpanel:1612): GLib-GIO-CRITICAL **: 08:37:03.492: GFileInfo created without standard::is-symlink

(lxpanel:1612): GLib-GIO-CRITICAL **: 08:37:03.492: GFileInfo created without standard::is-symlink

(lxpanel:1612): GLib-GIO-CRITICAL **: 08:37:03.492: file ../../../gio/gfileinfo.c: line 1691 (g_file_info_get_is_symlink): should not be reached

(lxpanel:1612): GLib-GIO-CRITICAL **: 08:37:03.492: file ../../../gio/gfileinfo.c: line 1691 (g_file_info_get_is_symlink): should not be reached

(lxpanel:1612): GLib-GIO-CRITICAL **: 08:37:03.492: GFileInfo created without standard::is-symlink

(lxpanel:1612): GLib-GIO-CRITICAL **: 08:37:03.492: file ../../../gio/gfileinfo.c: line 1691 (g_file_info_get_is_symlink): should not be reached

(lxpanel:1612): GLib-GIO-CRITICAL **: 08:37:03.492: GFileInfo created without standard::is-symlink

(lxpanel:1612): GLib-GIO-CRITICAL **: 08:37:03.492: file ../../../gio/gfileinfo.c: line 1691 (g_file_info_get_is_symlink): should not be reached

(lxpanel:1612): GLib-GIO-CRITICAL **: 08:37:03.492: GFileInfo created without standard::is-symlink

(lxpanel:1612): GLib-GIO-CRITICAL **: 08:37:03.492: file ../../../gio/gfileinfo.c: line 1691 (g_file_info_get_is_symlink): should not be reached

(lxpanel:1612): GLib-GIO-CRITICAL **: 08:37:03.492: GFileInfo created without standard::is-symlink

(lxpanel:1612): GLib-GIO-CRITICAL **: 08:37:03.492: file ../../../gio/gfileinfo.c: line 1691 (g_file_info_get_is_symlink): should not be reached

(lxpanel:1612): GLib-GIO-CRITICAL **: 08:37:03.492: GFileInfo created without standard::is-symlink

(lxpanel:1612): GLib-GIO-CRITICAL **: 08:37:03.492: file ../../../gio/gfileinfo.c: line 1691 (g_file_info_get_is_symlink): should not be reached

(lxpanel:1612): GLib-GIO-CRITICAL **: 08:37:03.492: GFileInfo created without standard::is-symlink

(lxpanel:1612): GLib-GIO-CRITICAL **: 08:37:03.492: GFileInfo created without standard::is-symlink

(lxpanel:1612): GLib-GIO-CRITICAL **: 08:37:03.492: file ../../../gio/gfileinfo.c: line 1691 (g_file_info_get_is_symlink): should not be reached

(lxpanel:1612): GLib-GIO-CRITICAL **: 08:37:03.492: file ../../../gio/gfileinfo.c: line 1691 (g_file_info_get_is_symlink): should not be reached

(lxpanel:1612): GLib-GIO-CRITICAL **: 08:37:03.492: GFileInfo created without standard::is-symlink

(lxpanel:1612): GLib-GIO-CRITICAL **: 08:37:03.492: file ../../../gio/gfileinfo.c: line 1691 (g_file_info_get_is_symlink): should not be reached

(lxpanel:1612): GLib-GIO-CRITICAL **: 08:37:03.492: GFileInfo created without standard::is-symlink

(lxpanel:1612): GLib-GIO-CRITICAL **: 08:37:03.492: file ../../../gio/gfileinfo.c: line 1691 (g_file_info_get_is_symlink): should not be reached

(lxpanel:1612): GLib-GIO-CRITICAL **: 08:37:03.492: GFileInfo created without standard::is-symlink

(lxpanel:1612): GLib-GIO-CRITICAL **: 08:37:03.492: file ../../../gio/gfileinfo.c: line 1691 (g_file_info_get_is_symlink): should not be reached

(lxpanel:1612): GLib-GIO-CRITICAL **: 08:37:03.492: GFileInfo created without standard::is-symlink

(lxpanel:1612): GLib-GIO-CRITICAL **: 08:37:03.492: file ../../../gio/gfileinfo.c: line 1691 (g_file_info_get_is_symlink): should not be reached

(lxpanel:1612): GLib-GIO-CRITICAL **: 08:37:03.492: GFileInfo created without standard::is-symlink

(lxpanel:1612): GLib-GIO-CRITICAL **: 08:37:03.492: file ../../../gio/gfileinfo.c: line 1691 (g_file_info_get_is_symlink): should not be reached

(lxpanel:1612): GLib-GIO-CRITICAL **: 08:37:03.492: GFileInfo created without standard::is-symlink

(lxpanel:1612): GLib-GIO-CRITICAL **: 08:37:03.492: file ../../../gio/gfileinfo.c: line 1691 (g_file_info_get_is_symlink): should not be reached

(lxpanel:1612): GLib-GIO-CRITICAL **: 08:37:03.492: GFileInfo created without standard::is-symlink

(lxpanel:1612): GLib-GIO-CRITICAL **: 08:37:03.492: file ../../../gio/gfileinfo.c: line 1691 (g_file_info_get_is_symlink): should not be reached

(lxpanel:1612): GLib-GIO-CRITICAL **: 08:37:03.492: GFileInfo created without standard::is-symlink

(lxpanel:1612): GLib-GIO-CRITICAL **: 08:37:03.492: file ../../../gio/gfileinfo.c: line 1691 (g_file_info_get_is_symlink): should not be reached

(lxpanel:1612): GLib-GIO-CRITICAL **: 08:37:03.492: GFileInfo created without standard::is-symlink

(lxpanel:1612): GLib-GIO-CRITICAL **: 08:37:03.492: file ../../../gio/gfileinfo.c: line 1691 (g_file_info_get_is_symlink): should not be reached

(lxpanel:1612): GLib-GIO-CRITICAL **: 08:37:03.492: GFileInfo created without standard::is-symlink

(lxpanel:1612): GLib-GIO-CRITICAL **: 08:37:03.492: file ../../../gio/gfileinfo.c: line 1691 (g_file_info_get_is_symlink): should not be reached

(lxpanel:1612): GLib-GIO-CRITICAL **: 08:37:03.492: GFileInfo created without standard::is-symlink

(lxpanel:1612): GLib-GIO-CRITICAL **: 08:37:03.492: file ../../../gio/gfileinfo.c: line 1691 (g_file_info_get_is_symlink): should not be reached

(lxpanel:1612): GLib-GIO-CRITICAL **: 08:37:03.492: GFileInfo created without standard::is-symlink

(lxpanel:1612): GLib-GIO-CRITICAL **: 08:37:03.492: file ../../../gio/gfileinfo.c: line 1691 (g_file_info_get_is_symlink): should not be reached

(lxpanel:1612): GLib-GIO-CRITICAL **: 08:37:03.492: GFileInfo created without standard::is-symlink

(lxpanel:1612): GLib-GIO-CRITICAL **: 08:37:03.492: file ../../../gio/gfileinfo.c: line 1691 (g_file_info_get_is_symlink): should not be reached

(lxpanel:1612): GLib-GIO-CRITICAL **: 08:37:03.492: GFileInfo created without standard::is-symlink

(lxpanel:1612): GLib-GIO-CRITICAL **: 08:37:03.492: file ../../../gio/gfileinfo.c: line 1691 (g_file_info_get_is_symlink): should not be reached

(lxpanel:1612): GLib-GIO-CRITICAL **: 08:37:03.492: GFileInfo created without standard::is-symlink

(lxpanel:1612): GLib-GIO-CRITICAL **: 08:37:03.492: file ../../../gio/gfileinfo.c: line 1691 (g_file_info_get_is_symlink): should not be reached

(lxpanel:1612): GLib-GIO-CRITICAL **: 08:37:03.492: GFileInfo created without standard::is-symlink

(lxpanel:1612): GLib-GIO-CRITICAL **: 08:37:03.492: file ../../../gio/gfileinfo.c: line 1691 (g_file_info_get_is_symlink): should not be reached

(lxpanel:1612): GLib-GIO-CRITICAL **: 08:37:03.492: GFileInfo created without standard::is-symlink

(lxpanel:1612): GLib-GIO-CRITICAL **: 08:37:03.492: file ../../../gio/gfileinfo.c: line 1691 (g_file_info_get_is_symlink): should not be reached

(lxpanel:1612): GLib-GIO-CRITICAL **: 08:37:03.492: GFileInfo created without standard::is-symlink

(lxpanel:1612): GLib-GIO-CRITICAL **: 08:37:03.492: file ../../../gio/gfileinfo.c: line 1691 (g_file_info_get_is_symlink): should not be reached

(lxpanel:1612): GLib-GIO-CRITICAL **: 08:37:03.492: GFileInfo created without standard::is-symlink

(lxpanel:1612): GLib-GIO-CRITICAL **: 08:37:03.492: file ../../../gio/gfileinfo.c: line 1691 (g_file_info_get_is_symlink): should not be reached

(lxpanel:1612): GLib-GIO-CRITICAL **: 08:37:03.493: GFileInfo created without standard::is-symlink

(lxpanel:1612): GLib-GIO-CRITICAL **: 08:37:03.493: file ../../../gio/gfileinfo.c: line 1691 (g_file_info_get_is_symlink): should not be reached

(lxpanel:1612): GLib-GIO-CRITICAL **: 08:37:03.493: GFileInfo created without standard::is-symlink

(lxpanel:1612): GLib-GIO-CRITICAL **: 08:37:03.493: file ../../../gio/gfileinfo.c: line 1691 (g_file_info_get_is_symlink): should not be reached

(lxpanel:1612): GLib-GIO-CRITICAL **: 08:37:03.493: GFileInfo created without standard::is-symlink

(lxpanel:1612): GLib-GIO-CRITICAL **: 08:37:03.493: file ../../../gio/gfileinfo.c: line 1691 (g_file_info_get_is_symlink): should not be reached

(lxpanel:1612): GLib-GIO-CRITICAL **: 08:37:03.493: GFileInfo created without standard::is-symlink

(lxpanel:1612): GLib-GIO-CRITICAL **: 08:37:03.493: file ../../../gio/gfileinfo.c: line 1691 (g_file_info_get_is_symlink): should not be reached

(lxpanel:1612): GLib-GIO-CRITICAL **: 08:37:03.493: GFileInfo created without standard::is-symlink

(lxpanel:1612): GLib-GIO-CRITICAL **: 08:37:03.493: file ../../../gio/gfileinfo.c: line 1691 (g_file_info_get_is_symlink): should not be reached

(lxpanel:1612): GLib-GIO-CRITICAL **: 08:37:03.493: GFileInfo created without standard::is-symlink

(lxpanel:1612): GLib-GIO-CRITICAL **: 08:37:03.493: file ../../../gio/gfileinfo.c: line 1691 (g_file_info_get_is_symlink): should not be reached

(lxpanel:1612): GLib-GIO-CRITICAL **: 08:37:03.493: GFileInfo created without standard::is-symlink

(lxpanel:1612): GLib-GIO-CRITICAL **: 08:37:03.493: file ../../../gio/gfileinfo.c: line 1691 (g_file_info_get_is_symlink): should not be reached

(lxpanel:1612): GLib-GIO-CRITICAL **: 08:37:03.493: GFileInfo created without standard::is-symlink

(lxpanel:1612): GLib-GIO-CRITICAL **: 08:37:03.493: file ../../../gio/gfileinfo.c: line 1691 (g_file_info_get_is_symlink): should not be reached

(lxpanel:1612): GLib-GIO-CRITICAL **: 08:37:03.493: GFileInfo created without standard::is-symlink

(lxpanel:1612): GLib-GIO-CRITICAL **: 08:37:03.493: file ../../../gio/gfileinfo.c: line 1691 (g_file_info_get_is_symlink): should not be reached

(lxpanel:1612): GLib-GIO-CRITICAL **: 08:37:03.493: GFileInfo created without standard::is-symlink

(lxpanel:1612): GLib-GIO-CRITICAL **: 08:37:03.493: file ../../../gio/gfileinfo.c: line 1691 (g_file_info_get_is_symlink): should not be reached

(lxpanel:1612): GLib-GIO-CRITICAL **: 08:37:03.493: GFileInfo created without standard::is-symlink

(lxpanel:1612): GLib-GIO-CRITICAL **: 08:37:03.493: file ../../../gio/gfileinfo.c: line 1691 (g_file_info_get_is_symlink): should not be reached

(lxpanel:1612): GLib-GIO-CRITICAL **: 08:37:03.493: GFileInfo created without standard::is-symlink

(lxpanel:1612): GLib-GIO-CRITICAL **: 08:37:03.493: file ../../../gio/gfileinfo.c: line 1691 (g_file_info_get_is_symlink): should not be reached

(lxpanel:1612): GLib-GIO-CRITICAL **: 08:37:03.493: GFileInfo created without standard::is-symlink

(lxpanel:1612): GLib-GIO-CRITICAL **: 08:37:03.493: file ../../../gio/gfileinfo.c: line 1691 (g_file_info_get_is_symlink): should not be reached

(lxpanel:1612): GLib-GIO-CRITICAL **: 08:37:03.493: GFileInfo created without standard::is-symlink

(lxpanel:1612): GLib-GIO-CRITICAL **: 08:37:03.493: file ../../../gio/gfileinfo.c: line 1691 (g_file_info_get_is_symlink): should not be reached

(lxpanel:1612): GLib-GIO-CRITICAL **: 08:37:03.493: GFileInfo created without standard::is-symlink

(lxpanel:1612): GLib-GIO-CRITICAL **: 08:37:03.493: file ../../../gio/gfileinfo.c: line 1691 (g_file_info_get_is_symlink): should not be reached

(lxpanel:1612): GLib-GIO-CRITICAL **: 08:37:03.493: GFileInfo created without standard::is-symlink

(lxpanel:1612): GLib-GIO-CRITICAL **: 08:37:03.493: file ../../../gio/gfileinfo.c: line 1691 (g_file_info_get_is_symlink): should not be reached

(lxpanel:1612): GLib-GIO-CRITICAL **: 08:37:03.493: GFileInfo created without standard::is-symlink

(lxpanel:1612): GLib-GIO-CRITICAL **: 08:37:03.493: file ../../../gio/gfileinfo.c: line 1691 (g_file_info_get_is_symlink): should not be reached

(lxpanel:1612): GLib-GIO-CRITICAL **: 08:37:03.493: GFileInfo created without standard::is-symlink

(lxpanel:1612): GLib-GIO-CRITICAL **: 08:37:03.493: file ../../../gio/gfileinfo.c: line 1691 (g_file_info_get_is_symlink): should not be reached

(lxpanel:1612): GLib-GIO-CRITICAL **: 08:37:03.493: GFileInfo created without standard::is-symlink

(lxpanel:1612): GLib-GIO-CRITICAL **: 08:37:03.493: file ../../../gio/gfileinfo.c: line 1691 (g_file_info_get_is_symlink): should not be reached

(lxpanel:1612): GLib-GIO-CRITICAL **: 08:37:03.493: GFileInfo created without standard::is-symlink

(lxpanel:1612): GLib-GIO-CRITICAL **: 08:37:03.493: file ../../../gio/gfileinfo.c: line 1691 (g_file_info_get_is_symlink): should not be reached

(lxpanel:1612): GLib-GIO-CRITICAL **: 08:37:03.493: GFileInfo created without standard::is-symlink

(lxpanel:1612): GLib-GIO-CRITICAL **: 08:37:03.493: file ../../../gio/gfileinfo.c: line 1691 (g_file_info_get_is_symlink): should not be reached

(lxpanel:1612): GLib-GIO-CRITICAL **: 08:37:03.493: GFileInfo created without standard::is-symlink

(lxpanel:1612): GLib-GIO-CRITICAL **: 08:37:03.493: file ../../../gio/gfileinfo.c: line 1691 (g_file_info_get_is_symlink): should not be reached

(lxpanel:1612): GLib-GIO-CRITICAL **: 08:37:03.493: GFileInfo created without standard::is-symlink

(lxpanel:1612): GLib-GIO-CRITICAL **: 08:37:03.493: file ../../../gio/gfileinfo.c: line 1691 (g_file_info_get_is_symlink): should not be reached

(lxpanel:1612): GLib-GIO-CRITICAL **: 08:37:03.493: GFileInfo created without standard::is-symlink

(lxpanel:1612): GLib-GIO-CRITICAL **: 08:37:03.493: file ../../../gio/gfileinfo.c: line 1691 (g_file_info_get_is_symlink): should not be reached

(lxpanel:1612): GLib-GIO-CRITICAL **: 08:37:03.493: GFileInfo created without standard::is-symlink

(lxpanel:1612): GLib-GIO-CRITICAL **: 08:37:03.493: file ../../../gio/gfileinfo.c: line 1691 (g_file_info_get_is_symlink): should not be reached

(lxpanel:1612): GLib-GIO-CRITICAL **: 08:37:03.493: GFileInfo created without standard::is-symlink

(lxpanel:1612): GLib-GIO-CRITICAL **: 08:37:03.493: file ../../../gio/gfileinfo.c: line 1691 (g_file_info_get_is_symlink): should not be reached

(lxpanel:1612): GLib-GIO-CRITICAL **: 08:37:03.493: GFileInfo created without standard::is-symlink

(lxpanel:1612): GLib-GIO-CRITICAL **: 08:37:03.493: file ../../../gio/gfileinfo.c: line 1691 (g_file_info_get_is_symlink): should not be reached

(lxpanel:1612): GLib-GIO-CRITICAL **: 08:37:03.493: GFileInfo created without standard::is-symlink

(lxpanel:1612): GLib-GIO-CRITICAL **: 08:37:03.493: file ../../../gio/gfileinfo.c: line 1691 (g_file_info_get_is_symlink): should not be reached

(lxpanel:1612): GLib-GIO-CRITICAL **: 08:37:03.493: GFileInfo created without standard::is-symlink

(lxpanel:1612): GLib-GIO-CRITICAL **: 08:37:03.493: file ../../../gio/gfileinfo.c: line 1691 (g_file_info_get_is_symlink): should not be reached

(lxpanel:1612): GLib-GIO-CRITICAL **: 08:37:03.493: GFileInfo created without standard::is-symlink

(lxpanel:1612): GLib-GIO-CRITICAL **: 08:37:03.493: file ../../../gio/gfileinfo.c: line 1691 (g_file_info_get_is_symlink): should not be reached

(lxpanel:1612): GLib-GIO-CRITICAL **: 08:37:03.493: GFileInfo created without standard::is-symlink

(lxpanel:1612): GLib-GIO-CRITICAL **: 08:37:03.493: file ../../../gio/gfileinfo.c: line 1691 (g_file_info_get_is_symlink): should not be reached

(lxpanel:1612): GLib-GIO-CRITICAL **: 08:37:03.493: GFileInfo created without standard::is-symlink

(lxpanel:1612): GLib-GIO-CRITICAL **: 08:37:03.493: file ../../../gio/gfileinfo.c: line 1691 (g_file_info_get_is_symlink): should not be reached

(lxpanel:1612): GLib-GIO-CRITICAL **: 08:37:03.493: GFileInfo created without standard::is-symlink

(lxpanel:1612): GLib-GIO-CRITICAL **: 08:37:03.493: file ../../../gio/gfileinfo.c: line 1691 (g_file_info_get_is_symlink): should not be reached

(lxpanel:1612): GLib-GIO-CRITICAL **: 08:37:03.493: GFileInfo created without standard::is-symlink

(lxpanel:1612): GLib-GIO-CRITICAL **: 08:37:03.493: file ../../../gio/gfileinfo.c: line 1691 (g_file_info_get_is_symlink): should not be reached

(lxpanel:1612): GLib-GIO-CRITICAL **: 08:37:03.493: GFileInfo created without standard::is-symlink

(lxpanel:1612): GLib-GIO-CRITICAL **: 08:37:03.493: file ../../../gio/gfileinfo.c: line 1691 (g_file_info_get_is_symlink): should not be reached

(lxpanel:1612): GLib-GIO-CRITICAL **: 08:37:03.493: GFileInfo created without standard::is-symlink

(lxpanel:1612): GLib-GIO-CRITICAL **: 08:37:03.493: file ../../../gio/gfileinfo.c: line 1691 (g_file_info_get_is_symlink): should not be reached

(lxpanel:1612): GLib-GIO-CRITICAL **: 08:37:03.493: GFileInfo created without standard::is-symlink

(lxpanel:1612): GLib-GIO-CRITICAL **: 08:37:03.493: file ../../../gio/gfileinfo.c: line 1691 (g_file_info_get_is_symlink): should not be reached

(lxpanel:1612): GLib-GIO-CRITICAL **: 08:37:03.493: GFileInfo created without standard::is-symlink

(lxpanel:1612): GLib-GIO-CRITICAL **: 08:37:03.493: file ../../../gio/gfileinfo.c: line 1691 (g_file_info_get_is_symlink): should not be reached

(lxpanel:1612): GLib-GIO-CRITICAL **: 08:37:03.493: GFileInfo created without standard::is-symlink

(lxpanel:1612): GLib-GIO-CRITICAL **: 08:37:03.493: file ../../../gio/gfileinfo.c: line 1691 (g_file_info_get_is_symlink): should not be reached

(lxpanel:1612): GLib-GIO-CRITICAL **: 08:37:03.493: GFileInfo created without standard::is-symlink

(lxpanel:1612): GLib-GIO-CRITICAL **: 08:37:03.493: file ../../../gio/gfileinfo.c: line 1691 (g_file_info_get_is_symlink): should not be reached

(lxpanel:1612): GLib-GIO-CRITICAL **: 08:37:03.493: GFileInfo created without standard::is-symlink

(lxpanel:1612): GLib-GIO-CRITICAL **: 08:37:03.493: file ../../../gio/gfileinfo.c: line 1691 (g_file_info_get_is_symlink): should not be reached

(lxpanel:1612): GLib-GIO-CRITICAL **: 08:37:03.493: GFileInfo created without standard::is-symlink

(lxpanel:1612): GLib-GIO-CRITICAL **: 08:37:03.493: file ../../../gio/gfileinfo.c: line 1691 (g_file_info_get_is_symlink): should not be reached

(lxpanel:1612): GLib-GIO-CRITICAL **: 08:37:03.493: GFileInfo created without standard::is-symlink

(lxpanel:1612): GLib-GIO-CRITICAL **: 08:37:03.493: file ../../../gio/gfileinfo.c: line 1691 (g_file_info_get_is_symlink): should not be reached

(lxpanel:1612): GLib-GIO-CRITICAL **: 08:37:03.493: GFileInfo created without standard::is-symlink

(lxpanel:1612): GLib-GIO-CRITICAL **: 08:37:03.493: file ../../../gio/gfileinfo.c: line 1691 (g_file_info_get_is_symlink): should not be reached

(lxpanel:1612): GLib-GIO-CRITICAL **: 08:37:03.493: GFileInfo created without standard::is-symlink

(lxpanel:1612): GLib-GIO-CRITICAL **: 08:37:03.493: file ../../../gio/gfileinfo.c: line 1691 (g_file_info_get_is_symlink): should not be reached

(lxpanel:1612): GLib-GIO-CRITICAL **: 08:37:03.493: GFileInfo created without standard::is-symlink

(lxpanel:1612): GLib-GIO-CRITICAL **: 08:37:03.493: file ../../../gio/gfileinfo.c: line 1691 (g_file_info_get_is_symlink): should not be reached

(lxpanel:1612): GLib-GIO-CRITICAL **: 08:37:03.493: GFileInfo created without standard::is-symlink

(lxpanel:1612): GLib-GIO-CRITICAL **: 08:37:03.493: file ../../../gio/gfileinfo.c: line 1691 (g_file_info_get_is_symlink): should not be reached

(lxpanel:1612): GLib-GIO-CRITICAL **: 08:37:03.493: GFileInfo created without standard::is-symlink

(lxpanel:1612): GLib-GIO-CRITICAL **: 08:37:03.493: file ../../../gio/gfileinfo.c: line 1691 (g_file_info_get_is_symlink): should not be reached

(lxpanel:1612): GLib-GIO-CRITICAL **: 08:37:03.493: GFileInfo created without standard::is-symlink

(lxpanel:1612): GLib-GIO-CRITICAL **: 08:37:03.493: file ../../../gio/gfileinfo.c: line 1691 (g_file_info_get_is_symlink): should not be reached

(lxpanel:1612): GLib-GIO-CRITICAL **: 08:37:03.493: GFileInfo created without standard::is-symlink

(lxpanel:1612): GLib-GIO-CRITICAL **: 08:37:03.493: file ../../../gio/gfileinfo.c: line 1691 (g_file_info_get_is_symlink): should not be reached

(lxpanel:1612): GLib-GIO-CRITICAL **: 08:37:03.493: GFileInfo created without standard::is-symlink

(lxpanel:1612): GLib-GIO-CRITICAL **: 08:37:03.493: file ../../../gio/gfileinfo.c: line 1691 (g_file_info_get_is_symlink): should not be reached

(lxpanel:1612): GLib-GIO-CRITICAL **: 08:37:03.493: GFileInfo created without standard::is-symlink

(lxpanel:1612): GLib-GIO-CRITICAL **: 08:37:03.493: file ../../../gio/gfileinfo.c: line 1691 (g_file_info_get_is_symlink): should not be reached

(lxpanel:1612): GLib-GIO-CRITICAL **: 08:37:03.493: GFileInfo created without standard::is-symlink

(lxpanel:1612): GLib-GIO-CRITICAL **: 08:37:03.493: file ../../../gio/gfileinfo.c: line 1691 (g_file_info_get_is_symlink): should not be reached

(lxpanel:1612): GLib-GIO-CRITICAL **: 08:37:03.493: GFileInfo created without standard::size

(lxpanel:1612): GLib-GIO-CRITICAL **: 08:37:03.493: file ../../../gio/gfileinfo.c: line 1860 (g_file_info_get_size): should not be reached

(lxpanel:1612): GLib-GIO-CRITICAL **: 08:37:03.493: GFileInfo created without standard::is-symlink

(lxpanel:1612): GLib-GIO-CRITICAL **: 08:37:03.493: file ../../../gio/gfileinfo.c: line 1691 (g_file_info_get_is_symlink): should not be reached

(lxpanel:1612): GLib-GIO-CRITICAL **: 08:37:03.493: GFileInfo created without standard::is-symlink

(lxpanel:1612): GLib-GIO-CRITICAL **: 08:37:03.493: file ../../../gio/gfileinfo.c: line 1691 (g_file_info_get_is_symlink): should not be reached

(lxpanel:1612): GLib-GIO-CRITICAL **: 08:37:03.493: GFileInfo created without standard::is-symlink

(lxpanel:1612): GLib-GIO-CRITICAL **: 08:37:03.493: file ../../../gio/gfileinfo.c: line 1691 (g_file_info_get_is_symlink): should not be reached

(lxpanel:1612): GLib-GIO-CRITICAL **: 08:37:03.494: GFileInfo created without standard::is-symlink

(lxpanel:1612): GLib-GIO-CRITICAL **: 08:37:03.494: file ../../../gio/gfileinfo.c: line 1691 (g_file_info_get_is_symlink): should not be reached

(lxpanel:1612): GLib-GIO-CRITICAL **: 08:37:03.494: GFileInfo created without standard::is-symlink

(lxpanel:1612): GLib-GIO-CRITICAL **: 08:37:03.494: file ../../../gio/gfileinfo.c: line 1691 (g_file_info_get_is_symlink): should not be reached

(lxpanel:1612): GLib-GIO-CRITICAL **: 08:37:03.494: GFileInfo created without standard::is-symlink

(lxpanel:1612): GLib-GIO-CRITICAL **: 08:37:03.494: file ../../../gio/gfileinfo.c: line 1691 (g_file_info_get_is_symlink): should not be reached

(lxpanel:1612): GLib-GIO-CRITICAL **: 08:37:03.494: GFileInfo created without standard::is-symlink

(lxpanel:1612): GLib-GIO-CRITICAL **: 08:37:03.494: file ../../../gio/gfileinfo.c: line 1691 (g_file_info_get_is_symlink): should not be reached

(lxpanel:1612): GLib-GIO-CRITICAL **: 08:37:03.494: GFileInfo created without standard::is-symlink

(lxpanel:1612): GLib-GIO-CRITICAL **: 08:37:03.494: file ../../../gio/gfileinfo.c: line 1691 (g_file_info_get_is_symlink): should not be reached

(lxpanel:1612): GLib-GIO-CRITICAL **: 08:37:03.494: GFileInfo created without standard::is-symlink

(lxpanel:1612): GLib-GIO-CRITICAL **: 08:37:03.494: file ../../../gio/gfileinfo.c: line 1691 (g_file_info_get_is_symlink): should not be reached

(lxpanel:1612): GLib-GIO-CRITICAL **: 08:37:03.494: GFileInfo created without standard::is-symlink

(lxpanel:1612): GLib-GIO-CRITICAL **: 08:37:03.494: file ../../../gio/gfileinfo.c: line 1691 (g_file_info_get_is_symlink): should not be reached

(lxpanel:1612): GLib-GIO-CRITICAL **: 08:37:03.494: GFileInfo created without standard::is-symlink

(lxpanel:1612): GLib-GIO-CRITICAL **: 08:37:03.494: file ../../../gio/gfileinfo.c: line 1691 (g_file_info_get_is_symlink): should not be reached

(lxpanel:1612): GLib-GIO-CRITICAL **: 08:37:03.494: GFileInfo created without standard::is-symlink

(lxpanel:1612): GLib-GIO-CRITICAL **: 08:37:03.494: file ../../../gio/gfileinfo.c: line 1691 (g_file_info_get_is_symlink): should not be reached

(lxpanel:1612): GLib-GIO-CRITICAL **: 08:37:03.494: GFileInfo created without standard::is-symlink

(lxpanel:1612): GLib-GIO-CRITICAL **: 08:37:03.494: file ../../../gio/gfileinfo.c: line 1691 (g_file_info_get_is_symlink): should not be reached

(lxpanel:1612): GLib-GIO-CRITICAL **: 08:37:03.494: GFileInfo created without standard::is-symlink

(lxpanel:1612): GLib-GIO-CRITICAL **: 08:37:03.494: file ../../../gio/gfileinfo.c: line 1691 (g_file_info_get_is_symlink): should not be reached

(lxpanel:1612): GLib-GIO-CRITICAL **: 08:37:03.494: GFileInfo created without standard::is-symlink

(lxpanel:1612): GLib-GIO-CRITICAL **: 08:37:03.494: file ../../../gio/gfileinfo.c: line 1691 (g_file_info_get_is_symlink): should not be reached

(lxpanel:1612): GLib-GIO-CRITICAL **: 08:37:03.494: GFileInfo created without standard::is-symlink

(lxpanel:1612): GLib-GIO-CRITICAL **: 08:37:03.494: file ../../../gio/gfileinfo.c: line 1691 (g_file_info_get_is_symlink): should not be reached

(lxpanel:1612): GLib-GIO-CRITICAL **: 08:37:03.494: GFileInfo created without standard::is-symlink

(lxpanel:1612): GLib-GIO-CRITICAL **: 08:37:03.494: file ../../../gio/gfileinfo.c: line 1691 (g_file_info_get_is_symlink): should not be reached

(lxpanel:1612): GLib-GIO-CRITICAL **: 08:37:03.494: GFileInfo created without standard::is-symlink

(lxpanel:1612): GLib-GIO-CRITICAL **: 08:37:03.494: file ../../../gio/gfileinfo.c: line 1691 (g_file_info_get_is_symlink): should not be reached

(lxpanel:1612): GLib-GIO-CRITICAL **: 08:37:03.494: GFileInfo created without standard::is-symlink

(lxpanel:1612): GLib-GIO-CRITICAL **: 08:37:03.494: file ../../../gio/gfileinfo.c: line 1691 (g_file_info_get_is_symlink): should not be reached

(lxpanel:1612): GLib-GIO-CRITICAL **: 08:37:03.494: GFileInfo created without standard::is-symlink

(lxpanel:1612): GLib-GIO-CRITICAL **: 08:37:03.494: file ../../../gio/gfileinfo.c: line 1691 (g_file_info_get_is_symlink): should not be reached

(lxpanel:1612): GLib-GIO-CRITICAL **: 08:37:03.494: GFileInfo created without standard::is-symlink

(lxpanel:1612): GLib-GIO-CRITICAL **: 08:37:03.494: file ../../../gio/gfileinfo.c: line 1691 (g_file_info_get_is_symlink): should not be reached

(lxpanel:1612): GLib-GIO-CRITICAL **: 08:37:03.494: GFileInfo created without standard::is-symlink

(lxpanel:1612): GLib-GIO-CRITICAL **: 08:37:03.494: file ../../../gio/gfileinfo.c: line 1691 (g_file_info_get_is_symlink): should not be reached

(lxpanel:1612): GLib-GIO-CRITICAL **: 08:37:03.494: GFileInfo created without standard::is-symlink

(lxpanel:1612): GLib-GIO-CRITICAL **: 08:37:03.494: file ../../../gio/gfileinfo.c: line 1691 (g_file_info_get_is_symlink): should not be reached

(lxpanel:1612): GLib-GIO-CRITICAL **: 08:37:03.494: GFileInfo created without standard::is-symlink

(lxpanel:1612): GLib-GIO-CRITICAL **: 08:37:03.494: file ../../../gio/gfileinfo.c: line 1691 (g_file_info_get_is_symlink): should not be reached

(lxpanel:1612): GLib-GIO-CRITICAL **: 08:37:03.494: GFileInfo created without standard::is-symlink

(lxpanel:1612): GLib-GIO-CRITICAL **: 08:37:03.494: file ../../../gio/gfileinfo.c: line 1691 (g_file_info_get_is_symlink): should not be reached

(lxpanel:1612): GLib-GIO-CRITICAL **: 08:37:03.492: GFileInfo created without standard::is-symlink

(lxpanel:1612): GLib-GIO-CRITICAL **: 08:37:03.495: file ../../../gio/gfileinfo.c: line 1691 (g_file_info_get_is_symlink): should not be reached

(lxpanel:1612): GLib-GIO-CRITICAL **: 08:37:03.495: GFileInfo created without standard::size

(lxpanel:1612): GLib-GIO-CRITICAL **: 08:37:03.495: file ../../../gio/gfileinfo.c: line 1860 (g_file_info_get_size): should not be reached

(lxpanel:1612): GLib-GIO-CRITICAL **: 08:37:03.495: GFileInfo created without standard::is-symlink

(lxpanel:1612): GLib-GIO-CRITICAL **: 08:37:03.495: file ../../../gio/gfileinfo.c: line 1691 (g_file_info_get_is_symlink): should not be reached

(lxpanel:1612): GLib-GIO-CRITICAL **: 08:37:03.495: GFileInfo created without standard::is-symlink

(lxpanel:1612): GLib-GIO-CRITICAL **: 08:37:03.495: file ../../../gio/gfileinfo.c: line 1691 (g_file_info_get_is_symlink): should not be reached

(lxpanel:1612): GLib-GIO-CRITICAL **: 08:37:03.495: GFileInfo created without standard::is-symlink

(lxpanel:1612): GLib-GIO-CRITICAL **: 08:37:03.495: file ../../../gio/gfileinfo.c: line 1691 (g_file_info_get_is_symlink): should not be reached

(lxpanel:1612): GLib-GIO-CRITICAL **: 08:37:03.495: GFileInfo created without standard::is-symlink

(lxpanel:1612): GLib-GIO-CRITICAL **: 08:37:03.495: file ../../../gio/gfileinfo.c: line 1691 (g_file_info_get_is_symlink): should not be reached

(lxpanel:1612): GLib-GIO-CRITICAL **: 08:37:03.495: GFileInfo created without standard::is-symlink

(lxpanel:1612): GLib-GIO-CRITICAL **: 08:37:03.495: file ../../../gio/gfileinfo.c: line 1691 (g_file_info_get_is_symlink): should not be reached

(lxpanel:1612): GLib-GIO-CRITICAL **: 08:37:03.495: GFileInfo created without standard::is-symlink

(lxpanel:1612): GLib-GIO-CRITICAL **: 08:37:03.495: file ../../../gio/gfileinfo.c: line 1691 (g_file_info_get_is_symlink): should not be reached

(lxpanel:1612): GLib-GIO-CRITICAL **: 08:37:03.495: GFileInfo created without standard::is-symlink

(lxpanel:1612): GLib-GIO-CRITICAL **: 08:37:03.495: file ../../../gio/gfileinfo.c: line 1691 (g_file_info_get_is_symlink): should not be reached

(lxpanel:1612): GLib-GIO-CRITICAL **: 08:37:03.495: GFileInfo created without standard::is-symlink

(lxpanel:1612): GLib-GIO-CRITICAL **: 08:37:03.495: file ../../../gio/gfileinfo.c: line 1691 (g_file_info_get_is_symlink): should not be reached

(lxpanel:1612): GLib-GIO-CRITICAL **: 08:37:03.495: GFileInfo created without standard::is-symlink

(lxpanel:1612): GLib-GIO-CRITICAL **: 08:37:03.495: file ../../../gio/gfileinfo.c: line 1691 (g_file_info_get_is_symlink): should not be reached

(lxpanel:1612): GLib-GIO-CRITICAL **: 08:37:03.495: GFileInfo created without standard::is-symlink

(lxpanel:1612): GLib-GIO-CRITICAL **: 08:37:03.495: file ../../../gio/gfileinfo.c: line 1691 (g_file_info_get_is_symlink): should not be reached

(lxpanel:1612): GLib-GIO-CRITICAL **: 08:37:03.495: GFileInfo created without standard::is-symlink

(lxpanel:1612): GLib-GIO-CRITICAL **: 08:37:03.495: file ../../../gio/gfileinfo.c: line 1691 (g_file_info_get_is_symlink): should not be reached

(lxpanel:1612): GLib-GIO-CRITICAL **: 08:37:03.495: GFileInfo created without standard::is-symlink

(lxpanel:1612): GLib-GIO-CRITICAL **: 08:37:03.495: file ../../../gio/gfileinfo.c: line 1691 (g_file_info_get_is_symlink): should not be reached

(lxpanel:1612): GLib-GIO-CRITICAL **: 08:37:03.495: GFileInfo created without standard::is-symlink

(lxpanel:1612): GLib-GIO-CRITICAL **: 08:37:03.495: file ../../../gio/gfileinfo.c: line 1691 (g_file_info_get_is_symlink): should not be reached

(lxpanel:1612): GLib-GIO-CRITICAL **: 08:37:03.495: GFileInfo created without standard::is-symlink

(lxpanel:1612): GLib-GIO-CRITICAL **: 08:37:03.495: file ../../../gio/gfileinfo.c: line 1691 (g_file_info_get_is_symlink): should not be reached

(lxpanel:1612): GLib-GIO-CRITICAL **: 08:37:03.495: GFileInfo created without standard::is-symlink

(lxpanel:1612): GLib-GIO-CRITICAL **: 08:37:03.495: file ../../../gio/gfileinfo.c: line 1691 (g_file_info_get_is_symlink): should not be reached

(lxpanel:1612): GLib-GIO-CRITICAL **: 08:37:03.495: GFileInfo created without standard::is-symlink

(lxpanel:1612): GLib-GIO-CRITICAL **: 08:37:03.495: file ../../../gio/gfileinfo.c: line 1691 (g_file_info_get_is_symlink): should not be reached

(lxpanel:1612): GLib-GIO-CRITICAL **: 08:37:03.495: GFileInfo created without standard::is-symlink

(lxpanel:1612): GLib-GIO-CRITICAL **: 08:37:03.495: file ../../../gio/gfileinfo.c: line 1691 (g_file_info_get_is_symlink): should not be reached

(lxpanel:1612): GLib-GIO-CRITICAL **: 08:37:03.495: GFileInfo created without standard::is-symlink

(lxpanel:1612): GLib-GIO-CRITICAL **: 08:37:03.495: file ../../../gio/gfileinfo.c: line 1691 (g_file_info_get_is_symlink): should not be reached

(lxpanel:1612): GLib-GIO-CRITICAL **: 08:37:03.495: GFileInfo created without standard::is-symlink

(lxpanel:1612): GLib-GIO-CRITICAL **: 08:37:03.495: file ../../../gio/gfileinfo.c: line 1691 (g_file_info_get_is_symlink): should not be reached

(lxpanel:1612): GLib-GIO-CRITICAL **: 08:37:03.495: GFileInfo created without standard::is-symlink

(lxpanel:1612): GLib-GIO-CRITICAL **: 08:37:03.495: file ../../../gio/gfileinfo.c: line 1691 (g_file_info_get_is_symlink): should not be reached

(lxpanel:1612): GLib-GIO-CRITICAL **: 08:37:03.495: GFileInfo created without standard::is-symlink

(lxpanel:1612): GLib-GIO-CRITICAL **: 08:37:03.495: file ../../../gio/gfileinfo.c: line 1691 (g_file_info_get_is_symlink): should not be reached

(lxpanel:1612): GLib-GIO-CRITICAL **: 08:37:03.495: GFileInfo created without standard::is-symlink

(lxpanel:1612): GLib-GIO-CRITICAL **: 08:37:03.495: file ../../../gio/gfileinfo.c: line 1691 (g_file_info_get_is_symlink): should not be reached

(lxpanel:1612): GLib-GIO-CRITICAL **: 08:37:03.495: GFileInfo created without standard::is-symlink

(lxpanel:1612): GLib-GIO-CRITICAL **: 08:37:03.495: file ../../../gio/gfileinfo.c: line 1691 (g_file_info_get_is_symlink): should not be reached

(lxpanel:1612): GLib-GIO-CRITICAL **: 08:37:03.495: GFileInfo created without standard::is-symlink

(lxpanel:1612): GLib-GIO-CRITICAL **: 08:37:03.495: file ../../../gio/gfileinfo.c: line 1691 (g_file_info_get_is_symlink): should not be reached

(lxpanel:1612): GLib-GIO-CRITICAL **: 08:37:03.495: GFileInfo created without standard::is-symlink

(lxpanel:1612): GLib-GIO-CRITICAL **: 08:37:03.495: file ../../../gio/gfileinfo.c: line 1691 (g_file_info_get_is_symlink): should not be reached

(lxpanel:1612): GLib-GIO-CRITICAL **: 08:37:03.495: GFileInfo created without standard::is-symlink

(lxpanel:1612): GLib-GIO-CRITICAL **: 08:37:03.495: file ../../../gio/gfileinfo.c: line 1691 (g_file_info_get_is_symlink): should not be reached

(lxpanel:1612): GLib-GIO-CRITICAL **: 08:37:03.495: GFileInfo created without standard::is-symlink

(lxpanel:1612): GLib-GIO-CRITICAL **: 08:37:03.495: file ../../../gio/gfileinfo.c: line 1691 (g_file_info_get_is_symlink): should not be reached

(lxpanel:1612): GLib-GIO-CRITICAL **: 08:37:03.495: GFileInfo created without standard::is-symlink

(lxpanel:1612): GLib-GIO-CRITICAL **: 08:37:03.495: file ../../../gio/gfileinfo.c: line 1691 (g_file_info_get_is_symlink): should not be reached

(lxpanel:1612): GLib-GIO-CRITICAL **: 08:37:03.495: GFileInfo created without standard::is-symlink

(lxpanel:1612): GLib-GIO-CRITICAL **: 08:37:03.495: file ../../../gio/gfileinfo.c: line 1691 (g_file_info_get_is_symlink): should not be reached

(lxpanel:1612): GLib-GIO-CRITICAL **: 08:37:03.495: GFileInfo created without standard::is-symlink

(lxpanel:1612): GLib-GIO-CRITICAL **: 08:37:03.495: file ../../../gio/gfileinfo.c: line 1691 (g_file_info_get_is_symlink): should not be reached

(lxpanel:1612): GLib-GIO-CRITICAL **: 08:37:03.495: GFileInfo created without standard::is-symlink

(lxpanel:1612): GLib-GIO-CRITICAL **: 08:37:03.495: file ../../../gio/gfileinfo.c: line 1691 (g_file_info_get_is_symlink): should not be reached

(lxpanel:1612): GLib-GIO-CRITICAL **: 08:37:03.495: GFileInfo created without standard::is-symlink

(lxpanel:1612): GLib-GIO-CRITICAL **: 08:37:03.495: file ../../../gio/gfileinfo.c: line 1691 (g_file_info_get_is_symlink): should not be reached

(lxpanel:1612): GLib-GIO-CRITICAL **: 08:37:03.495: GFileInfo created without standard::is-symlink

(lxpanel:1612): GLib-GIO-CRITICAL **: 08:37:03.495: file ../../../gio/gfileinfo.c: line 1691 (g_file_info_get_is_symlink): should not be reached

(lxpanel:1612): GLib-GIO-CRITICAL **: 08:37:03.495: GFileInfo created without standard::is-symlink

(lxpanel:1612): GLib-GIO-CRITICAL **: 08:37:03.495: file ../../../gio/gfileinfo.c: line 1691 (g_file_info_get_is_symlink): should not be reached

(lxpanel:1612): GLib-GIO-CRITICAL **: 08:37:03.495: GFileInfo created without standard::is-symlink

(lxpanel:1612): GLib-GIO-CRITICAL **: 08:37:03.495: file ../../../gio/gfileinfo.c: line 1691 (g_file_info_get_is_symlink): should not be reached

** (lxpanel:1612): WARNING **: 08:37:03.563: launchbar: desktop entry does not exist

(diodon:1625): libayatana-appindicator-WARNING **: 08:37:03.901: libayatana-appindicator is deprecated. Please use libayatana-appindicator-glib in newly written code.

** (lxpanel:1612): WARNING **: 08:37:04.024: lxpanel : X error: BadWindow (invalid Window parameter)

** (lxpanel:1612): WARNING **: 08:37:04.024: lxpanel : X error: BadWindow (invalid Window parameter)

** (lxpanel:1612): WARNING **: 08:37:04.024: lxpanel : X error: BadWindow (invalid Window parameter)

(diodon:1625): Gdk-CRITICAL **: 08:37:04.076: gdk_window_thaw_toplevel_updates: assertion 'window->update_and_descendants_freeze_count > 0' failed

(nm-applet:1637): GLib-GIO-WARNING **: 08:37:04.761: unable to send notifications through org.freedesktop.Notifications: GDBus.Error:org.freedesktop.DBus.Error.ServiceUnknown: The name org.freedesktop.Notifications was not provided by any .service files
X connection to :0 broken (explicit kill or server shutdown).
