[RIGCTRL][2025-10-30 12:55:05.478582][00:00:00.604287][error] rig_get_freq: rig or rig->caps is null
[RIGCTRL][2025-10-30 12:55:05.478689][00:00:00.604394][error] rig_get_mode: rig or rig->caps is null
[RIGCTRL][2025-11-10 22:24:04.904464][00:00:00.649512][error] rig_get_freq: rig or rig->caps is null
[RIGCTRL][2025-11-10 22:24:04.904518][00:00:00.649566][error] rig_get_mode: rig or rig->caps is null
[RIGCTRL][2025-11-10 22:27:17.353812][00:03:13.098861][error] rig_open: 'USB' is not a valid COM port name
[RIGCTRL][2025-11-10 22:27:17.353854][00:03:13.098902][error] error: **2:network.c(1738):network_multicast_publisher_stop entered
**2:network.c(1747):network_multicast_publisher_stop returning(0) 
**2:dummy.c(384):dummy_close entered
**2:dummy.c(388):dummy_close returning(0) 
rig_close(1904): 0x55559917f4ec rs->comm_state==0?=0
*1:rig.c(1907):rig_close returning(0) 
*1:rig.c(1762):rig_close entered
*1:rig.c(1773):rig_close returning(-1) Invalid parameter

rig_token_lookup called for client
rig_confparam_lookup called for client
rig_set_conf called
rig_confparam_lookup called for client
rig_set_conf: client='WSJTX'
frontend_set_conf: Client claims to be WSJTX
rig.c(1050):rig_open entered
rig_open: 'USB' is not a valid COM port name
rig.c(1069):rig_open returning2(-1) Invalid parameter

Invalid parameter
[SYSLOG][2025-11-10 22:27:17.360531][00:03:13.105581][error] handle_transceiver_failure: reason: Hamlib error: **2:network.c(1747):network_multicast_publisher_stop returning(0) 
**2:dummy.c(384):dummy_close entered
**2:dummy.c(388):dummy_close returning(0) 
rig_close(1904): 0x55559917f4ec rs->comm_state==0?=0
*1:rig.c(1907):rig_close returning(0) 
*1:rig.c(1762):rig_close entered
*1:rig.c(1773):rig_close returning(-1) Invalid parameter

rig_token_lookup called for client
rig_confparam_lookup called for client
rig_set_conf called
rig_confparam_lookup called for client
rig_set_conf: client='WSJTX'
frontend_set_conf: Client claims to be WSJTX
rig.c(1050):rig_open entered
rig_open: 'USB' is not a valid COM port name
rig.c(1069):rig_open returning2(-1) Invalid parameter

Invalid parameter
Invalid parameter
 while opening connection to rig
[RIGCTRL][2025-11-10 22:27:40.243370][00:03:35.988418][error] rig_get_freq: rig or rig->caps is null
[RIGCTRL][2025-11-10 22:27:40.243459][00:03:35.988508][error] rig_get_mode: rig or rig->caps is null
[RIGCTRL][2025-11-10 22:27:49.992754][00:00:00.535417][error] rig_get_freq: rig or rig->caps is null
[RIGCTRL][2025-11-10 22:27:49.992829][00:00:00.535493][error] rig_get_mode: rig or rig->caps is null
[RIGCTRL][2025-11-10 22:29:08.648511][00:01:19.191174][warning] rig_get_vfo: no get_vfo
[RIGCTRL][2025-11-10 22:29:25.849258][00:01:36.391921][warning] rig_get_vfo: no get_vfo
[RIGCTRL][2025-11-10 22:29:44.573071][00:01:55.115735][warning] rig_get_vfo: no get_vfo
[RIGCTRL][2025-11-10 22:38:28.191282][00:10:38.733945][warning] rig_get_vfo: no get_vfo
[RIGCTRL][2026-02-24 17:51:20.753411][00:00:01.800348][warning] rig_get_vfo: no get_vfo
[RIGCTRL][2026-02-24 17:51:31.101124][00:00:12.148062][warning] icom_transaction: retry=3: rig_get_ptt: cache hit age=984ms
*1:rig_get_ptt: elapsed=0ms
*1:rig.c(3998):rig_get_ptt returning(0) 
*1:rig.c(6018):rig_get_split_vfo entered
rig_get_split_vfo: cache check age=1497ms
rig_get_split_vfo: cache miss age=1497ms
*rig.c(6065) trace
**2:icom.c(6856):icom_get_split_vfo entered
***3:frame.c(524):icom_transaction entered
icom_transaction: cmd=0x0f, subcmd=0xffffffff, payload_len=0
****4:frame.c(144):icom_one_transaction entered
write_block(): TX 6 bytes
0000    fe fe 94 e0 0f fd                                   ......          
read_string_generic called, rxmax=200 direct=1, expected_len=1
read_string_generic(): RX 3 characters, direct=1
0000    1c 00 fd                                            ...             
****4:frame.c(206):icom_one_transaction returning(-8) Protocol error

Protocol error
Protocol error
[RIGCTRL][2026-02-24 17:51:31.201402][00:00:12.248339][warning] icom_transaction: retry=2: ****4:frame.c(144):icom_one_transaction entered
write_block(): TX 6 bytes
0000    fe fe 94 e0 0f fd                                   ......          
read_string_generic called, rxmax=200 direct=1, expected_len=1
read_string_generic(): RX 3 characters, direct=1
0000    1c 00 fd                                            ...             
****4:frame.c(206):icom_one_transaction returning(-8) Protocol error

Protocol error

****4:frame.c(144):icom_one_transaction entered
write_block(): TX 6 bytes
0000    fe fe 94 e0 0f fd                                   ......          
read_string_generic called, rxmax=200 direct=1, expected_len=1
read_string_generic(): RX 5 characters, direct=1
0000    e0 94 0f 00 fd                                      .....           
****4:frame.c(206):icom_one_transaction returning(-8) Protocol error

Protocol error
Protocol error
[RIGCTRL][2026-02-24 17:51:31.309722][00:00:12.356659][error] read_string_generic(): read failed, direct=1 - Resource temporarily unavailable
[RIGCTRL][2026-02-24 17:51:31.309779][00:00:12.356716][warning] icom_transaction: retry=1: ****4:frame.c(144):icom_one_transaction entered
write_block(): TX 6 bytes
0000    fe fe 94 e0 0f fd                                   ......          
read_string_generic called, rxmax=200 direct=1, expected_len=1
read_string_generic(): RX 5 characters, direct=1
0000    e0 94 0f 00 fd                                      .....           
****4:frame.c(206):icom_one_transaction returning(-8) Protocol error

Protocol error

****4:frame.c(144):icom_one_transaction entered
write_block(): TX 6 bytes
0000    fe fe 94 e0 0f fd                                   ......          
read_string_generic called, rxmax=200 direct=1, expected_len=1
0000    fe                                                  .               
read_string_generic(): read failed, direct=1 - Resource temporarily unavailable
****4:frame.c(206):icom_one_transaction returning(-6) IO error

IO error
IO error
[RIGCTRL][2026-02-24 17:51:33.868697][00:00:14.915637][error] read_string_generic(): read failed, direct=1 - Resource temporarily unavailable
[RIGCTRL][2026-02-24 17:51:33.868771][00:00:14.915708][warning] icom_transaction: retry=0: IO error

****4:frame.c(144):icom_one_transaction entered
write_block(): TX 6 bytes
0000    fe fe 94 e0 0f fd                                   ......          
read_string_generic called, rxmax=200 direct=1, expected_len=1
read_string_generic(): RX 7 characters, direct=1
0000    fe 94 0f fe e0 0f fd                                .......         
icom_one_transaction: cmd x0f != buf xe0 so retry read
read_string_generic called, rxmax=200 direct=1, expected_len=1
read_string_generic(1371): retrying read timeout 1/1 timeout=1000
read_string_generic(): RX 6 characters, direct=1
0000    fe 94 e0 1c 00 fd                                   ......          
icom_one_transaction: cmd x0f != buf x00 so retry read
read_string_generic called, rxmax=200 direct=1, expected_len=1
read_string_generic(): read failed, direct=1 - Resource temporarily unavailable
****4:frame.c(206):icom_one_transaction returning(-6) IO error

IO error
IO error
[RIGCTRL][2026-02-24 17:51:33.969893][00:00:15.016830][error] icom_get_split_vfo: CTL_SPLT failed?
[RIGCTRL][2026-02-24 17:51:33.979803][00:00:15.026740][warning] icom_transaction: retry=3: icom_get_mode_without_data(2806): modebuf[0]=0x26, modebuf[1]=0x03, mode_len=1
icom2rig_mode: mode=0x03, pd=-1
icom_get_dsp_flt called, mode=CW
**2:frame.c(524):icom_transaction entered
icom_transaction: cmd=0x1a, subcmd=0x03, payload_len=0
***3:frame.c(144):icom_one_transaction entered
write_block(): TX 7 bytes
0000    fe fe 94 e0 1a 03 fd                                .......         
read_string_generic called, rxmax=200 direct=1, expected_len=1
read_string_generic(): RX 6 characters, direct=1
0000    fe 94 e0 1a 03 fd                                   ......          
icom_one_transaction: cmd x1a != buf x03 so retry read
read_string_generic called, rxmax=200 direct=1, expected_len=1
read_string_generic(): RX 8 characters, direct=1
0000    fe fe e0 94 1a 03 09 fd                             ........        
icom_one_transaction: DEBUG retval=8, frm_len=7, cmd=0x1a
***3:frame.c(289):icom_one_transaction returning(-8) Protocol error

Protocol error
Protocol error
[RIGCTRL][2026-02-24 17:51:34.090697][00:00:15.137634][warning] icom_transaction: retry=3: rig_lock: client lock engaged
*rig.c(4025) trace
**2:icom.c(5471):icom_get_ptt entered
***3:frame.c(524):icom_transaction entered
icom_transaction: cmd=0x1c, subcmd=0x00, payload_len=0
****4:frame.c(144):icom_one_transaction entered
write_block(): TX 7 bytes
0000    fe fe 94 e0 1c 00 fd                                .......         
read_string_generic called, rxmax=200 direct=1, expected_len=1
read_string_generic(): RX 6 characters, direct=1
0000    fe 94 e0 1c 00 fd                                   ......          
icom_one_transaction: cmd x1c != buf x00 so retry read
read_string_generic called, rxmax=200 direct=1, expected_len=1
read_string_generic(): RX 8 characters, direct=1
0000    fe fe e0 94 1c 00 00 fd                             ........        
icom_one_transaction: DEBUG retval=8, frm_len=7, cmd=0x1c
****4:frame.c(289):icom_one_transaction returning(-8) Protocol error

Protocol error
Protocol error
[RIGCTRL][2026-02-24 17:51:34.194581][00:00:15.241518][warning] icom_transaction: retry=2: icom_one_transaction: DEBUG retval=8, frm_len=7, cmd=0x1c
****4:frame.c(289):icom_one_transaction returning(-8) Protocol error

Protocol error

****4:frame.c(144):icom_one_transaction entered
write_block(): TX 7 bytes
0000    fe fe 94 e0 1c 00 fd                                .......         
read_string_generic called, rxmax=200 direct=1, expected_len=1
read_string_generic(): RX 6 characters, direct=1
0000    fe 94 e0 1c 00 fd                                   ......          
icom_one_transaction: cmd x1c != buf x00 so retry read
read_string_generic called, rxmax=200 direct=1, expected_len=1
read_string_generic(): RX 8 characters, direct=1
0000    fe fe e0 94 1c 00 00 fd                             ........        
icom_one_transaction: DEBUG retval=8, frm_len=7, cmd=0x1c
****4:frame.c(289):icom_one_transaction returning(-8) Protocol error

Protocol error
Protocol error
[RIGCTRL][2026-02-24 17:51:36.675400][00:00:17.722338][warning] icom_transaction: retry=3: rig_get_cache(527): vfo=VFOA, freq=21027722, mode=CW, width=500
rig_get_freq(2618): freqMainA=21027722, modeMainA=CW, widthMainA=500
rig_get_freq(2618): freqMainB=18336300, modeMainB=PKTUSB, widthMainB=3000
rig_get_freq: cache miss age=1421ms, cached_vfo=VFOA, asked_vfo=VFOA, use_cached_freq=0
rig_get_freq(2655): vfo_opt=0, model=3073
icom_get_freq called for VFOA, curr_vfo=VFOA
icom_get_freq: using vfo=VFOA
icom_get_vfo_number_x25x26(10077): current_vfo=VFOA, vfo=VFOA -> vfo_number=0
**2:frame.c(524):icom_transaction entered
icom_transaction: cmd=0x25, subcmd=0x00, payload_len=0
***3:frame.c(144):icom_one_transaction entered
write_block(): TX 7 bytes
0000    fe fe 94 e0 25 00 fd                                ....%..         
read_string_generic called, rxmax=200 direct=1, expected_len=1
read_string_generic(): RX 4 characters, direct=1
0000    02 21 00 fd                                         .!..            
***3:frame.c(329):icom_one_transaction returning(-8) Protocol error

Protocol error
Protocol error
[RIGCTRL][2026-02-24 17:51:41.119107][00:00:22.166048][error] read_string_generic(): read failed, direct=1 - Resource temporarily unavailable
[RIGCTRL][2026-02-24 17:51:41.119198][00:00:22.166135][warning] icom_transaction: retry=3: read_string_generic(): RX 10 characters, direct=1
0000    fe fe e0 94 26 00 03 00 01 fd                       ....&.....      
icom_one_transaction: frm_len=10, frm_len-1=fd, frm_len-2=01
***3:frame.c(502):icom_one_transaction returning(0) 
**2:frame.c(555):icom_transaction returning(0) 
icom_get_mode_x26: mode_len=5, modebuf=26 00 03 00 01
icom_get_mode_without_data(2806): modebuf[0]=0x26, modebuf[1]=0x03, mode_len=1
icom2rig_mode: mode=0x03, pd=-1
icom_get_dsp_flt called, mode=CW
**2:frame.c(524):icom_transaction entered
icom_transaction: cmd=0x1a, subcmd=0x03, payload_len=0
***3:frame.c(144):icom_one_transaction entered
write_block(): TX 7 bytes
0000    fe fe 94 e0 1a 03 fd                                .......         
read_string_generic called, rxmax=200 direct=1, expected_len=1
read_string_generic(): read failed, direct=1 - Resource temporarily unavailable
***3:frame.c(206):icom_one_transaction returning(-6) IO error

IO error
IO error
[RIGCTRL][2026-02-24 17:52:02.113033][00:00:43.159971][error] read_string_generic(): read failed, direct=1 - Resource temporarily unavailable
[RIGCTRL][2026-02-24 17:52:02.113127][00:00:43.160065][warning] icom_transaction: retry=3: *rig.c(3128) trace
icom.c(2924):icom_get_mode entered
icom_get_mode called vfo=VFOA
icom.c(2755):icom_get_mode_without_data entered
icom_get_mode_without_data called vfo=VFOA
*icom.c(2761) trace
icom_get_vfo_number_x25x26(10077): current_vfo=VFOA, vfo=VFOA -> vfo_number=0
icom_get_mode_x26: vfo=VFOA, vfo_number=0
**2:frame.c(524):icom_transaction entered
icom_transaction: cmd=0x26, subcmd=0x00, payload_len=0
***3:frame.c(144):icom_one_transaction entered
write_block(): TX 7 bytes
0000    fe fe 94 e0 26 00 fd                                ....&..         
read_string_generic called, rxmax=200 direct=1, expected_len=1
0000    94                                                  .               
read_string_generic(): read failed, direct=1 - Resource temporarily unavailable
***3:frame.c(329):icom_one_transaction returning(-6) IO error

IO error
IO error
[RIGCTRL][2026-02-24 17:52:02.328084][00:00:43.375021][error] icom: Unsupported Icom mode 0xfe
[RIGCTRL][2026-02-24 17:52:02.335922][00:00:43.382865][error] read_string_generic(): read failed, direct=1 - Resource temporarily unavailable
[RIGCTRL][2026-02-24 17:52:02.336030][00:00:43.382967][warning] icom_transaction: retry=3: write_block(): TX 7 bytes
0000    fe fe 94 e0 1a 03 fd                                .......         
read_string_generic called, rxmax=200 direct=1, expected_len=1
read_string_generic(): RX 7 characters, direct=1
0000    fe e0 94 1c 00 00 fd                                .......         
icom_one_transaction: cmd x1a != buf x00 so retry read
read_string_generic called, rxmax=200 direct=1, expected_len=1
read_string_generic(): RX 7 characters, direct=1
0000    fe fe 94 e0 25 00 fd                                ....%..         
icom_one_transaction: cmd x1a != buf x25 so retry read
read_string_generic called, rxmax=200 direct=1, expected_len=1
read_string_generic(): RX 12 characters, direct=1
0000    fe fe e0 94 25 00 22 77 07 21 00 fd                 ....%."w.!..    
icom_one_transaction: cmd x1a != buf x25 so retry read
read_string_generic called, rxmax=200 direct=1, expected_len=1
read_string_generic(): read failed, direct=1 - Resource temporarily unavailable
***3:frame.c(206):icom_one_transaction returning(-6) IO error

IO error
IO error
[RIGCTRL][2026-02-24 17:52:02.461576][00:00:43.508514][warning] icom_transaction: retry=2: 0000    fe 94 00 fd                                         ....            
****4:icom.c(9235):icom_process_async_frame entered
from_bcd called
*****5:event.c(609):rig_fire_freq_event entered
Event: freq changed to 0 Hz on currVFO
rig_set_cache_freq(172):  vfo=currVFO, current_vfo=VFOA
*****5:event.c(643):rig_fire_freq_event returning(0) 
****4:icom.c(9308):icom_process_async_frame returning(0) 
read_string_generic called, rxmax=200 direct=1, expected_len=1
read_string_generic(): RX 6 characters, direct=1
0000    fe 94 e0 1a 03 fd                                   ......          
icom_one_transaction: cmd x1a != buf x03 so retry read
read_string_generic called, rxmax=200 direct=1, expected_len=1
read_string_generic(): RX 8 characters, direct=1
0000    fe fe e0 94 1a 03 09 fd                             ........        
icom_one_transaction: DEBUG retval=8, frm_len=7, cmd=0x1a
***3:frame.c(289):icom_one_transaction returning(-8) Protocol error

Protocol error
Protocol error
[RIGCTRL][2026-02-24 17:52:02.562839][00:00:43.609776][warning] icom_transaction: retry=1: 0000    fe 94 e0 1a 03 fd                                   ......          
icom_one_transaction: cmd x1a != buf x03 so retry read
read_string_generic called, rxmax=200 direct=1, expected_len=1
read_string_generic(): RX 8 characters, direct=1
0000    fe fe e0 94 1a 03 09 fd                             ........        
icom_one_transaction: DEBUG retval=8, frm_len=7, cmd=0x1a
***3:frame.c(289):icom_one_transaction returning(-8) Protocol error

Protocol error

***3:frame.c(144):icom_one_transaction entered
write_block(): TX 7 bytes
0000    fe fe 94 e0 1a 03 fd                                .......         
read_string_generic called, rxmax=200 direct=1, expected_len=1
read_string_generic(): RX 4 characters, direct=1
0000    94 0f 00 fd                                         ....            
***3:frame.c(206):icom_one_transaction returning(-8) Protocol error

Protocol error
Protocol error
[RIGCTRL][2026-02-24 17:53:41.614298][00:02:22.661239][error] read_string_generic(): read failed, direct=1 - Resource temporarily unavailable
[RIGCTRL][2026-02-24 17:53:41.614384][00:02:22.661321][warning] icom_transaction: retry=3: rig_lock: client lock disengaged
*1:rig_get_mode: elapsed=6ms
*1:rig.c(3191):rig_get_mode returning(0) 
*1:rig.c(3982):rig_get_ptt entered
rig_get_ptt: cache check age=1495ms
rig_get_ptt: cache miss age=1495ms
rig_lock: client lock engaged
*rig.c(4025) trace
**2:icom.c(5471):icom_get_ptt entered
***3:frame.c(524):icom_transaction entered
icom_transaction: cmd=0x1c, subcmd=0x00, payload_len=0
****4:frame.c(144):icom_one_transaction entered
write_block(): TX 7 bytes
0000    fe fe 94 e0 1c 00 fd                                .......         
read_string_generic called, rxmax=200 direct=1, expected_len=1
read_string_generic(): read failed, direct=1 - Resource temporarily unavailable
****4:frame.c(206):icom_one_transaction returning(-6) IO error

IO error
IO error
[RIGCTRL][2026-02-24 17:58:30.620066][00:07:11.667006][error] read_string_generic(): read failed, direct=1 - Resource temporarily unavailable
[RIGCTRL][2026-02-24 17:58:30.620163][00:07:11.667101][warning] icom_transaction: retry=3: ***3:frame.c(502):icom_one_transaction returning(0) 
**2:frame.c(555):icom_transaction returning(0) 
icom_get_mode_x26: mode_len=5, modebuf=26 00 01 01 01
icom_get_mode_without_data(2806): modebuf[0]=0x26, modebuf[1]=0x01, mode_len=1
icom2rig_mode: mode=0x01, pd=-1
icom_get_dsp_flt called, mode=USB
**2:frame.c(524):icom_transaction entered
icom_transaction: cmd=0x1a, subcmd=0x03, payload_len=0
***3:frame.c(144):icom_one_transaction entered
write_block(): TX 7 bytes
0000    fe fe 94 e0 1a 03 fd                                .......         
read_string_generic called, rxmax=200 direct=1, expected_len=1
read_string_generic(): RX 7 characters, direct=1
0000    fe fe 94 e0 1a 03 fd                                .......         
read_string_generic called, rxmax=200 direct=1, expected_len=1
read_string_generic(): read failed, direct=1 - Resource temporarily unavailable
***3:frame.c(329):icom_one_transaction returning(-6) IO error

IO error
IO error
[RIGCTRL][2026-02-24 17:58:38.120017][00:07:19.166959][error] read_string_generic(): read failed, direct=1 - Resource temporarily unavailable
[RIGCTRL][2026-02-24 17:58:38.120138][00:07:19.167075][warning] icom_transaction: retry=3: rig_lock: client lock disengaged
*1:rig_get_mode: elapsed=7ms
*1:rig.c(3191):rig_get_mode returning(0) 
*1:rig.c(3982):rig_get_ptt entered
rig_get_ptt: cache check age=1496ms
rig_get_ptt: cache miss age=1496ms
rig_lock: client lock engaged
*rig.c(4025) trace
**2:icom.c(5471):icom_get_ptt entered
***3:frame.c(524):icom_transaction entered
icom_transaction: cmd=0x1c, subcmd=0x00, payload_len=0
****4:frame.c(144):icom_one_transaction entered
write_block(): TX 7 bytes
0000    fe fe 94 e0 1c 00 fd                                .......         
read_string_generic called, rxmax=200 direct=1, expected_len=1
read_string_generic(): read failed, direct=1 - Resource temporarily unavailable
****4:frame.c(329):icom_one_transaction returning(-6) IO error

IO error
IO error
[RIGCTRL][2026-02-24 17:58:50.101581][00:07:31.148519][warning] icom_transaction: retry=3: rig_get_cache(527): vfo=VFOA, freq=21074776, mode=PKTUSB, width=2700
rig_get_freq(2618): freqMainA=21074776, modeMainA=PKTUSB, widthMainA=2700
rig_get_freq(2618): freqMainB=18336300, modeMainB=PKTUSB, widthMainB=3000
rig_get_freq: cache miss age=1497ms, cached_vfo=VFOA, asked_vfo=VFOA, use_cached_freq=0
rig_get_freq(2655): vfo_opt=0, model=3073
icom_get_freq called for VFOA, curr_vfo=VFOA
icom_get_freq: using vfo=VFOA
icom_get_vfo_number_x25x26(10077): current_vfo=VFOA, vfo=VFOA -> vfo_number=0
**2:frame.c(524):icom_transaction entered
icom_transaction: cmd=0x25, subcmd=0x00, payload_len=0
***3:frame.c(144):icom_one_transaction entered
write_block(): TX 7 bytes
0000    fe fe 94 e0 25 00 fd                                ....%..         
read_string_generic called, rxmax=200 direct=1, expected_len=1
read_string_generic(): RX 4 characters, direct=1
0000    e0 25 00 fd                                         .%..            
***3:frame.c(206):icom_one_transaction returning(-8) Protocol error

Protocol error
Protocol error
[RIGCTRL][2026-02-24 17:58:50.202741][00:07:31.249678][warning] icom_transaction: retry=2: ***3:frame.c(144):icom_one_transaction entered
write_block(): TX 7 bytes
0000    fe fe 94 e0 25 00 fd                                ....%..         
read_string_generic called, rxmax=200 direct=1, expected_len=1
read_string_generic(): RX 4 characters, direct=1
0000    e0 25 00 fd                                         .%..            
***3:frame.c(206):icom_one_transaction returning(-8) Protocol error

Protocol error

***3:frame.c(144):icom_one_transaction entered
write_block(): TX 7 bytes
0000    fe fe 94 e0 25 00 fd                                ....%..         
read_string_generic called, rxmax=200 direct=1, expected_len=1
read_string_generic(): RX 2 characters, direct=1
0000    00 fd                                               ..              
***3:frame.c(206):icom_one_transaction returning(-8) Protocol error

Protocol error
Protocol error
[RIGCTRL][2026-02-24 17:58:50.303891][00:07:31.350846][warning] icom_transaction: retry=1: ***3:frame.c(144):icom_one_transaction entered
write_block(): TX 7 bytes
0000    fe fe 94 e0 25 00 fd                                ....%..         
read_string_generic called, rxmax=200 direct=1, expected_len=1
read_string_generic(): RX 2 characters, direct=1
0000    00 fd                                               ..              
***3:frame.c(206):icom_one_transaction returning(-8) Protocol error

Protocol error

***3:frame.c(144):icom_one_transaction entered
write_block(): TX 7 bytes
0000    fe fe 94 e0 25 00 fd                                ....%..         
read_string_generic called, rxmax=200 direct=1, expected_len=1
read_string_generic(): RX 2 characters, direct=1
0000    00 fd                                               ..              
***3:frame.c(206):icom_one_transaction returning(-8) Protocol error

Protocol error
Protocol error
[RIGCTRL][2026-02-24 17:58:50.405108][00:07:31.452045][warning] icom_transaction: retry=0: ***3:frame.c(144):icom_one_transaction entered
write_block(): TX 7 bytes
0000    fe fe 94 e0 25 00 fd                                ....%..         
read_string_generic called, rxmax=200 direct=1, expected_len=1
read_string_generic(): RX 2 characters, direct=1
0000    00 fd                                               ..              
***3:frame.c(206):icom_one_transaction returning(-8) Protocol error

Protocol error

***3:frame.c(144):icom_one_transaction entered
write_block(): TX 7 bytes
0000    fe fe 94 e0 25 00 fd                                ....%..         
read_string_generic called, rxmax=200 direct=1, expected_len=1
read_string_generic(): RX 3 characters, direct=1
0000    25 00 fd                                            %..             
***3:frame.c(206):icom_one_transaction returning(-8) Protocol error

Protocol error
Protocol error
[RIGCTRL][2026-02-24 17:58:50.506298][00:07:31.553236][error] error: read_string_generic called, rxmax=200 direct=1, expected_len=1
read_string_generic(): RX 3 characters, direct=1
0000    25 00 fd                                            %..             
***3:frame.c(206):icom_one_transaction returning(-8) Protocol error

Protocol error

Protocol error

**2:frame.c(555):icom_transaction returning(-8) Protocol error

rig_get_freq(2674): freqMainA=21074776, modeMainA=PKTUSB, widthMainA=2700
rig_get_freq(2674): freqMainB=18336300, modeMainB=PKTUSB, widthMainB=3000
rig_set_cache_freq(172):  vfo=VFOA, current_vfo=VFOA
rig_get_band called
*1:rig_get_freq: elapsed=405ms
rig_lock: client lock disengaged
*1:rig.c(2791):rig_get_freq returning(-8) Protocol error

Protocol error
[SYSLOG][2026-02-24 17:58:50.513571][00:07:31.560509][error] handle_transceiver_failure: reason: Hamlib error: read_string_generic(): RX 3 characters, direct=1
0000    25 00 fd                                            %..             
***3:frame.c(206):icom_one_transaction returning(-8) Protocol error

Protocol error

Protocol error

**2:frame.c(555):icom_transaction returning(-8) Protocol error

rig_get_freq(2674): freqMainA=21074776, modeMainA=PKTUSB, widthMainA=2700
rig_get_freq(2674): freqMainB=18336300, modeMainB=PKTUSB, widthMainB=3000
rig_set_cache_freq(172):  vfo=VFOA, current_vfo=VFOA
rig_get_band called
*1:rig_get_freq: elapsed=405ms
rig_lock: client lock disengaged
*1:rig.c(2791):rig_get_freq returning(-8) Protocol error

Protocol error
Protocol error
 while getting current VFO frequency
[RIGCTRL][2026-02-24 17:58:50.943203][00:07:31.990140][warning] rig_get_vfo: no get_vfo
[RIGCTRL][2026-02-24 17:58:52.270008][00:07:33.316947][error] read_string_generic(): read failed, direct=1 - Resource temporarily unavailable
[RIGCTRL][2026-02-24 17:58:52.270071][00:07:33.317008][warning] icom_transaction: retry=3: rig_get_ptt: cache check age=525ms
rig_get_ptt: cache hit age=525ms
*1:rig_get_ptt: elapsed=0ms
*1:rig.c(3998):rig_get_ptt returning(0) 
*1:rig.c(6018):rig_get_split_vfo entered
rig_get_split_vfo: cache check age=1054ms
rig_get_split_vfo: cache miss age=1054ms
*rig.c(6065) trace
**2:icom.c(6856):icom_get_split_vfo entered
***3:frame.c(524):icom_transaction entered
icom_transaction: cmd=0x0f, subcmd=0xffffffff, payload_len=0
****4:frame.c(144):icom_one_transaction entered
write_block(): TX 6 bytes
0000    fe fe 94 e0 0f fd                                   ......          
read_string_generic called, rxmax=200 direct=1, expected_len=1
read_string_generic(): read failed, direct=1 - Resource temporarily unavailable
****4:frame.c(329):icom_one_transaction returning(-6) IO error

IO error
IO error
[RIGCTRL][2026-02-24 17:58:55.101230][00:07:36.148167][warning] icom_transaction: retry=3: rig_get_ptt: cache hit age=982ms
*1:rig_get_ptt: elapsed=0ms
*1:rig.c(3998):rig_get_ptt returning(0) 
*1:rig.c(6018):rig_get_split_vfo entered
rig_get_split_vfo: cache check age=1495ms
rig_get_split_vfo: cache miss age=1495ms
*rig.c(6065) trace
**2:icom.c(6856):icom_get_split_vfo entered
***3:frame.c(524):icom_transaction entered
icom_transaction: cmd=0x0f, subcmd=0xffffffff, payload_len=0
****4:frame.c(144):icom_one_transaction entered
write_block(): TX 6 bytes
0000    fe fe 94 e0 0f fd                                   ......          
read_string_generic called, rxmax=200 direct=1, expected_len=1
read_string_generic(): RX 6 characters, direct=1
0000    e0 94 1a 03 31 fd                                   ....1.          
****4:frame.c(329):icom_one_transaction returning(-8) Protocol error

Protocol error
Protocol error
[RIGCTRL][2026-02-24 17:58:55.202471][00:07:36.249408][warning] icom_transaction: retry=2: ****4:frame.c(144):icom_one_transaction entered
write_block(): TX 6 bytes
0000    fe fe 94 e0 0f fd                                   ......          
read_string_generic called, rxmax=200 direct=1, expected_len=1
read_string_generic(): RX 6 characters, direct=1
0000    e0 94 1a 03 31 fd                                   ....1.          
****4:frame.c(329):icom_one_transaction returning(-8) Protocol error

Protocol error

****4:frame.c(144):icom_one_transaction entered
write_block(): TX 6 bytes
0000    fe fe 94 e0 0f fd                                   ......          
read_string_generic called, rxmax=200 direct=1, expected_len=1
read_string_generic(): RX 4 characters, direct=1
0000    e0 1a 03 fd                                         ....            
****4:frame.c(329):icom_one_transaction returning(-8) Protocol error

Protocol error
Protocol error
[RIGCTRL][2026-02-24 17:58:55.303683][00:07:36.350620][warning] icom_transaction: retry=1: ****4:frame.c(144):icom_one_transaction entered
write_block(): TX 6 bytes
0000    fe fe 94 e0 0f fd                                   ......          
read_string_generic called, rxmax=200 direct=1, expected_len=1
read_string_generic(): RX 4 characters, direct=1
0000    e0 1a 03 fd                                         ....            
****4:frame.c(329):icom_one_transaction returning(-8) Protocol error

Protocol error

****4:frame.c(144):icom_one_transaction entered
write_block(): TX 6 bytes
0000    fe fe 94 e0 0f fd                                   ......          
read_string_generic called, rxmax=200 direct=1, expected_len=1
read_string_generic(): RX 3 characters, direct=1
0000    0f 00 fd                                            ...             
****4:frame.c(329):icom_one_transaction returning(-8) Protocol error

Protocol error
Protocol error
[RIGCTRL][2026-02-24 17:58:55.404929][00:07:36.451866][error] icom_get_split_vfo: wrong frame len=6
[RIGCTRL][2026-02-24 17:59:05.069642][00:07:46.116579][error] read_string_generic(): read failed, direct=1 - Resource temporarily unavailable
[RIGCTRL][2026-02-24 17:59:05.069741][00:07:46.116678][warning] icom_transaction: retry=3: icom_one_transaction: cmd x26 != buf x25 so retry read
read_string_generic called, rxmax=200 direct=1, expected_len=1
read_string_generic(): RX 6 characters, direct=1
0000    fe 94 e0 15 02 fd                                   ......          
icom_one_transaction: cmd x26 != buf x02 so retry read
read_string_generic called, rxmax=200 direct=1, expected_len=1
read_string_generic(): RX 9 characters, direct=1
0000    fe fe e0 94 15 02 00 00 fd                          .........       
icom_one_transaction: cmd x26 != buf x15 so retry read
read_string_generic called, rxmax=200 direct=1, expected_len=1
read_string_generic(): RX 12 characters, direct=1
0000    fe fe e0 94 25 00 26 40 07 21 00 fd                 ....%.&@.!..    
icom_one_transaction: cmd x26 != buf x25 so retry read
read_string_generic called, rxmax=200 direct=1, expected_len=1
0000    fe                                                  .               
read_string_generic(): read failed, direct=1 - Resource temporarily unavailable
***3:frame.c(206):icom_one_transaction returning(-6) IO error

IO error
IO error
[RIGCTRL][2026-02-24 17:59:05.280601][00:07:46.327538][warning] icom_transaction: retry=2: 0000    fe fe 94 e0 26 00 fd                                ....&..         
read_string_generic called, rxmax=200 direct=1, expected_len=1
read_string_generic(): RX 5 characters, direct=1
0000    fe e0 15 00 fd                                      .....           
icom_one_transaction: cmd x26 != buf xfd so retry read
read_string_generic called, rxmax=200 direct=1, expected_len=1
read_string_generic(): RX 5 characters, direct=1
0000    fe 94 e0 03 fd                                      .....           
icom_one_transaction: cmd x26 != buf xfd so retry read
read_string_generic called, rxmax=200 direct=1, expected_len=1
read_string_generic(): RX 11 characters, direct=1
0000    fe fe e0 94 03 26 40 07 21 00 fd                    .....&@.!..     
icom_one_transaction: cmd x26 != buf x03 so retry read
read_string_generic called, rxmax=200 direct=1, expected_len=1
read_string_generic(): RX 5 characters, direct=1
0000    94 e0 14 0c fd                                      .....           
***3:frame.c(206):icom_one_transaction returning(-8) Protocol error

Protocol error
Protocol error
[RIGCTRL][2026-02-24 17:59:05.381773][00:07:46.428710][warning] icom_transaction: retry=1: read_string_generic(): RX 11 characters, direct=1
0000    fe fe e0 94 03 26 40 07 21 00 fd                    .....&@.!..     
icom_one_transaction: cmd x26 != buf x03 so retry read
read_string_generic called, rxmax=200 direct=1, expected_len=1
read_string_generic(): RX 5 characters, direct=1
0000    94 e0 14 0c fd                                      .....           
***3:frame.c(206):icom_one_transaction returning(-8) Protocol error

Protocol error

***3:frame.c(144):icom_one_transaction entered
write_block(): TX 7 bytes
0000    fe fe 94 e0 26 00 fd                                ....&..         
read_string_generic called, rxmax=200 direct=1, expected_len=1
read_string_generic(): RX 10 characters, direct=1
0000    e0 94 25 00 26 40 07 21 00 fd                       ..%.&@.!..      
***3:frame.c(206):icom_one_transaction returning(-8) Protocol error

Protocol error
Protocol error
[RIGCTRL][2026-02-24 17:59:05.491567][00:07:46.538504][error] read_string_generic(): read failed, direct=1 - Resource temporarily unavailable
[RIGCTRL][2026-02-24 17:59:05.491612][00:07:46.538549][warning] icom_transaction: retry=0: ***3:frame.c(144):icom_one_transaction entered
write_block(): TX 7 bytes
0000    fe fe 94 e0 26 00 fd                                ....&..         
read_string_generic called, rxmax=200 direct=1, expected_len=1
read_string_generic(): RX 10 characters, direct=1
0000    e0 94 25 00 26 40 07 21 00 fd                       ..%.&@.!..      
***3:frame.c(206):icom_one_transaction returning(-8) Protocol error

Protocol error

***3:frame.c(144):icom_one_transaction entered
write_block(): TX 7 bytes
0000    fe fe 94 e0 26 00 fd                                ....&..         
read_string_generic called, rxmax=200 direct=1, expected_len=1
0000    fe                                                  .               
read_string_generic(): read failed, direct=1 - Resource temporarily unavailable
***3:frame.c(206):icom_one_transaction returning(-6) IO error

IO error
IO error
[RIGCTRL][2026-02-24 17:59:05.592560][00:07:46.639497][warning] icom_transaction: retry=3: *1:rig.c(3191):rig_get_mode returning(-6) IO error

*1:rig.c(3982):rig_get_ptt entered
rig_get_ptt: cache check age=2978ms
rig_get_ptt: cache miss age=2978ms
rig_lock: client lock engaged
*rig.c(4025) trace
**2:icom.c(5471):icom_get_ptt entered
***3:frame.c(524):icom_transaction entered
icom_transaction: cmd=0x1c, subcmd=0x00, payload_len=0
****4:frame.c(144):icom_one_transaction entered
write_block(): TX 7 bytes
0000    fe fe 94 e0 1c 00 fd                                .......         
read_string_generic called, rxmax=200 direct=1, expected_len=1
read_string_generic(): RX 5 characters, direct=1
0000    94 e0 25 00 fd                                      ..%..           
****4:frame.c(206):icom_one_transaction returning(-8) Protocol error

Protocol error
Protocol error
[RIGCTRL][2026-02-24 17:59:05.693780][00:07:46.740717][warning] icom_transaction: retry=2: ****4:frame.c(144):icom_one_transaction entered
write_block(): TX 7 bytes
0000    fe fe 94 e0 1c 00 fd                                .......         
read_string_generic called, rxmax=200 direct=1, expected_len=1
read_string_generic(): RX 5 characters, direct=1
0000    94 e0 25 00 fd                                      ..%..           
****4:frame.c(206):icom_one_transaction returning(-8) Protocol error

Protocol error

****4:frame.c(144):icom_one_transaction entered
write_block(): TX 7 bytes
0000    fe fe 94 e0 1c 00 fd                                .......         
read_string_generic called, rxmax=200 direct=1, expected_len=1
read_string_generic(): RX 2 characters, direct=1
0000    00 fd                                               ..              
****4:frame.c(206):icom_one_transaction returning(-8) Protocol error

Protocol error
Protocol error
[RIGCTRL][2026-02-24 17:59:05.794947][00:07:46.841884][warning] icom_transaction: retry=1: ****4:frame.c(144):icom_one_transaction entered
write_block(): TX 7 bytes
0000    fe fe 94 e0 1c 00 fd                                .......         
read_string_generic called, rxmax=200 direct=1, expected_len=1
read_string_generic(): RX 2 characters, direct=1
0000    00 fd                                               ..              
****4:frame.c(206):icom_one_transaction returning(-8) Protocol error

Protocol error

****4:frame.c(144):icom_one_transaction entered
write_block(): TX 7 bytes
0000    fe fe 94 e0 1c 00 fd                                .......         
read_string_generic called, rxmax=200 direct=1, expected_len=1
read_string_generic(): RX 6 characters, direct=1
0000    e0 94 1c 00 00 fd                                   ......          
****4:frame.c(206):icom_one_transaction returning(-8) Protocol error

Protocol error
Protocol error
[RIGCTRL][2026-02-24 17:59:05.904705][00:07:46.951643][error] read_string_generic(): read failed, direct=1 - Resource temporarily unavailable
[RIGCTRL][2026-02-24 17:59:05.904755][00:07:46.951692][warning] icom_transaction: retry=0: ****4:frame.c(144):icom_one_transaction entered
write_block(): TX 7 bytes
0000    fe fe 94 e0 1c 00 fd                                .......         
read_string_generic called, rxmax=200 direct=1, expected_len=1
read_string_generic(): RX 6 characters, direct=1
0000    e0 94 1c 00 00 fd                                   ......          
****4:frame.c(206):icom_one_transaction returning(-8) Protocol error

Protocol error

****4:frame.c(144):icom_one_transaction entered
write_block(): TX 7 bytes
0000    fe fe 94 e0 1c 00 fd                                .......         
read_string_generic called, rxmax=200 direct=1, expected_len=1
0000    fe fe                                               ..              
read_string_generic(): read failed, direct=1 - Resource temporarily unavailable
****4:frame.c(206):icom_one_transaction returning(-6) IO error

IO error
IO error
[RIGCTRL][2026-02-24 17:59:06.008330][00:07:47.055267][warning] icom_transaction: retry=3: 
IO error

IO error

***3:frame.c(555):icom_transaction returning(-6) IO error

***3:frame.c(524):icom_transaction entered
icom_transaction: cmd=0x1c, subcmd=0x00, payload_len=0
****4:frame.c(144):icom_one_transaction entered
write_block(): TX 7 bytes
0000    fe fe 94 e0 1c 00 fd                                .......         
read_string_generic called, rxmax=200 direct=1, expected_len=1
read_string_generic(): RX 8 characters, direct=1
0000    fe fe e0 94 1c 00 00 fd                             ........        
icom_one_transaction: DEBUG retval=8, frm_len=7, cmd=0x1c
****4:frame.c(289):icom_one_transaction returning(-8) Protocol error

Protocol error
Protocol error
[RIGCTRL][2026-02-24 17:59:06.109668][00:07:47.156605][warning] icom_transaction: retry=2: write_block(): TX 7 bytes
0000    fe fe 94 e0 1c 00 fd                                .......         
read_string_generic called, rxmax=200 direct=1, expected_len=1
read_string_generic(): RX 8 characters, direct=1
0000    fe fe e0 94 1c 00 00 fd                             ........        
icom_one_transaction: DEBUG retval=8, frm_len=7, cmd=0x1c
****4:frame.c(289):icom_one_transaction returning(-8) Protocol error

Protocol error

****4:frame.c(144):icom_one_transaction entered
write_block(): TX 7 bytes
0000    fe fe 94 e0 1c 00 fd                                .......         
read_string_generic called, rxmax=200 direct=1, expected_len=1
read_string_generic(): RX 1 characters, direct=1
0000    fd                                                  .               
****4:frame.c(206):icom_one_transaction returning(-8) Protocol error

Protocol error
Protocol error
[RIGCTRL][2026-02-24 17:59:06.210929][00:07:47.257867][warning] icom_transaction: retry=1: write_block(): TX 7 bytes
0000    fe fe 94 e0 1c 00 fd                                .......         
read_string_generic called, rxmax=200 direct=1, expected_len=1
read_string_generic(): RX 1 characters, direct=1
0000    fd                                                  .               
****4:frame.c(206):icom_one_transaction returning(-8) Protocol error

Protocol error

****4:frame.c(144):icom_one_transaction entered
write_block(): TX 7 bytes
0000    fe fe 94 e0 1c 00 fd                                .......         
read_string_generic called, rxmax=200 direct=1, expected_len=1
read_string_generic(): RX 8 characters, direct=1
0000    fe fe e0 94 1c 00 00 fd                             ........        
icom_one_transaction: DEBUG retval=8, frm_len=7, cmd=0x1c
****4:frame.c(289):icom_one_transaction returning(-8) Protocol error

Protocol error
Protocol error
[RIGCTRL][2026-02-24 17:59:06.312250][00:07:47.359187][warning] icom_transaction: retry=0: write_block(): TX 7 bytes
0000    fe fe 94 e0 1c 00 fd                                .......         
read_string_generic called, rxmax=200 direct=1, expected_len=1
read_string_generic(): RX 8 characters, direct=1
0000    fe fe e0 94 1c 00 00 fd                             ........        
icom_one_transaction: DEBUG retval=8, frm_len=7, cmd=0x1c
****4:frame.c(289):icom_one_transaction returning(-8) Protocol error

Protocol error

****4:frame.c(144):icom_one_transaction entered
write_block(): TX 7 bytes
0000    fe fe 94 e0 1c 00 fd                                .......         
read_string_generic called, rxmax=200 direct=1, expected_len=1
read_string_generic(): RX 2 characters, direct=1
0000    00 fd                                               ..              
****4:frame.c(206):icom_one_transaction returning(-8) Protocol error

Protocol error
Protocol error
[RIGCTRL][2026-02-24 17:59:06.413534][00:07:47.460471][warning] icom_transaction: retry=3: ****4:frame.c(206):icom_one_transaction returning(-8) Protocol error

Protocol error

Protocol error

***3:frame.c(555):icom_transaction returning(-8) Protocol error

***3:frame.c(524):icom_transaction entered
icom_transaction: cmd=0x1c, subcmd=0x00, payload_len=0
****4:frame.c(144):icom_one_transaction entered
write_block(): TX 7 bytes
0000    fe fe 94 e0 1c 00 fd                                .......         
read_string_generic called, rxmax=200 direct=1, expected_len=1
read_string_generic(): RX 5 characters, direct=1
0000    94 e0 1c 00 fd                                      .....           
****4:frame.c(206):icom_one_transaction returning(-8) Protocol error

Protocol error
Protocol error
[RIGCTRL][2026-02-24 17:59:06.514788][00:07:47.561725][warning] icom_transaction: retry=2: ****4:frame.c(144):icom_one_transaction entered
write_block(): TX 7 bytes
0000    fe fe 94 e0 1c 00 fd                                .......         
read_string_generic called, rxmax=200 direct=1, expected_len=1
read_string_generic(): RX 5 characters, direct=1
0000    94 e0 1c 00 fd                                      .....           
****4:frame.c(206):icom_one_transaction returning(-8) Protocol error

Protocol error

****4:frame.c(144):icom_one_transaction entered
write_block(): TX 7 bytes
0000    fe fe 94 e0 1c 00 fd                                .......         
read_string_generic called, rxmax=200 direct=1, expected_len=1
read_string_generic(): RX 8 characters, direct=1
0000    e0 94 26 00 01 01 01 fd                             ..&.....        
****4:frame.c(206):icom_one_transaction returning(-8) Protocol error

Protocol error
Protocol error
[RIGCTRL][2026-02-24 17:59:06.616060][00:07:47.662997][warning] icom_transaction: retry=1: ****4:frame.c(144):icom_one_transaction entered
write_block(): TX 7 bytes
0000    fe fe 94 e0 1c 00 fd                                .......         
read_string_generic called, rxmax=200 direct=1, expected_len=1
read_string_generic(): RX 8 characters, direct=1
0000    e0 94 26 00 01 01 01 fd                             ..&.....        
****4:frame.c(206):icom_one_transaction returning(-8) Protocol error

Protocol error

****4:frame.c(144):icom_one_transaction entered
write_block(): TX 7 bytes
0000    fe fe 94 e0 1c 00 fd                                .......         
read_string_generic called, rxmax=200 direct=1, expected_len=1
read_string_generic(): RX 5 characters, direct=1
0000    94 e0 1c 00 fd                                      .....           
****4:frame.c(206):icom_one_transaction returning(-8) Protocol error

Protocol error
Protocol error
[RIGCTRL][2026-02-24 17:59:06.724872][00:07:47.771811][error] read_string_generic(): read failed, direct=1 - Resource temporarily unavailable
[RIGCTRL][2026-02-24 17:59:06.724944][00:07:47.771881][warning] icom_transaction: retry=3: rig_get_cache(332):  vfo=VFOA, current_vfo=VFOA
rig_get_cache(527): vfo=VFOA, freq=21074026, mode=PKTUSB, width=2400
rig_get_freq(2618): freqMainA=21074026, modeMainA=PKTUSB, widthMainA=2400
rig_get_freq(2618): freqMainB=18336300, modeMainB=PKTUSB, widthMainB=2700
rig_get_freq: cache miss age=2616ms, cached_vfo=VFOA, asked_vfo=VFOA, use_cached_freq=0
rig_get_freq(2655): vfo_opt=0, model=3073
icom_get_freq called for VFOA, curr_vfo=VFOA
icom_get_freq: using vfo=VFOA
icom_get_vfo_number_x25x26(10077): current_vfo=VFOA, vfo=VFOA -> vfo_number=0
**2:frame.c(524):icom_transaction entered
icom_transaction: cmd=0x25, subcmd=0x00, payload_len=0
***3:frame.c(144):icom_one_transaction entered
write_block(): TX 7 bytes
0000    fe fe 94 e0 25 00 fd                                ....%..         
read_string_generic called, rxmax=200 direct=1, expected_len=1
read_string_generic(): read failed, direct=1 - Resource temporarily unavailable
***3:frame.c(329):icom_one_transaction returning(-6) IO error

IO error
IO error
[RIGCTRL][2026-02-24 17:59:06.868265][00:07:47.915202][warning] icom_transaction: retry=2: icom_transaction: cmd=0x25, subcmd=0x00, payload_len=0
***3:frame.c(144):icom_one_transaction entered
write_block(): TX 7 bytes
0000    fe fe 94 e0 25 00 fd                                ....%..         
read_string_generic called, rxmax=200 direct=1, expected_len=1
read_string_generic(): read failed, direct=1 - Resource temporarily unavailable
***3:frame.c(329):icom_one_transaction returning(-6) IO error

IO error

***3:frame.c(144):icom_one_transaction entered
write_block(): TX 7 bytes
0000    fe fe 94 e0 25 00 fd                                ....%..         
read_string_generic called, rxmax=200 direct=1, expected_len=1
read_string_generic(): RX 7 characters, direct=1
0000    26 07 00 fe 94 25 fd                                &....%.         
***3:frame.c(329):icom_one_transaction returning(-8) Protocol error

Protocol error
Protocol error
[RIGCTRL][2026-02-24 17:59:07.021967][00:07:48.068905][warning] icom_transaction: retry=1: ***3:frame.c(144):icom_one_transaction entered
write_block(): TX 7 bytes
0000    fe fe 94 e0 25 00 fd                                ....%..         
read_string_generic called, rxmax=200 direct=1, expected_len=1
read_string_generic(): RX 7 characters, direct=1
0000    26 07 00 fe 94 25 fd                                &....%.         
***3:frame.c(329):icom_one_transaction returning(-8) Protocol error

Protocol error

***3:frame.c(144):icom_one_transaction entered
write_block(): TX 7 bytes
0000    fe fe 94 e0 25 00 fd                                ....%..         
read_string_generic called, rxmax=200 direct=1, expected_len=1
read_string_generic(): RX 9 characters, direct=1
0000    03 fe e0 1a 31 fe 94 25 fd                          ....1..%.       
***3:frame.c(329):icom_one_transaction returning(-8) Protocol error

Protocol error
Protocol error
[RIGCTRL][2026-02-24 17:59:10.109856][00:07:51.156799][error] read_string_generic(): read failed, direct=1 - Resource temporarily unavailable
[RIGCTRL][2026-02-24 17:59:10.109978][00:07:51.156915][warning] icom_transaction: retry=3: rig_get_cache(332):  vfo=VFOA, current_vfo=VFOA
rig_get_cache(527): vfo=VFOA, freq=21074002, mode=PKTUSB, width=2700
rig_get_freq(2618): freqMainA=21074002, modeMainA=PKTUSB, widthMainA=2700
rig_get_freq(2618): freqMainB=18336300, modeMainB=PKTUSB, widthMainB=2700
rig_get_freq: cache miss age=1480ms, cached_vfo=VFOA, asked_vfo=VFOA, use_cached_freq=0
rig_get_freq(2655): vfo_opt=0, model=3073
icom_get_freq called for VFOA, curr_vfo=VFOA
icom_get_freq: using vfo=VFOA
icom_get_vfo_number_x25x26(10077): current_vfo=VFOA, vfo=VFOA -> vfo_number=0
**2:frame.c(524):icom_transaction entered
icom_transaction: cmd=0x25, subcmd=0x00, payload_len=0
***3:frame.c(144):icom_one_transaction entered
write_block(): TX 7 bytes
0000    fe fe 94 e0 25 00 fd                                ....%..         
read_string_generic called, rxmax=200 direct=1, expected_len=1
read_string_generic(): read failed, direct=1 - Resource temporarily unavailable
***3:frame.c(329):icom_one_transaction returning(-6) IO error

IO error
IO error
[RIGCTRL][2026-02-24 17:59:10.246252][00:07:51.293189][warning] icom_transaction: retry=2: icom_transaction: cmd=0x25, subcmd=0x00, payload_len=0
***3:frame.c(144):icom_one_transaction entered
write_block(): TX 7 bytes
0000    fe fe 94 e0 25 00 fd                                ....%..         
read_string_generic called, rxmax=200 direct=1, expected_len=1
read_string_generic(): read failed, direct=1 - Resource temporarily unavailable
***3:frame.c(329):icom_one_transaction returning(-6) IO error

IO error

***3:frame.c(144):icom_one_transaction entered
write_block(): TX 7 bytes
0000    fe fe 94 e0 25 00 fd                                ....%..         
read_string_generic called, rxmax=200 direct=1, expected_len=1
read_string_generic(): RX 6 characters, direct=1
0000    1a 31 fe 94 25 fd                                   .1..%.          
***3:frame.c(329):icom_one_transaction returning(-8) Protocol error

Protocol error
Protocol error
[RIGCTRL][2026-02-24 17:59:10.353476][00:07:51.400413][warning] icom_transaction: retry=1: ***3:frame.c(144):icom_one_transaction entered
write_block(): TX 7 bytes
0000    fe fe 94 e0 25 00 fd                                ....%..         
read_string_generic called, rxmax=200 direct=1, expected_len=1
read_string_generic(): RX 6 characters, direct=1
0000    1a 31 fe 94 25 fd                                   .1..%.          
***3:frame.c(329):icom_one_transaction returning(-8) Protocol error

Protocol error

***3:frame.c(144):icom_one_transaction entered
write_block(): TX 7 bytes
0000    fe fe 94 e0 25 00 fd                                ....%..         
read_string_generic called, rxmax=200 direct=1, expected_len=1
read_string_generic(): RX 1 characters, direct=1
0000    fd                                                  .               
***3:frame.c(329):icom_one_transaction returning(-8) Protocol error

Protocol error
Protocol error
[RIGCTRL][2026-02-24 17:59:10.484831][00:07:51.531768][warning] icom_transaction: retry=0: ***3:frame.c(144):icom_one_transaction entered
write_block(): TX 7 bytes
0000    fe fe 94 e0 25 00 fd                                ....%..         
read_string_generic called, rxmax=200 direct=1, expected_len=1
read_string_generic(): RX 1 characters, direct=1
0000    fd                                                  .               
***3:frame.c(329):icom_one_transaction returning(-8) Protocol error

Protocol error

***3:frame.c(144):icom_one_transaction entered
write_block(): TX 7 bytes
0000    fe fe 94 e0 25 00 fd                                ....%..         
read_string_generic called, rxmax=200 direct=1, expected_len=1
read_string_generic(): RX 5 characters, direct=1
0000    94 00 40 21 fd                                      ..@!.           
***3:frame.c(329):icom_one_transaction returning(-8) Protocol error

Protocol error
Protocol error
[RIGCTRL][2026-02-24 17:59:10.586003][00:07:51.632940][error] error: read_string_generic called, rxmax=200 direct=1, expected_len=1
read_string_generic(): RX 5 characters, direct=1
0000    94 00 40 21 fd                                      ..@!.           
***3:frame.c(329):icom_one_transaction returning(-8) Protocol error

Protocol error

Protocol error

**2:frame.c(555):icom_transaction returning(-8) Protocol error

rig_get_freq(2674): freqMainA=21074002, modeMainA=PKTUSB, widthMainA=2700
rig_get_freq(2674): freqMainB=18336300, modeMainB=PKTUSB, widthMainB=2700
rig_set_cache_freq(172):  vfo=VFOA, current_vfo=VFOA
rig_get_band called
*1:rig_get_freq: elapsed=485ms
rig_lock: client lock disengaged
*1:rig.c(2791):rig_get_freq returning(-8) Protocol error

Protocol error
[SYSLOG][2026-02-24 17:59:10.586161][00:07:51.633099][error] handle_transceiver_failure: reason: Hamlib error: read_string_generic(): RX 5 characters, direct=1
0000    94 00 40 21 fd                                      ..@!.           
***3:frame.c(329):icom_one_transaction returning(-8) Protocol error

Protocol error

Protocol error

**2:frame.c(555):icom_transaction returning(-8) Protocol error

rig_get_freq(2674): freqMainA=21074002, modeMainA=PKTUSB, widthMainA=2700
rig_get_freq(2674): freqMainB=18336300, modeMainB=PKTUSB, widthMainB=2700
rig_set_cache_freq(172):  vfo=VFOA, current_vfo=VFOA
rig_get_band called
*1:rig_get_freq: elapsed=485ms
rig_lock: client lock disengaged
*1:rig.c(2791):rig_get_freq returning(-8) Protocol error

Protocol error
Protocol error
 while getting current VFO frequency
[RIGCTRL][2026-02-24 17:59:10.586243][00:07:51.633180][warning] icom_transaction: retry=3: *1:rig.c(2791):rig_get_freq returning(-8) Protocol error

Protocol error
Protocol error
*1:rig.c(3636):rig_set_ptt entered
rig_lock: client lock engaged
*rig.c(3672) trace
**2:icom.c(5442):icom_set_ptt entered
***3:frame.c(524):icom_transaction entered
icom_transaction: cmd=0x1c, subcmd=0x00, payload_len=1
****4:frame.c(144):icom_one_transaction entered
write_block(): TX 8 bytes
0000    fe fe 94 e0 1c 00 00 fd                             ........        
read_string_generic called, rxmax=200 direct=1, expected_len=1
read_string_generic(): RX 2 characters, direct=1
0000    00 fd                                               ..              
****4:frame.c(329):icom_one_transaction returning(-8) Protocol error

Protocol error
Protocol error
[RIGCTRL][2026-04-29 12:54:40.030339][00:00:02.101595][warning] icom_transaction: retry=0: rig_get_freq: depth=3
rig_get_cache(332):  vfo=VFOA, current_vfo=currVFO
rig_get_cache(527): vfo=VFOA, freq=0, mode=, width=0
rig_get_freq(2618): freqMainA=0, modeMainA=, widthMainA=0
rig_get_freq(2618): freqMainB=0, modeMainB=, widthMainB=0
rig_get_freq: cache miss age=1000000ms, cached_vfo=VFOA, asked_vfo=VFOA, use_cached_freq=0
rig_get_freq(2655): vfo_opt=0, model=3073
icom_get_freq called for VFOA, curr_vfo=currVFO
****4:icom.c(825):icom_get_usb_echo_off entered
*****5:frame.c(524):icom_transaction entered
icom_transaction: cmd=0x03, subcmd=0xffffffff, payload_len=0
******6:frame.c(144):icom_one_transaction entered
write_block(): TX 6 bytes
0000    fe fe 94 e0 03 fd                                   ......          
read_string_generic called, rxmax=200 direct=1, expected_len=1
read_string_generic(): Timed out 0.500 seconds after 0 chars, direct=1
******6:frame.c(329):icom_one_transaction returning(-5) Communication timed out

Communication timed out
Communication timed out
[RIGCTRL][2026-04-29 12:54:40.632276][00:00:02.703531][warning] icom_transaction: retry=0: 
Communication timed out

*****5:frame.c(555):icom_transaction returning(-5) Communication timed out

****4:icom.c(833):icom_get_usb_echo_off returning(-5) Communication timed out

icom_get_freq: using vfo=VFOA
icom_get_vfo_number_x25x26(10198): current_vfo=currVFO, vfo=VFOA -> vfo_number=0
****4:frame.c(524):icom_transaction entered
icom_transaction: cmd=0x25, subcmd=0x00, payload_len=0
*****5:frame.c(144):icom_one_transaction entered
write_block(): TX 7 bytes
0000    fe fe 94 e0 25 00 fd                                ....%..         
read_string_generic called, rxmax=200 direct=1, expected_len=1
read_string_generic(): Timed out 0.500 seconds after 0 chars, direct=1
*****5:frame.c(329):icom_one_transaction returning(-5) Communication timed out

Communication timed out
Communication timed out
[RIGCTRL][2026-04-29 12:54:40.733448][00:00:02.804704][warning] icom_get_powerstat: get freq failed, assuming power is off
[RIGCTRL][2026-04-29 12:54:40.733490][00:00:02.804745][error] rig_open: Some rigs cannot get_powerstat while off
[RIGCTRL][2026-04-29 12:54:40.733496][00:00:02.804752][error] rig_open: Known rigs: K3, K3S
[RIGCTRL][2026-04-29 12:54:41.745689][00:00:03.816945][warning] icom_transaction: retry=0: 
*1:rig.c(6995):rig_get_powerstat returning(-5) Communication timed out

rig_open: Some rigs cannot get_powerstat while off
rig_open: Known rigs: K3, K3S
*1:icom.c(1158):icom_rig_open entered
icom_rig_open: IC-7300 v20250517.14
**2:icom.c(825):icom_get_usb_echo_off entered
***3:frame.c(524):icom_transaction entered
icom_transaction: cmd=0x03, subcmd=0xffffffff, payload_len=0
****4:frame.c(144):icom_one_transaction entered
write_block(): TX 6 bytes
0000    fe fe 94 e0 03 fd                                   ......          
read_string_generic called, rxmax=200 direct=1, expected_len=1
read_string_generic(1371): retrying read timeout 1/1 timeout=500
read_string_generic(): Timed out 1.012 seconds after 0 chars, direct=1
****4:frame.c(329):icom_one_transaction returning(-5) Communication timed out

Communication timed out
Communication timed out
[RIGCTRL][2026-04-29 12:54:41.846775][00:00:03.918030][error] icom_rig_open: Unable to determine Icom echo status -- is rig on and connected?
[RIGCTRL][2026-04-29 12:54:41.869342][00:00:03.940597][error] error: read_string_generic(1371): retrying read timeout 1/1 timeout=500
read_string_generic(): Timed out 1.012 seconds after 0 chars, direct=1
****4:frame.c(329):icom_one_transaction returning(-5) Communication timed out

Communication timed out

Communication timed out

***3:frame.c(555):icom_transaction returning(-5) Communication timed out

**2:icom.c(833):icom_get_usb_echo_off returning(-5) Communication timed out

icom_rig_open: echo status result=-5
icom_rig_open: Unable to determine Icom echo status -- is rig on and connected?
*1:icom.c(1193):icom_rig_open returning(-5) Communication timed out

ser_close: restoring options
rig.c(1559):rig_open returning2(-5) Communication timed out

Communication timed out
[RIGCTRL][2026-04-29 12:54:41.869553][00:00:03.940808][error] rig_set_ptt: rig or rig->caps is null
[RIGCTRL][2026-04-29 12:54:41.869562][00:00:03.940817][error] error: 
Communication timed out

Communication timed out

***3:frame.c(555):icom_transaction returning(-5) Communication timed out

**2:icom.c(833):icom_get_usb_echo_off returning(-5) Communication timed out

icom_rig_open: echo status result=-5
icom_rig_open: Unable to determine Icom echo status -- is rig on and connected?
*1:icom.c(1193):icom_rig_open returning(-5) Communication timed out

ser_close: restoring options
rig.c(1559):rig_open returning2(-5) Communication timed out

Communication timed out
Communication timed out
rig_set_ptt: rig or rig->caps is null
Invalid parameter
[SYSLOG][2026-04-29 12:54:41.869661][00:00:03.940917][error] handle_transceiver_failure: reason: Hamlib error: read_string_generic(): Timed out 1.012 seconds after 0 chars, direct=1
****4:frame.c(329):icom_one_transaction returning(-5) Communication timed out

Communication timed out

Communication timed out

***3:frame.c(555):icom_transaction returning(-5) Communication timed out

**2:icom.c(833):icom_get_usb_echo_off returning(-5) Communication timed out

icom_rig_open: echo status result=-5
icom_rig_open: Unable to determine Icom echo status -- is rig on and connected?
*1:icom.c(1193):icom_rig_open returning(-5) Communication timed out

ser_close: restoring options
rig.c(1559):rig_open returning2(-5) Communication timed out

Communication timed out
Communication timed out
 while opening connection to rig
[RIGCTRL][2026-04-29 12:54:42.558284][00:00:04.629540][warning] icom_transaction: retry=0: rig_get_freq: depth=3
rig_get_cache(332):  vfo=VFOA, current_vfo=currVFO
rig_get_cache(527): vfo=VFOA, freq=0, mode=, width=0
rig_get_freq(2618): freqMainA=0, modeMainA=, widthMainA=0
rig_get_freq(2618): freqMainB=0, modeMainB=, widthMainB=0
rig_get_freq: cache miss age=1000000ms, cached_vfo=VFOA, asked_vfo=VFOA, use_cached_freq=0
rig_get_freq(2655): vfo_opt=0, model=3073
icom_get_freq called for VFOA, curr_vfo=currVFO
****4:icom.c(825):icom_get_usb_echo_off entered
*****5:frame.c(524):icom_transaction entered
icom_transaction: cmd=0x03, subcmd=0xffffffff, payload_len=0
******6:frame.c(144):icom_one_transaction entered
write_block(): TX 6 bytes
0000    fe fe 94 e0 03 fd                                   ......          
read_string_generic called, rxmax=200 direct=1, expected_len=1
read_string_generic(): Timed out 0.500 seconds after 0 chars, direct=1
******6:frame.c(329):icom_one_transaction returning(-5) Communication timed out

Communication timed out
Communication timed out
[RIGCTRL][2026-04-29 12:54:43.160152][00:00:05.231407][warning] icom_transaction: retry=0: 
Communication timed out

*****5:frame.c(555):icom_transaction returning(-5) Communication timed out

****4:icom.c(833):icom_get_usb_echo_off returning(-5) Communication timed out

icom_get_freq: using vfo=VFOA
icom_get_vfo_number_x25x26(10198): current_vfo=currVFO, vfo=VFOA -> vfo_number=0
****4:frame.c(524):icom_transaction entered
icom_transaction: cmd=0x25, subcmd=0x00, payload_len=0
*****5:frame.c(144):icom_one_transaction entered
write_block(): TX 7 bytes
0000    fe fe 94 e0 25 00 fd                                ....%..         
read_string_generic called, rxmax=200 direct=1, expected_len=1
read_string_generic(): Timed out 0.500 seconds after 0 chars, direct=1
*****5:frame.c(329):icom_one_transaction returning(-5) Communication timed out

Communication timed out
Communication timed out
[RIGCTRL][2026-04-29 12:54:43.261346][00:00:05.332602][warning] icom_get_powerstat: get freq failed, assuming power is off
[RIGCTRL][2026-04-29 12:54:43.261402][00:00:05.332657][error] rig_open: Some rigs cannot get_powerstat while off
[RIGCTRL][2026-04-29 12:54:43.261410][00:00:05.332665][error] rig_open: Known rigs: K3, K3S
[RIGCTRL][2026-04-29 12:54:44.272745][00:00:06.344001][warning] icom_transaction: retry=0: 
*1:rig.c(6995):rig_get_powerstat returning(-5) Communication timed out

rig_open: Some rigs cannot get_powerstat while off
rig_open: Known rigs: K3, K3S
*1:icom.c(1158):icom_rig_open entered
icom_rig_open: IC-7300 v20250517.14
**2:icom.c(825):icom_get_usb_echo_off entered
***3:frame.c(524):icom_transaction entered
icom_transaction: cmd=0x03, subcmd=0xffffffff, payload_len=0
****4:frame.c(144):icom_one_transaction entered
write_block(): TX 6 bytes
0000    fe fe 94 e0 03 fd                                   ......          
read_string_generic called, rxmax=200 direct=1, expected_len=1
read_string_generic(1371): retrying read timeout 1/1 timeout=500
read_string_generic(): Timed out 1.011 seconds after 0 chars, direct=1
****4:frame.c(329):icom_one_transaction returning(-5) Communication timed out

Communication timed out
Communication timed out[RIGCTRL][2026-04-29 12:57:01.587402][00:00:03.036417][warning] icom_transaction: retry=0: rig_get_freq: depth=3
rig_get_cache(332):  vfo=VFOA, current_vfo=currVFO
rig_get_cache(527): vfo=VFOA, freq=0, mode=, width=0
rig_get_freq(2618): freqMainA=0, modeMainA=, widthMainA=0
rig_get_freq(2618): freqMainB=0, modeMainB=, widthMainB=0
rig_get_freq: cache miss age=1000000ms, cached_vfo=VFOA, asked_vfo=VFOA, use_cached_freq=0
rig_get_freq(2655): vfo_opt=0, model=3073
icom_get_freq called for VFOA, curr_vfo=currVFO
****4:icom.c(825):icom_get_usb_echo_off entered
*****5:frame.c(524):icom_transaction entered
icom_transaction: cmd=0x03, subcmd=0xffffffff, payload_len=0
******6:frame.c(144):icom_one_transaction entered
write_block(): TX 6 bytes
0000    fe fe 94 e0 03 fd                                   ......          
read_string_generic called, rxmax=200 direct=1, expected_len=1
read_string_generic(): Timed out 0.500 seconds after 0 chars, direct=1
******6:frame.c(329):icom_one_transaction returning(-5) Communication timed out

Communication timed out
Communication timed out
[RIGCTRL][2026-04-29 12:57:02.189168][00:00:03.638183][warning] icom_transaction: retry=0: 
Communication timed out

*****5:frame.c(555):icom_transaction returning(-5) Communication timed out

****4:icom.c(833):icom_get_usb_echo_off returning(-5) Communication timed out

icom_get_freq: using vfo=VFOA
icom_get_vfo_number_x25x26(10198): current_vfo=currVFO, vfo=VFOA -> vfo_number=0
****4:frame.c(524):icom_transaction entered
icom_transaction: cmd=0x25, subcmd=0x00, payload_len=0
*****5:frame.c(144):icom_one_transaction entered
write_block(): TX 7 bytes
0000    fe fe 94 e0 25 00 fd                                ....%..         
read_string_generic called, rxmax=200 direct=1, expected_len=1
read_string_generic(): Timed out 0.500 seconds after 0 chars, direct=1
*****5:frame.c(329):icom_one_transaction returning(-5) Communication timed out

Communication timed out
Communication timed out
[RIGCTRL][2026-04-29 12:57:02.290319][00:00:03.739334][warning] icom_get_powerstat: get freq failed, assuming power is off
[RIGCTRL][2026-04-29 12:57:02.290360][00:00:03.739375][error] rig_open: Some rigs cannot get_powerstat while off
[RIGCTRL][2026-04-29 12:57:02.290367][00:00:03.739382][error] rig_open: Known rigs: K3, K3S
[RIGCTRL][2026-04-29 12:57:03.302563][00:00:04.751578][warning] icom_transaction: retry=0: 
*1:rig.c(6995):rig_get_powerstat returning(-5) Communication timed out

rig_open: Some rigs cannot get_powerstat while off
rig_open: Known rigs: K3, K3S
*1:icom.c(1158):icom_rig_open entered
icom_rig_open: IC-7300 v20250517.14
**2:icom.c(825):icom_get_usb_echo_off entered
***3:frame.c(524):icom_transaction entered
icom_transaction: cmd=0x03, subcmd=0xffffffff, payload_len=0
****4:frame.c(144):icom_one_transaction entered
write_block(): TX 6 bytes
0000    fe fe 94 e0 03 fd                                   ......          
read_string_generic called, rxmax=200 direct=1, expected_len=1
read_string_generic(1371): retrying read timeout 1/1 timeout=500
read_string_generic(): Timed out 1.012 seconds after 0 chars, direct=1
****4:frame.c(329):icom_one_transaction returning(-5) Communication timed out

Communication timed out
Communication timed out
[RIGCTRL][2026-04-29 12:57:03.403170][00:00:04.852186][error] icom_rig_open: Unable to determine Icom echo status -- is rig on and connected?
[RIGCTRL][2026-04-29 12:57:03.425873][00:00:04.874888][error] error: read_string_generic(1371): retrying read timeout 1/1 timeout=500
read_string_generic(): Timed out 1.012 seconds after 0 chars, direct=1
****4:frame.c(329):icom_one_transaction returning(-5) Communication timed out

Communication timed out

Communication timed out

***3:frame.c(555):icom_transaction returning(-5) Communication timed out

**2:icom.c(833):icom_get_usb_echo_off returning(-5) Communication timed out

icom_rig_open: echo status result=-5
icom_rig_open: Unable to determine Icom echo status -- is rig on and connected?
*1:icom.c(1193):icom_rig_open returning(-5) Communication timed out

ser_close: restoring options
rig.c(1559):rig_open returning2(-5) Communication timed out

Communication timed out
[RIGCTRL][2026-04-29 12:57:03.426073][00:00:04.875088][error] rig_set_ptt: rig or rig->caps is null
[RIGCTRL][2026-04-29 12:57:03.426084][00:00:04.875099][error] error: 
Communication timed out

Communication timed out

***3:frame.c(555):icom_transaction returning(-5) Communication timed out

**2:icom.c(833):icom_get_usb_echo_off returning(-5) Communication timed out

icom_rig_open: echo status result=-5
icom_rig_open: Unable to determine Icom echo status -- is rig on and connected?
*1:icom.c(1193):icom_rig_open returning(-5) Communication timed out

ser_close: restoring options
rig.c(1559):rig_open returning2(-5) Communication timed out

Communication timed out
Communication timed out
rig_set_ptt: rig or rig->caps is null
Invalid parameter
[SYSLOG][2026-04-29 12:57:03.426133][00:00:04.875149][error] handle_transceiver_failure: reason: Hamlib error: read_string_generic(): Timed out 1.012 seconds after 0 chars, direct=1
****4:frame.c(329):icom_one_transaction returning(-5) Communication timed out

Communication timed out

Communication timed out

***3:frame.c(555):icom_transaction returning(-5) Communication timed out

**2:icom.c(833):icom_get_usb_echo_off returning(-5) Communication timed out

icom_rig_open: echo status result=-5
icom_rig_open: Unable to determine Icom echo status -- is rig on and connected?
*1:icom.c(1193):icom_rig_open returning(-5) Communication timed out

ser_close: restoring options
rig.c(1559):rig_open returning2(-5) Communication timed out

Communication timed out
Communication timed out
 while opening connection to rig
[RIGCTRL][2026-04-29 12:57:04.117759][00:00:05.566774][warning] icom_transaction: retry=0: rig_get_freq: depth=3
rig_get_cache(332):  vfo=VFOA, current_vfo=currVFO
rig_get_cache(527): vfo=VFOA, freq=0, mode=, width=0
rig_get_freq(2618): freqMainA=0, modeMainA=, widthMainA=0
rig_get_freq(2618): freqMainB=0, modeMainB=, widthMainB=0
rig_get_freq: cache miss age=1000000ms, cached_vfo=VFOA, asked_vfo=VFOA, use_cached_freq=0
rig_get_freq(2655): vfo_opt=0, model=3073
icom_get_freq called for VFOA, curr_vfo=currVFO
****4:icom.c(825):icom_get_usb_echo_off entered
*****5:frame.c(524):icom_transaction entered
icom_transaction: cmd=0x03, subcmd=0xffffffff, payload_len=0
******6:frame.c(144):icom_one_transaction entered
write_block(): TX 6 bytes
0000    fe fe 94 e0 03 fd                                   ......          
read_string_generic called, rxmax=200 direct=1, expected_len=1
read_string_generic(): Timed out 0.500 seconds after 0 chars, direct=1
******6:frame.c(329):icom_one_transaction returning(-5) Communication timed out

Communication timed out
Communication timed out
[RIGCTRL][2026-04-29 12:57:04.719635][00:00:06.168651][warning] icom_transaction: retry=0: 
Communication timed out

*****5:frame.c(555):icom_transaction returning(-5) Communication timed out

****4:icom.c(833):icom_get_usb_echo_off returning(-5) Communication timed out

icom_get_freq: using vfo=VFOA
icom_get_vfo_number_x25x26(10198): current_vfo=currVFO, vfo=VFOA -> vfo_number=0
****4:frame.c(524):icom_transaction entered
icom_transaction: cmd=0x25, subcmd=0x00, payload_len=0
*****5:frame.c(144):icom_one_transaction entered
write_block(): TX 7 bytes
0000    fe fe 94 e0 25 00 fd                                ....%..         
read_string_generic called, rxmax=200 direct=1, expected_len=1
read_string_generic(): Timed out 0.500 seconds after 0 chars, direct=1
*****5:frame.c(329):icom_one_transaction returning(-5) Communication timed out

Communication timed out
Communication timed out
[RIGCTRL][2026-04-29 12:57:04.820063][00:00:06.269078][warning] icom_get_powerstat: get freq failed, assuming power is off
[RIGCTRL][2026-04-29 12:57:04.820130][00:00:06.269145][error] rig_open: Some rigs cannot get_powerstat while off
[RIGCTRL][2026-04-29 12:57:04.820138][00:00:06.269153][error] rig_open: Known rigs: K3, K3S
[RIGCTRL][2026-04-29 12:57:05.832412][00:00:07.281427][warning] icom_transaction: retry=0: 
*1:rig.c(6995):rig_get_powerstat returning(-5) Communication timed out

rig_open: Some rigs cannot get_powerstat while off
rig_open: Known rigs: K3, K3S
*1:icom.c(1158):icom_rig_open entered
icom_rig_open: IC-7300 v20250517.14
**2:icom.c(825):icom_get_usb_echo_off entered
***3:frame.c(524):icom_transaction entered
icom_transaction: cmd=0x03, subcmd=0xffffffff, payload_len=0
****4:frame.c(144):icom_one_transaction entered
write_block(): TX 6 bytes
0000    fe fe 94 e0 03 fd                                   ......          
read_string_generic called, rxmax=200 direct=1, expected_len=1
read_string_generic(1371): retrying read timeout 1/1 timeout=500
read_string_generic(): Timed out 1.012 seconds after 0 chars, direct=1
****4:frame.c(329):icom_one_transaction returning(-5) Communication timed out

Communication timed out
Communication timed out[RIGCTRL][2026-04-29 12:59:09.773108][00:00:03.087040][warning] icom_transaction: retry=0: rig_get_freq: depth=3
rig_get_cache(332):  vfo=VFOA, current_vfo=currVFO
rig_get_cache(527): vfo=VFOA, freq=0, mode=, width=0
rig_get_freq(2618): freqMainA=0, modeMainA=, widthMainA=0
rig_get_freq(2618): freqMainB=0, modeMainB=, widthMainB=0
rig_get_freq: cache miss age=1000000ms, cached_vfo=VFOA, asked_vfo=VFOA, use_cached_freq=0
rig_get_freq(2655): vfo_opt=0, model=3073
icom_get_freq called for VFOA, curr_vfo=currVFO
****4:icom.c(825):icom_get_usb_echo_off entered
*****5:frame.c(524):icom_transaction entered
icom_transaction: cmd=0x03, subcmd=0xffffffff, payload_len=0
******6:frame.c(144):icom_one_transaction entered
write_block(): TX 6 bytes
0000    fe fe 94 e0 03 fd                                   ......          
read_string_generic called, rxmax=200 direct=1, expected_len=1
read_string_generic(): Timed out 0.500 seconds after 0 chars, direct=1
******6:frame.c(329):icom_one_transaction returning(-5) Communication timed out

Communication timed out
Communication timed out
[RIGCTRL][2026-04-29 12:59:10.375091][00:00:03.689023][warning] icom_transaction: retry=0: 
Communication timed out

*****5:frame.c(555):icom_transaction returning(-5) Communication timed out

****4:icom.c(833):icom_get_usb_echo_off returning(-5) Communication timed out

icom_get_freq: using vfo=VFOA
icom_get_vfo_number_x25x26(10198): current_vfo=currVFO, vfo=VFOA -> vfo_number=0
****4:frame.c(524):icom_transaction entered
icom_transaction: cmd=0x25, subcmd=0x00, payload_len=0
*****5:frame.c(144):icom_one_transaction entered
write_block(): TX 7 bytes
0000    fe fe 94 e0 25 00 fd                                ....%..         
read_string_generic called, rxmax=200 direct=1, expected_len=1
read_string_generic(): Timed out 0.500 seconds after 0 chars, direct=1
*****5:frame.c(329):icom_one_transaction returning(-5) Communication timed out

Communication timed out
Communication timed out
[RIGCTRL][2026-04-29 12:59:10.476277][00:00:03.790210][warning] icom_get_powerstat: get freq failed, assuming power is off
[RIGCTRL][2026-04-29 12:59:10.476321][00:00:03.790253][error] rig_open: Some rigs cannot get_powerstat while off
[RIGCTRL][2026-04-29 12:59:10.476328][00:00:03.790260][error] rig_open: Known rigs: K3, K3S
[RIGCTRL][2026-04-29 12:59:11.489357][00:00:04.803289][warning] icom_transaction: retry=0: 
*1:rig.c(6995):rig_get_powerstat returning(-5) Communication timed out

rig_open: Some rigs cannot get_powerstat while off
rig_open: Known rigs: K3, K3S
*1:icom.c(1158):icom_rig_open entered
icom_rig_open: IC-7300 v20250517.14
**2:icom.c(825):icom_get_usb_echo_off entered
***3:frame.c(524):icom_transaction entered
icom_transaction: cmd=0x03, subcmd=0xffffffff, payload_len=0
****4:frame.c(144):icom_one_transaction entered
write_block(): TX 6 bytes
0000    fe fe 94 e0 03 fd                                   ......          
read_string_generic called, rxmax=200 direct=1, expected_len=1
read_string_generic(1371): retrying read timeout 1/1 timeout=500
read_string_generic(): Timed out 1.012 seconds after 0 chars, direct=1
****4:frame.c(329):icom_one_transaction returning(-5) Communication timed out

Communication timed out
Communication timed out
[RIGCTRL][2026-04-29 12:59:11.590475][00:00:04.904407][error] icom_rig_open: Unable to determine Icom echo status -- is rig on and connected?
[RIGCTRL][2026-04-29 12:59:11.612709][00:00:04.926641][error] error: read_string_generic(1371): retrying read timeout 1/1 timeout=500
read_string_generic(): Timed out 1.012 seconds after 0 chars, direct=1
****4:frame.c(329):icom_one_transaction returning(-5) Communication timed out

Communication timed out

Communication timed out

***3:frame.c(555):icom_transaction returning(-5) Communication timed out

**2:icom.c(833):icom_get_usb_echo_off returning(-5) Communication timed out

icom_rig_open: echo status result=-5
icom_rig_open: Unable to determine Icom echo status -- is rig on and connected?
*1:icom.c(1193):icom_rig_open returning(-5) Communication timed out

ser_close: restoring options
rig.c(1559):rig_open returning2(-5) Communication timed out

Communication timed out
[RIGCTRL][2026-04-29 12:59:11.612908][00:00:04.926840][error] rig_set_ptt: rig or rig->caps is null
[RIGCTRL][2026-04-29 12:59:11.612917][00:00:04.926850][error] error: 
Communication timed out

Communication timed out

***3:frame.c(555):icom_transaction returning(-5) Communication timed out

**2:icom.c(833):icom_get_usb_echo_off returning(-5) Communication timed out

icom_rig_open: echo status result=-5
icom_rig_open: Unable to determine Icom echo status -- is rig on and connected?
*1:icom.c(1193):icom_rig_open returning(-5) Communication timed out

ser_close: restoring options
rig.c(1559):rig_open returning2(-5) Communication timed out

Communication timed out
Communication timed out
rig_set_ptt: rig or rig->caps is null
Invalid parameter
[SYSLOG][2026-04-29 12:59:11.612940][00:00:04.926873][error] handle_transceiver_failure: reason: Hamlib error: read_string_generic(): Timed out 1.012 seconds after 0 chars, direct=1
****4:frame.c(329):icom_one_transaction returning(-5) Communication timed out

Communication timed out

Communication timed out

***3:frame.c(555):icom_transaction returning(-5) Communication timed out

**2:icom.c(833):icom_get_usb_echo_off returning(-5) Communication timed out

icom_rig_open: echo status result=-5
icom_rig_open: Unable to determine Icom echo status -- is rig on and connected?
*1:icom.c(1193):icom_rig_open returning(-5) Communication timed out

ser_close: restoring options
rig.c(1559):rig_open returning2(-5) Communication timed out

Communication timed out
Communication timed out
 while opening connection to rig
[RIGCTRL][2026-04-29 12:59:12.302553][00:00:05.616485][warning] icom_transaction: retry=0: rig_get_freq: depth=3
rig_get_cache(332):  vfo=VFOA, current_vfo=currVFO
rig_get_cache(527): vfo=VFOA, freq=0, mode=, width=0
rig_get_freq(2618): freqMainA=0, modeMainA=, widthMainA=0
rig_get_freq(2618): freqMainB=0, modeMainB=, widthMainB=0
rig_get_freq: cache miss age=1000000ms, cached_vfo=VFOA, asked_vfo=VFOA, use_cached_freq=0
rig_get_freq(2655): vfo_opt=0, model=3073
icom_get_freq called for VFOA, curr_vfo=currVFO
****4:icom.c(825):icom_get_usb_echo_off entered
*****5:frame.c(524):icom_transaction entered
icom_transaction: cmd=0x03, subcmd=0xffffffff, payload_len=0
******6:frame.c(144):icom_one_transaction entered
write_block(): TX 6 bytes
0000    fe fe 94 e0 03 fd                                   ......          
read_string_generic called, rxmax=200 direct=1, expected_len=1
read_string_generic(): Timed out 0.500 seconds after 0 chars, direct=1
******6:frame.c(329):icom_one_transaction returning(-5) Communication timed out

Communication timed out
Communication timed out
[RIGCTRL][2026-04-29 12:59:12.904314][00:00:06.218246][warning] icom_transaction: retry=0: 
Communication timed out

*****5:frame.c(555):icom_transaction returning(-5) Communication timed out

****4:icom.c(833):icom_get_usb_echo_off returning(-5) Communication timed out

icom_get_freq: using vfo=VFOA
icom_get_vfo_number_x25x26(10198): current_vfo=currVFO, vfo=VFOA -> vfo_number=0
****4:frame.c(524):icom_transaction entered
icom_transaction: cmd=0x25, subcmd=0x00, payload_len=0
*****5:frame.c(144):icom_one_transaction entered
write_block(): TX 7 bytes
0000    fe fe 94 e0 25 00 fd                                ....%..         
read_string_generic called, rxmax=200 direct=1, expected_len=1
read_string_generic(): Timed out 0.500 seconds after 0 chars, direct=1
*****5:frame.c(329):icom_one_transaction returning(-5) Communication timed out

Communication timed out
Communication timed out
[RIGCTRL][2026-04-29 12:59:13.005473][00:00:06.319405][warning] icom_get_powerstat: get freq failed, assuming power is off
[RIGCTRL][2026-04-29 12:59:13.005516][00:00:06.319448][error] rig_open: Some rigs cannot get_powerstat while off
[RIGCTRL][2026-04-29 12:59:13.005524][00:00:06.319456][error] rig_open: Known rigs: K3, K3S
[RIGCTRL][2026-04-29 12:59:14.017719][00:00:07.331651][warning] icom_transaction: retry=0: 
*1:rig.c(6995):rig_get_powerstat returning(-5) Communication timed out

rig_open: Some rigs cannot get_powerstat while off
rig_open: Known rigs: K3, K3S
*1:icom.c(1158):icom_rig_open entered
icom_rig_open: IC-7300 v20250517.14
**2:icom.c(825):icom_get_usb_echo_off entered
***3:frame.c(524):icom_transaction entered
icom_transaction: cmd=0x03, subcmd=0xffffffff, payload_len=0
****4:frame.c(144):icom_one_transaction entered
write_block(): TX 6 bytes
0000    fe fe 94 e0 03 fd                                   ......          
read_string_generic called, rxmax=200 direct=1, expected_len=1
read_string_generic(1371): retrying read timeout 1/1 timeout=500
read_string_generic(): Timed out 1.012 seconds after 0 chars, direct=1
****4:frame.c(329):icom_one_transaction returning(-5) Communication timed out

Communication timed out
Communication timed out[RIGCTRL][2026-04-29 13:13:53.974111][00:00:02.110454][warning] icom_transaction: retry=0: rig_get_freq: depth=3
rig_get_cache(332):  vfo=VFOA, current_vfo=currVFO
rig_get_cache(527): vfo=VFOA, freq=0, mode=, width=0
rig_get_freq(2618): freqMainA=0, modeMainA=, widthMainA=0
rig_get_freq(2618): freqMainB=0, modeMainB=, widthMainB=0
rig_get_freq: cache miss age=1000000ms, cached_vfo=VFOA, asked_vfo=VFOA, use_cached_freq=0
rig_get_freq(2655): vfo_opt=0, model=3073
icom_get_freq called for VFOA, curr_vfo=currVFO
****4:icom.c(825):icom_get_usb_echo_off entered
*****5:frame.c(524):icom_transaction entered
icom_transaction: cmd=0x03, subcmd=0xffffffff, payload_len=0
******6:frame.c(144):icom_one_transaction entered
write_block(): TX 6 bytes
0000    fe fe 94 e0 03 fd                                   ......          
read_string_generic called, rxmax=200 direct=1, expected_len=1
read_string_generic(): Timed out 0.500 seconds after 0 chars, direct=1
******6:frame.c(329):icom_one_transaction returning(-5) Communication timed out

Communication timed out
Communication timed out
[RIGCTRL][2026-04-29 13:13:54.575182][00:00:02.711525][warning] icom_transaction: retry=0: 
Communication timed out

*****5:frame.c(555):icom_transaction returning(-5) Communication timed out

****4:icom.c(833):icom_get_usb_echo_off returning(-5) Communication timed out

icom_get_freq: using vfo=VFOA
icom_get_vfo_number_x25x26(10198): current_vfo=currVFO, vfo=VFOA -> vfo_number=0
****4:frame.c(524):icom_transaction entered
icom_transaction: cmd=0x25, subcmd=0x00, payload_len=0
*****5:frame.c(144):icom_one_transaction entered
write_block(): TX 7 bytes
0000    fe fe 94 e0 25 00 fd                                ....%..         
read_string_generic called, rxmax=200 direct=1, expected_len=1
read_string_generic(): Timed out 0.500 seconds after 0 chars, direct=1
*****5:frame.c(329):icom_one_transaction returning(-5) Communication timed out

Communication timed out
Communication timed out
[RIGCTRL][2026-04-29 13:13:54.676338][00:00:02.812680][warning] icom_get_powerstat: get freq failed, assuming power is off
[RIGCTRL][2026-04-29 13:13:54.676381][00:00:02.812723][error] rig_open: Some rigs cannot get_powerstat while off
[RIGCTRL][2026-04-29 13:13:54.676388][00:00:02.812731][error] rig_open: Known rigs: K3, K3S
[RIGCTRL][2026-04-29 13:13:55.688568][00:00:03.824911][warning] icom_transaction: retry=0: 
*1:rig.c(6995):rig_get_powerstat returning(-5) Communication timed out

rig_open: Some rigs cannot get_powerstat while off
rig_open: Known rigs: K3, K3S
*1:icom.c(1158):icom_rig_open entered
icom_rig_open: IC-7300 v20250517.14
**2:icom.c(825):icom_get_usb_echo_off entered
***3:frame.c(524):icom_transaction entered
icom_transaction: cmd=0x03, subcmd=0xffffffff, payload_len=0
****4:frame.c(144):icom_one_transaction entered
write_block(): TX 6 bytes
0000    fe fe 94 e0 03 fd                                   ......          
read_string_generic called, rxmax=200 direct=1, expected_len=1
read_string_generic(1371): retrying read timeout 1/1 timeout=500
read_string_generic(): Timed out 1.012 seconds after 0 chars, direct=1
****4:frame.c(329):icom_one_transaction returning(-5) Communication timed out

Communication timed out
Communication timed out
[RIGCTRL][2026-04-29 13:13:55.789698][00:00:03.926040][error] icom_rig_open: Unable to determine Icom echo status -- is rig on and connected?
[RIGCTRL][2026-04-29 13:13:55.813172][00:00:03.949515][error] error: read_string_generic(1371): retrying read timeout 1/1 timeout=500
read_string_generic(): Timed out 1.012 seconds after 0 chars, direct=1
****4:frame.c(329):icom_one_transaction returning(-5) Communication timed out

Communication timed out

Communication timed out

***3:frame.c(555):icom_transaction returning(-5) Communication timed out

**2:icom.c(833):icom_get_usb_echo_off returning(-5) Communication timed out

icom_rig_open: echo status result=-5
icom_rig_open: Unable to determine Icom echo status -- is rig on and connected?
*1:icom.c(1193):icom_rig_open returning(-5) Communication timed out

ser_close: restoring options
rig.c(1559):rig_open returning2(-5) Communication timed out

Communication timed out
[RIGCTRL][2026-04-29 13:13:55.815019][00:00:03.951361][error] rig_set_ptt: rig or rig->caps is null
[RIGCTRL][2026-04-29 13:13:55.815044][00:00:03.951387][error] error: 
Communication timed out

Communication timed out

***3:frame.c(555):icom_transaction returning(-5) Communication timed out

**2:icom.c(833):icom_get_usb_echo_off returning(-5) Communication timed out

icom_rig_open: echo status result=-5
icom_rig_open: Unable to determine Icom echo status -- is rig on and connected?
*1:icom.c(1193):icom_rig_open returning(-5) Communication timed out

ser_close: restoring options
rig.c(1559):rig_open returning2(-5) Communication timed out

Communication timed out
Communication timed out
rig_set_ptt: rig or rig->caps is null
Invalid parameter
[SYSLOG][2026-04-29 13:13:55.815052][00:00:03.951401][error] handle_transceiver_failure: reason: Hamlib error: read_string_generic(): Timed out 1.012 seconds after 0 chars, direct=1
****4:frame.c(329):icom_one_transaction returning(-5) Communication timed out

Communication timed out

Communication timed out

***3:frame.c(555):icom_transaction returning(-5) Communication timed out

**2:icom.c(833):icom_get_usb_echo_off returning(-5) Communication timed out

icom_rig_open: echo status result=-5
icom_rig_open: Unable to determine Icom echo status -- is rig on and connected?
*1:icom.c(1193):icom_rig_open returning(-5) Communication timed out

ser_close: restoring options
rig.c(1559):rig_open returning2(-5) Communication timed out

Communication timed out
Communication timed out
 while opening connection to rig
[RIGCTRL][2026-04-29 13:13:56.502987][00:00:04.639329][warning] icom_transaction: retry=0: rig_get_freq: depth=3
rig_get_cache(332):  vfo=VFOA, current_vfo=currVFO
rig_get_cache(527): vfo=VFOA, freq=0, mode=, width=0
rig_get_freq(2618): freqMainA=0, modeMainA=, widthMainA=0
rig_get_freq(2618): freqMainB=0, modeMainB=, widthMainB=0
rig_get_freq: cache miss age=1000000ms, cached_vfo=VFOA, asked_vfo=VFOA, use_cached_freq=0
rig_get_freq(2655): vfo_opt=0, model=3073
icom_get_freq called for VFOA, curr_vfo=currVFO
****4:icom.c(825):icom_get_usb_echo_off entered
*****5:frame.c(524):icom_transaction entered
icom_transaction: cmd=0x03, subcmd=0xffffffff, payload_len=0
******6:frame.c(144):icom_one_transaction entered
write_block(): TX 6 bytes
0000    fe fe 94 e0 03 fd                                   ......          
read_string_generic called, rxmax=200 direct=1, expected_len=1
read_string_generic(): Timed out 0.500 seconds after 0 chars, direct=1
******6:frame.c(329):icom_one_transaction returning(-5) Communication timed out

Communication timed out
Communication timed out
[RIGCTRL][2026-04-29 13:13:57.104757][00:00:05.241099][warning] icom_transaction: retry=0: 
Communication timed out

*****5:frame.c(555):icom_transaction returning(-5) Communication timed out

****4:icom.c(833):icom_get_usb_echo_off returning(-5) Communication timed out

icom_get_freq: using vfo=VFOA
icom_get_vfo_number_x25x26(10198): current_vfo=currVFO, vfo=VFOA -> vfo_number=0
****4:frame.c(524):icom_transaction entered
icom_transaction: cmd=0x25, subcmd=0x00, payload_len=0
*****5:frame.c(144):icom_one_transaction entered
write_block(): TX 7 bytes
0000    fe fe 94 e0 25 00 fd                                ....%..         
read_string_generic called, rxmax=200 direct=1, expected_len=1
read_string_generic(): Timed out 0.500 seconds after 0 chars, direct=1
*****5:frame.c(329):icom_one_transaction returning(-5) Communication timed out

Communication timed out
Communication timed out
[RIGCTRL][2026-04-29 13:13:57.205916][00:00:05.342258][warning] icom_get_powerstat: get freq failed, assuming power is off
[RIGCTRL][2026-04-29 13:13:57.205959][00:00:05.342302][error] rig_open: Some rigs cannot get_powerstat while off
[RIGCTRL][2026-04-29 13:13:57.205965][00:00:05.342307][error] rig_open: Known rigs: K3, K3S
[RIGCTRL][2026-04-29 13:13:58.217495][00:00:06.353838][warning] icom_transaction: retry=0: 
*1:rig.c(6995):rig_get_powerstat returning(-5) Communication timed out

rig_open: Some rigs cannot get_powerstat while off
rig_open: Known rigs: K3, K3S
*1:icom.c(1158):icom_rig_open entered
icom_rig_open: IC-7300 v20250517.14
**2:icom.c(825):icom_get_usb_echo_off entered
***3:frame.c(524):icom_transaction entered
icom_transaction: cmd=0x03, subcmd=0xffffffff, payload_len=0
****4:frame.c(144):icom_one_transaction entered
write_block(): TX 6 bytes
0000    fe fe 94 e0 03 fd                                   ......          
read_string_generic called, rxmax=200 direct=1, expected_len=1
read_string_generic(1371): retrying read timeout 1/1 timeout=500
read_string_generic(): Timed out 1.011 seconds after 0 chars, direct=1
****4:frame.c(329):icom_one_transaction returning(-5) Communication timed out

Communication timed out
Communication timed out[RIGCTRL][2026-04-29 14:51:22.897680][00:00:02.022084][warning] icom_transaction: retry=0: rig_get_freq: depth=3
rig_get_cache(332):  vfo=VFOA, current_vfo=currVFO
rig_get_cache(527): vfo=VFOA, freq=0, mode=, width=0
rig_get_freq(2618): freqMainA=0, modeMainA=, widthMainA=0
rig_get_freq(2618): freqMainB=0, modeMainB=, widthMainB=0
rig_get_freq: cache miss age=1000000ms, cached_vfo=VFOA, asked_vfo=VFOA, use_cached_freq=0
rig_get_freq(2655): vfo_opt=0, model=3073
icom_get_freq called for VFOA, curr_vfo=currVFO
****4:icom.c(825):icom_get_usb_echo_off entered
*****5:frame.c(524):icom_transaction entered
icom_transaction: cmd=0x03, subcmd=0xffffffff, payload_len=0
******6:frame.c(144):icom_one_transaction entered
write_block(): TX 6 bytes
0000    fe fe 94 e0 03 fd                                   ......          
read_string_generic called, rxmax=200 direct=1, expected_len=1
read_string_generic(): Timed out 0.500 seconds after 0 chars, direct=1
******6:frame.c(329):icom_one_transaction returning(-5) Communication timed out

Communication timed out
Communication timed out
[RIGCTRL][2026-04-29 14:51:23.499095][00:00:02.623499][warning] icom_transaction: retry=0: 
Communication timed out

*****5:frame.c(555):icom_transaction returning(-5) Communication timed out

****4:icom.c(833):icom_get_usb_echo_off returning(-5) Communication timed out

icom_get_freq: using vfo=VFOA
icom_get_vfo_number_x25x26(10198): current_vfo=currVFO, vfo=VFOA -> vfo_number=0
****4:frame.c(524):icom_transaction entered
icom_transaction: cmd=0x25, subcmd=0x00, payload_len=0
*****5:frame.c(144):icom_one_transaction entered
write_block(): TX 7 bytes
0000    fe fe 94 e0 25 00 fd                                ....%..         
read_string_generic called, rxmax=200 direct=1, expected_len=1
read_string_generic(): Timed out 0.500 seconds after 0 chars, direct=1
*****5:frame.c(329):icom_one_transaction returning(-5) Communication timed out

Communication timed out
Communication timed out
[RIGCTRL][2026-04-29 14:51:23.600406][00:00:02.724810][warning] icom_get_powerstat: get freq failed, assuming power is off
[RIGCTRL][2026-04-29 14:51:23.600469][00:00:02.724873][error] rig_open: Some rigs cannot get_powerstat while off
[RIGCTRL][2026-04-29 14:51:23.600481][00:00:02.724886][error] rig_open: Known rigs: K3, K3S
[RIGCTRL][2026-04-29 14:51:24.612630][00:00:03.737034][warning] icom_transaction: retry=0: 
*1:rig.c(6995):rig_get_powerstat returning(-5) Communication timed out

rig_open: Some rigs cannot get_powerstat while off
rig_open: Known rigs: K3, K3S
*1:icom.c(1158):icom_rig_open entered
icom_rig_open: IC-7300 v20250517.14
**2:icom.c(825):icom_get_usb_echo_off entered
***3:frame.c(524):icom_transaction entered
icom_transaction: cmd=0x03, subcmd=0xffffffff, payload_len=0
****4:frame.c(144):icom_one_transaction entered
write_block(): TX 6 bytes
0000    fe fe 94 e0 03 fd                                   ......          
read_string_generic called, rxmax=200 direct=1, expected_len=1
read_string_generic(1371): retrying read timeout 1/1 timeout=500
read_string_generic(): Timed out 1.011 seconds after 0 chars, direct=1
****4:frame.c(329):icom_one_transaction returning(-5) Communication timed out

Communication timed out
Communication timed out
[RIGCTRL][2026-04-29 14:51:24.713756][00:00:03.838160][error] icom_rig_open: Unable to determine Icom echo status -- is rig on and connected?
[RIGCTRL][2026-04-29 14:51:24.736103][00:00:03.860507][error] error: read_string_generic(1371): retrying read timeout 1/1 timeout=500
read_string_generic(): Timed out 1.011 seconds after 0 chars, direct=1
****4:frame.c(329):icom_one_transaction returning(-5) Communication timed out

Communication timed out

Communication timed out

***3:frame.c(555):icom_transaction returning(-5) Communication timed out

**2:icom.c(833):icom_get_usb_echo_off returning(-5) Communication timed out

icom_rig_open: echo status result=-5
icom_rig_open: Unable to determine Icom echo status -- is rig on and connected?
*1:icom.c(1193):icom_rig_open returning(-5) Communication timed out

ser_close: restoring options
rig.c(1559):rig_open returning2(-5) Communication timed out

Communication timed out
[RIGCTRL][2026-04-29 14:51:24.747572][00:00:03.871977][error] rig_set_ptt: rig or rig->caps is null
[RIGCTRL][2026-04-29 14:51:24.747607][00:00:03.872012][error] error: 
Communication timed out

Communication timed out

***3:frame.c(555):icom_transaction returning(-5) Communication timed out

**2:icom.c(833):icom_get_usb_echo_off returning(-5) Communication timed out

icom_rig_open: echo status result=-5
icom_rig_open: Unable to determine Icom echo status -- is rig on and connected?
*1:icom.c(1193):icom_rig_open returning(-5) Communication timed out

ser_close: restoring options
rig.c(1559):rig_open returning2(-5) Communication timed out

Communication timed out
Communication timed out
rig_set_ptt: rig or rig->caps is null
Invalid parameter
[SYSLOG][2026-04-29 14:51:24.747600][00:00:03.872005][error] handle_transceiver_failure: reason: Hamlib error: read_string_generic(): Timed out 1.011 seconds after 0 chars, direct=1
****4:frame.c(329):icom_one_transaction returning(-5) Communication timed out

Communication timed out

Communication timed out

***3:frame.c(555):icom_transaction returning(-5) Communication timed out

**2:icom.c(833):icom_get_usb_echo_off returning(-5) Communication timed out

icom_rig_open: echo status result=-5
icom_rig_open: Unable to determine Icom echo status -- is rig on and connected?
*1:icom.c(1193):icom_rig_open returning(-5) Communication timed out

ser_close: restoring options
rig.c(1559):rig_open returning2(-5) Communication timed out

Communication timed out
Communication timed out
 while opening connection to rig
[RIGCTRL][2026-04-29 14:51:25.436007][00:00:04.560412][warning] icom_transaction: retry=0: rig_get_freq: depth=3
rig_get_cache(332):  vfo=VFOA, current_vfo=currVFO
rig_get_cache(527): vfo=VFOA, freq=0, mode=, width=0
rig_get_freq(2618): freqMainA=0, modeMainA=, widthMainA=0
rig_get_freq(2618): freqMainB=0, modeMainB=, widthMainB=0
rig_get_freq: cache miss age=1000000ms, cached_vfo=VFOA, asked_vfo=VFOA, use_cached_freq=0
rig_get_freq(2655): vfo_opt=0, model=3073
icom_get_freq called for VFOA, curr_vfo=currVFO
****4:icom.c(825):icom_get_usb_echo_off entered
*****5:frame.c(524):icom_transaction entered
icom_transaction: cmd=0x03, subcmd=0xffffffff, payload_len=0
******6:frame.c(144):icom_one_transaction entered
write_block(): TX 6 bytes
0000    fe fe 94 e0 03 fd                                   ......          
read_string_generic called, rxmax=200 direct=1, expected_len=1
read_string_generic(): Timed out 0.500 seconds after 0 chars, direct=1
******6:frame.c(329):icom_one_transaction returning(-5) Communication timed out

Communication timed out
Communication timed out
[RIGCTRL][2026-04-29 14:51:26.036921][00:00:05.161325][warning] icom_transaction: retry=0: 
Communication timed out

*****5:frame.c(555):icom_transaction returning(-5) Communication timed out

****4:icom.c(833):icom_get_usb_echo_off returning(-5) Communication timed out

icom_get_freq: using vfo=VFOA
icom_get_vfo_number_x25x26(10198): current_vfo=currVFO, vfo=VFOA -> vfo_number=0
****4:frame.c(524):icom_transaction entered
icom_transaction: cmd=0x25, subcmd=0x00, payload_len=0
*****5:frame.c(144):icom_one_transaction entered
write_block(): TX 7 bytes
0000    fe fe 94 e0 25 00 fd                                ....%..         
read_string_generic called, rxmax=200 direct=1, expected_len=1
read_string_generic(): Timed out 0.500 seconds after 0 chars, direct=1
*****5:frame.c(329):icom_one_transaction returning(-5) Communication timed out

Communication timed out
Communication timed out
[RIGCTRL][2026-04-29 14:51:26.138095][00:00:05.262499][warning] icom_get_powerstat: get freq failed, assuming power is off
[RIGCTRL][2026-04-29 14:51:26.138136][00:00:05.262541][error] rig_open: Some rigs cannot get_powerstat while off
[RIGCTRL][2026-04-29 14:51:26.138143][00:00:05.262547][error] rig_open: Known rigs: K3, K3S
[RIGCTRL][2026-04-29 14:51:27.150409][00:00:06.274813][warning] icom_transaction: retry=0: 
*1:rig.c(6995):rig_get_powerstat returning(-5) Communication timed out

rig_open: Some rigs cannot get_powerstat while off
rig_open: Known rigs: K3, K3S
*1:icom.c(1158):icom_rig_open entered
icom_rig_open: IC-7300 v20250517.14
**2:icom.c(825):icom_get_usb_echo_off entered
***3:frame.c(524):icom_transaction entered
icom_transaction: cmd=0x03, subcmd=0xffffffff, payload_len=0
****4:frame.c(144):icom_one_transaction entered
write_block(): TX 6 bytes
0000    fe fe 94 e0 03 fd                                   ......          
read_string_generic called, rxmax=200 direct=1, expected_len=1
read_string_generic(1371): retrying read timeout 1/1 timeout=500
read_string_generic(): Timed out 1.012 seconds after 0 chars, direct=1
****4:frame.c(329):icom_one_transaction returning(-5) Communication timed out

Communication timed out
Communication timed out
[RIGCTRL][2026-04-29 14:51:27.252134][00:00:06.376538][error] icom_rig_open: Unable to determine Icom echo status -- is rig on and connected?
[RIGCTRL][2026-04-29 14:51:27.274242][00:00:06.398646][error] error: read_string_generic(1371): retrying read timeout 1/1 timeout=500
read_string_generic(): Timed out 1.012 seconds after 0 chars, direct=1
****4:frame.c(329):icom_one_transaction returning(-5) Communication timed out

Communication timed out

Communication timed out

***3:frame.c(555):icom_transaction returning(-5) Communication timed out

**2:icom.c(833):icom_get_usb_echo_off returning(-5) Communication timed out

icom_rig_open: echo status result=-5
icom_rig_open: Unable to determine Icom echo status -- is rig on and connected?
*1:icom.c(1193):icom_rig_open returning(-5) Communication timed out

ser_close: restoring options
rig.c(1559):rig_open returning2(-5) Communication timed out

Communication timed out
[RIGCTRL][2026-04-29 14:51:27.274387][00:00:06.398791][error] rig_set_ptt: rig or rig->caps is null
[RIGCTRL][2026-04-29 14:51:27.274405][00:00:06.398809][error] error: 
Communication timed out

Communication timed out

***3:frame.c(555):icom_transaction returning(-5) Communication timed out

**2:icom.c(833):icom_get_usb_echo_off returning(-5) Communication timed out

icom_rig_open: echo status result=-5
icom_rig_open: Unable to determine Icom echo status -- is rig on and connected?
*1:icom.c(1193):icom_rig_open returning(-5) Communication timed out

ser_close: restoring options
rig.c(1559):rig_open returning2(-5) Communication timed out

Communication timed out
Communication timed out
rig_set_ptt: rig or rig->caps is null
Invalid parameter
[SYSLOG][2026-04-29 14:51:27.274440][00:00:06.398845][error] handle_transceiver_failure: reason: Hamlib error: read_string_generic(): Timed out 1.012 seconds after 0 chars, direct=1
****4:frame.c(329):icom_one_transaction returning(-5) Communication timed out

Communication timed out

Communication timed out

***3:frame.c(555):icom_transaction returning(-5) Communication timed out

**2:icom.c(833):icom_get_usb_echo_off returning(-5) Communication timed out

icom_rig_open: echo status result=-5
icom_rig_open: Unable to determine Icom echo status -- is rig on and connected?
*1:icom.c(1193):icom_rig_open returning(-5) Communication timed out

ser_close: restoring options
rig.c(1559):rig_open returning2(-5) Communication timed out

Communication timed out
Communication timed out
 while opening connection to rig
[SYSLOG][2026-04-29 19:50:22.645144][00:00:00.001460][info] Log Start
[SYSLOG][2026-04-29 19:50:22.645185][00:00:00.001501][info] WSJT-X   v2.7.0   by K1JT et al. - Program startup
[SYSLOG][2026-04-29 19:50:22.646125][00:00:00.002441][info] locale: language: English script: Latin country: United States ui-languages: en-US, en, en-Latn-US
[SYSLOG][2026-04-29 19:50:22.646420][00:00:00.002735][info] Loaded WSJT-X base translation file from :/Translations based on language en
[SYSLOG][2026-04-29 19:50:22.646460][00:00:00.002776][info] Loaded WSJT-X translations for current locale from resources
[SYSLOG][2026-04-29 19:50:22.770186][00:00:00.126503][info] shmem size: 48275268
[RIGCTRL][2026-04-29 19:50:22.820763][00:00:00.177081][info] Hamlib version: Hamlib 4.7.1 from indeterminate source revision. 64-bit
[SYSLOG][2026-04-29 19:50:22.844755][00:00:00.201072][info] Configuration Settings (/home/pi/.config/WSJT-X.ini)
[SYSLOG][2026-04-29 19:50:22.845851][00:00:00.202167][info] Reading frequencies
[SYSLOG][2026-04-29 19:50:22.845891][00:00:00.202206][info] read_settings found FrequenciesForRegionModes_v2
[SYSLOG][2026-04-29 19:50:23.740577][00:00:01.096895][info] Loading CTY.DAT from /usr/share/wsjtx/cty.dat
[SYSLOG][2026-04-29 19:50:23.889242][00:00:01.245559][info] Loaded CTY.DAT version VER20250523, Faroe Islands
[SYSLOG][2026-04-29 19:50:23.889434][00:00:01.245750][info] Loading CTY.DAT from /usr/share/wsjtx/cty.dat
[SYSLOG][2026-04-29 19:50:24.042807][00:00:01.399124][info] Loaded CTY.DAT version VER20250523, Faroe Islands
[RIGCTRL][2026-04-29 19:50:24.802294][00:00:02.158609][warning] icom_transaction: retry=0: rig_get_freq: depth=3
rig_get_cache(332):  vfo=VFOA, current_vfo=currVFO
rig_get_cache(527): vfo=VFOA, freq=0, mode=, width=0
rig_get_freq(2618): freqMainA=0, modeMainA=, widthMainA=0
rig_get_freq(2618): freqMainB=0, modeMainB=, widthMainB=0
rig_get_freq: cache miss age=1000000ms, cached_vfo=VFOA, asked_vfo=VFOA, use_cached_freq=0
rig_get_freq(2655): vfo_opt=0, model=3073
icom_get_freq called for VFOA, curr_vfo=currVFO
****4:icom.c(825):icom_get_usb_echo_off entered
*****5:frame.c(524):icom_transaction entered
icom_transaction: cmd=0x03, subcmd=0xffffffff, payload_len=0
******6:frame.c(144):icom_one_transaction entered
write_block(): TX 6 bytes
0000    fe fe 94 e0 03 fd                                   ......          
read_string_generic called, rxmax=200 direct=1, expected_len=1
read_string_generic(): Timed out 0.500 seconds after 0 chars, direct=1
******6:frame.c(329):icom_one_transaction returning(-5) Communication timed out

Communication timed out
Communication timed out
[RIGCTRL][2026-04-29 19:50:25.404129][00:00:02.760445][warning] icom_transaction: retry=0: 
Communication timed out

*****5:frame.c(555):icom_transaction returning(-5) Communication timed out

****4:icom.c(833):icom_get_usb_echo_off returning(-5) Communication timed out

icom_get_freq: using vfo=VFOA
icom_get_vfo_number_x25x26(10198): current_vfo=currVFO, vfo=VFOA -> vfo_number=0
****4:frame.c(524):icom_transaction entered
icom_transaction: cmd=0x25, subcmd=0x00, payload_len=0
*****5:frame.c(144):icom_one_transaction entered
write_block(): TX 7 bytes
0000    fe fe 94 e0 25 00 fd                                ....%..         
read_string_generic called, rxmax=200 direct=1, expected_len=1
read_string_generic(): Timed out 0.500 seconds after 0 chars, direct=1
*****5:frame.c(329):icom_one_transaction returning(-5) Communication timed out

Communication timed out
Communication timed out
[RIGCTRL][2026-04-29 19:50:25.505368][00:00:02.861683][warning] icom_get_powerstat: get freq failed, assuming power is off
[RIGCTRL][2026-04-29 19:50:25.505410][00:00:02.861725][error] rig_open: Some rigs cannot get_powerstat while off
[RIGCTRL][2026-04-29 19:50:25.505417][00:00:02.861732][error] rig_open: Known rigs: K3, K3S
[RIGCTRL][2026-04-29 19:50:26.519091][00:00:03.875407][warning] icom_transaction: retry=0: 
*1:rig.c(6995):rig_get_powerstat returning(-5) Communication timed out

rig_open: Some rigs cannot get_powerstat while off
rig_open: Known rigs: K3, K3S
*1:icom.c(1158):icom_rig_open entered
icom_rig_open: IC-7300 v20250517.14
**2:icom.c(825):icom_get_usb_echo_off entered
***3:frame.c(524):icom_transaction entered
icom_transaction: cmd=0x03, subcmd=0xffffffff, payload_len=0
****4:frame.c(144):icom_one_transaction entered
write_block(): TX 6 bytes
0000    fe fe 94 e0 03 fd                                   ......          
read_string_generic called, rxmax=200 direct=1, expected_len=1
read_string_generic(1371): retrying read timeout 1/1 timeout=500
read_string_generic(): Timed out 1.013 seconds after 0 chars, direct=1
****4:frame.c(329):icom_one_transaction returning(-5) Communication timed out

Communication timed out
Communication timed out
[RIGCTRL][2026-04-29 19:50:26.620214][00:00:03.976529][error] icom_rig_open: Unable to determine Icom echo status -- is rig on and connected?
[RIGCTRL][2026-04-29 19:50:26.642384][00:00:03.998699][error] error: read_string_generic(1371): retrying read timeout 1/1 timeout=500
read_string_generic(): Timed out 1.013 seconds after 0 chars, direct=1
****4:frame.c(329):icom_one_transaction returning(-5) Communication timed out

Communication timed out

Communication timed out

***3:frame.c(555):icom_transaction returning(-5) Communication timed out

**2:icom.c(833):icom_get_usb_echo_off returning(-5) Communication timed out

icom_rig_open: echo status result=-5
icom_rig_open: Unable to determine Icom echo status -- is rig on and connected?
*1:icom.c(1193):icom_rig_open returning(-5) Communication timed out

ser_close: restoring options
rig.c(1559):rig_open returning2(-5) Communication timed out

Communication timed out
[RIGCTRL][2026-04-29 19:50:26.642669][00:00:03.998985][error] rig_set_ptt: rig or rig->caps is null
[RIGCTRL][2026-04-29 19:50:26.642685][00:00:03.999001][error] error: 
Communication timed out

Communication timed out

***3:frame.c(555):icom_transaction returning(-5) Communication timed out

**2:icom.c(833):icom_get_usb_echo_off returning(-5) Communication timed out

icom_rig_open: echo status result=-5
icom_rig_open: Unable to determine Icom echo status -- is rig on and connected?
*1:icom.c(1193):icom_rig_open returning(-5) Communication timed out

ser_close: restoring options
rig.c(1559):rig_open returning2(-5) Communication timed out

Communication timed out
Communication timed out
rig_set_ptt: rig or rig->caps is null
Invalid parameter
[SYSLOG][2026-04-29 19:50:26.642706][00:00:03.999023][error] handle_transceiver_failure: reason: Hamlib error: read_string_generic(): Timed out 1.013 seconds after 0 chars, direct=1
****4:frame.c(329):icom_one_transaction returning(-5) Communication timed out

Communication timed out

Communication timed out

***3:frame.c(555):icom_transaction returning(-5) Communication timed out

**2:icom.c(833):icom_get_usb_echo_off returning(-5) Communication timed out

icom_rig_open: echo status result=-5
icom_rig_open: Unable to determine Icom echo status -- is rig on and connected?
*1:icom.c(1193):icom_rig_open returning(-5) Communication timed out

ser_close: restoring options
rig.c(1559):rig_open returning2(-5) Communication timed out

Communication timed out
Communication timed out
 while opening connection to rig
[RIGCTRL][2026-04-29 19:50:27.325128][00:00:04.681443][warning] icom_transaction: retry=0: rig_get_freq: depth=3
rig_get_cache(332):  vfo=VFOA, current_vfo=currVFO
rig_get_cache(527): vfo=VFOA, freq=0, mode=, width=0
rig_get_freq(2618): freqMainA=0, modeMainA=, widthMainA=0
rig_get_freq(2618): freqMainB=0, modeMainB=, widthMainB=0
rig_get_freq: cache miss age=1000000ms, cached_vfo=VFOA, asked_vfo=VFOA, use_cached_freq=0
rig_get_freq(2655): vfo_opt=0, model=3073
icom_get_freq called for VFOA, curr_vfo=currVFO
****4:icom.c(825):icom_get_usb_echo_off entered
*****5:frame.c(524):icom_transaction entered
icom_transaction: cmd=0x03, subcmd=0xffffffff, payload_len=0
******6:frame.c(144):icom_one_transaction entered
write_block(): TX 6 bytes
0000    fe fe 94 e0 03 fd                                   ......          
read_string_generic called, rxmax=200 direct=1, expected_len=1
read_string_generic(): Timed out 0.500 seconds after 0 chars, direct=1
******6:frame.c(329):icom_one_transaction returning(-5) Communication timed out

Communication timed out
Communication timed out
[RIGCTRL][2026-04-29 19:50:27.926420][00:00:05.282735][warning] icom_transaction: retry=0: 
Communication timed out

*****5:frame.c(555):icom_transaction returning(-5) Communication timed out

****4:icom.c(833):icom_get_usb_echo_off returning(-5) Communication timed out

icom_get_freq: using vfo=VFOA
icom_get_vfo_number_x25x26(10198): current_vfo=currVFO, vfo=VFOA -> vfo_number=0
****4:frame.c(524):icom_transaction entered
icom_transaction: cmd=0x25, subcmd=0x00, payload_len=0
*****5:frame.c(144):icom_one_transaction entered
write_block(): TX 7 bytes
0000    fe fe 94 e0 25 00 fd                                ....%..         
read_string_generic called, rxmax=200 direct=1, expected_len=1
read_string_generic(): Timed out 0.500 seconds after 0 chars, direct=1
*****5:frame.c(329):icom_one_transaction returning(-5) Communication timed out

Communication timed out
Communication timed out
[RIGCTRL][2026-04-29 19:50:28.026736][00:00:05.383052][warning] icom_get_powerstat: get freq failed, assuming power is off
[RIGCTRL][2026-04-29 19:50:28.026779][00:00:05.383095][error] rig_open: Some rigs cannot get_powerstat while off
[RIGCTRL][2026-04-29 19:50:28.026785][00:00:05.383101][error] rig_open: Known rigs: K3, K3S
[RIGCTRL][2026-04-29 19:50:29.040441][00:00:06.396756][warning] icom_transaction: retry=0: 
*1:rig.c(6995):rig_get_powerstat returning(-5) Communication timed out

rig_open: Some rigs cannot get_powerstat while off
rig_open: Known rigs: K3, K3S
*1:icom.c(1158):icom_rig_open entered
icom_rig_open: IC-7300 v20250517.14
**2:icom.c(825):icom_get_usb_echo_off entered
***3:frame.c(524):icom_transaction entered
icom_transaction: cmd=0x03, subcmd=0xffffffff, payload_len=0
****4:frame.c(144):icom_one_transaction entered
write_block(): TX 6 bytes
0000    fe fe 94 e0 03 fd                                   ......          
read_string_generic called, rxmax=200 direct=1, expected_len=1
read_string_generic(1371): retrying read timeout 1/1 timeout=500
read_string_generic(): Timed out 1.013 seconds after 0 chars, direct=1
****4:frame.c(329):icom_one_transaction returning(-5) Communication timed out

Communication timed out
Communication timed out
[RIGCTRL][2026-04-29 19:50:29.141613][00:00:06.497929][error] icom_rig_open: Unable to determine Icom echo status -- is rig on and connected?
[RIGCTRL][2026-04-29 19:50:29.164454][00:00:06.520769][error] error: read_string_generic(1371): retrying read timeout 1/1 timeout=500
read_string_generic(): Timed out 1.013 seconds after 0 chars, direct=1
****4:frame.c(329):icom_one_transaction returning(-5) Communication timed out

Communication timed out

Communication timed out

***3:frame.c(555):icom_transaction returning(-5) Communication timed out

**2:icom.c(833):icom_get_usb_echo_off returning(-5) Communication timed out

icom_rig_open: echo status result=-5
icom_rig_open: Unable to determine Icom echo status -- is rig on and connected?
*1:icom.c(1193):icom_rig_open returning(-5) Communication timed out

ser_close: restoring options
rig.c(1559):rig_open returning2(-5) Communication timed out

Communication timed out
[RIGCTRL][2026-04-29 19:50:29.164573][00:00:06.520888][error] rig_set_ptt: rig or rig->caps is null
[RIGCTRL][2026-04-29 19:50:29.164581][00:00:06.520896][error] error: 
Communication timed out

Communication timed out

***3:frame.c(555):icom_transaction returning(-5) Communication timed out

**2:icom.c(833):icom_get_usb_echo_off returning(-5) Communication timed out

icom_rig_open: echo status result=-5
icom_rig_open: Unable to determine Icom echo status -- is rig on and connected?
*1:icom.c(1193):icom_rig_open returning(-5) Communication timed out

ser_close: restoring options
rig.c(1559):rig_open returning2(-5) Communication timed out

Communication timed out
Communication timed out
rig_set_ptt: rig or rig->caps is null
Invalid parameter
[SYSLOG][2026-04-29 19:50:29.164610][00:00:06.520926][error] handle_transceiver_failure: reason: Hamlib error: read_string_generic(): Timed out 1.013 seconds after 0 chars, direct=1
****4:frame.c(329):icom_one_transaction returning(-5) Communication timed out

Communication timed out

Communication timed out

***3:frame.c(555):icom_transaction returning(-5) Communication timed out

**2:icom.c(833):icom_get_usb_echo_off returning(-5) Communication timed out

icom_rig_open: echo status result=-5
icom_rig_open: Unable to determine Icom echo status -- is rig on and connected?
*1:icom.c(1193):icom_rig_open returning(-5) Communication timed out

ser_close: restoring options
rig.c(1559):rig_open returning2(-5) Communication timed out

Communication timed out
Communication timed out
 while opening connection to rig
[SYSLOG][2026-04-29 19:53:29.050185][00:03:06.406503][info] Log Finish
[SYSLOG][2026-04-29 19:56:01.920590][00:00:00.002528][info] Log Start
[SYSLOG][2026-04-29 19:56:01.920659][00:00:00.002597][info] WSJT-X   v2.7.0   by K1JT et al. - Program startup
[SYSLOG][2026-04-29 19:56:01.921962][00:00:00.003900][info] locale: language: English script: Latin country: United States ui-languages: en-US, en, en-Latn-US
[SYSLOG][2026-04-29 19:56:01.922791][00:00:00.004729][info] Loaded WSJT-X base translation file from :/Translations based on language en
[SYSLOG][2026-04-29 19:56:01.922842][00:00:00.004779][info] Loaded WSJT-X translations for current locale from resources
[SYSLOG][2026-04-29 19:56:02.004875][00:00:00.086812][info] shmem size: 48275268
[RIGCTRL][2026-04-29 19:56:02.049601][00:00:00.131541][info] Hamlib version: Hamlib 4.7.1 from indeterminate source revision. 64-bit
[SYSLOG][2026-04-29 19:56:02.081103][00:00:00.163043][info] Configuration Settings (/home/pi/.config/WSJT-X.ini)
[SYSLOG][2026-04-29 19:56:02.082244][00:00:00.164183][info] Reading frequencies
[SYSLOG][2026-04-29 19:56:02.082262][00:00:00.164199][info] read_settings found FrequenciesForRegionModes_v2
[SYSLOG][2026-04-29 19:56:03.004040][00:00:01.085981][info] Loading CTY.DAT from /usr/share/wsjtx/cty.dat
[SYSLOG][2026-04-29 19:56:03.169916][00:00:01.251857][info] Loaded CTY.DAT version VER20250523, Faroe Islands
[SYSLOG][2026-04-29 19:56:03.170178][00:00:01.252118][info] Loading CTY.DAT from /usr/share/wsjtx/cty.dat
[SYSLOG][2026-04-29 19:56:03.322351][00:00:01.404291][info] Loaded CTY.DAT version VER20250523, Faroe Islands
[RIGCTRL][2026-04-29 19:56:04.110616][00:00:02.192553][warning] icom_transaction: retry=0: rig_get_freq: depth=3
rig_get_cache(332):  vfo=VFOA, current_vfo=currVFO
rig_get_cache(527): vfo=VFOA, freq=0, mode=, width=0
rig_get_freq(2618): freqMainA=0, modeMainA=, widthMainA=0
rig_get_freq(2618): freqMainB=0, modeMainB=, widthMainB=0
rig_get_freq: cache miss age=1000000ms, cached_vfo=VFOA, asked_vfo=VFOA, use_cached_freq=0
rig_get_freq(2655): vfo_opt=0, model=3073
icom_get_freq called for VFOA, curr_vfo=currVFO
****4:icom.c(825):icom_get_usb_echo_off entered
*****5:frame.c(524):icom_transaction entered
icom_transaction: cmd=0x03, subcmd=0xffffffff, payload_len=0
******6:frame.c(144):icom_one_transaction entered
write_block(): TX 6 bytes
0000    fe fe 94 e0 03 fd                                   ......          
read_string_generic called, rxmax=200 direct=1, expected_len=1
read_string_generic(): Timed out 0.500 seconds after 0 chars, direct=1
******6:frame.c(329):icom_one_transaction returning(-5) Communication timed out

Communication timed out
Communication timed out
[RIGCTRL][2026-04-29 19:56:04.712379][00:00:02.794316][warning] icom_transaction: retry=0: 
Communication timed out

*****5:frame.c(555):icom_transaction returning(-5) Communication timed out

****4:icom.c(833):icom_get_usb_echo_off returning(-5) Communication timed out

icom_get_freq: using vfo=VFOA
icom_get_vfo_number_x25x26(10198): current_vfo=currVFO, vfo=VFOA -> vfo_number=0
****4:frame.c(524):icom_transaction entered
icom_transaction: cmd=0x25, subcmd=0x00, payload_len=0
*****5:frame.c(144):icom_one_transaction entered
write_block(): TX 7 bytes
0000    fe fe 94 e0 25 00 fd                                ....%..         
read_string_generic called, rxmax=200 direct=1, expected_len=1
read_string_generic(): Timed out 0.500 seconds after 0 chars, direct=1
*****5:frame.c(329):icom_one_transaction returning(-5) Communication timed out

Communication timed out
Communication timed out
[RIGCTRL][2026-04-29 19:56:04.813531][00:00:02.895468][warning] icom_get_powerstat: get freq failed, assuming power is off
[RIGCTRL][2026-04-29 19:56:04.813571][00:00:02.895508][error] rig_open: Some rigs cannot get_powerstat while off
[RIGCTRL][2026-04-29 19:56:04.813578][00:00:02.895515][error] rig_open: Known rigs: K3, K3S
[RIGCTRL][2026-04-29 19:56:05.826412][00:00:03.908349][warning] icom_transaction: retry=0: 
*1:rig.c(6995):rig_get_powerstat returning(-5) Communication timed out

rig_open: Some rigs cannot get_powerstat while off
rig_open: Known rigs: K3, K3S
*1:icom.c(1158):icom_rig_open entered
icom_rig_open: IC-7300 v20250517.14
**2:icom.c(825):icom_get_usb_echo_off entered
***3:frame.c(524):icom_transaction entered
icom_transaction: cmd=0x03, subcmd=0xffffffff, payload_len=0
****4:frame.c(144):icom_one_transaction entered
write_block(): TX 6 bytes
0000    fe fe 94 e0 03 fd                                   ......          
read_string_generic called, rxmax=200 direct=1, expected_len=1
read_string_generic(1371): retrying read timeout 1/1 timeout=500
read_string_generic(): Timed out 1.012 seconds after 0 chars, direct=1
****4:frame.c(329):icom_one_transaction returning(-5) Communication timed out

Communication timed out
Communication timed out
[RIGCTRL][2026-04-29 19:56:05.927527][00:00:04.009464][error] icom_rig_open: Unable to determine Icom echo status -- is rig on and connected?
[RIGCTRL][2026-04-29 19:56:05.950170][00:00:04.032107][error] error: read_string_generic(1371): retrying read timeout 1/1 timeout=500
read_string_generic(): Timed out 1.012 seconds after 0 chars, direct=1
****4:frame.c(329):icom_one_transaction returning(-5) Communication timed out

Communication timed out

Communication timed out

***3:frame.c(555):icom_transaction returning(-5) Communication timed out

**2:icom.c(833):icom_get_usb_echo_off returning(-5) Communication timed out

icom_rig_open: echo status result=-5
icom_rig_open: Unable to determine Icom echo status -- is rig on and connected?
*1:icom.c(1193):icom_rig_open returning(-5) Communication timed out

ser_close: restoring options
rig.c(1559):rig_open returning2(-5) Communication timed out

Communication timed out
[RIGCTRL][2026-04-29 19:56:05.951933][00:00:04.033870][error] rig_set_ptt: rig or rig->caps is null
[RIGCTRL][2026-04-29 19:56:05.951959][00:00:04.033896][error] error: 
Communication timed out

Communication timed out

***3:frame.c(555):icom_transaction returning(-5) Communication timed out

**2:icom.c(833):icom_get_usb_echo_off returning(-5) Communication timed out

icom_rig_open: echo status result=-5
icom_rig_open: Unable to determine Icom echo status -- is rig on and connected?
*1:icom.c(1193):icom_rig_open returning(-5) Communication timed out

ser_close: restoring options
rig.c(1559):rig_open returning2(-5) Communication timed out

Communication timed out
Communication timed out
rig_set_ptt: rig or rig->caps is null
Invalid parameter
[SYSLOG][2026-04-29 19:56:05.951971][00:00:04.033910][error] handle_transceiver_failure: reason: Hamlib error: read_string_generic(): Timed out 1.012 seconds after 0 chars, direct=1
****4:frame.c(329):icom_one_transaction returning(-5) Communication timed out

Communication timed out

Communication timed out

***3:frame.c(555):icom_transaction returning(-5) Communication timed out

**2:icom.c(833):icom_get_usb_echo_off returning(-5) Communication timed out

icom_rig_open: echo status result=-5
icom_rig_open: Unable to determine Icom echo status -- is rig on and connected?
*1:icom.c(1193):icom_rig_open returning(-5) Communication timed out

ser_close: restoring options
rig.c(1559):rig_open returning2(-5) Communication timed out

Communication timed out
Communication timed out
 while opening connection to rig
[RIGCTRL][2026-04-29 19:56:06.634960][00:00:04.716897][warning] icom_transaction: retry=0: rig_get_freq: depth=3
rig_get_cache(332):  vfo=VFOA, current_vfo=currVFO
rig_get_cache(527): vfo=VFOA, freq=0, mode=, width=0
rig_get_freq(2618): freqMainA=0, modeMainA=, widthMainA=0
rig_get_freq(2618): freqMainB=0, modeMainB=, widthMainB=0
rig_get_freq: cache miss age=1000000ms, cached_vfo=VFOA, asked_vfo=VFOA, use_cached_freq=0
rig_get_freq(2655): vfo_opt=0, model=3073
icom_get_freq called for VFOA, curr_vfo=currVFO
****4:icom.c(825):icom_get_usb_echo_off entered
*****5:frame.c(524):icom_transaction entered
icom_transaction: cmd=0x03, subcmd=0xffffffff, payload_len=0
******6:frame.c(144):icom_one_transaction entered
write_block(): TX 6 bytes
0000    fe fe 94 e0 03 fd                                   ......          
read_string_generic called, rxmax=200 direct=1, expected_len=1
read_string_generic(): Timed out 0.500 seconds after 0 chars, direct=1
******6:frame.c(329):icom_one_transaction returning(-5) Communication timed out

Communication timed out
Communication timed out
[RIGCTRL][2026-04-29 19:56:07.236751][00:00:05.318688][warning] icom_transaction: retry=0: 
Communication timed out

*****5:frame.c(555):icom_transaction returning(-5) Communication timed out

****4:icom.c(833):icom_get_usb_echo_off returning(-5) Communication timed out

icom_get_freq: using vfo=VFOA
icom_get_vfo_number_x25x26(10198): current_vfo=currVFO, vfo=VFOA -> vfo_number=0
****4:frame.c(524):icom_transaction entered
icom_transaction: cmd=0x25, subcmd=0x00, payload_len=0
*****5:frame.c(144):icom_one_transaction entered
write_block(): TX 7 bytes
0000    fe fe 94 e0 25 00 fd                                ....%..         
read_string_generic called, rxmax=200 direct=1, expected_len=1
read_string_generic(): Timed out 0.500 seconds after 0 chars, direct=1
*****5:frame.c(329):icom_one_transaction returning(-5) Communication timed out

Communication timed out
Communication timed out
[RIGCTRL][2026-04-29 19:56:07.337919][00:00:05.419856][warning] icom_get_powerstat: get freq failed, assuming power is off
[RIGCTRL][2026-04-29 19:56:07.337962][00:00:05.419899][error] rig_open: Some rigs cannot get_powerstat while off
[RIGCTRL][2026-04-29 19:56:07.337968][00:00:05.419905][error] rig_open: Known rigs: K3, K3S
[RIGCTRL][2026-04-29 19:56:08.352915][00:00:06.434855][warning] icom_transaction: retry=0: 
*1:rig.c(6995):rig_get_powerstat returning(-5) Communication timed out

rig_open: Some rigs cannot get_powerstat while off
rig_open: Known rigs: K3, K3S
*1:icom.c(1158):icom_rig_open entered
icom_rig_open: IC-7300 v20250517.14
**2:icom.c(825):icom_get_usb_echo_off entered
***3:frame.c(524):icom_transaction entered
icom_transaction: cmd=0x03, subcmd=0xffffffff, payload_len=0
****4:frame.c(144):icom_one_transaction entered
write_block(): TX 6 bytes
0000    fe fe 94 e0 03 fd                                   ......          
read_string_generic called, rxmax=200 direct=1, expected_len=1
read_string_generic(1371): retrying read timeout 1/1 timeout=500
read_string_generic(): Timed out 1.011 seconds after 0 chars, direct=1
****4:frame.c(329):icom_one_transaction returning(-5) Communication timed out

Communication timed out
Communication timed out
[RIGCTRL][2026-04-29 19:56:08.454222][00:00:06.536159][error] icom_rig_open: Unable to determine Icom echo status -- is rig on and connected?
[RIGCTRL][2026-04-29 19:56:08.476337][00:00:06.558274][error] error: read_string_generic(1371): retrying read timeout 1/1 timeout=500
read_string_generic(): Timed out 1.011 seconds after 0 chars, direct=1
****4:frame.c(329):icom_one_transaction returning(-5) Communication timed out

Communication timed out

Communication timed out

***3:frame.c(555):icom_transaction returning(-5) Communication timed out

**2:icom.c(833):icom_get_usb_echo_off returning(-5) Communication timed out

icom_rig_open: echo status result=-5
icom_rig_open: Unable to determine Icom echo status -- is rig on and connected?
*1:icom.c(1193):icom_rig_open returning(-5) Communication timed out

ser_close: restoring options
rig.c(1559):rig_open returning2(-5) Communication timed out

Communication timed out
[RIGCTRL][2026-04-29 19:56:08.476429][00:00:06.558367][error] rig_set_ptt: rig or rig->caps is null
[RIGCTRL][2026-04-29 19:56:08.476437][00:00:06.558374][error] error: 
Communication timed out

Communication timed out

***3:frame.c(555):icom_transaction returning(-5) Communication timed out

**2:icom.c(833):icom_get_usb_echo_off returning(-5) Communication timed out

icom_rig_open: echo status result=-5
icom_rig_open: Unable to determine Icom echo status -- is rig on and connected?
*1:icom.c(1193):icom_rig_open returning(-5) Communication timed out

ser_close: restoring options
rig.c(1559):rig_open returning2(-5) Communication timed out

Communication timed out
Communication timed out
rig_set_ptt: rig or rig->caps is null
Invalid parameter
[SYSLOG][2026-04-29 19:56:08.497205][00:00:06.579145][info] Log Finish
[SYSLOG][2026-05-04 16:31:12.109694][00:00:00.002340][info] Log Start
[SYSLOG][2026-05-04 16:31:12.109731][00:00:00.002376][info] WSJT-X   v2.7.0   by K1JT et al. - Program startup
[SYSLOG][2026-05-04 16:31:12.111253][00:00:00.003899][info] locale: language: English script: Latin country: United States ui-languages: en-US, en, en-Latn-US
[SYSLOG][2026-05-04 16:31:12.112201][00:00:00.004847][info] Loaded WSJT-X base translation file from :/Translations based on language en
[SYSLOG][2026-05-04 16:31:12.112268][00:00:00.004913][info] Loaded WSJT-X translations for current locale from resources
[SYSLOG][2026-05-04 16:31:12.184632][00:00:00.077278][info] shmem size: 48275268
[RIGCTRL][2026-05-04 16:31:12.238744][00:00:00.131391][info] Hamlib version: Hamlib 4.7.1 from indeterminate source revision. 64-bit
[SYSLOG][2026-05-04 16:31:12.265226][00:00:00.157878][info] Configuration Settings (/home/pi/.config/WSJT-X.ini)
[SYSLOG][2026-05-04 16:31:12.266252][00:00:00.158897][info] Reading frequencies
[SYSLOG][2026-05-04 16:31:12.266268][00:00:00.158913][info] read_settings found FrequenciesForRegionModes_v2
[SYSLOG][2026-05-04 16:31:13.868972][00:00:01.761622][info] Loading CTY.DAT from /usr/share/wsjtx/cty.dat
[SYSLOG][2026-05-04 16:31:14.012343][00:00:01.904991][info] Loaded CTY.DAT version VER20250523, Faroe Islands
[SYSLOG][2026-05-04 16:31:14.012519][00:00:01.905166][info] Loading CTY.DAT from /usr/share/wsjtx/cty.dat
[SYSLOG][2026-05-04 16:31:14.161749][00:00:02.054397][info] Loaded CTY.DAT version VER20250523, Faroe Islands
[RIGCTRL][2026-05-04 16:31:14.932405][00:00:02.825050][warning] icom_transaction: retry=0: rig_get_freq: depth=3
rig_get_cache(332):  vfo=VFOA, current_vfo=currVFO
rig_get_cache(527): vfo=VFOA, freq=0, mode=, width=0
rig_get_freq(2618): freqMainA=0, modeMainA=, widthMainA=0
rig_get_freq(2618): freqMainB=0, modeMainB=, widthMainB=0
rig_get_freq: cache miss age=1000000ms, cached_vfo=VFOA, asked_vfo=VFOA, use_cached_freq=0
rig_get_freq(2655): vfo_opt=0, model=3073
icom_get_freq called for VFOA, curr_vfo=currVFO
****4:icom.c(825):icom_get_usb_echo_off entered
*****5:frame.c(524):icom_transaction entered
icom_transaction: cmd=0x03, subcmd=0xffffffff, payload_len=0
******6:frame.c(144):icom_one_transaction entered
write_block(): TX 6 bytes
0000    fe fe 94 e0 03 fd                                   ......          
read_string_generic called, rxmax=200 direct=1, expected_len=1
read_string_generic(): Timed out 0.500 seconds after 0 chars, direct=1
******6:frame.c(329):icom_one_transaction returning(-5) Communication timed out

Communication timed out
Communication timed out
[RIGCTRL][2026-05-04 16:31:15.536293][00:00:03.428939][warning] icom_transaction: retry=0: 
Communication timed out

*****5:frame.c(555):icom_transaction returning(-5) Communication timed out

****4:icom.c(833):icom_get_usb_echo_off returning(-5) Communication timed out

icom_get_freq: using vfo=VFOA
icom_get_vfo_number_x25x26(10198): current_vfo=currVFO, vfo=VFOA -> vfo_number=0
****4:frame.c(524):icom_transaction entered
icom_transaction: cmd=0x25, subcmd=0x00, payload_len=0
*****5:frame.c(144):icom_one_transaction entered
write_block(): TX 7 bytes
0000    fe fe 94 e0 25 00 fd                                ....%..         
read_string_generic called, rxmax=200 direct=1, expected_len=1
read_string_generic(): Timed out 0.500 seconds after 0 chars, direct=1
*****5:frame.c(329):icom_one_transaction returning(-5) Communication timed out

Communication timed out
Communication timed out
[RIGCTRL][2026-05-04 16:31:15.637455][00:00:03.530100][warning] icom_get_powerstat: get freq failed, assuming power is off
[RIGCTRL][2026-05-04 16:31:15.637496][00:00:03.530141][error] rig_open: Some rigs cannot get_powerstat while off
[RIGCTRL][2026-05-04 16:31:15.637503][00:00:03.530148][error] rig_open: Known rigs: K3, K3S
[RIGCTRL][2026-05-04 16:31:16.649755][00:00:04.542400][warning] icom_transaction: retry=0: 
*1:rig.c(6995):rig_get_powerstat returning(-5) Communication timed out

rig_open: Some rigs cannot get_powerstat while off
rig_open: Known rigs: K3, K3S
*1:icom.c(1158):icom_rig_open entered
icom_rig_open: IC-7300 v20250517.14
**2:icom.c(825):icom_get_usb_echo_off entered
***3:frame.c(524):icom_transaction entered
icom_transaction: cmd=0x03, subcmd=0xffffffff, payload_len=0
****4:frame.c(144):icom_one_transaction entered
write_block(): TX 6 bytes
0000    fe fe 94 e0 03 fd                                   ......          
read_string_generic called, rxmax=200 direct=1, expected_len=1
read_string_generic(1371): retrying read timeout 1/1 timeout=500
read_string_generic(): Timed out 1.012 seconds after 0 chars, direct=1
****4:frame.c(329):icom_one_transaction returning(-5) Communication timed out

Communication timed out
Communication timed out
[RIGCTRL][2026-05-04 16:31:16.750882][00:00:04.643528][error] icom_rig_open: Unable to determine Icom echo status -- is rig on and connected?
[RIGCTRL][2026-05-04 16:31:16.773399][00:00:04.666044][error] error: read_string_generic(1371): retrying read timeout 1/1 timeout=500
read_string_generic(): Timed out 1.012 seconds after 0 chars, direct=1
****4:frame.c(329):icom_one_transaction returning(-5) Communication timed out

Communication timed out

Communication timed out

***3:frame.c(555):icom_transaction returning(-5) Communication timed out

**2:icom.c(833):icom_get_usb_echo_off returning(-5) Communication timed out

icom_rig_open: echo status result=-5
icom_rig_open: Unable to determine Icom echo status -- is rig on and connected?
*1:icom.c(1193):icom_rig_open returning(-5) Communication timed out

ser_close: restoring options
rig.c(1559):rig_open returning2(-5) Communication timed out

Communication timed out
[RIGCTRL][2026-05-04 16:31:16.775280][00:00:04.667925][error] rig_set_ptt: rig or rig->caps is null
[RIGCTRL][2026-05-04 16:31:16.775323][00:00:04.667969][error] error: 
Communication timed out

Communication timed out

***3:frame.c(555):icom_transaction returning(-5) Communication timed out

**2:icom.c(833):icom_get_usb_echo_off returning(-5) Communication timed out

icom_rig_open: echo status result=-5
icom_rig_open: Unable to determine Icom echo status -- is rig on and connected?
*1:icom.c(1193):icom_rig_open returning(-5) Communication timed out

ser_close: restoring options
rig.c(1559):rig_open returning2(-5) Communication timed out

Communication timed out
Communication timed out
rig_set_ptt: rig or rig->caps is null
Invalid parameter
[SYSLOG][2026-05-04 16:31:16.775423][00:00:04.668068][error] handle_transceiver_failure: reason: Hamlib error: read_string_generic(): Timed out 1.012 seconds after 0 chars, direct=1
****4:frame.c(329):icom_one_transaction returning(-5) Communication timed out

Communication timed out

Communication timed out

***3:frame.c(555):icom_transaction returning(-5) Communication timed out

**2:icom.c(833):icom_get_usb_echo_off returning(-5) Communication timed out

icom_rig_open: echo status result=-5
icom_rig_open: Unable to determine Icom echo status -- is rig on and connected?
*1:icom.c(1193):icom_rig_open returning(-5) Communication timed out

ser_close: restoring options
rig.c(1559):rig_open returning2(-5) Communication timed out

Communication timed out
Communication timed out
 while opening connection to rig
[RIGCTRL][2026-05-04 16:31:17.458633][00:00:05.351279][warning] icom_transaction: retry=0: rig_get_freq: depth=3
rig_get_cache(332):  vfo=VFOA, current_vfo=currVFO
rig_get_cache(527): vfo=VFOA, freq=0, mode=, width=0
rig_get_freq(2618): freqMainA=0, modeMainA=, widthMainA=0
rig_get_freq(2618): freqMainB=0, modeMainB=, widthMainB=0
rig_get_freq: cache miss age=1000000ms, cached_vfo=VFOA, asked_vfo=VFOA, use_cached_freq=0
rig_get_freq(2655): vfo_opt=0, model=3073
icom_get_freq called for VFOA, curr_vfo=currVFO
****4:icom.c(825):icom_get_usb_echo_off entered
*****5:frame.c(524):icom_transaction entered
icom_transaction: cmd=0x03, subcmd=0xffffffff, payload_len=0
******6:frame.c(144):icom_one_transaction entered
write_block(): TX 6 bytes
0000    fe fe 94 e0 03 fd                                   ......          
read_string_generic called, rxmax=200 direct=1, expected_len=1
read_string_generic(): Timed out 0.500 seconds after 0 chars, direct=1
******6:frame.c(329):icom_one_transaction returning(-5) Communication timed out

Communication timed out
Communication timed out
[RIGCTRL][2026-05-04 16:31:18.060394][00:00:05.953039][warning] icom_transaction: retry=0: 
Communication timed out

*****5:frame.c(555):icom_transaction returning(-5) Communication timed out

****4:icom.c(833):icom_get_usb_echo_off returning(-5) Communication timed out

icom_get_freq: using vfo=VFOA
icom_get_vfo_number_x25x26(10198): current_vfo=currVFO, vfo=VFOA -> vfo_number=0
****4:frame.c(524):icom_transaction entered
icom_transaction: cmd=0x25, subcmd=0x00, payload_len=0
*****5:frame.c(144):icom_one_transaction entered
write_block(): TX 7 bytes
0000    fe fe 94 e0 25 00 fd                                ....%..         
read_string_generic called, rxmax=200 direct=1, expected_len=1
read_string_generic(): Timed out 0.500 seconds after 0 chars, direct=1
*****5:frame.c(329):icom_one_transaction returning(-5) Communication timed out

Communication timed out
Communication timed out
[RIGCTRL][2026-05-04 16:31:18.160620][00:00:06.053265][warning] icom_get_powerstat: get freq failed, assuming power is off
[RIGCTRL][2026-05-04 16:31:18.160661][00:00:06.053307][error] rig_open: Some rigs cannot get_powerstat while off
[RIGCTRL][2026-05-04 16:31:18.160668][00:00:06.053391][error] rig_open: Known rigs: K3, K3S
[RIGCTRL][2026-05-04 16:31:19.172579][00:00:07.065225][warning] icom_transaction: retry=0: 
*1:rig.c(6995):rig_get_powerstat returning(-5) Communication timed out

rig_open: Some rigs cannot get_powerstat while off
rig_open: Known rigs: K3, K3S
*1:icom.c(1158):icom_rig_open entered
icom_rig_open: IC-7300 v20250517.14
**2:icom.c(825):icom_get_usb_echo_off entered
***3:frame.c(524):icom_transaction entered
icom_transaction: cmd=0x03, subcmd=0xffffffff, payload_len=0
****4:frame.c(144):icom_one_transaction entered
write_block(): TX 6 bytes
0000    fe fe 94 e0 03 fd                                   ......          
read_string_generic called, rxmax=200 direct=1, expected_len=1
read_string_generic(1371): retrying read timeout 1/1 timeout=500
read_string_generic(): Timed out 1.011 seconds after 0 chars, direct=1
****4:frame.c(329):icom_one_transaction returning(-5) Communication timed out

Communication timed out
Communication timed out
[RIGCTRL][2026-05-04 16:31:19.273717][00:00:07.166362][error] icom_rig_open: Unable to determine Icom echo status -- is rig on and connected?
[RIGCTRL][2026-05-04 16:31:19.296550][00:00:07.189195][error] error: read_string_generic(1371): retrying read timeout 1/1 timeout=500
read_string_generic(): Timed out 1.011 seconds after 0 chars, direct=1
****4:frame.c(329):icom_one_transaction returning(-5) Communication timed out

Communication timed out

Communication timed out

***3:frame.c(555):icom_transaction returning(-5) Communication timed out

**2:icom.c(833):icom_get_usb_echo_off returning(-5) Communication timed out

icom_rig_open: echo status result=-5
icom_rig_open: Unable to determine Icom echo status -- is rig on and connected?
*1:icom.c(1193):icom_rig_open returning(-5) Communication timed out

ser_close: restoring options
rig.c(1559):rig_open returning2(-5) Communication timed out

Communication timed out
[RIGCTRL][2026-05-04 16:31:19.296667][00:00:07.189312][error] rig_set_ptt: rig or rig->caps is null
[RIGCTRL][2026-05-04 16:31:19.296677][00:00:07.189323][error] error: 
Communication timed out

Communication timed out

***3:frame.c(555):icom_transaction returning(-5) Communication timed out

**2:icom.c(833):icom_get_usb_echo_off returning(-5) Communication timed out

icom_rig_open: echo status result=-5
icom_rig_open: Unable to determine Icom echo status -- is rig on and connected?
*1:icom.c(1193):icom_rig_open returning(-5) Communication timed out

ser_close: restoring options
rig.c(1559):rig_open returning2(-5) Communication timed out

Communication timed out
Communication timed out
rig_set_ptt: rig or rig->caps is null
Invalid parameter
[SYSLOG][2026-05-04 16:31:19.296706][00:00:07.189352][error] handle_transceiver_failure: reason: Hamlib error: read_string_generic(): Timed out 1.011 seconds after 0 chars, direct=1
****4:frame.c(329):icom_one_transaction returning(-5) Communication timed out

Communication timed out

Communication timed out

***3:frame.c(555):icom_transaction returning(-5) Communication timed out

**2:icom.c(833):icom_get_usb_echo_off returning(-5) Communication timed out

icom_rig_open: echo status result=-5
icom_rig_open: Unable to determine Icom echo status -- is rig on and connected?
*1:icom.c(1193):icom_rig_open returning(-5) Communication timed out

ser_close: restoring options
rig.c(1559):rig_open returning2(-5) Communication timed out

Communication timed out
Communication timed out
 while opening connection to rig
[RIGCTRL][2026-05-04 16:32:16.780893][00:01:04.673539][warning] connect to 127.0.0.1:4532 failed, (trying next interface): Network error 111: Connection refused
[RIGCTRL][2026-05-04 16:32:16.780962][00:01:04.673608][error] network_open: failed to connect to 127.0.0.1:4532
[RIGCTRL][2026-05-04 16:32:16.780998][00:01:04.673643][error] error: netrigctl_init version 20250211.0
rig_token_lookup called for no_xchg
rig_confparam_lookup called for no_xchg and not found
rig_token_lookup called for client
rig_confparam_lookup called for client
rig_set_conf called
rig_confparam_lookup called for client
rig_set_conf: client='WSJTX'
frontend_set_conf: Client claims to be WSJTX
rig.c(1051):rig_open entered
rig_settings_get_path: path=/home/pi/.config/hamlib_settings
rig_open: async_data_enable=0, async_data_supported=0
rig_open: using network address 127.0.0.1:4532
network_open: TCP connect
network_open: hoststr=127.0.0.1, portstr=4532
connect to 127.0.0.1:4532 failed, (trying next interface): Network error 111: Connection refused
network_open: failed to connect to 127.0.0.1:4532
rig.c(1284):rig_open returning2(-6) IO error

IO error
[RIGCTRL][2026-05-04 16:32:16.781088][00:01:04.673734][error] rig_set_ptt: rig or rig->caps is null
[RIGCTRL][2026-05-04 16:32:16.781099][00:01:04.673745][error] error: rig_token_lookup called for client
rig_confparam_lookup called for client
rig_set_conf called
rig_confparam_lookup called for client
rig_set_conf: client='WSJTX'
frontend_set_conf: Client claims to be WSJTX
rig.c(1051):rig_open entered
rig_settings_get_path: path=/home/pi/.config/hamlib_settings
rig_open: async_data_enable=0, async_data_supported=0
rig_open: using network address 127.0.0.1:4532
network_open: TCP connect
network_open: hoststr=127.0.0.1, portstr=4532
connect to 127.0.0.1:4532 failed, (trying next interface): Network error 111: Connection refused
network_open: failed to connect to 127.0.0.1:4532
rig.c(1284):rig_open returning2(-6) IO error

IO error
IO error
rig_set_ptt: rig or rig->caps is null
Invalid parameter
[SYSLOG][2026-05-04 16:32:16.790144][00:01:04.682792][error] handle_transceiver_failure: reason: Hamlib error: rig_token_lookup called for no_xchg
rig_confparam_lookup called for no_xchg and not found
rig_token_lookup called for client
rig_confparam_lookup called for client
rig_set_conf called
rig_confparam_lookup called for client
rig_set_conf: client='WSJTX'
frontend_set_conf: Client claims to be WSJTX
rig.c(1051):rig_open entered
rig_settings_get_path: path=/home/pi/.config/hamlib_settings
rig_open: async_data_enable=0, async_data_supported=0
rig_open: using network address 127.0.0.1:4532
network_open: TCP connect
network_open: hoststr=127.0.0.1, portstr=4532
connect to 127.0.0.1:4532 failed, (trying next interface): Network error 111: Connection refused
network_open: failed to connect to 127.0.0.1:4532
rig.c(1284):rig_open returning2(-6) IO error

IO error
IO error
 while opening connection to rig
[RIGCTRL][2026-05-04 16:32:16.797450][00:01:04.690097][warning] connect to 127.0.0.1:4532 failed, (trying next interface): Network error 111: Connection refused
[RIGCTRL][2026-05-04 16:32:16.797545][00:01:04.690192][error] network_open: failed to connect to 127.0.0.1:4532
[RIGCTRL][2026-05-04 16:32:16.797585][00:01:04.690230][error] error: netrigctl_init version 20250211.0
rig_token_lookup called for no_xchg
rig_confparam_lookup called for no_xchg and not found
rig_token_lookup called for client
rig_confparam_lookup called for client
rig_set_conf called
rig_confparam_lookup called for client
rig_set_conf: client='WSJTX'
frontend_set_conf: Client claims to be WSJTX
rig.c(1051):rig_open entered
rig_settings_get_path: path=/home/pi/.config/hamlib_settings
rig_open: async_data_enable=0, async_data_supported=0
rig_open: using network address 127.0.0.1:4532
network_open: TCP connect
network_open: hoststr=127.0.0.1, portstr=4532
connect to 127.0.0.1:4532 failed, (trying next interface): Network error 111: Connection refused
network_open: failed to connect to 127.0.0.1:4532
rig.c(1284):rig_open returning2(-6) IO error

IO error
[RIGCTRL][2026-05-04 16:32:16.797699][00:01:04.690345][error] rig_set_ptt: rig or rig->caps is null
[RIGCTRL][2026-05-04 16:32:16.797712][00:01:04.690357][error] error: rig_token_lookup called for client
rig_confparam_lookup called for client
rig_set_conf called
rig_confparam_lookup called for client
rig_set_conf: client='WSJTX'
frontend_set_conf: Client claims to be WSJTX
rig.c(1051):rig_open entered
rig_settings_get_path: path=/home/pi/.config/hamlib_settings
rig_open: async_data_enable=0, async_data_supported=0
rig_open: using network address 127.0.0.1:4532
network_open: TCP connect
network_open: hoststr=127.0.0.1, portstr=4532
connect to 127.0.0.1:4532 failed, (trying next interface): Network error 111: Connection refused
network_open: failed to connect to 127.0.0.1:4532
rig.c(1284):rig_open returning2(-6) IO error

IO error
IO error
rig_set_ptt: rig or rig->caps is null
Invalid parameter
[SYSLOG][2026-05-04 16:32:16.810823][00:01:04.703473][error] handle_transceiver_failure: reason: Hamlib error: rig_token_lookup called for no_xchg
rig_confparam_lookup called for no_xchg and not found
rig_token_lookup called for client
rig_confparam_lookup called for client
rig_set_conf called
rig_confparam_lookup called for client
rig_set_conf: client='WSJTX'
frontend_set_conf: Client claims to be WSJTX
rig.c(1051):rig_open entered
rig_settings_get_path: path=/home/pi/.config/hamlib_settings
rig_open: async_data_enable=0, async_data_supported=0
rig_open: using network address 127.0.0.1:4532
network_open: TCP connect
network_open: hoststr=127.0.0.1, portstr=4532
connect to 127.0.0.1:4532 failed, (trying next interface): Network error 111: Connection refused
network_open: failed to connect to 127.0.0.1:4532
rig.c(1284):rig_open returning2(-6) IO error

IO error
IO error
 while opening connection to rig
[RIGCTRL][2026-05-04 16:33:57.304288][00:02:45.196934][error] netrigctl_open: invalid dumpcaps line, expected 'setting=value', got '=0,0,0;55=0,0,0;56=0,0,0;57=0,0,0;58=0,0,0;59=0,0,0;60=0,0,0;61=0,0,0;62=0,0,0;63=0,0,0;'
[RIGCTRL][2026-05-04 16:33:57.312563][00:02:45.205208][warning] rig_get_vfo: no get_vfo
[RIGCTRL][2026-05-04 16:33:59.219088][00:02:47.111734][error] rig_set_vfo: set_vfo VFOB failed with 'rig_set_vfo called vfo=VFOB
rig_set_vfo called vfo=VFOB
vfo_fixup:(from rig_set_vfo:3404) vfo=VFOB, vfo_curr=currVFO, split=0
vfo_fixup: final vfo=VFOB
vfo_fixup:(from rig_set_vfo:3425) vfo=VFOB, vfo_curr=currVFO, split=0
vfo_fixup: final vfo=VFOB
*rig.c(3444) trace
rig_lock: client lock engaged
netrigctl_set_vfo called
netrigctl_set_vfo: cmd='V VFOB
'
netrigctl_transaction: called len=7
network_flush called
write_block(): TX 7 bytes
0000    56 20 56 46 4f 42 0a                                V VFOB.         
read_string_generic called, rxmax=1024 direct=1, expected_len=1
read_string_generic(): RX 9 characters, direct=1
0000    52 50 52 54 20 2d 31 33 0a                          RPRT -13.       
Communication bus error
Communication bus error
'
[RIGCTRL][2026-05-04 16:33:59.219139][00:02:47.111784][warning] rig_get_vfo: no get_vfo
[RIGCTRL][2026-05-04 16:33:59.219202][00:02:47.111847][error] error: 0000    56 20 56 46 4f 42 0a                                V VFOB.         
read_string_generic called, rxmax=1024 direct=1, expected_len=1
read_string_generic(): RX 9 characters, direct=1
0000    52 50 52 54 20 2d 31 33 0a                          RPRT -13.       
Communication bus error
'
rig_set_cache_freq(172):  vfo=AllVFOs, current_vfo=currVFO
**2:rig.c(3532):rig_get_vfo entered
rig_get_vfo: no get_vfo
**2:rig_get_vfo: elapsed=0ms
**2:rig.c(3544):rig_get_vfo returning(-11) Feature not available

rig_set_vfo: Expiring all cache due to VFO change and no get_vfo
rig_set_cache_freq(172):  vfo=AllVFOs, current_vfo=currVFO
rig_set_vfo: returning -13, vfo=VFOB, curr_vfo=currVFO
*1:rig_set_vfo: elapsed=1600ms
rig_lock: client lock disengaged
*1:rig.c(3498):rig_set_vfo returning(-13) Communication bus error

Communication bus error
[SYSLOG][2026-05-04 16:33:59.219331][00:02:47.111977][error] handle_transceiver_failure: reason: Hamlib error: read_string_generic called, rxmax=1024 direct=1, expected_len=1
read_string_generic(): RX 9 characters, direct=1
0000    52 50 52 54 20 2d 31 33 0a                          RPRT -13.       
Communication bus error
'
rig_set_cache_freq(172):  vfo=AllVFOs, current_vfo=currVFO
**2:rig.c(3532):rig_get_vfo entered
rig_get_vfo: no get_vfo
**2:rig_get_vfo: elapsed=0ms
**2:rig.c(3544):rig_get_vfo returning(-11) Feature not available

rig_set_vfo: Expiring all cache due to VFO change and no get_vfo
rig_set_cache_freq(172):  vfo=AllVFOs, current_vfo=currVFO
rig_set_vfo: returning -13, vfo=VFOB, curr_vfo=currVFO
*1:rig_set_vfo: elapsed=1600ms
rig_lock: client lock disengaged
*1:rig.c(3498):rig_set_vfo returning(-13) Communication bus error

Communication bus error
Communication bus error
 while exchanging VFOs
[RIGCTRL][2026-05-04 16:34:02.461793][00:02:50.354438][error] netrigctl_close: done
[RIGCTRL][2026-05-04 16:34:02.581455][00:02:50.474100][error] netrigctl_open: invalid dumpcaps line, expected 'setting=value', got '=0,0,0;55=0,0,0;56=0,0,0;57=0,0,0;58=0,0,0;59=0,0,0;60=0,0,0;61=0,0,0;62=0,0,0;63=0,0,0;'
[RIGCTRL][2026-05-04 16:34:02.586295][00:02:50.478940][warning] rig_get_vfo: no get_vfo
[RIGCTRL][2026-05-04 16:37:21.783352][00:06:09.675998][warning] rig_parse_mode: mode '' not found...returning RIG_MODE_NONE
[RIGCTRL][2026-05-04 16:37:55.464874][00:06:43.357519][error] error: *1:rig.c(3982):rig_get_ptt entered
rig_get_ptt: cache check age=1861ms
rig_get_ptt: cache miss age=1861ms
rig_lock: client lock engaged
*rig.c(4025) trace
netrigctl_get_ptt called
netrigctl_vfostr: called vfo=VFOA
netrigctl_vfostr: vfo_opt=0
netrigctl_transaction: called len=2
network_flush called
write_block(): TX 2 bytes
0000    74 0a                                               t.              
read_string_generic called, rxmax=1024 direct=1, expected_len=1
read_string_generic(): RX 8 characters, direct=1
0000    52 50 52 54 20 2d 39 0a                             RPRT -9.        
*1:rig_get_ptt: elapsed=417ms
rig_lock: client lock disengaged
*1:rig.c(4036):rig_get_ptt returning(-9) Command rejected by the rig

Command rejected by the rig
[SYSLOG][2026-05-04 16:37:55.465021][00:06:43.357667][error] handle_transceiver_failure: reason: Hamlib error: rig_get_ptt: cache check age=1861ms
rig_get_ptt: cache miss age=1861ms
rig_lock: client lock engaged
*rig.c(4025) trace
netrigctl_get_ptt called
netrigctl_vfostr: called vfo=VFOA
netrigctl_vfostr: vfo_opt=0
netrigctl_transaction: called len=2
network_flush called
write_block(): TX 2 bytes
0000    74 0a                                               t.              
read_string_generic called, rxmax=1024 direct=1, expected_len=1
read_string_generic(): RX 8 characters, direct=1
0000    52 50 52 54 20 2d 39 0a                             RPRT -9.        
*1:rig_get_ptt: elapsed=417ms
rig_lock: client lock disengaged
*1:rig.c(4036):rig_get_ptt returning(-9) Command rejected by the rig

Command rejected by the rig
Command rejected by the rig
 while getting PTT state
[RIGCTRL][2026-05-04 16:37:55.530739][00:06:43.423384][error] error: Command rejected by the rig
*1:rig.c(3636):rig_set_ptt entered
rig_lock: client lock engaged
*rig.c(3672) trace
netrigctl_set_ptt called vfo=currVFO, ptt=0, ptt_type=5
netrigctl_vfostr: called vfo=VFOA
netrigctl_vfostr: vfo_opt=0
netrigctl_set_ptt: cmd=T 0
netrigctl_transaction: called len=4
network_flush called
write_block(): TX 4 bytes
0000    54 20 30 0a                                         T 0.            
read_string_generic called, rxmax=1024 direct=1, expected_len=1
read_string_generic(): RX 8 characters, direct=1
0000    52 50 52 54 20 2d 35 0a                             RPRT -5.        
*1:rig_set_ptt: elapsed=66ms
rig_lock: client lock disengaged
*1:rig.c(3679):rig_set_ptt returning(-5) Communication timed out

Communication timed out
[RIGCTRL][2026-05-04 16:37:58.062803][00:06:45.955448][error] netrigctl_close: done
[RIGCTRL][2026-05-04 18:08:05.458623][01:36:53.351268][error] netrigctl_open: invalid dumpcaps line, expected 'setting=value', got '=0,0,0;55=0,0,0;56=0,0,0;57=0,0,0;58=0,0,0;59=0,0,0;60=0,0,0;61=0,0,0;62=0,0,0;63=0,0,0;'
[RIGCTRL][2026-05-04 18:08:05.465996][01:36:53.358641][warning] rig_get_vfo: no get_vfo
[RIGCTRL][2026-05-04 18:09:36.758778][01:38:24.651423][error] error: *1:rig.c(3982):rig_get_ptt entered
rig_get_ptt: cache check age=1046ms
rig_get_ptt: cache miss age=1046ms
rig_lock: client lock engaged
*rig.c(4025) trace
netrigctl_get_ptt called
netrigctl_vfostr: called vfo=VFOA
netrigctl_vfostr: vfo_opt=0
netrigctl_transaction: called len=2
network_flush called
write_block(): TX 2 bytes
0000    74 0a                                               t.              
read_string_generic called, rxmax=1024 direct=1, expected_len=1
read_string_generic(): RX 8 characters, direct=1
0000    52 50 52 54 20 2d 39 0a                             RPRT -9.        
*1:rig_get_ptt: elapsed=5ms
rig_lock: client lock disengaged
*1:rig.c(4036):rig_get_ptt returning(-9) Command rejected by the rig

Command rejected by the rig
[SYSLOG][2026-05-04 18:09:36.759097][01:38:24.651743][error] handle_transceiver_failure: reason: Hamlib error: rig_get_ptt: cache check age=1046ms
rig_get_ptt: cache miss age=1046ms
rig_lock: client lock engaged
*rig.c(4025) trace
netrigctl_get_ptt called
netrigctl_vfostr: called vfo=VFOA
netrigctl_vfostr: vfo_opt=0
netrigctl_transaction: called len=2
network_flush called
write_block(): TX 2 bytes
0000    74 0a                                               t.              
read_string_generic called, rxmax=1024 direct=1, expected_len=1
read_string_generic(): RX 8 characters, direct=1
0000    52 50 52 54 20 2d 39 0a                             RPRT -9.        
*1:rig_get_ptt: elapsed=5ms
rig_lock: client lock disengaged
*1:rig.c(4036):rig_get_ptt returning(-9) Command rejected by the rig

Command rejected by the rig
Command rejected by the rig
 while getting PTT state
[RIGCTRL][2026-05-04 18:09:36.761684][01:38:24.654330][error] error: Command rejected by the rig
*1:rig.c(3636):rig_set_ptt entered
rig_lock: client lock engaged
*rig.c(3672) trace
netrigctl_set_ptt called vfo=currVFO, ptt=0, ptt_type=5
netrigctl_vfostr: called vfo=VFOA
netrigctl_vfostr: vfo_opt=0
netrigctl_set_ptt: cmd=T 0
netrigctl_transaction: called len=4
network_flush called
write_block(): TX 4 bytes
0000    54 20 30 0a                                         T 0.            
read_string_generic called, rxmax=1024 direct=1, expected_len=1
read_string_generic(): RX 8 characters, direct=1
0000    52 50 52 54 20 2d 35 0a                             RPRT -5.        
*1:rig_set_ptt: elapsed=3ms
rig_lock: client lock disengaged
*1:rig.c(3679):rig_set_ptt returning(-5) Communication timed out

Communication timed out
[RIGCTRL][2026-05-04 18:09:38.756430][01:38:26.649075][error] netrigctl_close: done
[RIGCTRL][2026-05-04 18:10:01.427912][01:38:49.320558][error] netrigctl_open: invalid dumpcaps line, expected 'setting=value', got '=0,0,0;55=0,0,0;56=0,0,0;57=0,0,0;58=0,0,0;59=0,0,0;60=0,0,0;61=0,0,0;62=0,0,0;63=0,0,0;'
[RIGCTRL][2026-05-04 18:10:01.432653][01:38:49.325298][warning] rig_get_vfo: no get_vfo
[RIGCTRL][2026-05-04 18:11:22.487754][01:40:10.380400][warning] network_flush: network data clear d: ret=0, len=5, ''
[RIGCTRL][2026-05-04 18:11:22.487790][01:40:10.380436][warning] network_flush: network data cleared: ret=0, len_read=5/0x5
[RIGCTRL][2026-05-04 18:11:23.439003][01:40:11.331648][warning] network_flush: network data clear d: ret=0, len=9, ''
[RIGCTRL][2026-05-04 18:11:23.439036][01:40:11.331682][warning] network_flush: network data cleared: ret=0, len_read=9/0x9
[SYSLOG][2026-05-04 18:11:37.929579][01:40:25.822227][warning] qt.qpa.wayland: Wayland does not support QWindow::requestActivate()
[RIGCTRL][2026-05-04 18:16:22.576788][01:45:10.469433][error] netrigctl_close: done
[SYSLOG][2026-05-04 18:16:22.608538][01:45:10.501186][info] Log Finish
[SYSLOG][2026-05-04 18:18:10.483721][00:00:00.000515][info] Log Start
[SYSLOG][2026-05-04 18:18:10.483774][00:00:00.000567][info] WSJT-X   v2.7.0   by K1JT et al. - Program startup
[SYSLOG][2026-05-04 18:18:10.484865][00:00:00.001658][info] locale: language: English script: Latin country: United States ui-languages: en-US, en, en-Latn-US
[SYSLOG][2026-05-04 18:18:10.485303][00:00:00.002095][info] Loaded WSJT-X base translation file from :/Translations based on language en
[SYSLOG][2026-05-04 18:18:10.485359][00:00:00.002151][info] Loaded WSJT-X translations for current locale from resources
[SYSLOG][2026-05-04 18:18:10.571469][00:00:00.088262][info] shmem size: 48275268
[RIGCTRL][2026-05-04 18:18:10.637788][00:00:00.154583][info] Hamlib version: Hamlib 4.7.1 from indeterminate source revision. 64-bit
[SYSLOG][2026-05-04 18:18:10.680448][00:00:00.197281][info] Configuration Settings (/home/pi/.config/WSJT-X.ini)
[SYSLOG][2026-05-04 18:18:10.683813][00:00:00.200613][info] Reading frequencies
[SYSLOG][2026-05-04 18:18:10.683911][00:00:00.200705][info] read_settings found FrequenciesForRegionModes_v2
[SYSLOG][2026-05-04 18:18:12.305285][00:00:01.822083][info] Loading CTY.DAT from /usr/share/wsjtx/cty.dat
[SYSLOG][2026-05-04 18:18:12.450326][00:00:01.967120][info] Loaded CTY.DAT version VER20250523, Faroe Islands
[SYSLOG][2026-05-04 18:18:12.450482][00:00:01.967274][info] Loading CTY.DAT from /usr/share/wsjtx/cty.dat
[SYSLOG][2026-05-04 18:18:12.605078][00:00:02.121872][info] Loaded CTY.DAT version VER20250523, Faroe Islands
[RIGCTRL][2026-05-04 18:18:12.794208][00:00:02.311001][error] netrigctl_open: invalid dumpcaps line, expected 'setting=value', got '=0,0,0;55=0,0,0;56=0,0,0;57=0,0,0;58=0,0,0;59=0,0,0;60=0,0,0;61=0,0,0;62=0,0,0;63=0,0,0;'
[RIGCTRL][2026-05-04 18:18:12.799710][00:00:02.316502][warning] rig_get_vfo: no get_vfo
[SYSLOG][2026-05-04 18:26:19.287692][00:08:08.804488][warning] qt.qpa.wayland: Wayland does not support QWindow::requestActivate()
[RIGCTRL][2026-05-04 18:50:26.169826][00:32:15.686618][error] error: *1:rig.c(3982):rig_get_ptt entered
rig_get_ptt: cache check age=1278ms
rig_get_ptt: cache miss age=1278ms
rig_lock: client lock engaged
*rig.c(4025) trace
netrigctl_get_ptt called
netrigctl_vfostr: called vfo=VFOA
netrigctl_vfostr: vfo_opt=0
netrigctl_transaction: called len=2
network_flush called
write_block(): TX 2 bytes
0000    74 0a                                               t.              
read_string_generic called, rxmax=1024 direct=1, expected_len=1
read_string_generic(): RX 8 characters, direct=1
0000    52 50 52 54 20 2d 39 0a                             RPRT -9.        
*1:rig_get_ptt: elapsed=115ms
rig_lock: client lock disengaged
*1:rig.c(4036):rig_get_ptt returning(-9) Command rejected by the rig

Command rejected by the rig
[SYSLOG][2026-05-04 18:50:26.170043][00:32:15.686838][error] handle_transceiver_failure: reason: Hamlib error: rig_get_ptt: cache check age=1278ms
rig_get_ptt: cache miss age=1278ms
rig_lock: client lock engaged
*rig.c(4025) trace
netrigctl_get_ptt called
netrigctl_vfostr: called vfo=VFOA
netrigctl_vfostr: vfo_opt=0
netrigctl_transaction: called len=2
network_flush called
write_block(): TX 2 bytes
0000    74 0a                                               t.              
read_string_generic called, rxmax=1024 direct=1, expected_len=1
read_string_generic(): RX 8 characters, direct=1
0000    52 50 52 54 20 2d 39 0a                             RPRT -9.        
*1:rig_get_ptt: elapsed=115ms
rig_lock: client lock disengaged
*1:rig.c(4036):rig_get_ptt returning(-9) Command rejected by the rig

Command rejected by the rig
Command rejected by the rig
 while getting PTT state
[RIGCTRL][2026-05-04 18:50:28.398036][00:32:17.914829][error] error: rig_check_rig_caps: p1=0x7fffbcafbbe0, p2=0x7fffbcb02168, rig_model=0x7fffbcafbbe0, macro_name=0x7fffbcb02168
rig_init: rig_model=Hamlib NET rigctl 20250211.0
Requesting 47952 bytes for rig_struct
Requesting 728 bytes for rig_cache
rig_init: rx_range_list1 is empty, using rx_range_list2
rig_init: rig does not have tx_range!!
rig_init: rig has VFO_A
rig_init: rig has VFO_B
rig_init: rig has VFO_MEM
rig.c(995) trace
netrigctl_init version 20250211.0
rig_token_lookup called for no_xchg
rig_confparam_lookup called for no_xchg and not found
read_string_generic(): RX 9 characters, direct=1
0000    52 50 52 54 20 2d 31 33 0a                          RPRT -13.       
*1:rig_set_ptt: elapsed=2228ms
rig_lock: client lock disengaged
*1:rig.c(3679):rig_set_ptt returning(-13) Communication bus error

Communication bus error
[RIGCTRL][2026-05-04 18:50:28.816200][00:32:18.332992][error] netrigctl_open: invalid dumpcaps line, expected 'setting=value', got '=0,0,0;55=0,0,0;56=0,0,0;57=0,0,0;58=0,0,0;59=0,0,0;60=0,0,0;61=0,0,0;62=0,0,0;63=0,0,0;'
[RIGCTRL][2026-05-04 18:50:28.826644][00:32:18.343437][warning] rig_get_vfo: no get_vfo
[RIGCTRL][2026-05-04 18:50:29.886038][00:32:19.402830][error] netrigctl_close: done
[RIGCTRL][2026-05-04 18:50:38.411034][00:32:27.927826][error] error: netrigctl_vfostr: called vfo=VFOA
netrigctl_vfostr: vfo_opt=0
netrigctl_transaction: called len=2
network_flush called
write_block(): TX 2 bytes
0000    66 0a                                               f.              
read_string_generic called, rxmax=1024 direct=1, expected_len=1
read_string_generic(): RX 9 characters, direct=1
0000    52 50 52 54 20 2d 31 31 0a                          RPRT -11.       
netrigctl_get_freq: cmd=f, reply=RPRT -11

rig_get_freq(2674): freqMainA=21074000, modeMainA=USB, widthMainA=2700
rig_get_freq(2674): freqMainB=14025000, modeMainB=USB, widthMainB=2700
rig_set_cache_freq(172):  vfo=VFOA, current_vfo=VFOA
rig_get_band called
*1:rig_get_freq: elapsed=841ms
rig_lock: client lock disengaged
*1:rig.c(2791):rig_get_freq returning(-11) Feature not available

Feature not available
[SYSLOG][2026-05-04 18:50:38.411182][00:32:27.927975][error] handle_transceiver_failure: reason: Hamlib error: netrigctl_vfostr: vfo_opt=0
netrigctl_transaction: called len=2
network_flush called
write_block(): TX 2 bytes
0000    66 0a                                               f.              
read_string_generic called, rxmax=1024 direct=1, expected_len=1
read_string_generic(): RX 9 characters, direct=1
0000    52 50 52 54 20 2d 31 31 0a                          RPRT -11.       
netrigctl_get_freq: cmd=f, reply=RPRT -11

rig_get_freq(2674): freqMainA=21074000, modeMainA=USB, widthMainA=2700
rig_get_freq(2674): freqMainB=14025000, modeMainB=USB, widthMainB=2700
rig_set_cache_freq(172):  vfo=VFOA, current_vfo=VFOA
rig_get_band called
*1:rig_get_freq: elapsed=841ms
rig_lock: client lock disengaged
*1:rig.c(2791):rig_get_freq returning(-11) Feature not available

Feature not available
Feature not available
 while getting current VFO frequency
[RIGCTRL][2026-05-04 18:50:38.521005][00:32:28.037797][error] error: Feature not available
*1:rig.c(3636):rig_set_ptt entered
rig_lock: client lock engaged
*rig.c(3672) trace
netrigctl_set_ptt called vfo=currVFO, ptt=0, ptt_type=5
netrigctl_vfostr: called vfo=VFOA
netrigctl_vfostr: vfo_opt=0
netrigctl_set_ptt: cmd=T 0
netrigctl_transaction: called len=4
network_flush called
write_block(): TX 4 bytes
0000    54 20 30 0a                                         T 0.            
read_string_generic called, rxmax=1024 direct=1, expected_len=1
read_string_generic(): RX 8 characters, direct=1
0000    52 50 52 54 20 2d 35 0a                             RPRT -5.        
*1:rig_set_ptt: elapsed=110ms
rig_lock: client lock disengaged
*1:rig.c(3679):rig_set_ptt returning(-5) Communication timed out

Communication timed out
[RIGCTRL][2026-05-04 18:50:40.150771][00:32:29.667563][error] netrigctl_close: done
[RIGCTRL][2026-05-04 19:00:06.345752][00:41:55.862544][error] netrigctl_open: invalid dumpcaps line, expected 'setting=value', got '=0,0,0;55=0,0,0;56=0,0,0;57=0,0,0;58=0,0,0;59=0,0,0;60=0,0,0;61=0,0,0;62=0,0,0;63=0,0,0;'
[RIGCTRL][2026-05-04 19:00:06.353031][00:41:55.869823][warning] rig_get_vfo: no get_vfo
[RIGCTRL][2026-05-04 19:02:40.362099][00:44:29.878891][error] error: *1:rig.c(3982):rig_get_ptt entered
rig_get_ptt: cache check age=2099ms
rig_get_ptt: cache miss age=2099ms
rig_lock: client lock engaged
*rig.c(4025) trace
netrigctl_get_ptt called
netrigctl_vfostr: called vfo=VFOA
netrigctl_vfostr: vfo_opt=0
netrigctl_transaction: called len=2
network_flush called
write_block(): TX 2 bytes
0000    74 0a                                               t.              
read_string_generic called, rxmax=1024 direct=1, expected_len=1
read_string_generic(): RX 8 characters, direct=1
0000    52 50 52 54 20 2d 39 0a                             RPRT -9.        
*1:rig_get_ptt: elapsed=2ms
rig_lock: client lock disengaged
*1:rig.c(4036):rig_get_ptt returning(-9) Command rejected by the rig

Command rejected by the rig
[SYSLOG][2026-05-04 19:02:40.362304][00:44:29.879097][error] handle_transceiver_failure: reason: Hamlib error: rig_get_ptt: cache check age=2099ms
rig_get_ptt: cache miss age=2099ms
rig_lock: client lock engaged
*rig.c(4025) trace
netrigctl_get_ptt called
netrigctl_vfostr: called vfo=VFOA
netrigctl_vfostr: vfo_opt=0
netrigctl_transaction: called len=2
network_flush called
write_block(): TX 2 bytes
0000    74 0a                                               t.              
read_string_generic called, rxmax=1024 direct=1, expected_len=1
read_string_generic(): RX 8 characters, direct=1
0000    52 50 52 54 20 2d 39 0a                             RPRT -9.        
*1:rig_get_ptt: elapsed=2ms
rig_lock: client lock disengaged
*1:rig.c(4036):rig_get_ptt returning(-9) Command rejected by the rig

Command rejected by the rig
Command rejected by the rig
 while getting PTT state
[RIGCTRL][2026-05-04 19:02:40.364302][00:44:29.881095][error] error: Command rejected by the rig
*1:rig.c(3636):rig_set_ptt entered
rig_lock: client lock engaged
*rig.c(3672) trace
netrigctl_set_ptt called vfo=currVFO, ptt=0, ptt_type=5
netrigctl_vfostr: called vfo=VFOA
netrigctl_vfostr: vfo_opt=0
netrigctl_set_ptt: cmd=T 0
netrigctl_transaction: called len=4
network_flush called
write_block(): TX 4 bytes
0000    54 20 30 0a                                         T 0.            
read_string_generic called, rxmax=1024 direct=1, expected_len=1
read_string_generic(): RX 8 characters, direct=1
0000    52 50 52 54 20 2d 35 0a                             RPRT -5.        
*1:rig_set_ptt: elapsed=2ms
rig_lock: client lock disengaged
*1:rig.c(3679):rig_set_ptt returning(-5) Communication timed out

Communication timed out
[RIGCTRL][2026-05-04 19:02:41.734329][00:44:31.251121][error] netrigctl_close: done
[RIGCTRL][2026-05-04 19:06:52.893639][00:48:42.410431][error] netrigctl_open: invalid dumpcaps line, expected 'setting=value', got '=0,0,0;55=0,0,0;56=0,0,0;57=0,0,0;58=0,0,0;59=0,0,0;60=0,0,0;61=0,0,0;62=0,0,0;63=0,0,0;'
[RIGCTRL][2026-05-04 19:06:52.897212][00:48:42.414004][warning] rig_get_vfo: no get_vfo
[RIGCTRL][2026-05-04 19:12:19.396500][00:54:08.913292][warning] network_flush: network data clear d: ret=0, len=5, ''
[RIGCTRL][2026-05-04 19:12:19.396716][00:54:08.913509][warning] network_flush: network data cleared: ret=0, len_read=5/0x5
[RIGCTRL][2026-05-04 19:12:19.576025][00:54:09.092817][error] rig_parse_vfo: '0' not found so vfo='None'
[RIGCTRL][2026-05-04 19:12:19.576178][00:54:09.092970][warning] network_flush: network data clear d: ret=0, len=5, ''
[RIGCTRL][2026-05-04 19:12:19.576191][00:54:09.092983][warning] network_flush: network data cleared: ret=0, len_read=5/0x5
[RIGCTRL][2026-05-04 19:12:37.240974][00:54:26.757767][error] error: *1:rig.c(3982):rig_get_ptt entered
rig_get_ptt: cache check age=2454ms
rig_get_ptt: cache miss age=2454ms
rig_lock: client lock engaged
*rig.c(4025) trace
netrigctl_get_ptt called
netrigctl_vfostr: called vfo=VFOA
netrigctl_vfostr: vfo_opt=0
netrigctl_transaction: called len=2
network_flush called
write_block(): TX 2 bytes
0000    74 0a                                               t.              
read_string_generic called, rxmax=1024 direct=1, expected_len=1
read_string_generic(): RX 8 characters, direct=1
0000    52 50 52 54 20 2d 39 0a                             RPRT -9.        
*1:rig_get_ptt: elapsed=120ms
rig_lock: client lock disengaged
*1:rig.c(4036):rig_get_ptt returning(-9) Command rejected by the rig

Command rejected by the rig
[SYSLOG][2026-05-04 19:12:37.241122][00:54:26.757915][error] handle_transceiver_failure: reason: Hamlib error: rig_get_ptt: cache check age=2454ms
rig_get_ptt: cache miss age=2454ms
rig_lock: client lock engaged
*rig.c(4025) trace
netrigctl_get_ptt called
netrigctl_vfostr: called vfo=VFOA
netrigctl_vfostr: vfo_opt=0
netrigctl_transaction: called len=2
network_flush called
write_block(): TX 2 bytes
0000    74 0a                                               t.              
read_string_generic called, rxmax=1024 direct=1, expected_len=1
read_string_generic(): RX 8 characters, direct=1
0000    52 50 52 54 20 2d 39 0a                             RPRT -9.        
*1:rig_get_ptt: elapsed=120ms
rig_lock: client lock disengaged
*1:rig.c(4036):rig_get_ptt returning(-9) Command rejected by the rig

Command rejected by the rig
Command rejected by the rig
 while getting PTT state
[RIGCTRL][2026-05-04 19:12:37.348412][00:54:26.865204][error] error: Command rejected by the rig
*1:rig.c(3636):rig_set_ptt entered
rig_lock: client lock engaged
*rig.c(3672) trace
netrigctl_set_ptt called vfo=currVFO, ptt=0, ptt_type=5
netrigctl_vfostr: called vfo=VFOA
netrigctl_vfostr: vfo_opt=0
netrigctl_set_ptt: cmd=T 0
netrigctl_transaction: called len=4
network_flush called
write_block(): TX 4 bytes
0000    54 20 30 0a                                         T 0.            
read_string_generic called, rxmax=1024 direct=1, expected_len=1
read_string_generic(): RX 8 characters, direct=1
0000    52 50 52 54 20 2d 35 0a                             RPRT -5.        
*1:rig_set_ptt: elapsed=107ms
rig_lock: client lock disengaged
*1:rig.c(3679):rig_set_ptt returning(-5) Communication timed out

Communication timed out
[RIGCTRL][2026-05-04 19:12:38.974983][00:54:28.491775][error] netrigctl_close: done
[RIGCTRL][2026-05-04 19:17:39.529646][00:59:29.046438][error] netrigctl_open: invalid dumpcaps line, expected 'setting=value', got '=0,0,0;55=0,0,0;56=0,0,0;57=0,0,0;58=0,0,0;59=0,0,0;60=0,0,0;61=0,0,0;62=0,0,0;63=0,0,0;'
[RIGCTRL][2026-05-04 19:17:39.537231][00:59:29.054023][warning] rig_get_vfo: no get_vfo
[RIGCTRL][2026-05-04 19:18:45.294157][01:00:34.810949][error] netrigctl_close: done
[RIGCTRL][2026-05-04 19:18:45.413859][01:00:34.930651][error] netrigctl_open: invalid dumpcaps line, expected 'setting=value', got '=0,0,0;55=0,0,0;56=0,0,0;57=0,0,0;58=0,0,0;59=0,0,0;60=0,0,0;61=0,0,0;62=0,0,0;63=0,0,0;'
[RIGCTRL][2026-05-04 19:18:45.418381][01:00:34.935173][warning] rig_get_vfo: no get_vfo
[RIGCTRL][2026-05-04 19:19:33.054153][01:01:22.570945][error] error: *1:rig.c(3982):rig_get_ptt entered
rig_get_ptt: cache check age=1434ms
rig_get_ptt: cache miss age=1434ms
rig_lock: client lock engaged
*rig.c(4025) trace
netrigctl_get_ptt called
netrigctl_vfostr: called vfo=VFOA
netrigctl_vfostr: vfo_opt=0
netrigctl_transaction: called len=2
network_flush called
write_block(): TX 2 bytes
0000    74 0a                                               t.              
read_string_generic called, rxmax=1024 direct=1, expected_len=1
read_string_generic(): RX 8 characters, direct=1
0000    52 50 52 54 20 2d 39 0a                             RPRT -9.        
*1:rig_get_ptt: elapsed=110ms
rig_lock: client lock disengaged
*1:rig.c(4036):rig_get_ptt returning(-9) Command rejected by the rig

Command rejected by the rig
[SYSLOG][2026-05-04 19:19:33.054346][01:01:22.571140][error] handle_transceiver_failure: reason: Hamlib error: rig_get_ptt: cache check age=1434ms
rig_get_ptt: cache miss age=1434ms
rig_lock: client lock engaged
*rig.c(4025) trace
netrigctl_get_ptt called
netrigctl_vfostr: called vfo=VFOA
netrigctl_vfostr: vfo_opt=0
netrigctl_transaction: called len=2
network_flush called
write_block(): TX 2 bytes
0000    74 0a                                               t.              
read_string_generic called, rxmax=1024 direct=1, expected_len=1
read_string_generic(): RX 8 characters, direct=1
0000    52 50 52 54 20 2d 39 0a                             RPRT -9.        
*1:rig_get_ptt: elapsed=110ms
rig_lock: client lock disengaged
*1:rig.c(4036):rig_get_ptt returning(-9) Command rejected by the rig

Command rejected by the rig
Command rejected by the rig
 while getting PTT state
[RIGCTRL][2026-05-04 19:19:34.310380][01:01:23.827172][error] netrigctl_close: done
[RIGCTRL][2026-05-04 19:19:34.492116][01:01:24.008908][error] netrigctl_open: invalid dumpcaps line, expected 'setting=value', got '=0,0,0;55=0,0,0;56=0,0,0;57=0,0,0;58=0,0,0;59=0,0,0;60=0,0,0;61=0,0,0;62=0,0,0;63=0,0,0;'
[RIGCTRL][2026-05-04 19:19:34.496772][01:01:24.013564][warning] rig_get_vfo: no get_vfo
[RIGCTRL][2026-05-04 19:23:55.890495][01:05:45.407287][warning] rig_parse_mode: mode '' not found...returning RIG_MODE_NONE
[RIGCTRL][2026-05-04 19:24:40.098483][01:06:29.615275][error] error: netrigctl_vfostr: called vfo=VFOA
netrigctl_vfostr: vfo_opt=0
netrigctl_transaction: called len=2
network_flush called
write_block(): TX 2 bytes
0000    66 0a                                               f.              
read_string_generic called, rxmax=1024 direct=1, expected_len=1
read_string_generic(): RX 9 characters, direct=1
0000    52 50 52 54 20 2d 31 31 0a                          RPRT -11.       
netrigctl_get_freq: cmd=f, reply=RPRT -11

rig_get_freq(2674): freqMainA=21074000, modeMainA=USB, widthMainA=2700
rig_get_freq(2674): freqMainB=14025000, modeMainB=USB, widthMainB=2700
rig_set_cache_freq(172):  vfo=VFOA, current_vfo=VFOA
rig_get_band called
*1:rig_get_freq: elapsed=145ms
rig_lock: client lock disengaged
*1:rig.c(2791):rig_get_freq returning(-11) Feature not available

Feature not available
[SYSLOG][2026-05-04 19:24:40.098644][01:06:29.615437][error] handle_transceiver_failure: reason: Hamlib error: netrigctl_vfostr: vfo_opt=0
netrigctl_transaction: called len=2
network_flush called
write_block(): TX 2 bytes
0000    66 0a                                               f.              
read_string_generic called, rxmax=1024 direct=1, expected_len=1
read_string_generic(): RX 9 characters, direct=1
0000    52 50 52 54 20 2d 31 31 0a                          RPRT -11.       
netrigctl_get_freq: cmd=f, reply=RPRT -11

rig_get_freq(2674): freqMainA=21074000, modeMainA=USB, widthMainA=2700
rig_get_freq(2674): freqMainB=14025000, modeMainB=USB, widthMainB=2700
rig_set_cache_freq(172):  vfo=VFOA, current_vfo=VFOA
rig_get_band called
*1:rig_get_freq: elapsed=145ms
rig_lock: client lock disengaged
*1:rig.c(2791):rig_get_freq returning(-11) Feature not available

Feature not available
Feature not available
 while getting current VFO frequency
[RIGCTRL][2026-05-04 19:24:40.703074][01:06:30.219866][error] netrigctl_close: done
[RIGCTRL][2026-05-04 19:25:08.342521][01:06:57.859314][error] netrigctl_open: invalid dumpcaps line, expected 'setting=value', got '=0,0,0;55=0,0,0;56=0,0,0;57=0,0,0;58=0,0,0;59=0,0,0;60=0,0,0;61=0,0,0;62=0,0,0;63=0,0,0;'
[RIGCTRL][2026-05-04 19:25:08.346091][01:06:57.862883][warning] rig_get_vfo: no get_vfo
[RIGCTRL][2026-05-04 19:35:51.260565][01:17:40.777357][error] error: netrigctl_get_freq called, vfo=VFOA
netrigctl_vfostr: called vfo=VFOA
netrigctl_vfostr: vfo_opt=0
netrigctl_transaction: called len=2
network_flush called
write_block(): TX 2 bytes
0000    66 0a                                               f.              
read_string_generic called, rxmax=1024 direct=1, expected_len=1
read_string_generic(1371): retrying read timeout 1/1 timeout=1500
read_string_generic(): Timed out 3.014 seconds after 0 chars, direct=1
netrigctl_get_freq: cmd=f, reply=
rig_get_freq(2674): freqMainA=21074000, modeMainA=USB, widthMainA=2400
rig_get_freq(2674): freqMainB=14025000, modeMainB=USB, widthMainB=2700
rig_set_cache_freq(172):  vfo=VFOA, current_vfo=VFOA
rig_get_band called
*1:rig_get_freq: elapsed=3014ms
rig_lock: client lock disengaged
*1:rig.c(2791):rig_get_freq returning(-5) Communication timed out

Communication timed out
[SYSLOG][2026-05-04 19:35:51.260705][01:17:40.777498][error] handle_transceiver_failure: reason: Hamlib error: netrigctl_vfostr: called vfo=VFOA
netrigctl_vfostr: vfo_opt=0
netrigctl_transaction: called len=2
network_flush called
write_block(): TX 2 bytes
0000    66 0a                                               f.              
read_string_generic called, rxmax=1024 direct=1, expected_len=1
read_string_generic(1371): retrying read timeout 1/1 timeout=1500
read_string_generic(): Timed out 3.014 seconds after 0 chars, direct=1
netrigctl_get_freq: cmd=f, reply=
rig_get_freq(2674): freqMainA=21074000, modeMainA=USB, widthMainA=2400
rig_get_freq(2674): freqMainB=14025000, modeMainB=USB, widthMainB=2700
rig_set_cache_freq(172):  vfo=VFOA, current_vfo=VFOA
rig_get_band called
*1:rig_get_freq: elapsed=3014ms
rig_lock: client lock disengaged
*1:rig.c(2791):rig_get_freq returning(-5) Communication timed out

Communication timed out
Communication timed out
 while getting current VFO frequency
[RIGCTRL][2026-05-04 19:35:51.695874][01:17:41.212666][error] netrigctl_close: done
[RIGCTRL][2026-05-04 19:39:59.867259][01:21:49.384052][error] netrigctl_open: invalid dumpcaps line, expected 'setting=value', got '=0,0,0;55=0,0,0;56=0,0,0;57=0,0,0;58=0,0,0;59=0,0,0;60=0,0,0;61=0,0,0;62=0,0,0;63=0,0,0;'
[RIGCTRL][2026-05-04 19:39:59.871772][01:21:49.388564][warning] rig_get_vfo: no get_vfo
[RIGCTRL][2026-05-04 19:50:31.381238][01:32:20.898030][warning] rig_parse_mode: mode '' not found...returning RIG_MODE_NONE
[RIGCTRL][2026-05-04 19:50:31.687281][01:32:21.204073][error] error: *1:rig.c(3982):rig_get_ptt entered
rig_get_ptt: cache check age=2349ms
rig_get_ptt: cache miss age=2349ms
rig_lock: client lock engaged
*rig.c(4025) trace
netrigctl_get_ptt called
netrigctl_vfostr: called vfo=VFOA
netrigctl_vfostr: vfo_opt=0
netrigctl_transaction: called len=2
network_flush called
write_block(): TX 2 bytes
0000    74 0a                                               t.              
read_string_generic called, rxmax=1024 direct=1, expected_len=1
read_string_generic(): RX 8 characters, direct=1
0000    52 50 52 54 20 2d 39 0a                             RPRT -9.        
*1:rig_get_ptt: elapsed=306ms
rig_lock: client lock disengaged
*1:rig.c(4036):rig_get_ptt returning(-9) Command rejected by the rig

Command rejected by the rig
[SYSLOG][2026-05-04 19:50:31.687446][01:32:21.204239][error] handle_transceiver_failure: reason: Hamlib error: rig_get_ptt: cache check age=2349ms
rig_get_ptt: cache miss age=2349ms
rig_lock: client lock engaged
*rig.c(4025) trace
netrigctl_get_ptt called
netrigctl_vfostr: called vfo=VFOA
netrigctl_vfostr: vfo_opt=0
netrigctl_transaction: called len=2
network_flush called
write_block(): TX 2 bytes
0000    74 0a                                               t.              
read_string_generic called, rxmax=1024 direct=1, expected_len=1
read_string_generic(): RX 8 characters, direct=1
0000    52 50 52 54 20 2d 39 0a                             RPRT -9.        
*1:rig_get_ptt: elapsed=306ms
rig_lock: client lock disengaged
*1:rig.c(4036):rig_get_ptt returning(-9) Command rejected by the rig

Command rejected by the rig
Command rejected by the rig
 while getting PTT state
[RIGCTRL][2026-05-04 19:50:34.430658][01:32:23.947450][error] netrigctl_close: done
[RIGCTRL][2026-05-04 19:50:34.553481][01:32:24.070273][error] netrigctl_open: invalid dumpcaps line, expected 'setting=value', got '=0,0,0;55=0,0,0;56=0,0,0;57=0,0,0;58=0,0,0;59=0,0,0;60=0,0,0;61=0,0,0;62=0,0,0;63=0,0,0;'
[RIGCTRL][2026-05-04 19:50:34.558958][01:32:24.075750][warning] rig_get_vfo: no get_vfo
[RIGCTRL][2026-05-04 20:21:47.505934][02:03:37.022726][error] netrigctl_close: done
[SYSLOG][2026-05-04 20:21:47.537997][02:03:37.054792][info] Log Finish
[SYSLOG][2026-05-04 20:21:50.858924][00:00:00.000326][info] Log Start
[SYSLOG][2026-05-04 20:21:50.858951][00:00:00.000353][info] WSJT-X   v2.7.0   by K1JT et al. - Program startup
[SYSLOG][2026-05-04 20:21:50.859484][00:00:00.000886][info] locale: language: English script: Latin country: United States ui-languages: en-US, en, en-Latn-US
[SYSLOG][2026-05-04 20:21:50.859763][00:00:00.001165][info] Loaded WSJT-X base translation file from :/Translations based on language en
[SYSLOG][2026-05-04 20:21:50.859803][00:00:00.001204][info] Loaded WSJT-X translations for current locale from resources
[SYSLOG][2026-05-04 20:21:50.925363][00:00:00.066765][info] shmem size: 48275268
[RIGCTRL][2026-05-04 20:21:50.967426][00:00:00.108829][info] Hamlib version: Hamlib 4.7.1 from indeterminate source revision. 64-bit
[SYSLOG][2026-05-04 20:21:50.986598][00:00:00.128002][info] Configuration Settings (/home/pi/.config/WSJT-X.ini)
[SYSLOG][2026-05-04 20:21:50.987643][00:00:00.129046][info] Reading frequencies
[SYSLOG][2026-05-04 20:21:50.987683][00:00:00.129084][info] read_settings found FrequenciesForRegionModes_v2
[SYSLOG][2026-05-04 20:21:52.672284][00:00:01.813688][info] Loading CTY.DAT from /usr/share/wsjtx/cty.dat
[SYSLOG][2026-05-04 20:21:52.818257][00:00:01.959661][info] Loaded CTY.DAT version VER20250523, Faroe Islands
[SYSLOG][2026-05-04 20:21:52.818400][00:00:01.959802][info] Loading CTY.DAT from /usr/share/wsjtx/cty.dat
[SYSLOG][2026-05-04 20:21:52.968288][00:00:02.109692][info] Loaded CTY.DAT version VER20250523, Faroe Islands
[RIGCTRL][2026-05-04 20:21:53.177119][00:00:02.318520][error] netrigctl_open: invalid dumpcaps line, expected 'setting=value', got '=0,0,0;55=0,0,0;56=0,0,0;57=0,0,0;58=0,0,0;59=0,0,0;60=0,0,0;61=0,0,0;62=0,0,0;63=0,0,0;'
[RIGCTRL][2026-05-04 20:21:53.181724][00:00:02.323125][warning] rig_get_vfo: no get_vfo
[RIGCTRL][2026-05-04 20:24:49.226179][00:02:58.367580][error] error: *1:rig.c(3982):rig_get_ptt entered
rig_get_ptt: cache check age=1625ms
rig_get_ptt: cache miss age=1625ms
rig_lock: client lock engaged
*rig.c(4025) trace
netrigctl_get_ptt called
netrigctl_vfostr: called vfo=VFOA
netrigctl_vfostr: vfo_opt=0
netrigctl_transaction: called len=2
network_flush called
write_block(): TX 2 bytes
0000    74 0a                                               t.              
read_string_generic called, rxmax=1024 direct=1, expected_len=1
read_string_generic(): RX 8 characters, direct=1
0000    52 50 52 54 20 2d 39 0a                             RPRT -9.        
*1:rig_get_ptt: elapsed=124ms
rig_lock: client lock disengaged
*1:rig.c(4036):rig_get_ptt returning(-9) Command rejected by the rig

Command rejected by the rig
[SYSLOG][2026-05-04 20:24:49.226413][00:02:58.367815][error] handle_transceiver_failure: reason: Hamlib error: rig_get_ptt: cache check age=1625ms
rig_get_ptt: cache miss age=1625ms
rig_lock: client lock engaged
*rig.c(4025) trace
netrigctl_get_ptt called
netrigctl_vfostr: called vfo=VFOA
netrigctl_vfostr: vfo_opt=0
netrigctl_transaction: called len=2
network_flush called
write_block(): TX 2 bytes
0000    74 0a                                               t.              
read_string_generic called, rxmax=1024 direct=1, expected_len=1
read_string_generic(): RX 8 characters, direct=1
0000    52 50 52 54 20 2d 39 0a                             RPRT -9.        
*1:rig_get_ptt: elapsed=124ms
rig_lock: client lock disengaged
*1:rig.c(4036):rig_get_ptt returning(-9) Command rejected by the rig

Command rejected by the rig
Command rejected by the rig
 while getting PTT state
[RIGCTRL][2026-05-04 20:24:51.077963][00:03:00.219364][error] error: rig_check_rig_caps: p1=0x7fff72d8bbe0, p2=0x7fff72d92168, rig_model=0x7fff72d8bbe0, macro_name=0x7fff72d92168
rig_init: rig_model=Hamlib NET rigctl 20250211.0
Requesting 47952 bytes for rig_struct
Requesting 728 bytes for rig_cache
rig_init: rx_range_list1 is empty, using rx_range_list2
rig_init: rig does not have tx_range!!
rig_init: rig has VFO_A
rig_init: rig has VFO_B
rig_init: rig has VFO_MEM
rig.c(995) trace
netrigctl_init version 20250211.0
rig_token_lookup called for no_xchg
rig_confparam_lookup called for no_xchg and not found
read_string_generic(): RX 8 characters, direct=1
0000    52 50 52 54 20 2d 35 0a                             RPRT -5.        
*1:rig_set_ptt: elapsed=1852ms
rig_lock: client lock disengaged
*1:rig.c(3679):rig_set_ptt returning(-5) Communication timed out

Communication timed out
[RIGCTRL][2026-05-04 20:24:52.656076][00:03:01.797477][error] netrigctl_open: invalid dumpcaps line, expected 'setting=value', got '=0,0,0;55=0,0,0;56=0,0,0;57=0,0,0;58=0,0,0;59=0,0,0;60=0,0,0;61=0,0,0;62=0,0,0;63=0,0,0;'
[RIGCTRL][2026-05-04 20:24:52.660513][00:03:01.801914][warning] rig_get_vfo: no get_vfo
[RIGCTRL][2026-05-04 20:24:52.925273][00:03:02.066674][error] netrigctl_close: done
[RIGCTRL][2026-05-04 20:26:36.753327][00:04:45.894729][error] error: *1:rig.c(3982):rig_get_ptt entered
rig_get_ptt: cache check age=1991ms
rig_get_ptt: cache miss age=1991ms
rig_lock: client lock engaged
*rig.c(4025) trace
netrigctl_get_ptt called
netrigctl_vfostr: called vfo=VFOA
netrigctl_vfostr: vfo_opt=0
netrigctl_transaction: called len=2
network_flush called
write_block(): TX 2 bytes
0000    74 0a                                               t.              
read_string_generic called, rxmax=1024 direct=1, expected_len=1
read_string_generic(): RX 8 characters, direct=1
0000    52 50 52 54 20 2d 39 0a                             RPRT -9.        
*1:rig_get_ptt: elapsed=3ms
rig_lock: client lock disengaged
*1:rig.c(4036):rig_get_ptt returning(-9) Command rejected by the rig

Command rejected by the rig
[SYSLOG][2026-05-04 20:26:36.753507][00:04:45.894909][error] handle_transceiver_failure: reason: Hamlib error: rig_get_ptt: cache check age=1991ms
rig_get_ptt: cache miss age=1991ms
rig_lock: client lock engaged
*rig.c(4025) trace
netrigctl_get_ptt called
netrigctl_vfostr: called vfo=VFOA
netrigctl_vfostr: vfo_opt=0
netrigctl_transaction: called len=2
network_flush called
write_block(): TX 2 bytes
0000    74 0a                                               t.              
read_string_generic called, rxmax=1024 direct=1, expected_len=1
read_string_generic(): RX 8 characters, direct=1
0000    52 50 52 54 20 2d 39 0a                             RPRT -9.        
*1:rig_get_ptt: elapsed=3ms
rig_lock: client lock disengaged
*1:rig.c(4036):rig_get_ptt returning(-9) Command rejected by the rig

Command rejected by the rig
Command rejected by the rig
 while getting PTT state
[RIGCTRL][2026-05-04 20:26:36.753890][00:04:45.895292][error] error: Command rejected by the rig
*1:rig.c(3636):rig_set_ptt entered
rig_lock: client lock engaged
*rig.c(3672) trace
netrigctl_set_ptt called vfo=currVFO, ptt=0, ptt_type=5
netrigctl_vfostr: called vfo=VFOA
netrigctl_vfostr: vfo_opt=0
netrigctl_set_ptt: cmd=T 0
netrigctl_transaction: called len=4
network_flush called
write_block(): TX 4 bytes
0000    54 20 30 0a                                         T 0.            
read_string_generic called, rxmax=1024 direct=1, expected_len=1
read_string_generic(): RX 8 characters, direct=1
0000    52 50 52 54 20 2d 35 0a                             RPRT -5.        
*1:rig_set_ptt: elapsed=0ms
rig_lock: client lock disengaged
*1:rig.c(3679):rig_set_ptt returning(-5) Communication timed out

Communication timed out
[RIGCTRL][2026-05-04 20:26:38.123300][00:04:47.264701][error] netrigctl_close: done
[RIGCTRL][2026-05-04 20:49:33.187866][00:27:42.329267][error] netrigctl_open: invalid dumpcaps line, expected 'setting=value', got '=0,0,0;55=0,0,0;56=0,0,0;57=0,0,0;58=0,0,0;59=0,0,0;60=0,0,0;61=0,0,0;62=0,0,0;63=0,0,0;'
[RIGCTRL][2026-05-04 20:49:33.192345][00:27:42.333746][warning] rig_get_vfo: no get_vfo
[RIGCTRL][2026-05-04 20:49:36.232557][00:27:45.373958][error] error: vfo_fixup:(from rig_set_freq:2267) vfo=currVFO, vfo_curr=VFOA, split=0
vfo_fixup: Leaving currVFO alone
skip_freq: not skipping set_freq on vfo VFOA
rig_set_freq: TARGETABLE_FREQ vfo=VFOA
netrigctl_set_freq called
netrigctl_vfostr: called vfo=VFOA
netrigctl_vfostr: vfo_opt=0
netrigctl_transaction: called len=18
network_flush called
write_block(): TX 18 bytes
0000    46 20 32 31 30 37 34 30 35 35 2e 30 30 30 30 30     F 21074055.00000
0010    30 0a                                               0.              
read_string_generic called, rxmax=1024 direct=1, expected_len=1
read_string_generic(1371): retrying read timeout 1/1 timeout=1500
read_string_generic(): Timed out 3.013 seconds after 0 chars, direct=1
netrigctl_set_freq: cmd=F 21074055.000000
rig_lock: client lock disengaged
*1:rig.c(2323):rig_set_freq returning(-5) Communication timed out

Communication timed out
[SYSLOG][2026-05-04 20:49:36.232731][00:27:45.374133][error] handle_transceiver_failure: reason: Hamlib error: vfo_fixup: Leaving currVFO alone
skip_freq: not skipping set_freq on vfo VFOA
rig_set_freq: TARGETABLE_FREQ vfo=VFOA
netrigctl_set_freq called
netrigctl_vfostr: called vfo=VFOA
netrigctl_vfostr: vfo_opt=0
netrigctl_transaction: called len=18
network_flush called
write_block(): TX 18 bytes
0000    46 20 32 31 30 37 34 30 35 35 2e 30 30 30 30 30     F 21074055.00000
0010    30 0a                                               0.              
read_string_generic called, rxmax=1024 direct=1, expected_len=1
read_string_generic(1371): retrying read timeout 1/1 timeout=1500
read_string_generic(): Timed out 3.013 seconds after 0 chars, direct=1
netrigctl_set_freq: cmd=F 21074055.000000
rig_lock: client lock disengaged
*1:rig.c(2323):rig_set_freq returning(-5) Communication timed out

Communication timed out
Communication timed out
 while setting frequency
[RIGCTRL][2026-05-04 20:49:36.562803][00:27:45.704204][error] netrigctl_close: done
[RIGCTRL][2026-05-04 20:49:49.998722][00:27:59.140123][error] netrigctl_open: invalid dumpcaps line, expected 'setting=value', got '=0,0,0;55=0,0,0;56=0,0,0;57=0,0,0;58=0,0,0;59=0,0,0;60=0,0,0;61=0,0,0;62=0,0,0;63=0,0,0;'
[RIGCTRL][2026-05-04 20:49:50.007320][00:27:59.148721][warning] rig_get_vfo: no get_vfo
[SYSLOG][2026-05-04 20:50:14.056183][00:28:23.197587][warning] qt.qpa.wayland: Wayland does not support QWindow::requestActivate()
[SYSLOG][2026-05-04 20:54:24.890282][00:32:34.031686][warning] QStandardPaths: wrong permissions on runtime directory /run/user/1000, 0770 instead of 0700
[SYSLOG][2026-05-04 20:54:54.805966][00:33:03.947372][warning] qt.qpa.wayland: Wayland does not support QWindow::requestActivate()
[RIGCTRL][2026-05-04 21:02:13.414016][00:40:22.555417][warning] rig_parse_mode: mode '' not found...returning RIG_MODE_NONE
[RIGCTRL][2026-05-04 21:05:18.346897][00:43:27.488298][error] error: netrigctl_vfostr: called vfo=VFOA
netrigctl_vfostr: vfo_opt=0
netrigctl_transaction: called len=2
network_flush called
write_block(): TX 2 bytes
0000    66 0a                                               f.              
read_string_generic called, rxmax=1024 direct=1, expected_len=1
read_string_generic(): RX 8 characters, direct=1
0000    52 50 52 54 20 2d 38 0a                             RPRT -8.        
netrigctl_get_freq: cmd=f, reply=RPRT -8

rig_get_freq(2674): freqMainA=21074000, modeMainA=USB, widthMainA=2700
rig_get_freq(2674): freqMainB=14025000, modeMainB=USB, widthMainB=2700
rig_set_cache_freq(172):  vfo=VFOA, current_vfo=VFOA
rig_get_band called
*1:rig_get_freq: elapsed=102ms
rig_lock: client lock disengaged
*1:rig.c(2791):rig_get_freq returning(-8) Protocol error

Protocol error
[SYSLOG][2026-05-04 21:05:18.347028][00:43:27.488430][error] handle_transceiver_failure: reason: Hamlib error: netrigctl_vfostr: vfo_opt=0
netrigctl_transaction: called len=2
network_flush called
write_block(): TX 2 bytes
0000    66 0a                                               f.              
read_string_generic called, rxmax=1024 direct=1, expected_len=1
read_string_generic(): RX 8 characters, direct=1
0000    52 50 52 54 20 2d 38 0a                             RPRT -8.        
netrigctl_get_freq: cmd=f, reply=RPRT -8

rig_get_freq(2674): freqMainA=21074000, modeMainA=USB, widthMainA=2700
rig_get_freq(2674): freqMainB=14025000, modeMainB=USB, widthMainB=2700
rig_set_cache_freq(172):  vfo=VFOA, current_vfo=VFOA
rig_get_band called
*1:rig_get_freq: elapsed=102ms
rig_lock: client lock disengaged
*1:rig.c(2791):rig_get_freq returning(-8) Protocol error

Protocol error
Protocol error
 while getting current VFO frequency
[RIGCTRL][2026-05-04 21:05:20.080525][00:43:29.221926][error] netrigctl_close: done
[RIGCTRL][2026-05-04 21:05:20.203331][00:43:29.344732][error] netrigctl_open: invalid dumpcaps line, expected 'setting=value', got '=0,0,0;55=0,0,0;56=0,0,0;57=0,0,0;58=0,0,0;59=0,0,0;60=0,0,0;61=0,0,0;62=0,0,0;63=0,0,0;'
[RIGCTRL][2026-05-04 21:05:20.211214][00:43:29.352616][warning] rig_get_vfo: no get_vfo
[RIGCTRL][2026-05-04 21:06:29.348290][00:44:38.489691][error] error: netrigctl_vfostr: called vfo=VFOA
netrigctl_vfostr: vfo_opt=0
netrigctl_transaction: called len=2
network_flush called
write_block(): TX 2 bytes
0000    66 0a                                               f.              
read_string_generic called, rxmax=1024 direct=1, expected_len=1
read_string_generic(): RX 8 characters, direct=1
0000    52 50 52 54 20 2d 38 0a                             RPRT -8.        
netrigctl_get_freq: cmd=f, reply=RPRT -8

rig_get_freq(2674): freqMainA=21074000, modeMainA=USB, widthMainA=2700
rig_get_freq(2674): freqMainB=14025000, modeMainB=USB, widthMainB=2700
rig_set_cache_freq(172):  vfo=VFOA, current_vfo=VFOA
rig_get_band called
*1:rig_get_freq: elapsed=102ms
rig_lock: client lock disengaged
*1:rig.c(2791):rig_get_freq returning(-8) Protocol error

Protocol error
[SYSLOG][2026-05-04 21:06:29.348430][00:44:38.489832][error] handle_transceiver_failure: reason: Hamlib error: netrigctl_vfostr: vfo_opt=0
netrigctl_transaction: called len=2
network_flush called
write_block(): TX 2 bytes
0000    66 0a                                               f.              
read_string_generic called, rxmax=1024 direct=1, expected_len=1
read_string_generic(): RX 8 characters, direct=1
0000    52 50 52 54 20 2d 38 0a                             RPRT -8.        
netrigctl_get_freq: cmd=f, reply=RPRT -8

rig_get_freq(2674): freqMainA=21074000, modeMainA=USB, widthMainA=2700
rig_get_freq(2674): freqMainB=14025000, modeMainB=USB, widthMainB=2700
rig_set_cache_freq(172):  vfo=VFOA, current_vfo=VFOA
rig_get_band called
*1:rig_get_freq: elapsed=102ms
rig_lock: client lock disengaged
*1:rig.c(2791):rig_get_freq returning(-8) Protocol error

Protocol error
Protocol error
 while getting current VFO frequency
[RIGCTRL][2026-05-04 21:06:31.072440][00:44:40.213841][error] netrigctl_close: done
[RIGCTRL][2026-05-04 21:06:54.966370][00:45:04.107771][error] netrigctl_open: invalid dumpcaps line, expected 'setting=value', got '=0,0,0;55=0,0,0;56=0,0,0;57=0,0,0;58=0,0,0;59=0,0,0;60=0,0,0;61=0,0,0;62=0,0,0;63=0,0,0;'
[RIGCTRL][2026-05-04 21:06:54.970920][00:45:04.112321][warning] rig_get_vfo: no get_vfo
[RIGCTRL][2026-05-04 21:09:12.391671][00:47:21.533072][error] error: netrigctl_vfostr: called vfo=VFOA
netrigctl_vfostr: vfo_opt=0
netrigctl_transaction: called len=2
network_flush called
write_block(): TX 2 bytes
0000    66 0a                                               f.              
read_string_generic called, rxmax=1024 direct=1, expected_len=1
read_string_generic(): RX 9 characters, direct=1
0000    52 50 52 54 20 2d 31 31 0a                          RPRT -11.       
netrigctl_get_freq: cmd=f, reply=RPRT -11

rig_get_freq(2674): freqMainA=21074000, modeMainA=USB, widthMainA=2700
rig_get_freq(2674): freqMainB=14025000, modeMainB=USB, widthMainB=2700
rig_set_cache_freq(172):  vfo=VFOA, current_vfo=VFOA
rig_get_band called
*1:rig_get_freq: elapsed=147ms
rig_lock: client lock disengaged
*1:rig.c(2791):rig_get_freq returning(-11) Feature not available

Feature not available
[SYSLOG][2026-05-04 21:09:12.391829][00:47:21.533231][error] handle_transceiver_failure: reason: Hamlib error: netrigctl_vfostr: vfo_opt=0
netrigctl_transaction: called len=2
network_flush called
write_block(): TX 2 bytes
0000    66 0a                                               f.              
read_string_generic called, rxmax=1024 direct=1, expected_len=1
read_string_generic(): RX 9 characters, direct=1
0000    52 50 52 54 20 2d 31 31 0a                          RPRT -11.       
netrigctl_get_freq: cmd=f, reply=RPRT -11

rig_get_freq(2674): freqMainA=21074000, modeMainA=USB, widthMainA=2700
rig_get_freq(2674): freqMainB=14025000, modeMainB=USB, widthMainB=2700
rig_set_cache_freq(172):  vfo=VFOA, current_vfo=VFOA
rig_get_band called
*1:rig_get_freq: elapsed=147ms
rig_lock: client lock disengaged
*1:rig.c(2791):rig_get_freq returning(-11) Feature not available

Feature not available
Feature not available
 while getting current VFO frequency
[RIGCTRL][2026-05-04 21:09:12.500558][00:47:21.641959][error] error: rig_check_rig_caps: p1=0x7fff72d8bbe0, p2=0x7fff72d92168, rig_model=0x7fff72d8bbe0, macro_name=0x7fff72d92168
rig_init: rig_model=Hamlib NET rigctl 20250211.0
Requesting 47952 bytes for rig_struct
Requesting 728 bytes for rig_cache
rig_init: rx_range_list1 is empty, using rx_range_list2
rig_init: rig does not have tx_range!!
rig_init: rig has VFO_A
rig_init: rig has VFO_B
rig_init: rig has VFO_MEM
rig.c(995) trace
netrigctl_init version 20250211.0
rig_token_lookup called for no_xchg
rig_confparam_lookup called for no_xchg and not found
read_string_generic(): RX 8 characters, direct=1
0000    52 50 52 54 20 2d 35 0a                             RPRT -5.        
*1:rig_set_ptt: elapsed=109ms
rig_lock: client lock disengaged
*1:rig.c(3679):rig_set_ptt returning(-5) Communication timed out

Communication timed out
[RIGCTRL][2026-05-04 21:09:12.612645][00:47:21.754046][error] netrigctl_open: invalid dumpcaps line, expected 'setting=value', got '=0,0,0;55=0,0,0;56=0,0,0;57=0,0,0;58=0,0,0;59=0,0,0;60=0,0,0;61=0,0,0;62=0,0,0;63=0,0,0;'
[RIGCTRL][2026-05-04 21:09:12.613778][00:47:21.755179][warning] rig_get_vfo: no get_vfo
[RIGCTRL][2026-05-04 21:09:13.890501][00:47:23.031902][error] netrigctl_close: done
[RIGCTRL][2026-05-04 21:10:06.868081][00:48:16.009482][error] error: *1:rig.c(3982):rig_get_ptt entered
rig_get_ptt: cache check age=5001ms
rig_get_ptt: cache miss age=5001ms
rig_lock: client lock engaged
*rig.c(4025) trace
netrigctl_get_ptt called
netrigctl_vfostr: called vfo=VFOA
netrigctl_vfostr: vfo_opt=0
netrigctl_transaction: called len=2
network_flush called
write_block(): TX 2 bytes
0000    74 0a                                               t.              
read_string_generic called, rxmax=1024 direct=1, expected_len=1
read_string_generic(): RX 8 characters, direct=1
0000    52 50 52 54 20 2d 39 0a                             RPRT -9.        
*1:rig_get_ptt: elapsed=104ms
rig_lock: client lock disengaged
*1:rig.c(4036):rig_get_ptt returning(-9) Command rejected by the rig

Command rejected by the rig
[SYSLOG][2026-05-04 21:10:06.868422][00:48:16.009823][error] handle_transceiver_failure: reason: Hamlib error: rig_get_ptt: cache check age=5001ms
rig_get_ptt: cache miss age=5001ms
rig_lock: client lock engaged
*rig.c(4025) trace
netrigctl_get_ptt called
netrigctl_vfostr: called vfo=VFOA
netrigctl_vfostr: vfo_opt=0
netrigctl_transaction: called len=2
network_flush called
write_block(): TX 2 bytes
0000    74 0a                                               t.              
read_string_generic called, rxmax=1024 direct=1, expected_len=1
read_string_generic(): RX 8 characters, direct=1
0000    52 50 52 54 20 2d 39 0a                             RPRT -9.        
*1:rig_get_ptt: elapsed=104ms
rig_lock: client lock disengaged
*1:rig.c(4036):rig_get_ptt returning(-9) Command rejected by the rig

Command rejected by the rig
Command rejected by the rig
 while getting PTT state
[RIGCTRL][2026-05-04 21:10:07.183229][00:48:16.324631][error] netrigctl_close: done
[RIGCTRL][2026-05-04 21:12:19.008939][00:50:28.150340][error] netrigctl_open: invalid dumpcaps line, expected 'setting=value', got '=0,0,0;55=0,0,0;56=0,0,0;57=0,0,0;58=0,0,0;59=0,0,0;60=0,0,0;61=0,0,0;62=0,0,0;63=0,0,0;'
[RIGCTRL][2026-05-04 21:12:19.015667][00:50:28.157068][warning] rig_get_vfo: no get_vfo
[SYSLOG][2026-05-04 21:35:10.983326][01:13:20.124731][warning] qt.qpa.wayland: Wayland does not support QWindow::requestActivate()
[RIGCTRL][2026-05-04 21:35:53.981838][01:14:03.123239][error] netrigctl_close: done
[SYSLOG][2026-05-04 21:35:54.067557][01:14:03.208962][info] Log Finish
[SYSLOG][2026-05-04 21:49:56.112675][00:00:00.002700][info] Log Start
[SYSLOG][2026-05-04 21:49:56.112711][00:00:00.002735][info] WSJT-X   v2.7.0   by K1JT et al. - Program startup
[SYSLOG][2026-05-04 21:49:56.114109][00:00:00.004135][info] locale: language: English script: Latin country: United States ui-languages: en-US, en, en-Latn-US
[SYSLOG][2026-05-04 21:49:56.115142][00:00:00.005166][info] Loaded WSJT-X base translation file from :/Translations based on language en
[SYSLOG][2026-05-04 21:49:56.115187][00:00:00.005211][info] Loaded WSJT-X translations for current locale from resources
[SYSLOG][2026-05-04 21:49:56.200558][00:00:00.090583][info] shmem size: 48275268
[RIGCTRL][2026-05-04 21:49:56.250778][00:00:00.140805][info] Hamlib version: Hamlib 4.7.1 from indeterminate source revision. 64-bit
[SYSLOG][2026-05-04 21:49:56.279213][00:00:00.169240][info] Configuration Settings (/home/pi/.config/WSJT-X.ini)
[SYSLOG][2026-05-04 21:49:56.280268][00:00:00.170293][info] Reading frequencies
[SYSLOG][2026-05-04 21:49:56.280289][00:00:00.170313][info] read_settings found FrequenciesForRegionModes_v2
[SYSLOG][2026-05-04 21:49:58.025743][00:00:01.915815][info] Loading CTY.DAT from /usr/share/wsjtx/cty.dat
[SYSLOG][2026-05-04 21:49:58.173385][00:00:02.063412][info] Loaded CTY.DAT version VER20250523, Faroe Islands
[SYSLOG][2026-05-04 21:49:58.173543][00:00:02.063567][info] Loading CTY.DAT from /usr/share/wsjtx/cty.dat
[SYSLOG][2026-05-04 21:49:58.327087][00:00:02.217114][info] Loaded CTY.DAT version VER20250523, Faroe Islands
[RIGCTRL][2026-05-04 21:49:58.533095][00:00:02.423119][error] netrigctl_open: invalid dumpcaps line, expected 'setting=value', got '=0,0,0;55=0,0,0;56=0,0,0;57=0,0,0;58=0,0,0;59=0,0,0;60=0,0,0;61=0,0,0;62=0,0,0;63=0,0,0;'
[RIGCTRL][2026-05-04 21:49:58.538752][00:00:02.428777][warning] rig_get_vfo: no get_vfo
[RIGCTRL][2026-05-04 21:52:03.956496][00:02:07.846522][error] read_string_generic(): read failed, direct=1 - Success
[RIGCTRL][2026-05-04 21:52:03.957351][00:02:07.847375][error] read_string_generic(): read failed, direct=1 - Success
[RIGCTRL][2026-05-04 21:52:03.957407][00:02:07.847431][error] error: rig_get_freq(2655): vfo_opt=0, model=2
netrigctl_get_freq called, vfo=VFOA
netrigctl_vfostr: called vfo=VFOA
netrigctl_vfostr: vfo_opt=0
netrigctl_transaction: called len=2
network_flush called
write_block(): TX 2 bytes
0000    66 0a                                               f.              
read_string_generic called, rxmax=1024 direct=1, expected_len=1
read_string_generic(): read failed, direct=1 - Success
netrigctl_get_freq: cmd=f, reply=
rig_get_freq(2674): freqMainA=14074000, modeMainA=USB, widthMainA=2700
rig_get_freq(2674): freqMainB=14025000, modeMainB=USB, widthMainB=2700
rig_set_cache_freq(172):  vfo=VFOA, current_vfo=VFOA
rig_get_band called
*1:rig_get_freq: elapsed=0ms
rig_lock: client lock disengaged
*1:rig.c(2791):rig_get_freq returning(-6) IO error

IO error
[RIGCTRL][2026-05-04 21:52:03.959209][00:02:07.849233][error] write_block():1131 failed -1 - Broken pipe
[SYSLOG][2026-05-04 21:52:03.959210][00:02:07.849235][error] handle_transceiver_failure: reason: Hamlib error: netrigctl_get_freq called, vfo=VFOA
netrigctl_vfostr: called vfo=VFOA
netrigctl_vfostr: vfo_opt=0
netrigctl_transaction: called len=2
network_flush called
write_block(): TX 2 bytes
0000    66 0a                                               f.              
read_string_generic called, rxmax=1024 direct=1, expected_len=1
read_string_generic(): read failed, direct=1 - Success
netrigctl_get_freq: cmd=f, reply=
rig_get_freq(2674): freqMainA=14074000, modeMainA=USB, widthMainA=2700
rig_get_freq(2674): freqMainB=14025000, modeMainB=USB, widthMainB=2700
rig_set_cache_freq(172):  vfo=VFOA, current_vfo=VFOA
rig_get_band called
*1:rig_get_freq: elapsed=0ms
rig_lock: client lock disengaged
*1:rig.c(2791):rig_get_freq returning(-6) IO error

IO error
IO error
 while getting current VFO frequency
[RIGCTRL][2026-05-04 21:52:03.959244][00:02:07.849268][error] error: rig_lock: client lock disengaged
*1:rig.c(2791):rig_get_freq returning(-6) IO error

IO error
IO error
*1:rig.c(3636):rig_set_ptt entered
rig_lock: client lock engaged
*rig.c(3672) trace
netrigctl_set_ptt called vfo=currVFO, ptt=0, ptt_type=5
netrigctl_vfostr: called vfo=VFOA
netrigctl_vfostr: vfo_opt=0
netrigctl_set_ptt: cmd=T 0
netrigctl_transaction: called len=4
network_flush called
write_block():1134 failed -1 - Broken pipe
*1:rig_set_ptt: elapsed=0ms
rig_lock: client lock disengaged
*1:rig.c(3679):rig_set_ptt returning(-6) IO error

IO error
[RIGCTRL][2026-05-04 21:52:04.201548][00:02:08.091572][error] write_block():1131 failed -1 - Broken pipe
[RIGCTRL][2026-05-04 21:52:04.201589][00:02:08.091614][error] netrigctl_close: close error rig.c(995) trace
netrigctl_init version 20250211.0
rig_token_lookup called for no_xchg
rig_confparam_lookup called for no_xchg and not found
**2:rig.c(8654):morse_data_handler_stop returning(0) 
**2:rig.c(8569):async_data_handler_stop entered
**2:rig.c(8600):async_data_handler_stop returning(0) 
**2:event.c(324):rig_poll_routine_stop entered
event.c(252): Stopping rig poll routine thread
**2:event.c(359):rig_poll_routine_stop returning(0) 
**2:network.c(1906):network_multicast_receiver_stop entered
**2:network.c(1915):network_multicast_receiver_stop returning(0) 
**2:network.c(1738):network_multicast_publisher_stop entered
**2:network.c(1747):network_multicast_publisher_stop returning(0) 
netrigctl_close called
netrigctl_transaction: called len=2
network_flush called
write_block():1134 failed -1 - Broken pipe
IO error
IO error
[RIGCTRL][2026-05-04 21:52:04.201935][00:02:08.091960][warning] connect to 127.0.0.1:4532 failed, (trying next interface): Network error 111: Connection refused
[RIGCTRL][2026-05-04 21:52:04.201963][00:02:08.091987][error] network_open: failed to connect to 127.0.0.1:4532
[RIGCTRL][2026-05-04 21:52:04.201984][00:02:08.092009][error] error: network_close: close socket ret=0
rig_close(1904): 0x5555a9ebf30c rs->comm_state==0?=0
*1:rig.c(1907):rig_close returning(0) 
rig_token_lookup called for client
rig_confparam_lookup called for client
rig_set_conf called
rig_confparam_lookup called for client
rig_set_conf: client='WSJTX'
frontend_set_conf: Client claims to be WSJTX
rig.c(1051):rig_open entered
rig_settings_get_path: path=/home/pi/.config/hamlib_settings
rig_open: async_data_enable=0, async_data_supported=0
rig_open: using network address 127.0.0.1:4532
network_open: TCP connect
network_open: hoststr=127.0.0.1, portstr=4532
connect to 127.0.0.1:4532 failed, (trying next interface): Network error 111: Connection refused
network_open: failed to connect to 127.0.0.1:4532
rig.c(1284):rig_open returning2(-6) IO error

IO error
[RIGCTRL][2026-05-04 21:52:04.202079][00:02:08.092104][error] rig_set_ptt: rig or rig->caps is null
[RIGCTRL][2026-05-04 21:52:04.202093][00:02:08.092117][error] error: rig_token_lookup called for client
rig_confparam_lookup called for client
rig_set_conf called
rig_confparam_lookup called for client
rig_set_conf: client='WSJTX'
frontend_set_conf: Client claims to be WSJTX
rig.c(1051):rig_open entered
rig_settings_get_path: path=/home/pi/.config/hamlib_settings
rig_open: async_data_enable=0, async_data_supported=0
rig_open: using network address 127.0.0.1:4532
network_open: TCP connect
network_open: hoststr=127.0.0.1, portstr=4532
connect to 127.0.0.1:4532 failed, (trying next interface): Network error 111: Connection refused
network_open: failed to connect to 127.0.0.1:4532
rig.c(1284):rig_open returning2(-6) IO error

IO error
IO error
rig_set_ptt: rig or rig->caps is null
Invalid parameter
[SYSLOG][2026-05-04 21:52:04.202108][00:02:08.092133][error] handle_transceiver_failure: reason: Hamlib error: rig_close(1904): 0x5555a9ebf30c rs->comm_state==0?=0
*1:rig.c(1907):rig_close returning(0) 
rig_token_lookup called for client
rig_confparam_lookup called for client
rig_set_conf called
rig_confparam_lookup called for client
rig_set_conf: client='WSJTX'
frontend_set_conf: Client claims to be WSJTX
rig.c(1051):rig_open entered
rig_settings_get_path: path=/home/pi/.config/hamlib_settings
rig_open: async_data_enable=0, async_data_supported=0
rig_open: using network address 127.0.0.1:4532
network_open: TCP connect
network_open: hoststr=127.0.0.1, portstr=4532
connect to 127.0.0.1:4532 failed, (trying next interface): Network error 111: Connection refused
network_open: failed to connect to 127.0.0.1:4532
rig.c(1284):rig_open returning2(-6) IO error

IO error
IO error
 while opening connection to rig
[RIGCTRL][2026-05-04 21:53:46.229581][00:03:50.119605][error] netrigctl_open: invalid dumpcaps line, expected 'setting=value', got '=0,0,0;55=0,0,0;56=0,0,0;57=0,0,0;58=0,0,0;59=0,0,0;60=0,0,0;61=0,0,0;62=0,0,0;63=0,0,0;'
[RIGCTRL][2026-05-04 21:53:46.233346][00:03:50.123371][warning] rig_get_vfo: no get_vfo
[SYSLOG][2026-05-04 22:36:53.537812][00:46:57.427838][warning] qt.qpa.wayland: Wayland does not support QWindow::requestActivate()
[SYSLOG][2026-05-04 22:40:52.864410][00:50:56.754439][warning] qt.qpa.wayland: Wayland does not support QWindow::requestActivate()
[RIGCTRL][2026-05-04 22:52:14.061383][01:02:17.951407][error] netrigctl_close: done
[SYSLOG][2026-05-04 22:52:14.100464][01:02:17.990491][info] Log Finish
[SYSLOG][2026-05-05 23:17:39.738502][00:00:00.002279][info] Log Start
[SYSLOG][2026-05-05 23:17:39.738543][00:00:00.002318][info] WSJT-X   v2.7.0   by K1JT et al. - Program startup
[SYSLOG][2026-05-05 23:17:39.740112][00:00:00.003888][info] locale: language: English script: Latin country: United States ui-languages: en-US, en, en-Latn-US
[SYSLOG][2026-05-05 23:17:39.741118][00:00:00.004894][info] Loaded WSJT-X base translation file from :/Translations based on language en
[SYSLOG][2026-05-05 23:17:39.741189][00:00:00.004964][info] Loaded WSJT-X translations for current locale from resources
[SYSLOG][2026-05-05 23:17:39.813639][00:00:00.077416][info] shmem size: 48275268
[RIGCTRL][2026-05-05 23:17:39.856109][00:00:00.119887][info] Hamlib version: Hamlib 4.7.1 from indeterminate source revision. 64-bit
[SYSLOG][2026-05-05 23:17:39.877880][00:00:00.141657][info] Configuration Settings (/home/pi/.config/WSJT-X.ini)
[SYSLOG][2026-05-05 23:17:39.878882][00:00:00.142658][info] Reading frequencies
[SYSLOG][2026-05-05 23:17:39.878899][00:00:00.142674][info] read_settings found FrequenciesForRegionModes_v2
[SYSLOG][2026-05-05 23:17:41.519990][00:00:01.783768][info] Loading CTY.DAT from /usr/share/wsjtx/cty.dat
[SYSLOG][2026-05-05 23:17:41.664826][00:00:01.928605][info] Loaded CTY.DAT version VER20250523, Faroe Islands
[SYSLOG][2026-05-05 23:17:41.664974][00:00:01.928750][info] Loading CTY.DAT from /usr/share/wsjtx/cty.dat
[SYSLOG][2026-05-05 23:17:41.813422][00:00:02.077200][info] Loaded CTY.DAT version VER20250523, Faroe Islands
[RIGCTRL][2026-05-05 23:17:41.890452][00:00:02.154230][warning] connect to 127.0.0.1:4532 failed, (trying next interface): Network error 111: Connection refused
[RIGCTRL][2026-05-05 23:17:41.890622][00:00:02.154400][error] network_open: failed to connect to 127.0.0.1:4532
[RIGCTRL][2026-05-05 23:17:41.890682][00:00:02.154457][error] error: netrigctl_init version 20250211.0
rig_token_lookup called for no_xchg
rig_confparam_lookup called for no_xchg and not found
rig_token_lookup called for client
rig_confparam_lookup called for client
rig_set_conf called
rig_confparam_lookup called for client
rig_set_conf: client='WSJTX'
frontend_set_conf: Client claims to be WSJTX
rig.c(1051):rig_open entered
rig_settings_get_path: path=/home/pi/.config/hamlib_settings
rig_open: async_data_enable=0, async_data_supported=0
rig_open: using network address 127.0.0.1:4532
network_open: TCP connect
network_open: hoststr=127.0.0.1, portstr=4532
connect to 127.0.0.1:4532 failed, (trying next interface): Network error 111: Connection refused
network_open: failed to connect to 127.0.0.1:4532
rig.c(1284):rig_open returning2(-6) IO error

IO error
[RIGCTRL][2026-05-05 23:17:41.896114][00:00:02.159889][error] rig_set_ptt: rig or rig->caps is null
[RIGCTRL][2026-05-05 23:17:41.896194][00:00:02.159969][error] error: rig_token_lookup called for client
rig_confparam_lookup called for client
rig_set_conf called
rig_confparam_lookup called for client
rig_set_conf: client='WSJTX'
frontend_set_conf: Client claims to be WSJTX
rig.c(1051):rig_open entered
rig_settings_get_path: path=/home/pi/.config/hamlib_settings
rig_open: async_data_enable=0, async_data_supported=0
rig_open: using network address 127.0.0.1:4532
network_open: TCP connect
network_open: hoststr=127.0.0.1, portstr=4532
connect to 127.0.0.1:4532 failed, (trying next interface): Network error 111: Connection refused
network_open: failed to connect to 127.0.0.1:4532
rig.c(1284):rig_open returning2(-6) IO error

IO error
IO error
rig_set_ptt: rig or rig->caps is null
Invalid parameter
[SYSLOG][2026-05-05 23:17:41.908021][00:00:02.171802][error] handle_transceiver_failure: reason: Hamlib error: rig_token_lookup called for no_xchg
rig_confparam_lookup called for no_xchg and not found
rig_token_lookup called for client
rig_confparam_lookup called for client
rig_set_conf called
rig_confparam_lookup called for client
rig_set_conf: client='WSJTX'
frontend_set_conf: Client claims to be WSJTX
rig.c(1051):rig_open entered
rig_settings_get_path: path=/home/pi/.config/hamlib_settings
rig_open: async_data_enable=0, async_data_supported=0
rig_open: using network address 127.0.0.1:4532
network_open: TCP connect
network_open: hoststr=127.0.0.1, portstr=4532
connect to 127.0.0.1:4532 failed, (trying next interface): Network error 111: Connection refused
network_open: failed to connect to 127.0.0.1:4532
rig.c(1284):rig_open returning2(-6) IO error

IO error
IO error
 while opening connection to rig
[RIGCTRL][2026-05-05 23:17:42.023168][00:00:02.286944][warning] connect to 127.0.0.1:4532 failed, (trying next interface): Network error 111: Connection refused
[RIGCTRL][2026-05-05 23:17:42.023215][00:00:02.286991][error] network_open: failed to connect to 127.0.0.1:4532
[RIGCTRL][2026-05-05 23:17:42.023243][00:00:02.287018][error] error: netrigctl_init version 20250211.0
rig_token_lookup called for no_xchg
rig_confparam_lookup called for no_xchg and not found
rig_token_lookup called for client
rig_confparam_lookup called for client
rig_set_conf called
rig_confparam_lookup called for client
rig_set_conf: client='WSJTX'
frontend_set_conf: Client claims to be WSJTX
rig.c(1051):rig_open entered
rig_settings_get_path: path=/home/pi/.config/hamlib_settings
rig_open: async_data_enable=0, async_data_supported=0
rig_open: using network address 127.0.0.1:4532
network_open: TCP connect
network_open: hoststr=127.0.0.1, portstr=4532
connect to 127.0.0.1:4532 failed, (trying next interface): Network error 111: Connection refused
network_open: failed to connect to 127.0.0.1:4532
rig.c(1284):rig_open returning2(-6) IO error

IO error
[RIGCTRL][2026-05-05 23:17:42.023336][00:00:02.287111][error] rig_set_ptt: rig or rig->caps is null
[RIGCTRL][2026-05-05 23:17:42.023350][00:00:02.287126][error] error: rig_token_lookup called for client
rig_confparam_lookup called for client
rig_set_conf called
rig_confparam_lookup called for client
rig_set_conf: client='WSJTX'
frontend_set_conf: Client claims to be WSJTX
rig.c(1051):rig_open entered
rig_settings_get_path: path=/home/pi/.config/hamlib_settings
rig_open: async_data_enable=0, async_data_supported=0
rig_open: using network address 127.0.0.1:4532
network_open: TCP connect
network_open: hoststr=127.0.0.1, portstr=4532
connect to 127.0.0.1:4532 failed, (trying next interface): Network error 111: Connection refused
network_open: failed to connect to 127.0.0.1:4532
rig.c(1284):rig_open returning2(-6) IO error

IO error
IO error
rig_set_ptt: rig or rig->caps is null
Invalid parameter
[SYSLOG][2026-05-05 23:17:42.720376][00:00:02.984154][error] handle_transceiver_failure: reason: Hamlib error: rig_token_lookup called for no_xchg
rig_confparam_lookup called for no_xchg and not found
rig_token_lookup called for client
rig_confparam_lookup called for client
rig_set_conf called
rig_confparam_lookup called for client
rig_set_conf: client='WSJTX'
frontend_set_conf: Client claims to be WSJTX
rig.c(1051):rig_open entered
rig_settings_get_path: path=/home/pi/.config/hamlib_settings
rig_open: async_data_enable=0, async_data_supported=0
rig_open: using network address 127.0.0.1:4532
network_open: TCP connect
network_open: hoststr=127.0.0.1, portstr=4532
connect to 127.0.0.1:4532 failed, (trying next interface): Network error 111: Connection refused
network_open: failed to connect to 127.0.0.1:4532
rig.c(1284):rig_open returning2(-6) IO error

IO error
IO error
 while opening connection to rig
[RIGCTRL][2026-05-05 23:17:56.512639][00:00:16.776415][warning] connect to 127.0.0.1:4532 failed, (trying next interface): Network error 111: Connection refused
[RIGCTRL][2026-05-05 23:17:56.512685][00:00:16.776461][error] network_open: failed to connect to 127.0.0.1:4532
[RIGCTRL][2026-05-05 23:17:56.512704][00:00:16.776479][error] error: netrigctl_init version 20250211.0
rig_token_lookup called for no_xchg
rig_confparam_lookup called for no_xchg and not found
rig_token_lookup called for client
rig_confparam_lookup called for client
rig_set_conf called
rig_confparam_lookup called for client
rig_set_conf: client='WSJTX'
frontend_set_conf: Client claims to be WSJTX
rig.c(1051):rig_open entered
rig_settings_get_path: path=/home/pi/.config/hamlib_settings
rig_open: async_data_enable=0, async_data_supported=0
rig_open: using network address 127.0.0.1:4532
network_open: TCP connect
network_open: hoststr=127.0.0.1, portstr=4532
connect to 127.0.0.1:4532 failed, (trying next interface): Network error 111: Connection refused
network_open: failed to connect to 127.0.0.1:4532
rig.c(1284):rig_open returning2(-6) IO error

IO error
[RIGCTRL][2026-05-05 23:17:56.512783][00:00:16.776558][error] rig_set_ptt: rig or rig->caps is null
[RIGCTRL][2026-05-05 23:17:56.512792][00:00:16.776567][error] error: rig_token_lookup called for client
rig_confparam_lookup called for client
rig_set_conf called
rig_confparam_lookup called for client
rig_set_conf: client='WSJTX'
frontend_set_conf: Client claims to be WSJTX
rig.c(1051):rig_open entered
rig_settings_get_path: path=/home/pi/.config/hamlib_settings
rig_open: async_data_enable=0, async_data_supported=0
rig_open: using network address 127.0.0.1:4532
network_open: TCP connect
network_open: hoststr=127.0.0.1, portstr=4532
connect to 127.0.0.1:4532 failed, (trying next interface): Network error 111: Connection refused
network_open: failed to connect to 127.0.0.1:4532
rig.c(1284):rig_open returning2(-6) IO error

IO error
IO error
rig_set_ptt: rig or rig->caps is null
Invalid parameter
[SYSLOG][2026-05-05 23:17:56.512792][00:00:16.776568][error] handle_transceiver_failure: reason: Hamlib error: rig_token_lookup called for no_xchg
rig_confparam_lookup called for no_xchg and not found
rig_token_lookup called for client
rig_confparam_lookup called for client
rig_set_conf called
rig_confparam_lookup called for client
rig_set_conf: client='WSJTX'
frontend_set_conf: Client claims to be WSJTX
rig.c(1051):rig_open entered
rig_settings_get_path: path=/home/pi/.config/hamlib_settings
rig_open: async_data_enable=0, async_data_supported=0
rig_open: using network address 127.0.0.1:4532
network_open: TCP connect
network_open: hoststr=127.0.0.1, portstr=4532
connect to 127.0.0.1:4532 failed, (trying next interface): Network error 111: Connection refused
network_open: failed to connect to 127.0.0.1:4532
rig.c(1284):rig_open returning2(-6) IO error

IO error
IO error
 while opening connection to rig
[RIGCTRL][2026-05-05 23:19:28.141644][00:01:48.405420][error] netrigctl_close: done
[SYSLOG][2026-05-05 23:19:30.798714][00:01:51.062494][warning] qt.qpa.wayland: Wayland does not support QWindow::requestActivate()
[SYSLOG][2026-05-05 23:25:43.342332][00:08:03.606111][warning] qt.qpa.wayland: Wayland does not support QWindow::requestActivate()
[RIGCTRL][2026-05-05 23:27:44.331835][00:10:04.595610][error] netrigctl_close: done
[SYSLOG][2026-05-05 23:27:44.368516][00:10:04.632293][info] Log Finish
[SYSLOG][2026-05-06 21:49:35.586225][00:00:00.000325][info] Log Start
[SYSLOG][2026-05-06 21:49:35.586253][00:00:00.000352][info] WSJT-X   v2.7.0   by K1JT et al. - Program startup
[SYSLOG][2026-05-06 21:49:35.586795][00:00:00.000894][info] locale: language: English script: Latin country: United States ui-languages: en-US, en, en-Latn-US
[SYSLOG][2026-05-06 21:49:35.587091][00:00:00.001190][info] Loaded WSJT-X base translation file from :/Translations based on language en
[SYSLOG][2026-05-06 21:49:35.587132][00:00:00.001231][info] Loaded WSJT-X translations for current locale from resources
[SYSLOG][2026-05-06 21:49:35.657101][00:00:00.071201][info] shmem size: 48275268
[RIGCTRL][2026-05-06 21:49:35.701491][00:00:00.115593][info] Hamlib version: Hamlib 4.7.1 from indeterminate source revision. 64-bit
[SYSLOG][2026-05-06 21:49:35.722439][00:00:00.136541][info] Configuration Settings (/home/pi/.config/WSJT-X.ini)
[SYSLOG][2026-05-06 21:49:35.723337][00:00:00.137437][info] Reading frequencies
[SYSLOG][2026-05-06 21:49:35.723349][00:00:00.137448][info] read_settings found FrequenciesForRegionModes_v2
[SYSLOG][2026-05-06 21:49:37.397273][00:00:01.811375][info] Loading CTY.DAT from /usr/share/wsjtx/cty.dat
[SYSLOG][2026-05-06 21:49:37.548170][00:00:01.962272][info] Loaded CTY.DAT version VER20250523, Faroe Islands
[SYSLOG][2026-05-06 21:49:37.548324][00:00:01.962423][info] Loading CTY.DAT from /usr/share/wsjtx/cty.dat
[SYSLOG][2026-05-06 21:49:37.703394][00:00:02.117498][info] Loaded CTY.DAT version VER20250523, Faroe Islands
[RIGCTRL][2026-05-06 21:49:37.898960][00:00:02.313059][error] netrigctl_open: invalid dumpcaps line, expected 'setting=value', got '=0,0,0;55=0,0,0;56=0,0,0;57=0,0,0;58=0,0,0;59=0,0,0;60=0,0,0;61=0,0,0;62=0,0,0;63=0,0,0;'
[RIGCTRL][2026-05-06 21:49:37.916573][00:00:02.330672][warning] rig_get_vfo: no get_vfo
[SYSLOG][2026-05-06 21:50:56.435597][00:01:20.849700][warning] qt.qpa.wayland: Wayland does not support QWindow::requestActivate()
[RIGCTRL][2026-05-06 21:54:51.930956][00:05:16.345059][error] read_string_generic(): read failed, direct=1 - Success
[RIGCTRL][2026-05-06 21:54:51.931403][00:05:16.345502][error] read_string_generic(): read failed, direct=1 - Success
[RIGCTRL][2026-05-06 21:54:51.931449][00:05:16.345549][error] error: rig_get_freq(2655): vfo_opt=0, model=2
netrigctl_get_freq called, vfo=VFOA
netrigctl_vfostr: called vfo=VFOA
netrigctl_vfostr: vfo_opt=0
netrigctl_transaction: called len=2
network_flush called
write_block(): TX 2 bytes
0000    66 0a                                               f.              
read_string_generic called, rxmax=1024 direct=1, expected_len=1
read_string_generic(): read failed, direct=1 - Success
netrigctl_get_freq: cmd=f, reply=
rig_get_freq(2674): freqMainA=14074000, modeMainA=USB, widthMainA=2700
rig_get_freq(2674): freqMainB=14025000, modeMainB=USB, widthMainB=2700
rig_set_cache_freq(172):  vfo=VFOA, current_vfo=VFOA
rig_get_band called
*1:rig_get_freq: elapsed=0ms
rig_lock: client lock disengaged
*1:rig.c(2791):rig_get_freq returning(-6) IO error

IO error
[RIGCTRL][2026-05-06 21:54:51.931643][00:05:16.345742][error] write_block():1131 failed -1 - Broken pipe
[SYSLOG][2026-05-06 21:54:51.931634][00:05:16.345734][error] handle_transceiver_failure: reason: Hamlib error: netrigctl_get_freq called, vfo=VFOA
netrigctl_vfostr: called vfo=VFOA
netrigctl_vfostr: vfo_opt=0
netrigctl_transaction: called len=2
network_flush called
write_block(): TX 2 bytes
0000    66 0a                                               f.              
read_string_generic called, rxmax=1024 direct=1, expected_len=1
read_string_generic(): read failed, direct=1 - Success
netrigctl_get_freq: cmd=f, reply=
rig_get_freq(2674): freqMainA=14074000, modeMainA=USB, widthMainA=2700
rig_get_freq(2674): freqMainB=14025000, modeMainB=USB, widthMainB=2700
rig_set_cache_freq(172):  vfo=VFOA, current_vfo=VFOA
rig_get_band called
*1:rig_get_freq: elapsed=0ms
rig_lock: client lock disengaged
*1:rig.c(2791):rig_get_freq returning(-6) IO error

IO error
IO error
 while getting current VFO frequency
[RIGCTRL][2026-05-06 21:54:51.931666][00:05:16.345766][error] error: rig_lock: client lock disengaged
*1:rig.c(2791):rig_get_freq returning(-6) IO error

IO error
IO error
*1:rig.c(3636):rig_set_ptt entered
rig_lock: client lock engaged
*rig.c(3672) trace
netrigctl_set_ptt called vfo=currVFO, ptt=0, ptt_type=5
netrigctl_vfostr: called vfo=VFOA
netrigctl_vfostr: vfo_opt=0
netrigctl_set_ptt: cmd=T 0
netrigctl_transaction: called len=4
network_flush called
write_block():1134 failed -1 - Broken pipe
*1:rig_set_ptt: elapsed=0ms
rig_lock: client lock disengaged
*1:rig.c(3679):rig_set_ptt returning(-6) IO error

IO error
[RIGCTRL][2026-05-06 21:54:52.164016][00:05:16.578116][error] write_block():1131 failed -1 - Broken pipe
[RIGCTRL][2026-05-06 21:54:52.164055][00:05:16.578154][error] netrigctl_close: close error rig.c(995) trace
netrigctl_init version 20250211.0
rig_token_lookup called for no_xchg
rig_confparam_lookup called for no_xchg and not found
**2:rig.c(8654):morse_data_handler_stop returning(0) 
**2:rig.c(8569):async_data_handler_stop entered
**2:rig.c(8600):async_data_handler_stop returning(0) 
**2:event.c(324):rig_poll_routine_stop entered
event.c(252): Stopping rig poll routine thread
**2:event.c(359):rig_poll_routine_stop returning(0) 
**2:network.c(1906):network_multicast_receiver_stop entered
**2:network.c(1915):network_multicast_receiver_stop returning(0) 
**2:network.c(1738):network_multicast_publisher_stop entered
**2:network.c(1747):network_multicast_publisher_stop returning(0) 
netrigctl_close called
netrigctl_transaction: called len=2
network_flush called
write_block():1134 failed -1 - Broken pipe
IO error
IO error
[RIGCTRL][2026-05-06 21:54:52.164392][00:05:16.578492][warning] connect to 127.0.0.1:4532 failed, (trying next interface): Network error 111: Connection refused
[RIGCTRL][2026-05-06 21:54:52.164417][00:05:16.578517][error] network_open: failed to connect to 127.0.0.1:4532
[RIGCTRL][2026-05-06 21:54:52.164434][00:05:16.578533][error] error: network_close: close socket ret=0
rig_close(1904): 0x55567d41151c rs->comm_state==0?=0
*1:rig.c(1907):rig_close returning(0) 
rig_token_lookup called for client
rig_confparam_lookup called for client
rig_set_conf called
rig_confparam_lookup called for client
rig_set_conf: client='WSJTX'
frontend_set_conf: Client claims to be WSJTX
rig.c(1051):rig_open entered
rig_settings_get_path: path=/home/pi/.config/hamlib_settings
rig_open: async_data_enable=0, async_data_supported=0
rig_open: using network address 127.0.0.1:4532
network_open: TCP connect
network_open: hoststr=127.0.0.1, portstr=4532
connect to 127.0.0.1:4532 failed, (trying next interface): Network error 111: Connection refused
network_open: failed to connect to 127.0.0.1:4532
rig.c(1284):rig_open returning2(-6) IO error

IO error
[RIGCTRL][2026-05-06 21:54:52.164511][00:05:16.578610][error] rig_set_ptt: rig or rig->caps is null
[RIGCTRL][2026-05-06 21:54:52.164518][00:05:16.578618][error] error: rig_token_lookup called for client
rig_confparam_lookup called for client
rig_set_conf called
rig_confparam_lookup called for client
rig_set_conf: client='WSJTX'
frontend_set_conf: Client claims to be WSJTX
rig.c(1051):rig_open entered
rig_settings_get_path: path=/home/pi/.config/hamlib_settings
rig_open: async_data_enable=0, async_data_supported=0
rig_open: using network address 127.0.0.1:4532
network_open: TCP connect
network_open: hoststr=127.0.0.1, portstr=4532
connect to 127.0.0.1:4532 failed, (trying next interface): Network error 111: Connection refused
network_open: failed to connect to 127.0.0.1:4532
rig.c(1284):rig_open returning2(-6) IO error

IO error
IO error
rig_set_ptt: rig or rig->caps is null
Invalid parameter
[SYSLOG][2026-05-06 21:54:52.164577][00:05:16.578677][error] handle_transceiver_failure: reason: Hamlib error: rig_close(1904): 0x55567d41151c rs->comm_state==0?=0
*1:rig.c(1907):rig_close returning(0) 
rig_token_lookup called for client
rig_confparam_lookup called for client
rig_set_conf called
rig_confparam_lookup called for client
rig_set_conf: client='WSJTX'
frontend_set_conf: Client claims to be WSJTX
rig.c(1051):rig_open entered
rig_settings_get_path: path=/home/pi/.config/hamlib_settings
rig_open: async_data_enable=0, async_data_supported=0
rig_open: using network address 127.0.0.1:4532
network_open: TCP connect
network_open: hoststr=127.0.0.1, portstr=4532
connect to 127.0.0.1:4532 failed, (trying next interface): Network error 111: Connection refused
network_open: failed to connect to 127.0.0.1:4532
rig.c(1284):rig_open returning2(-6) IO error

IO error
IO error
 while opening connection to rig
[RIGCTRL][2026-05-06 21:59:50.780613][00:10:15.194713][error] netrigctl_open: invalid dumpcaps line, expected 'setting=value', got '=0,0,0;55=0,0,0;56=0,0,0;57=0,0,0;58=0,0,0;59=0,0,0;60=0,0,0;61=0,0,0;62=0,0,0;63=0,0,0;'
[RIGCTRL][2026-05-06 21:59:50.785132][00:10:15.199231][warning] rig_get_vfo: no get_vfo
[RIGCTRL][2026-05-06 22:15:35.152597][00:25:59.566696][error] error: *1:rig.c(3982):rig_get_ptt entered
rig_get_ptt: cache check age=5011ms
rig_get_ptt: cache miss age=5011ms
rig_lock: client lock engaged
*rig.c(4025) trace
netrigctl_get_ptt called
netrigctl_vfostr: called vfo=VFOA
netrigctl_vfostr: vfo_opt=0
netrigctl_transaction: called len=2
network_flush called
write_block(): TX 2 bytes
0000    74 0a                                               t.              
read_string_generic called, rxmax=1024 direct=1, expected_len=1
read_string_generic(): RX 9 characters, direct=1
0000    52 50 52 54 20 2d 31 33 0a                          RPRT -13.       
*1:rig_get_ptt: elapsed=394ms
rig_lock: client lock disengaged
*1:rig.c(4036):rig_get_ptt returning(-13) Communication bus error

Communication bus error
[SYSLOG][2026-05-06 22:15:35.152849][00:25:59.566949][error] handle_transceiver_failure: reason: Hamlib error: rig_get_ptt: cache check age=5011ms
rig_get_ptt: cache miss age=5011ms
rig_lock: client lock engaged
*rig.c(4025) trace
netrigctl_get_ptt called
netrigctl_vfostr: called vfo=VFOA
netrigctl_vfostr: vfo_opt=0
netrigctl_transaction: called len=2
network_flush called
write_block(): TX 2 bytes
0000    74 0a                                               t.              
read_string_generic called, rxmax=1024 direct=1, expected_len=1
read_string_generic(): RX 9 characters, direct=1
0000    52 50 52 54 20 2d 31 33 0a                          RPRT -13.       
*1:rig_get_ptt: elapsed=394ms
rig_lock: client lock disengaged
*1:rig.c(4036):rig_get_ptt returning(-13) Communication bus error

Communication bus error
Communication bus error
 while getting PTT state
[RIGCTRL][2026-05-06 22:15:38.166349][00:26:02.580448][error] error: rig_check_rig_caps: p1=0x7fff3ad3bbe0, p2=0x7fff3ad42168, rig_model=0x7fff3ad3bbe0, macro_name=0x7fff3ad42168
rig_init: rig_model=Hamlib NET rigctl 20250211.0
Requesting 47952 bytes for rig_struct
Requesting 728 bytes for rig_cache
rig_init: rx_range_list1 is empty, using rx_range_list2
rig_init: rig does not have tx_range!!
rig_init: rig has VFO_A
rig_init: rig has VFO_B
rig_init: rig has VFO_MEM
rig.c(995) trace
netrigctl_init version 20250211.0
rig_token_lookup called for no_xchg
rig_confparam_lookup called for no_xchg and not found
read_string_generic(1371): retrying read timeout 1/1 timeout=1500
read_string_generic(): Timed out 3.013 seconds after 0 chars, direct=1
*1:rig_set_ptt: elapsed=3014ms
rig_lock: client lock disengaged
*1:rig.c(3679):rig_set_ptt returning(-5) Communication timed out

Communication timed out
[RIGCTRL][2026-05-06 22:15:39.357772][00:26:03.771871][error] netrigctl_open: invalid dumpcaps line, expected 'setting=value', got '=0,0,0;55=0,0,0;56=0,0,0;57=0,0,0;58=0,0,0;59=0,0,0;60=0,0,0;61=0,0,0;62=0,0,0;63=0,0,0;'
[RIGCTRL][2026-05-06 22:15:39.417962][00:26:03.832061][warning] rig_get_vfo: no get_vfo
[RIGCTRL][2026-05-06 22:15:39.485539][00:26:03.899638][warning] network_flush: network data clear d: ret=0, len=9, ''
[RIGCTRL][2026-05-06 22:15:39.485586][00:26:03.899685][warning] network_flush: network data cleared: ret=0, len_read=9/0x9
[RIGCTRL][2026-05-06 22:15:39.739147][00:26:04.153247][error] netrigctl_close: done
[RIGCTRL][2026-05-06 22:16:30.821383][00:26:55.235482][warning] network_flush: network data clear d: ret=0, len=14, ''
[RIGCTRL][2026-05-06 22:16:30.821413][00:26:55.235512][warning] network_flush: network data cleared: ret=0, len_read=14/0xe
[RIGCTRL][2026-05-06 22:16:40.835953][00:27:05.250055][error] read_string_generic(): read failed, direct=1 - Success
[RIGCTRL][2026-05-06 22:16:40.836050][00:27:05.250150][error] error: *1:rig.c(3114):rig_get_mode returning(0) 
*1:rig.c(3982):rig_get_ptt entered
rig_get_ptt: cache check age=1998ms
rig_get_ptt: cache miss age=1998ms
rig_lock: client lock engaged
*rig.c(4025) trace
netrigctl_get_ptt called
netrigctl_vfostr: called vfo=VFOA
netrigctl_vfostr: vfo_opt=0
netrigctl_transaction: called len=2
network_flush called
write_block(): TX 2 bytes
0000    74 0a                                               t.              
read_string_generic called, rxmax=1024 direct=1, expected_len=1
read_string_generic(): read failed, direct=1 - Success
*1:rig_get_ptt: elapsed=590ms
rig_lock: client lock disengaged
*1:rig.c(4036):rig_get_ptt returning(-6) IO error

IO error
[SYSLOG][2026-05-06 22:16:40.836203][00:27:05.250303][error] handle_transceiver_failure: reason: Hamlib error: *1:rig.c(3982):rig_get_ptt entered
rig_get_ptt: cache check age=1998ms
rig_get_ptt: cache miss age=1998ms
rig_lock: client lock engaged
*rig.c(4025) trace
netrigctl_get_ptt called
netrigctl_vfostr: called vfo=VFOA
netrigctl_vfostr: vfo_opt=0
netrigctl_transaction: called len=2
network_flush called
write_block(): TX 2 bytes
0000    74 0a                                               t.              
read_string_generic called, rxmax=1024 direct=1, expected_len=1
read_string_generic(): read failed, direct=1 - Success
*1:rig_get_ptt: elapsed=590ms
rig_lock: client lock disengaged
*1:rig.c(4036):rig_get_ptt returning(-6) IO error

IO error
IO error
 while getting PTT state
[RIGCTRL][2026-05-06 22:16:40.836339][00:27:05.250438][error] read_string_generic(): read failed, direct=1 - Success
[RIGCTRL][2026-05-06 22:16:40.836369][00:27:05.250468][error] error: IO error
IO error
*1:rig.c(3636):rig_set_ptt entered
rig_lock: client lock engaged
*rig.c(3672) trace
netrigctl_set_ptt called vfo=currVFO, ptt=0, ptt_type=5
netrigctl_vfostr: called vfo=VFOA
netrigctl_vfostr: vfo_opt=0
netrigctl_set_ptt: cmd=T 0
netrigctl_transaction: called len=4
network_flush called
write_block(): TX 4 bytes
0000    54 20 30 0a                                         T 0.            
read_string_generic called, rxmax=1024 direct=1, expected_len=1
read_string_generic(): read failed, direct=1 - Success
*1:rig_set_ptt: elapsed=0ms
rig_lock: client lock disengaged
*1:rig.c(3679):rig_set_ptt returning(-6) IO error

IO error
[RIGCTRL][2026-05-06 22:16:41.071762][00:27:05.485861][error] write_block():1131 failed -1 - Broken pipe
[RIGCTRL][2026-05-06 22:16:41.071810][00:27:05.485909][error] netrigctl_close: close error IO error
IO error
*1:rig.c(1762):rig_close entered
**2:rig.c(8608):morse_data_handler_stop entered
**2:rig.c(8654):morse_data_handler_stop returning(0) 
**2:rig.c(8569):async_data_handler_stop entered
**2:rig.c(8600):async_data_handler_stop returning(0) 
**2:event.c(324):rig_poll_routine_stop entered
event.c(252): Stopping rig poll routine thread
**2:event.c(359):rig_poll_routine_stop returning(0) 
**2:network.c(1906):network_multicast_receiver_stop entered
**2:network.c(1915):network_multicast_receiver_stop returning(0) 
**2:network.c(1738):network_multicast_publisher_stop entered
**2:network.c(1747):network_multicast_publisher_stop returning(0) 
netrigctl_close called
netrigctl_transaction: called len=2
network_flush called
write_block():1134 failed -1 - Broken pipe
IO error
IO error
[RIGCTRL][2026-05-06 22:23:56.358336][00:34:20.772435][warning] connect to 127.0.0.1:4532 failed, (trying next interface): Network error 111: Connection refused
[RIGCTRL][2026-05-06 22:23:56.358396][00:34:20.772495][error] network_open: failed to connect to 127.0.0.1:4532
[RIGCTRL][2026-05-06 22:23:56.358419][00:34:20.772518][error] error: netrigctl_init version 20250211.0
rig_token_lookup called for no_xchg
rig_confparam_lookup called for no_xchg and not found
rig_token_lookup called for client
rig_confparam_lookup called for client
rig_set_conf called
rig_confparam_lookup called for client
rig_set_conf: client='WSJTX'
frontend_set_conf: Client claims to be WSJTX
rig.c(1051):rig_open entered
rig_settings_get_path: path=/home/pi/.config/hamlib_settings
rig_open: async_data_enable=0, async_data_supported=0
rig_open: using network address 127.0.0.1:4532
network_open: TCP connect
network_open: hoststr=127.0.0.1, portstr=4532
connect to 127.0.0.1:4532 failed, (trying next interface): Network error 111: Connection refused
network_open: failed to connect to 127.0.0.1:4532
rig.c(1284):rig_open returning2(-6) IO error

IO error
[RIGCTRL][2026-05-06 22:23:56.358531][00:34:20.772630][error] rig_set_ptt: rig or rig->caps is null
[RIGCTRL][2026-05-06 22:23:56.358541][00:34:20.772641][error] error: rig_token_lookup called for client
rig_confparam_lookup called for client
rig_set_conf called
rig_confparam_lookup called for client
rig_set_conf: client='WSJTX'
frontend_set_conf: Client claims to be WSJTX
rig.c(1051):rig_open entered
rig_settings_get_path: path=/home/pi/.config/hamlib_settings
rig_open: async_data_enable=0, async_data_supported=0
rig_open: using network address 127.0.0.1:4532
network_open: TCP connect
network_open: hoststr=127.0.0.1, portstr=4532
connect to 127.0.0.1:4532 failed, (trying next interface): Network error 111: Connection refused
network_open: failed to connect to 127.0.0.1:4532
rig.c(1284):rig_open returning2(-6) IO error

IO error
IO error
rig_set_ptt: rig or rig->caps is null
Invalid parameter
[SYSLOG][2026-05-06 22:23:56.358638][00:34:20.772738][error] handle_transceiver_failure: reason: Hamlib error: rig_token_lookup called for no_xchg
rig_confparam_lookup called for no_xchg and not found
rig_token_lookup called for client
rig_confparam_lookup called for client
rig_set_conf called
rig_confparam_lookup called for client
rig_set_conf: client='WSJTX'
frontend_set_conf: Client claims to be WSJTX
rig.c(1051):rig_open entered
rig_settings_get_path: path=/home/pi/.config/hamlib_settings
rig_open: async_data_enable=0, async_data_supported=0
rig_open: using network address 127.0.0.1:4532
network_open: TCP connect
network_open: hoststr=127.0.0.1, portstr=4532
connect to 127.0.0.1:4532 failed, (trying next interface): Network error 111: Connection refused
network_open: failed to connect to 127.0.0.1:4532
rig.c(1284):rig_open returning2(-6) IO error

IO error
IO error
 while opening connection to rig
[RIGCTRL][2026-05-06 22:23:56.363429][00:34:20.777530][warning] connect to 127.0.0.1:4532 failed, (trying next interface): Network error 111: Connection refused
[RIGCTRL][2026-05-06 22:23:56.363504][00:34:20.777605][error] network_open: failed to connect to 127.0.0.1:4532
[RIGCTRL][2026-05-06 22:23:56.363535][00:34:20.777634][error] error: netrigctl_init version 20250211.0
rig_token_lookup called for no_xchg
rig_confparam_lookup called for no_xchg and not found
rig_token_lookup called for client
rig_confparam_lookup called for client
rig_set_conf called
rig_confparam_lookup called for client
rig_set_conf: client='WSJTX'
frontend_set_conf: Client claims to be WSJTX
rig.c(1051):rig_open entered
rig_settings_get_path: path=/home/pi/.config/hamlib_settings
rig_open: async_data_enable=0, async_data_supported=0
rig_open: using network address 127.0.0.1:4532
network_open: TCP connect
network_open: hoststr=127.0.0.1, portstr=4532
connect to 127.0.0.1:4532 failed, (trying next interface): Network error 111: Connection refused
network_open: failed to connect to 127.0.0.1:4532
rig.c(1284):rig_open returning2(-6) IO error

IO error
[RIGCTRL][2026-05-06 22:23:56.363652][00:34:20.777751][error] rig_set_ptt: rig or rig->caps is null
[RIGCTRL][2026-05-06 22:23:56.363667][00:34:20.777766][error] error: rig_token_lookup called for client
rig_confparam_lookup called for client
rig_set_conf called
rig_confparam_lookup called for client
rig_set_conf: client='WSJTX'
frontend_set_conf: Client claims to be WSJTX
rig.c(1051):rig_open entered
rig_settings_get_path: path=/home/pi/.config/hamlib_settings
rig_open: async_data_enable=0, async_data_supported=0
rig_open: using network address 127.0.0.1:4532
network_open: TCP connect
network_open: hoststr=127.0.0.1, portstr=4532
connect to 127.0.0.1:4532 failed, (trying next interface): Network error 111: Connection refused
network_open: failed to connect to 127.0.0.1:4532
rig.c(1284):rig_open returning2(-6) IO error

IO error
IO error
rig_set_ptt: rig or rig->caps is null
Invalid parameter
[SYSLOG][2026-05-06 22:23:56.486541][00:34:20.900646][error] handle_transceiver_failure: reason: Hamlib error: rig_token_lookup called for no_xchg
rig_confparam_lookup called for no_xchg and not found
rig_token_lookup called for client
rig_confparam_lookup called for client
rig_set_conf called
rig_confparam_lookup called for client
rig_set_conf: client='WSJTX'
frontend_set_conf: Client claims to be WSJTX
rig.c(1051):rig_open entered
rig_settings_get_path: path=/home/pi/.config/hamlib_settings
rig_open: async_data_enable=0, async_data_supported=0
rig_open: using network address 127.0.0.1:4532
network_open: TCP connect
network_open: hoststr=127.0.0.1, portstr=4532
connect to 127.0.0.1:4532 failed, (trying next interface): Network error 111: Connection refused
network_open: failed to connect to 127.0.0.1:4532
rig.c(1284):rig_open returning2(-6) IO error

IO error
IO error
 while opening connection to rig
[RIGCTRL][2026-05-06 22:24:34.923726][00:34:59.337825][error] netrigctl_open: invalid dumpcaps line, expected 'setting=value', got '=0,0,0;55=0,0,0;56=0,0,0;57=0,0,0;58=0,0,0;59=0,0,0;60=0,0,0;61=0,0,0;62=0,0,0;63=0,0,0;'
[RIGCTRL][2026-05-06 22:24:34.932465][00:34:59.346564][warning] rig_get_vfo: no get_vfo
[RIGCTRL][2026-05-06 22:24:43.768148][00:35:08.182247][error] netrigctl_close: done
[SYSLOG][2026-05-06 22:24:43.809748][00:35:08.223850][info] Log Finish
[SYSLOG][2026-06-08 01:36:13.700019][00:00:00.002395][info] Log Start
[SYSLOG][2026-06-08 01:36:13.700065][00:00:00.002441][info] WSJT-X   v2.7.0   by K1JT et al. - Program startup
[SYSLOG][2026-06-08 01:36:13.701373][00:00:00.003749][info] locale: language: English script: Latin country: United States ui-languages: en-US, en, en-Latn-US
[SYSLOG][2026-06-08 01:36:13.702906][00:00:00.005282][info] Loaded WSJT-X base translation file from :/Translations based on language en
[SYSLOG][2026-06-08 01:36:13.702968][00:00:00.005344][info] Loaded WSJT-X translations for current locale from resources
[SYSLOG][2026-06-08 01:36:13.814787][00:00:00.117168][info] shmem size: 48275268
[RIGCTRL][2026-06-08 01:36:13.902751][00:00:00.205128][info] Hamlib version: Hamlib 4.7.1 from indeterminate source revision. 64-bit
[SYSLOG][2026-06-08 01:36:13.940830][00:00:00.243209][info] Configuration Settings (/home/pi/.config/WSJT-X.ini)
[SYSLOG][2026-06-08 01:36:13.941910][00:00:00.244287][info] Reading frequencies
[SYSLOG][2026-06-08 01:36:13.941947][00:00:00.244322][info] read_settings found FrequenciesForRegionModes_v2
[SYSLOG][2026-06-08 01:36:16.083265][00:00:02.385643][info] Loading CTY.DAT from /usr/share/wsjtx/cty.dat
[SYSLOG][2026-06-08 01:36:16.227868][00:00:02.530246][info] Loaded CTY.DAT version VER20250523, Faroe Islands
[SYSLOG][2026-06-08 01:36:16.228032][00:00:02.530408][info] Loading CTY.DAT from /usr/share/wsjtx/cty.dat
[SYSLOG][2026-06-08 01:36:16.379935][00:00:02.682313][info] Loaded CTY.DAT version VER20250523, Faroe Islands
[RIGCTRL][2026-06-08 01:36:16.584096][00:00:02.886472][error] netrigctl_open: invalid dumpcaps line, expected 'setting=value', got '=0,0,0;55=0,0,0;56=0,0,0;57=0,0,0;58=0,0,0;59=0,0,0;60=0,0,0;61=0,0,0;62=0,0,0;63=0,0,0;'
[RIGCTRL][2026-06-08 01:36:16.588331][00:00:02.890706][warning] rig_get_vfo: no get_vfo
[RIGCTRL][2026-06-08 01:48:22.153183][00:12:08.455558][error] netrigctl_close: done
[RIGCTRL][2026-06-08 01:48:22.272228][00:12:08.574603][error] netrigctl_open: invalid dumpcaps line, expected 'setting=value', got '=0,0,0;55=0,0,0;56=0,0,0;57=0,0,0;58=0,0,0;59=0,0,0;60=0,0,0;61=0,0,0;62=0,0,0;63=0,0,0;'
[RIGCTRL][2026-06-08 01:48:22.276995][00:12:08.579370][warning] rig_get_vfo: no get_vfo
[SYSLOG][2026-06-08 01:49:52.758356][00:13:39.060736][warning] qt.qpa.wayland: Wayland does not support QWindow::requestActivate()
[SYSLOG][2026-06-08 01:50:37.793998][00:14:24.096377][warning] qt.qpa.wayland: Wayland does not support QWindow::requestActivate()
[SYSLOG][2026-06-08 01:51:36.186391][00:15:22.488770][warning] qt.qpa.wayland: Wayland does not support QWindow::requestActivate()
[RIGCTRL][2026-06-08 02:00:24.317674][00:24:10.620050][error] netrigctl_close: done
[SYSLOG][2026-06-08 02:00:24.347862][00:24:10.650240][info] Log Finish
[SYSLOG][2026-07-21 20:04:42.657926][00:00:00.009535][info] Log Start
[SYSLOG][2026-07-21 20:04:42.657958][00:00:00.009567][info] WSJT-X   v2.7.0   by K1JT et al. - Program startup
[SYSLOG][2026-07-21 20:04:42.662053][00:00:00.013662][info] locale: language: English script: Latin country: United States ui-languages: en-US, en, en-Latn-US
[SYSLOG][2026-07-21 20:04:42.665484][00:00:00.017093][info] Loaded WSJT-X base translation file from :/Translations based on language en
[SYSLOG][2026-07-21 20:04:42.665528][00:00:00.017136][info] Loaded WSJT-X translations for current locale from resources
[SYSLOG][2026-07-21 20:04:42.774969][00:00:00.126577][info] shmem size: 48275268
[RIGCTRL][2026-07-21 20:04:42.833179][00:00:00.184789][info] Hamlib version: Hamlib 4.7.1 from indeterminate source revision. 64-bit
[SYSLOG][2026-07-21 20:04:42.889923][00:00:00.241534][info] Configuration Settings (/home/pi/.config/WSJT-X.ini)
[SYSLOG][2026-07-21 20:04:42.890871][00:00:00.242481][info] Reading frequencies
[SYSLOG][2026-07-21 20:04:42.890885][00:00:00.242493][info] read_settings found FrequenciesForRegionModes_v2
[SYSLOG][2026-07-21 20:04:44.322794][00:00:01.674406][info] Loading CTY.DAT from /usr/share/wsjtx/cty.dat
[SYSLOG][2026-07-21 20:04:44.470142][00:00:01.821753][info] Loaded CTY.DAT version VER20250523, Faroe Islands
[SYSLOG][2026-07-21 20:04:44.470282][00:00:01.821891][info] Loading CTY.DAT from /usr/share/wsjtx/cty.dat
[SYSLOG][2026-07-21 20:04:44.614293][00:00:01.965903][info] Loaded CTY.DAT version VER20250523, Faroe Islands
[RIGCTRL][2026-07-21 20:04:44.816033][00:00:02.167644][warning] connect to 127.0.0.1:4532 failed, (trying next interface): Network error 111: Connection refused
[RIGCTRL][2026-07-21 20:04:44.816131][00:00:02.167740][error] network_open: failed to connect to 127.0.0.1:4532
[RIGCTRL][2026-07-21 20:04:44.816189][00:00:02.167797][error] error: netrigctl_init version 20250211.0
rig_token_lookup called for no_xchg
rig_confparam_lookup called for no_xchg and not found
rig_token_lookup called for client
rig_confparam_lookup called for client
rig_set_conf called
rig_confparam_lookup called for client
rig_set_conf: client='WSJTX'
frontend_set_conf: Client claims to be WSJTX
rig.c(1051):rig_open entered
rig_settings_get_path: path=/home/pi/.config/hamlib_settings
rig_open: async_data_enable=0, async_data_supported=0
rig_open: using network address 127.0.0.1:4532
network_open: TCP connect
network_open: hoststr=127.0.0.1, portstr=4532
connect to 127.0.0.1:4532 failed, (trying next interface): Network error 111: Connection refused
network_open: failed to connect to 127.0.0.1:4532
rig.c(1284):rig_open returning2(-6) IO error

IO error
[RIGCTRL][2026-07-21 20:04:44.832000][00:00:02.183608][error] rig_set_ptt: rig or rig->caps is null
[RIGCTRL][2026-07-21 20:04:44.832028][00:00:02.183637][error] error: rig_token_lookup called for client
rig_confparam_lookup called for client
rig_set_conf called
rig_confparam_lookup called for client
rig_set_conf: client='WSJTX'
frontend_set_conf: Client claims to be WSJTX
rig.c(1051):rig_open entered
rig_settings_get_path: path=/home/pi/.config/hamlib_settings
rig_open: async_data_enable=0, async_data_supported=0
rig_open: using network address 127.0.0.1:4532
network_open: TCP connect
network_open: hoststr=127.0.0.1, portstr=4532
connect to 127.0.0.1:4532 failed, (trying next interface): Network error 111: Connection refused
network_open: failed to connect to 127.0.0.1:4532
rig.c(1284):rig_open returning2(-6) IO error

IO error
IO error
rig_set_ptt: rig or rig->caps is null
Invalid parameter
[SYSLOG][2026-07-21 20:04:44.835623][00:00:02.187232][error] handle_transceiver_failure: reason: Hamlib error: rig_token_lookup called for no_xchg
rig_confparam_lookup called for no_xchg and not found
rig_token_lookup called for client
rig_confparam_lookup called for client
rig_set_conf called
rig_confparam_lookup called for client
rig_set_conf: client='WSJTX'
frontend_set_conf: Client claims to be WSJTX
rig.c(1051):rig_open entered
rig_settings_get_path: path=/home/pi/.config/hamlib_settings
rig_open: async_data_enable=0, async_data_supported=0
rig_open: using network address 127.0.0.1:4532
network_open: TCP connect
network_open: hoststr=127.0.0.1, portstr=4532
connect to 127.0.0.1:4532 failed, (trying next interface): Network error 111: Connection refused
network_open: failed to connect to 127.0.0.1:4532
rig.c(1284):rig_open returning2(-6) IO error

IO error
IO error
 while opening connection to rig
[RIGCTRL][2026-07-21 20:04:45.381939][00:00:02.733548][warning] connect to 127.0.0.1:4532 failed, (trying next interface): Network error 111: Connection refused
[RIGCTRL][2026-07-21 20:04:45.382012][00:00:02.733621][error] network_open: failed to connect to 127.0.0.1:4532
[RIGCTRL][2026-07-21 20:04:45.382039][00:00:02.733647][error] error: netrigctl_init version 20250211.0
rig_token_lookup called for no_xchg
rig_confparam_lookup called for no_xchg and not found
rig_token_lookup called for client
rig_confparam_lookup called for client
rig_set_conf called
rig_confparam_lookup called for client
rig_set_conf: client='WSJTX'
frontend_set_conf: Client claims to be WSJTX
rig.c(1051):rig_open entered
rig_settings_get_path: path=/home/pi/.config/hamlib_settings
rig_open: async_data_enable=0, async_data_supported=0
rig_open: using network address 127.0.0.1:4532
network_open: TCP connect
network_open: hoststr=127.0.0.1, portstr=4532
connect to 127.0.0.1:4532 failed, (trying next interface): Network error 111: Connection refused
network_open: failed to connect to 127.0.0.1:4532
rig.c(1284):rig_open returning2(-6) IO error

IO error
[RIGCTRL][2026-07-21 20:04:45.382139][00:00:02.733747][error] rig_set_ptt: rig or rig->caps is null
[RIGCTRL][2026-07-21 20:04:45.382150][00:00:02.733759][error] error: rig_token_lookup called for client
rig_confparam_lookup called for client
rig_set_conf called
rig_confparam_lookup called for client
rig_set_conf: client='WSJTX'
frontend_set_conf: Client claims to be WSJTX
rig.c(1051):rig_open entered
rig_settings_get_path: path=/home/pi/.config/hamlib_settings
rig_open: async_data_enable=0, async_data_supported=0
rig_open: using network address 127.0.0.1:4532
network_open: TCP connect
network_open: hoststr=127.0.0.1, portstr=4532
connect to 127.0.0.1:4532 failed, (trying next interface): Network error 111: Connection refused
network_open: failed to connect to 127.0.0.1:4532
rig.c(1284):rig_open returning2(-6) IO error

IO error
IO error
rig_set_ptt: rig or rig->caps is null
Invalid parameter
[SYSLOG][2026-07-21 20:04:45.558783][00:00:02.910396][error] handle_transceiver_failure: reason: Hamlib error: rig_token_lookup called for no_xchg
rig_confparam_lookup called for no_xchg and not found
rig_token_lookup called for client
rig_confparam_lookup called for client
rig_set_conf called
rig_confparam_lookup called for client
rig_set_conf: client='WSJTX'
frontend_set_conf: Client claims to be WSJTX
rig.c(1051):rig_open entered
rig_settings_get_path: path=/home/pi/.config/hamlib_settings
rig_open: async_data_enable=0, async_data_supported=0
rig_open: using network address 127.0.0.1:4532
network_open: TCP connect
network_open: hoststr=127.0.0.1, portstr=4532
connect to 127.0.0.1:4532 failed, (trying next interface): Network error 111: Connection refused
network_open: failed to connect to 127.0.0.1:4532
rig.c(1284):rig_open returning2(-6) IO error

IO error
IO error
 while opening connection to rig
[SYSLOG][2026-07-21 20:04:53.025484][00:00:10.377095][info] Log Finish
[SYSLOG][2026-07-21 20:05:49.809823][00:00:00.000359][info] Log Start
[SYSLOG][2026-07-21 20:05:49.809856][00:00:00.000392][info] WSJT-X   v2.7.0   by K1JT et al. - Program startup
[SYSLOG][2026-07-21 20:05:49.810437][00:00:00.000973][info] locale: language: English script: Latin country: United States ui-languages: en-US, en, en-Latn-US
[SYSLOG][2026-07-21 20:05:49.810753][00:00:00.001289][info] Loaded WSJT-X base translation file from :/Translations based on language en
[SYSLOG][2026-07-21 20:05:49.810801][00:00:00.001336][info] Loaded WSJT-X translations for current locale from resources
[SYSLOG][2026-07-21 20:05:49.912463][00:00:00.102999][info] shmem size: 48275268
[RIGCTRL][2026-07-21 20:05:49.969067][00:00:00.159605][info] Hamlib version: Hamlib 4.7.1 from indeterminate source revision. 64-bit
[SYSLOG][2026-07-21 20:05:49.988947][00:00:00.179486][info] Configuration Settings (/home/pi/.config/WSJT-X.ini)
[SYSLOG][2026-07-21 20:05:49.989893][00:00:00.180429][info] Reading frequencies
[SYSLOG][2026-07-21 20:05:49.989907][00:00:00.180442][info] read_settings found FrequenciesForRegionModes_v2
[SYSLOG][2026-07-21 20:05:51.973641][00:00:02.164187][info] Loading CTY.DAT from /usr/share/wsjtx/cty.dat
[SYSLOG][2026-07-21 20:05:52.124821][00:00:02.315362][info] Loaded CTY.DAT version VER20250523, Faroe Islands
[SYSLOG][2026-07-21 20:05:52.125117][00:00:02.315654][info] Loading CTY.DAT from /usr/share/wsjtx/cty.dat
[SYSLOG][2026-07-21 20:05:52.278791][00:00:02.469330][info] Loaded CTY.DAT version VER20250523, Faroe Islands
[SYSLOG][2026-07-21 20:14:46.395262][00:08:56.585802][warning] qt.qpa.wayland: Wayland does not support QWindow::requestActivate()
[RIGCTRL][2026-07-21 20:16:10.924542][00:10:21.115077][error] netrigctl_close: done
[SYSLOG][2026-07-21 20:16:10.965230][00:10:21.155768][info] Log Finish
[SYSLOG][2026-07-21 20:16:20.771932][00:00:00.000383][info] Log Start
[SYSLOG][2026-07-21 20:16:20.771967][00:00:00.000417][info] WSJT-X   v2.7.0   by K1JT et al. - Program startup
[SYSLOG][2026-07-21 20:16:20.772761][00:00:00.001214][info] locale: language: English script: Latin country: United States ui-languages: en-US, en, en-Latn-US
[SYSLOG][2026-07-21 20:16:20.773163][00:00:00.001613][info] Loaded WSJT-X base translation file from :/Translations based on language en
[SYSLOG][2026-07-21 20:16:20.773212][00:00:00.001662][info] Loaded WSJT-X translations for current locale from resources
[SYSLOG][2026-07-21 20:16:20.853534][00:00:00.081986][info] shmem size: 48275268
[RIGCTRL][2026-07-21 20:16:20.900159][00:00:00.128612][info] Hamlib version: Hamlib 4.7.1 from indeterminate source revision. 64-bit
[SYSLOG][2026-07-21 20:16:20.922744][00:00:00.151197][info] Configuration Settings (/home/pi/.config/WSJT-X.ini)
[SYSLOG][2026-07-21 20:16:20.923664][00:00:00.152115][info] Reading frequencies
[SYSLOG][2026-07-21 20:16:20.923678][00:00:00.152128][info] read_settings found FrequenciesForRegionModes_v2
[SYSLOG][2026-07-21 20:16:22.631066][00:00:01.859519][info] Loading CTY.DAT from /usr/share/wsjtx/cty.dat
[SYSLOG][2026-07-21 20:16:22.777470][00:00:02.005923][info] Loaded CTY.DAT version VER20250523, Faroe Islands
[SYSLOG][2026-07-21 20:16:22.777609][00:00:02.006059][info] Loading CTY.DAT from /usr/share/wsjtx/cty.dat
[SYSLOG][2026-07-21 20:16:22.929129][00:00:02.157581][info] Loaded CTY.DAT version VER20250523, Faroe Islands
[SYSLOG][2026-07-21 20:16:34.854820][00:00:14.083275][warning] qt.qpa.wayland: Wayland does not support QWindow::requestActivate()
[SYSLOG][2026-07-21 20:27:18.321661][00:10:57.550113][warning] QStandardPaths: wrong permissions on runtime directory /run/user/1000, 0770 instead of 0700
[SYSLOG][2026-07-21 20:34:05.982966][00:17:45.211422][warning] qt.qpa.wayland: Wayland does not support QWindow::requestActivate()
[RIGCTRL][2026-07-21 21:47:52.266950][01:31:31.495401][error] netrigctl_close: done
[SYSLOG][2026-07-21 21:47:52.314396][01:31:31.542849][info] Log Finish
[SYSLOG][2026-07-22 21:26:40.141386][00:00:00.000387][info] Log Start
[SYSLOG][2026-07-22 21:26:40.141422][00:00:00.000422][info] WSJT-X   v2.7.0   by K1JT et al. - Program startup
[SYSLOG][2026-07-22 21:26:40.142279][00:00:00.001280][info] locale: language: English script: Latin country: United States ui-languages: en-US, en, en-Latn-US
[SYSLOG][2026-07-22 21:26:40.142652][00:00:00.001652][info] Loaded WSJT-X base translation file from :/Translations based on language en
[SYSLOG][2026-07-22 21:26:40.142708][00:00:00.001708][info] Loaded WSJT-X translations for current locale from resources
[SYSLOG][2026-07-22 21:26:40.277409][00:00:00.136414][info] shmem size: 48275268
[RIGCTRL][2026-07-22 21:26:40.373419][00:00:00.232423][info] Hamlib version: Hamlib 4.7.1 from indeterminate source revision. 64-bit
[SYSLOG][2026-07-22 21:26:40.430874][00:00:00.289877][info] Configuration Settings (/home/pi/.config/WSJT-X.ini)
[SYSLOG][2026-07-22 21:26:40.432511][00:00:00.291514][info] Reading frequencies
[SYSLOG][2026-07-22 21:26:40.432558][00:00:00.291559][info] read_settings found FrequenciesForRegionModes_v2
[SYSLOG][2026-07-22 21:26:43.475031][00:00:03.334036][info] Loading CTY.DAT from /usr/share/wsjtx/cty.dat
[SYSLOG][2026-07-22 21:26:43.648065][00:00:03.507067][info] Loaded CTY.DAT version VER20250523, Faroe Islands
[SYSLOG][2026-07-22 21:26:43.648195][00:00:03.507196][info] Loading CTY.DAT from /usr/share/wsjtx/cty.dat
[SYSLOG][2026-07-22 21:26:43.854441][00:00:03.713449][info] Loaded CTY.DAT version VER20250523, Faroe Islands
[RIGCTRL][2026-07-22 21:26:49.726029][00:00:09.585029][error] netrigctl_close: done
[SYSLOG][2026-07-22 21:26:50.003539][00:00:09.862542][info] Log Finish
[SYSLOG][2026-07-22 21:40:05.217869][00:00:00.000526][info] Log Start
[SYSLOG][2026-07-22 21:40:05.217922][00:00:00.000579][info] WSJT-X   v2.7.0   by K1JT et al. - Program startup
[SYSLOG][2026-07-22 21:40:05.221602][00:00:00.004261][info] locale: language: English script: Latin country: United States ui-languages: en-US, en, en-Latn-US
[SYSLOG][2026-07-22 21:40:05.222429][00:00:00.005084][info] Loaded WSJT-X base translation file from :/Translations based on language en
[SYSLOG][2026-07-22 21:40:05.222575][00:00:00.005231][info] Loaded WSJT-X translations for current locale from resources
[SYSLOG][2026-07-22 21:40:05.378973][00:00:00.161629][info] shmem size: 48275268
[RIGCTRL][2026-07-22 21:40:05.460212][00:00:00.242874][info] Hamlib version: Hamlib 4.7.1 from indeterminate source revision. 64-bit
[SYSLOG][2026-07-22 21:40:05.501065][00:00:00.283722][info] Configuration Settings (/home/pi/.config/WSJT-X.ini)
[SYSLOG][2026-07-22 21:40:05.502377][00:00:00.285036][info] Reading frequencies
[SYSLOG][2026-07-22 21:40:05.502423][00:00:00.285079][info] read_settings found FrequenciesForRegionModes_v2
[SYSLOG][2026-07-22 21:40:09.361263][00:00:04.143929][info] Loading CTY.DAT from /usr/share/wsjtx/cty.dat
[SYSLOG][2026-07-22 21:40:09.525101][00:00:04.307765][info] Loaded CTY.DAT version VER20250523, Faroe Islands
[SYSLOG][2026-07-22 21:40:09.525604][00:00:04.308265][info] Loading CTY.DAT from /usr/share/wsjtx/cty.dat
[SYSLOG][2026-07-22 21:40:09.705576][00:00:04.488235][info] Loaded CTY.DAT version VER20250523, Faroe Islands
[RIGCTRL][2026-07-22 21:40:17.427700][00:00:12.210355][error] netrigctl_close: done
[SYSLOG][2026-07-22 21:40:17.715511][00:00:12.498173][info] Log Finish
[SYSLOG][2026-07-22 22:24:28.958566][00:00:00.012984][error] STARTUP: MultiSettings loaded
[SYSLOG][2026-07-22 22:24:28.958949][00:00:00.013366][error] STARTUP: instance lock acquired
[SYSLOG][2026-07-22 22:24:28.961250][00:00:00.015667][error] STARTUP: L10nLoader done
[SYSLOG][2026-07-22 22:24:28.961323][00:00:00.015740][error] STARTUP: temp directory ready
[SYSLOG][2026-07-22 22:24:29.106878][00:00:00.161296][error] STARTUP: splash done
[SYSLOG][2026-07-22 22:24:29.111255][00:00:00.165675][error] STARTUP: database open
[SYSLOG][2026-07-22 22:24:29.130389][00:00:00.184808][error] STARTUP: shared memory / jt9 ready
[SYSLOG][2026-07-22 22:24:29.130503][00:00:00.184920][error] STARTUP: creating MainWindow
[RIGCTRL][2026-07-22 22:24:33.638415][00:00:04.692837][warning] connect to 127.0.0.1:4532 failed, (trying next interface): Network error 111: Connection refused
[RIGCTRL][2026-07-22 22:24:33.638606][00:00:04.693026][error] network_open: failed to connect to 127.0.0.1:4532
[RIGCTRL][2026-07-22 22:24:33.638725][00:00:04.693143][error] error: *1:rig.c(1762):rig_close entered
*1:rig.c(1773):rig_close returning(-1) Invalid parameter

rig_token_lookup called for client
rig_confparam_lookup called for client
rig_set_conf called
rig_confparam_lookup called for client
rig_set_conf: client='WSJTX'
frontend_set_conf: Client claims to be WSJTX
rig.c(1051):rig_open entered
rig_settings_get_path: path=/home/pi/.config/hamlib_settings
rig_open: async_data_enable=0, async_data_supported=0
rig_open: using network address 127.0.0.1:4532
network_open: TCP connect
network_open: hoststr=127.0.0.1, portstr=4532
connect to 127.0.0.1:4532 failed, (trying next interface): Network error 111: Connection refused
network_open: failed to connect to 127.0.0.1:4532
rig.c(1284):rig_open returning2(-6) IO error

IO error
[RIGCTRL][2026-07-22 22:24:33.653864][00:00:04.708280][error] rig_set_ptt: rig or rig->caps is null
[RIGCTRL][2026-07-22 22:24:33.653915][00:00:04.708332][error] error: rig_token_lookup called for client
rig_confparam_lookup called for client
rig_set_conf called
rig_confparam_lookup called for client
rig_set_conf: client='WSJTX'
frontend_set_conf: Client claims to be WSJTX
rig.c(1051):rig_open entered
rig_settings_get_path: path=/home/pi/.config/hamlib_settings
rig_open: async_data_enable=0, async_data_supported=0
rig_open: using network address 127.0.0.1:4532
network_open: TCP connect
network_open: hoststr=127.0.0.1, portstr=4532
connect to 127.0.0.1:4532 failed, (trying next interface): Network error 111: Connection refused
network_open: failed to connect to 127.0.0.1:4532
rig.c(1284):rig_open returning2(-6) IO error

IO error
IO error
rig_set_ptt: rig or rig->caps is null
Invalid parameter
[SYSLOG][2026-07-22 22:24:33.721269][00:00:04.775688][error] STARTUP: MainWindow created, showing
[SYSLOG][2026-07-22 22:24:33.729721][00:00:04.784141][error] handle_transceiver_failure: reason: Hamlib error: *1:rig.c(1773):rig_close returning(-1) Invalid parameter

rig_token_lookup called for client
rig_confparam_lookup called for client
rig_set_conf called
rig_confparam_lookup called for client
rig_set_conf: client='WSJTX'
frontend_set_conf: Client claims to be WSJTX
rig.c(1051):rig_open entered
rig_settings_get_path: path=/home/pi/.config/hamlib_settings
rig_open: async_data_enable=0, async_data_supported=0
rig_open: using network address 127.0.0.1:4532
network_open: TCP connect
network_open: hoststr=127.0.0.1, portstr=4532
connect to 127.0.0.1:4532 failed, (trying next interface): Network error 111: Connection refused
network_open: failed to connect to 127.0.0.1:4532
rig.c(1284):rig_open returning2(-6) IO error

IO error
IO error
 while opening connection to rig
[RIGCTRL][2026-07-22 22:24:34.429981][00:00:05.484398][warning] connect to 127.0.0.1:4532 failed, (trying next interface): Network error 111: Connection refused
[RIGCTRL][2026-07-22 22:24:34.430023][00:00:05.484439][error] network_open: failed to connect to 127.0.0.1:4532
[RIGCTRL][2026-07-22 22:24:34.430038][00:00:05.484454][error] error: *1:rig.c(1762):rig_close entered
*1:rig.c(1773):rig_close returning(-1) Invalid parameter

rig_token_lookup called for client
rig_confparam_lookup called for client
rig_set_conf called
rig_confparam_lookup called for client
rig_set_conf: client='WSJTX'
frontend_set_conf: Client claims to be WSJTX
rig.c(1051):rig_open entered
rig_settings_get_path: path=/home/pi/.config/hamlib_settings
rig_open: async_data_enable=0, async_data_supported=0
rig_open: using network address 127.0.0.1:4532
network_open: TCP connect
network_open: hoststr=127.0.0.1, portstr=4532
connect to 127.0.0.1:4532 failed, (trying next interface): Network error 111: Connection refused
network_open: failed to connect to 127.0.0.1:4532
rig.c(1284):rig_open returning2(-6) IO error

IO error
[RIGCTRL][2026-07-22 22:24:34.430104][00:00:05.484521][error] rig_set_ptt: rig or rig->caps is null
[RIGCTRL][2026-07-22 22:24:34.430113][00:00:05.484529][error] error: rig_token_lookup called for client
rig_confparam_lookup called for client
rig_set_conf called
rig_confparam_lookup called for client
rig_set_conf: client='WSJTX'
frontend_set_conf: Client claims to be WSJTX
rig.c(1051):rig_open entered
rig_settings_get_path: path=/home/pi/.config/hamlib_settings
rig_open: async_data_enable=0, async_data_supported=0
rig_open: using network address 127.0.0.1:4532
network_open: TCP connect
network_open: hoststr=127.0.0.1, portstr=4532
connect to 127.0.0.1:4532 failed, (trying next interface): Network error 111: Connection refused
network_open: failed to connect to 127.0.0.1:4532
rig.c(1284):rig_open returning2(-6) IO error

IO error
IO error
rig_set_ptt: rig or rig->caps is null
Invalid parameter
[SYSLOG][2026-07-22 22:24:34.632548][00:00:05.686969][error] handle_transceiver_failure: reason: Hamlib error: *1:rig.c(1773):rig_close returning(-1) Invalid parameter

rig_token_lookup called for client
rig_confparam_lookup called for client
rig_set_conf called
rig_confparam_lookup called for client
rig_set_conf: client='WSJTX'
frontend_set_conf: Client claims to be WSJTX
rig.c(1051):rig_open entered
rig_settings_get_path: path=/home/pi/.config/hamlib_settings
rig_open: async_data_enable=0, async_data_supported=0
rig_open: using network address 127.0.0.1:4532
network_open: TCP connect
network_open: hoststr=127.0.0.1, portstr=4532
connect to 127.0.0.1:4532 failed, (trying next interface): Network error 111: Connection refused
network_open: failed to connect to 127.0.0.1:4532
rig.c(1284):rig_open returning2(-6) IO error

IO error
IO error
 while opening connection to rig
[SYSLOG][2026-07-22 22:26:31.142789][00:00:00.001761][error] STARTUP: MultiSettings loaded
[SYSLOG][2026-07-22 22:26:31.143127][00:00:00.002103][error] STARTUP: instance lock acquired
[SYSLOG][2026-07-22 22:26:31.143860][00:00:00.002831][error] STARTUP: L10nLoader done
[SYSLOG][2026-07-22 22:26:31.144046][00:00:00.003019][error] STARTUP: temp directory ready
[SYSLOG][2026-07-22 22:26:31.252202][00:00:00.111176][error] STARTUP: splash done
[SYSLOG][2026-07-22 22:26:31.255355][00:00:00.114328][error] STARTUP: database open
[SYSLOG][2026-07-22 22:26:31.278388][00:00:00.137365][error] STARTUP: shared memory / jt9 ready
[SYSLOG][2026-07-22 22:26:31.278525][00:00:00.137497][error] STARTUP: creating MainWindow
[SYSLOG][2026-07-22 22:26:34.661804][00:00:03.520783][error] STARTUP: MainWindow created, showing
[RIGCTRL][2026-07-22 22:26:34.675652][00:00:03.534623][error] netrigctl_open: invalid dumpcaps line, expected 'setting=value', got '=0,0,0;55=0,0,0;56=0,0,0;57=0,0,0;58=0,0,0;59=0,0,0;60=0,0,0;61=0,0,0;62=0,0,0;63=0,0,0;'
[RIGCTRL][2026-07-22 22:26:34.682833][00:00:03.541804][warning] rig_get_vfo: no get_vfo
[RIGCTRL][2026-07-22 22:48:47.613531][00:22:16.472502][error] netrigctl_close: done
[SYSLOG][2026-08-24 02:34:39.860603][00:00:00.011860][error] STARTUP: MultiSettings loaded
[SYSLOG][2026-08-24 02:34:39.860790][00:00:00.012047][error] STARTUP: instance lock acquired
[SYSLOG][2026-08-24 02:34:39.863011][00:00:00.014267][error] STARTUP: L10nLoader done
[SYSLOG][2026-08-24 02:34:39.863078][00:00:00.014335][error] STARTUP: temp directory ready
[SYSLOG][2026-08-24 02:34:39.976546][00:00:00.127804][error] STARTUP: splash done
[SYSLOG][2026-08-24 02:34:39.979177][00:00:00.130434][error] STARTUP: database open
[SYSLOG][2026-08-24 02:34:39.989121][00:00:00.140380][error] STARTUP: shared memory / jt9 ready
[SYSLOG][2026-08-24 02:34:39.989205][00:00:00.140462][error] STARTUP: creating MainWindow
[RIGCTRL][2026-08-24 02:34:42.029215][00:00:02.180473][warning] connect to 127.0.0.1:4532 failed, (trying next interface): Network error 111: Connection refused
[RIGCTRL][2026-08-24 02:34:42.029343][00:00:02.180602][error] network_open: failed to connect to 127.0.0.1:4532
[RIGCTRL][2026-08-24 02:34:42.029390][00:00:02.180646][error] error: *1:rig.c(1762):rig_close entered
*1:rig.c(1773):rig_close returning(-1) Invalid parameter

rig_token_lookup called for client
rig_confparam_lookup called for client
rig_set_conf called
rig_confparam_lookup called for client
rig_set_conf: client='WSJTX'
frontend_set_conf: Client claims to be WSJTX
rig.c(1051):rig_open entered
rig_settings_get_path: path=/home/pi/.config/hamlib_settings
rig_open: async_data_enable=0, async_data_supported=0
rig_open: using network address 127.0.0.1:4532
network_open: TCP connect
network_open: hoststr=127.0.0.1, portstr=4532
connect to 127.0.0.1:4532 failed, (trying next interface): Network error 111: Connection refused
network_open: failed to connect to 127.0.0.1:4532
rig.c(1284):rig_open returning2(-6) IO error

IO error
[RIGCTRL][2026-08-24 02:34:42.035670][00:00:02.186926][error] rig_set_ptt: rig or rig->caps is null
[RIGCTRL][2026-08-24 02:34:42.035727][00:00:02.186983][error] error: rig_token_lookup called for client
rig_confparam_lookup called for client
rig_set_conf called
rig_confparam_lookup called for client
rig_set_conf: client='WSJTX'
frontend_set_conf: Client claims to be WSJTX
rig.c(1051):rig_open entered
rig_settings_get_path: path=/home/pi/.config/hamlib_settings
rig_open: async_data_enable=0, async_data_supported=0
rig_open: using network address 127.0.0.1:4532
network_open: TCP connect
network_open: hoststr=127.0.0.1, portstr=4532
connect to 127.0.0.1:4532 failed, (trying next interface): Network error 111: Connection refused
network_open: failed to connect to 127.0.0.1:4532
rig.c(1284):rig_open returning2(-6) IO error

IO error
IO error
rig_set_ptt: rig or rig->caps is null
Invalid parameter
[SYSLOG][2026-08-24 02:34:42.093565][00:00:02.244825][error] STARTUP: MainWindow created, showing
[SYSLOG][2026-08-24 02:34:42.101002][00:00:02.252261][error] handle_transceiver_failure: reason: Hamlib error: *1:rig.c(1773):rig_close returning(-1) Invalid parameter

rig_token_lookup called for client
rig_confparam_lookup called for client
rig_set_conf called
rig_confparam_lookup called for client
rig_set_conf: client='WSJTX'
frontend_set_conf: Client claims to be WSJTX
rig.c(1051):rig_open entered
rig_settings_get_path: path=/home/pi/.config/hamlib_settings
rig_open: async_data_enable=0, async_data_supported=0
rig_open: using network address 127.0.0.1:4532
network_open: TCP connect
network_open: hoststr=127.0.0.1, portstr=4532
connect to 127.0.0.1:4532 failed, (trying next interface): Network error 111: Connection refused
network_open: failed to connect to 127.0.0.1:4532
rig.c(1284):rig_open returning2(-6) IO error

IO error
IO error
 while opening connection to rig
[RIGCTRL][2026-08-24 02:34:42.850453][00:00:03.001710][warning] connect to 127.0.0.1:4532 failed, (trying next interface): Network error 111: Connection refused
[RIGCTRL][2026-08-24 02:34:42.850515][00:00:03.001772][error] network_open: failed to connect to 127.0.0.1:4532
[RIGCTRL][2026-08-24 02:34:42.850542][00:00:03.001798][error] error: *1:rig.c(1762):rig_close entered
*1:rig.c(1773):rig_close returning(-1) Invalid parameter

rig_token_lookup called for client
rig_confparam_lookup called for client
rig_set_conf called
rig_confparam_lookup called for client
rig_set_conf: client='WSJTX'
frontend_set_conf: Client claims to be WSJTX
rig.c(1051):rig_open entered
rig_settings_get_path: path=/home/pi/.config/hamlib_settings
rig_open: async_data_enable=0, async_data_supported=0
rig_open: using network address 127.0.0.1:4532
network_open: TCP connect
network_open: hoststr=127.0.0.1, portstr=4532
connect to 127.0.0.1:4532 failed, (trying next interface): Network error 111: Connection refused
network_open: failed to connect to 127.0.0.1:4532
rig.c(1284):rig_open returning2(-6) IO error

IO error
[RIGCTRL][2026-08-24 02:34:42.850616][00:00:03.001873][error] rig_set_ptt: rig or rig->caps is null
[RIGCTRL][2026-08-24 02:34:42.850624][00:00:03.001880][error] error: rig_token_lookup called for client
rig_confparam_lookup called for client
rig_set_conf called
rig_confparam_lookup called for client
rig_set_conf: client='WSJTX'
frontend_set_conf: Client claims to be WSJTX
rig.c(1051):rig_open entered
rig_settings_get_path: path=/home/pi/.config/hamlib_settings
rig_open: async_data_enable=0, async_data_supported=0
rig_open: using network address 127.0.0.1:4532
network_open: TCP connect
network_open: hoststr=127.0.0.1, portstr=4532
connect to 127.0.0.1:4532 failed, (trying next interface): Network error 111: Connection refused
network_open: failed to connect to 127.0.0.1:4532
rig.c(1284):rig_open returning2(-6) IO error

IO error
IO error
rig_set_ptt: rig or rig->caps is null
Invalid parameter
[SYSLOG][2026-08-24 02:34:43.089284][00:00:03.240543][error] handle_transceiver_failure: reason: Hamlib error: *1:rig.c(1773):rig_close returning(-1) Invalid parameter

rig_token_lookup called for client
rig_confparam_lookup called for client
rig_set_conf called
rig_confparam_lookup called for client
rig_set_conf: client='WSJTX'
frontend_set_conf: Client claims to be WSJTX
rig.c(1051):rig_open entered
rig_settings_get_path: path=/home/pi/.config/hamlib_settings
rig_open: async_data_enable=0, async_data_supported=0
rig_open: using network address 127.0.0.1:4532
network_open: TCP connect
network_open: hoststr=127.0.0.1, portstr=4532
connect to 127.0.0.1:4532 failed, (trying next interface): Network error 111: Connection refused
network_open: failed to connect to 127.0.0.1:4532
rig.c(1284):rig_open returning2(-6) IO error

IO error
IO error
 while opening connection to rig
[RIGCTRL][2026-08-24 02:38:04.316756][00:03:24.468015][warning] connect to 4532 failed, (trying next interface): Network error 110: Connection timed out
[RIGCTRL][2026-08-24 02:38:04.316820][00:03:24.468077][error] network_open: failed to connect to 4532
[RIGCTRL][2026-08-24 02:38:04.316852][00:03:24.468109][error] error: *1:rig.c(1762):rig_close entered
*1:rig.c(1773):rig_close returning(-1) Invalid parameter

rig_token_lookup called for client
rig_confparam_lookup called for client
rig_set_conf called
rig_confparam_lookup called for client
rig_set_conf: client='WSJTX'
frontend_set_conf: Client claims to be WSJTX
rig.c(1051):rig_open entered
rig_settings_get_path: path=/home/pi/.config/hamlib_settings
rig_open: async_data_enable=0, async_data_supported=0
rig_open: using network address 4532
network_open: TCP connect
network_open: hoststr=4532, portstr=
connect to 4532 failed, (trying next interface): Network error 110: Connection timed out
network_open: failed to connect to 4532
rig.c(1284):rig_open returning2(-6) IO error

IO error
[RIGCTRL][2026-08-24 02:38:04.316964][00:03:24.468221][error] rig_set_ptt: rig or rig->caps is null
[RIGCTRL][2026-08-24 02:38:04.316977][00:03:24.468233][error] error: rig_token_lookup called for client
rig_confparam_lookup called for client
rig_set_conf called
rig_confparam_lookup called for client
rig_set_conf: client='WSJTX'
frontend_set_conf: Client claims to be WSJTX
rig.c(1051):rig_open entered
rig_settings_get_path: path=/home/pi/.config/hamlib_settings
rig_open: async_data_enable=0, async_data_supported=0
rig_open: using network address 4532
network_open: TCP connect
network_open: hoststr=4532, portstr=
connect to 4532 failed, (trying next interface): Network error 110: Connection timed out
network_open: failed to connect to 4532
rig.c(1284):rig_open returning2(-6) IO error

IO error
IO error
rig_set_ptt: rig or rig->caps is null
Invalid parameter
[SYSLOG][2026-08-24 02:38:04.317009][00:03:24.468266][error] handle_transceiver_failure: reason: Hamlib error: *1:rig.c(1773):rig_close returning(-1) Invalid parameter

rig_token_lookup called for client
rig_confparam_lookup called for client
rig_set_conf called
rig_confparam_lookup called for client
rig_set_conf: client='WSJTX'
frontend_set_conf: Client claims to be WSJTX
rig.c(1051):rig_open entered
rig_settings_get_path: path=/home/pi/.config/hamlib_settings
rig_open: async_data_enable=0, async_data_supported=0
rig_open: using network address 4532
network_open: TCP connect
network_open: hoststr=4532, portstr=
connect to 4532 failed, (trying next interface): Network error 110: Connection timed out
network_open: failed to connect to 4532
rig.c(1284):rig_open returning2(-6) IO error

IO error
IO error
 while opening connection to rig
[RIGCTRL][2026-08-24 02:40:19.484779][00:05:39.636038][warning] connect to 4532 failed, (trying next interface): Network error 110: Connection timed out
[RIGCTRL][2026-08-24 02:40:19.484840][00:05:39.636097][error] network_open: failed to connect to 4532
[RIGCTRL][2026-08-24 02:40:19.484868][00:05:39.636124][error] error: *1:rig.c(1762):rig_close entered
*1:rig.c(1773):rig_close returning(-1) Invalid parameter

rig_token_lookup called for client
rig_confparam_lookup called for client
rig_set_conf called
rig_confparam_lookup called for client
rig_set_conf: client='WSJTX'
frontend_set_conf: Client claims to be WSJTX
rig.c(1051):rig_open entered
rig_settings_get_path: path=/home/pi/.config/hamlib_settings
rig_open: async_data_enable=0, async_data_supported=0
rig_open: using network address 4532
network_open: TCP connect
network_open: hoststr=4532, portstr=
connect to 4532 failed, (trying next interface): Network error 110: Connection timed out
network_open: failed to connect to 4532
rig.c(1284):rig_open returning2(-6) IO error

IO error
[RIGCTRL][2026-08-24 02:40:19.484961][00:05:39.636217][error] rig_set_ptt: rig or rig->caps is null
[RIGCTRL][2026-08-24 02:40:19.484973][00:05:39.636230][error] error: rig_token_lookup called for client
rig_confparam_lookup called for client
rig_set_conf called
rig_confparam_lookup called for client
rig_set_conf: client='WSJTX'
frontend_set_conf: Client claims to be WSJTX
rig.c(1051):rig_open entered
rig_settings_get_path: path=/home/pi/.config/hamlib_settings
rig_open: async_data_enable=0, async_data_supported=0
rig_open: using network address 4532
network_open: TCP connect
network_open: hoststr=4532, portstr=
connect to 4532 failed, (trying next interface): Network error 110: Connection timed out
network_open: failed to connect to 4532
rig.c(1284):rig_open returning2(-6) IO error

IO error
IO error
rig_set_ptt: rig or rig->caps is null
Invalid parameter
[SYSLOG][2026-08-24 02:40:19.487411][00:05:39.638669][error] handle_transceiver_failure: reason: Hamlib error: *1:rig.c(1773):rig_close returning(-1) Invalid parameter

rig_token_lookup called for client
rig_confparam_lookup called for client
rig_set_conf called
rig_confparam_lookup called for client
rig_set_conf: client='WSJTX'
frontend_set_conf: Client claims to be WSJTX
rig.c(1051):rig_open entered
rig_settings_get_path: path=/home/pi/.config/hamlib_settings
rig_open: async_data_enable=0, async_data_supported=0
rig_open: using network address 4532
network_open: TCP connect
network_open: hoststr=4532, portstr=
connect to 4532 failed, (trying next interface): Network error 110: Connection timed out
network_open: failed to connect to 4532
rig.c(1284):rig_open returning2(-6) IO error

IO error
IO error
 while opening connection to rig
[RIGCTRL][2026-08-24 02:42:34.656764][00:07:54.808023][warning] connect to 4532 failed, (trying next interface): Network error 110: Connection timed out
[RIGCTRL][2026-08-24 02:42:34.656831][00:07:54.808088][error] network_open: failed to connect to 4532
[RIGCTRL][2026-08-24 02:42:34.656862][00:07:54.808118][error] error: *1:rig.c(1762):rig_close entered
*1:rig.c(1773):rig_close returning(-1) Invalid parameter

rig_token_lookup called for client
rig_confparam_lookup called for client
rig_set_conf called
rig_confparam_lookup called for client
rig_set_conf: client='WSJTX'
frontend_set_conf: Client claims to be WSJTX
rig.c(1051):rig_open entered
rig_settings_get_path: path=/home/pi/.config/hamlib_settings
rig_open: async_data_enable=0, async_data_supported=0
rig_open: using network address 4532
network_open: TCP connect
network_open: hoststr=4532, portstr=
connect to 4532 failed, (trying next interface): Network error 110: Connection timed out
network_open: failed to connect to 4532
rig.c(1284):rig_open returning2(-6) IO error

IO error
[RIGCTRL][2026-08-24 02:42:34.656947][00:07:54.808203][error] rig_set_ptt: rig or rig->caps is null
[RIGCTRL][2026-08-24 02:42:34.656957][00:07:54.808214][error] error: rig_token_lookup called for client
rig_confparam_lookup called for client
rig_set_conf called
rig_confparam_lookup called for client
rig_set_conf: client='WSJTX'
frontend_set_conf: Client claims to be WSJTX
rig.c(1051):rig_open entered
rig_settings_get_path: path=/home/pi/.config/hamlib_settings
rig_open: async_data_enable=0, async_data_supported=0
rig_open: using network address 4532
network_open: TCP connect
network_open: hoststr=4532, portstr=
connect to 4532 failed, (trying next interface): Network error 110: Connection timed out
network_open: failed to connect to 4532
rig.c(1284):rig_open returning2(-6) IO error

IO error
IO error
rig_set_ptt: rig or rig->caps is null
Invalid parameter
[RIGCTRL][2026-08-24 02:44:49.820731][00:10:09.971989][warning] connect to 4532 failed, (trying next interface): Network error 110: Connection timed out
[RIGCTRL][2026-08-24 02:44:49.820780][00:10:09.972036][error] network_open: failed to connect to 4532
[RIGCTRL][2026-08-24 02:44:49.820801][00:10:09.972057][error] error: *1:rig.c(1762):rig_close entered
*1:rig.c(1773):rig_close returning(-1) Invalid parameter

rig_token_lookup called for client
rig_confparam_lookup called for client
rig_set_conf called
rig_confparam_lookup called for client
rig_set_conf: client='WSJTX'
frontend_set_conf: Client claims to be WSJTX
rig.c(1051):rig_open entered
rig_settings_get_path: path=/home/pi/.config/hamlib_settings
rig_open: async_data_enable=0, async_data_supported=0
rig_open: using network address 4532
network_open: TCP connect
network_open: hoststr=4532, portstr=
connect to 4532 failed, (trying next interface): Network error 110: Connection timed out
network_open: failed to connect to 4532
rig.c(1284):rig_open returning2(-6) IO error

IO error
[RIGCTRL][2026-08-24 02:44:49.820862][00:10:09.972118][error] rig_set_ptt: rig or rig->caps is null
[RIGCTRL][2026-08-24 02:44:49.820867][00:10:09.972123][error] error: rig_token_lookup called for client
rig_confparam_lookup called for client
rig_set_conf called
rig_confparam_lookup called for client
rig_set_conf: client='WSJTX'
frontend_set_conf: Client claims to be WSJTX
rig.c(1051):rig_open entered
rig_settings_get_path: path=/home/pi/.config/hamlib_settings
rig_open: async_data_enable=0, async_data_supported=0
rig_open: using network address 4532
network_open: TCP connect
network_open: hoststr=4532, portstr=
connect to 4532 failed, (trying next interface): Network error 110: Connection timed out
network_open: failed to connect to 4532
rig.c(1284):rig_open returning2(-6) IO error

IO error
IO error
rig_set_ptt: rig or rig->caps is null
Invalid parameter
[SYSLOG][2026-09-14 22:38:18.073585][00:00:00.001204][error] STARTUP: MultiSettings loaded
[SYSLOG][2026-09-14 22:38:32.479150][00:00:00.000730][error] STARTUP: MultiSettings loaded
[SYSLOG][2026-09-14 22:31:10.094653][00:00:00.011417][error] STARTUP: MultiSettings loaded
[SYSLOG][2026-09-14 22:31:10.094880][00:00:00.011643][error] STARTUP: instance lock acquired
[SYSLOG][2026-09-14 22:31:10.096938][00:00:00.013701][error] STARTUP: L10nLoader done
[SYSLOG][2026-09-14 22:31:10.097016][00:00:00.013779][error] STARTUP: temp directory ready
[SYSLOG][2026-09-14 22:31:10.237605][00:00:00.154370][error] STARTUP: splash done
[SYSLOG][2026-09-14 22:31:10.240745][00:00:00.157510][error] STARTUP: database open
[SYSLOG][2026-09-14 22:31:10.252064][00:00:00.168830][error] STARTUP: shared memory / jt9 ready
[SYSLOG][2026-09-14 22:31:10.252159][00:00:00.168922][error] STARTUP: creating MainWindow
[SYSLOG][2026-09-14 22:31:12.648915][00:00:02.565683][error] STARTUP: MainWindow created, showing
[RIGCTRL][2026-09-14 22:33:27.755872][00:02:17.672637][warning] connect to 4532 failed, (trying next interface): Network error 110: Connection timed out
[RIGCTRL][2026-09-14 22:33:27.755925][00:02:17.672689][error] network_open: failed to connect to 4532
[RIGCTRL][2026-09-14 22:33:27.755946][00:02:17.672709][error] error: rig_check_rig_caps: p1=0x555596293d98, p2=0x55559629a320, rig_model=0x555596293d98, macro_name=0x55559629a320
rig_init: rig_model=Hamlib NET rigctl 20250211.0
Requesting 47952 bytes for rig_struct
Requesting 728 bytes for rig_cache
rig_init: rx_range_list1 is empty, using rx_range_list2
rig_init: rig does not have tx_range!!
/media/joe/T7/64/wsjtx-3.1.0_improved_widescreen_PLUS_260522_woMAP65_trixie/build/hamlib-prefix/src/hamlib/src/rig.c(995) trace
netrigctl_init version 20250211.0
rig_token_lookup called for rig_pathname
rig_confparam_lookup called for rig_pathname
rig_set_conf called
rig_confparam_lookup called for rig_pathname
rig_set_conf: rig_pathname='4532'
rig_token_lookup called for no_xchg
rig_confparam_lookup called for no_xchg and not found
connect to 4532 failed, (trying next interface): Network error 110: Connection timed out
network_open: failed to connect to 4532
rig.c(1284):rig_open returning2(-6) IO error

IO error
[RIGCTRL][2026-09-14 22:33:27.760840][00:02:17.677603][error] rig_set_ptt: rig or rig->caps is null
[RIGCTRL][2026-09-14 22:33:27.760884][00:02:17.677648][error] error: Requesting 728 bytes for rig_cache
rig_init: rx_range_list1 is empty, using rx_range_list2
rig_init: rig does not have tx_range!!
/media/joe/T7/64/wsjtx-3.1.0_improved_widescreen_PLUS_260522_woMAP65_trixie/build/hamlib-prefix/src/hamlib/src/rig.c(995) trace
netrigctl_init version 20250211.0
rig_token_lookup called for rig_pathname
rig_confparam_lookup called for rig_pathname
rig_set_conf called
rig_confparam_lookup called for rig_pathname
rig_set_conf: rig_pathname='4532'
rig_token_lookup called for no_xchg
rig_confparam_lookup called for no_xchg and not found
connect to 4532 failed, (trying next interface): Network error 110: Connection timed out
network_open: failed to connect to 4532
rig.c(1284):rig_open returning2(-6) IO error

IO error
IO error
rig_set_ptt: rig or rig->caps is null
Invalid parameter
[RIGCTRL][2026-09-14 22:35:42.923874][00:04:32.840639][warning] connect to 4532 failed, (trying next interface): Network error 110: Connection timed out
[RIGCTRL][2026-09-14 22:35:42.924016][00:04:32.840780][error] network_open: failed to connect to 4532
[RIGCTRL][2026-09-14 22:35:42.924251][00:04:32.841014][error] error: rig_check_rig_caps: p1=0x555596293d98, p2=0x55559629a320, rig_model=0x555596293d98, macro_name=0x55559629a320
rig_init: rig_model=Hamlib NET rigctl 20250211.0
Requesting 47952 bytes for rig_struct
Requesting 728 bytes for rig_cache
rig_init: rx_range_list1 is empty, using rx_range_list2
rig_init: rig does not have tx_range!!
/media/joe/T7/64/wsjtx-3.1.0_improved_widescreen_PLUS_260522_woMAP65_trixie/build/hamlib-prefix/src/hamlib/src/rig.c(995) trace
netrigctl_init version 20250211.0
rig_token_lookup called for rig_pathname
rig_confparam_lookup called for rig_pathname
rig_set_conf called
rig_confparam_lookup called for rig_pathname
rig_set_conf: rig_pathname='4532'
rig_token_lookup called for no_xchg
rig_confparam_lookup called for no_xchg and not found
connect to 4532 failed, (trying next interface): Network error 110: Connection timed out
network_open: failed to connect to 4532
rig.c(1284):rig_open returning2(-6) IO error

IO error
[RIGCTRL][2026-09-14 22:35:42.924329][00:04:32.841092][error] rig_set_ptt: rig or rig->caps is null
[RIGCTRL][2026-09-14 22:35:42.924342][00:04:32.841105][error] error: Requesting 728 bytes for rig_cache
rig_init: rx_range_list1 is empty, using rx_range_list2
rig_init: rig does not have tx_range!!
/media/joe/T7/64/wsjtx-3.1.0_improved_widescreen_PLUS_260522_woMAP65_trixie/build/hamlib-prefix/src/hamlib/src/rig.c(995) trace
netrigctl_init version 20250211.0
rig_token_lookup called for rig_pathname
rig_confparam_lookup called for rig_pathname
rig_set_conf called
rig_confparam_lookup called for rig_pathname
rig_set_conf: rig_pathname='4532'
rig_token_lookup called for no_xchg
rig_confparam_lookup called for no_xchg and not found
connect to 4532 failed, (trying next interface): Network error 110: Connection timed out
network_open: failed to connect to 4532
rig.c(1284):rig_open returning2(-6) IO error

IO error
IO error
rig_set_ptt: rig or rig->caps is null
Invalid parameter
[RIGCTRL][2026-09-14 22:37:58.091943][00:06:48.008711][warning] connect to 4532 failed, (trying next interface): Network error 110: Connection timed out
[RIGCTRL][2026-09-14 22:37:58.092032][00:06:48.008796][error] network_open: failed to connect to 4532
[RIGCTRL][2026-09-14 22:37:58.092062][00:06:48.008825][error] error: *1:rig.c(1762):rig_close entered
*1:rig.c(1773):rig_close returning(-1) Invalid parameter

rig_token_lookup called for client
rig_confparam_lookup called for client
rig_set_conf called
rig_confparam_lookup called for client
rig_set_conf: client='WSJTX'
frontend_set_conf: Client claims to be WSJTX
rig.c(1051):rig_open entered
rig_settings_get_path: path=/home/pi/.config/hamlib_settings
rig_open: async_data_enable=0, async_data_supported=0
rig_open: using network address 4532
network_open: TCP connect
network_open: hoststr=4532, portstr=
connect to 4532 failed, (trying next interface): Network error 110: Connection timed out
network_open: failed to connect to 4532
rig.c(1284):rig_open returning2(-6) IO error

IO error
[RIGCTRL][2026-09-14 22:37:58.092150][00:06:48.008913][error] rig_set_ptt: rig or rig->caps is null
[RIGCTRL][2026-09-14 22:37:58.092159][00:06:48.008922][error] error: rig_token_lookup called for client
rig_confparam_lookup called for client
rig_set_conf called
rig_confparam_lookup called for client
rig_set_conf: client='WSJTX'
frontend_set_conf: Client claims to be WSJTX
rig.c(1051):rig_open entered
rig_settings_get_path: path=/home/pi/.config/hamlib_settings
rig_open: async_data_enable=0, async_data_supported=0
rig_open: using network address 4532
network_open: TCP connect
network_open: hoststr=4532, portstr=
connect to 4532 failed, (trying next interface): Network error 110: Connection timed out
network_open: failed to connect to 4532
rig.c(1284):rig_open returning2(-6) IO error

IO error
IO error
rig_set_ptt: rig or rig->caps is null
Invalid parameter
[RIGCTRL][2026-09-14 22:40:13.259877][00:09:03.176644][warning] connect to 4532 failed, (trying next interface): Network error 110: Connection timed out
[RIGCTRL][2026-09-14 22:40:13.259937][00:09:03.176701][error] network_open: failed to connect to 4532
[RIGCTRL][2026-09-14 22:40:13.259960][00:09:03.176724][error] error: *1:rig.c(1762):rig_close entered
*1:rig.c(1773):rig_close returning(-1) Invalid parameter

rig_token_lookup called for client
rig_confparam_lookup called for client
rig_set_conf called
rig_confparam_lookup called for client
rig_set_conf: client='WSJTX'
frontend_set_conf: Client claims to be WSJTX
rig.c(1051):rig_open entered
rig_settings_get_path: path=/home/pi/.config/hamlib_settings
rig_open: async_data_enable=0, async_data_supported=0
rig_open: using network address 4532
network_open: TCP connect
network_open: hoststr=4532, portstr=
connect to 4532 failed, (trying next interface): Network error 110: Connection timed out
network_open: failed to connect to 4532
rig.c(1284):rig_open returning2(-6) IO error

IO error
[RIGCTRL][2026-09-14 22:40:13.260029][00:09:03.176792][error] rig_set_ptt: rig or rig->caps is null
[RIGCTRL][2026-09-14 22:40:13.260039][00:09:03.176803][error] error: rig_token_lookup called for client
rig_confparam_lookup called for client
rig_set_conf called
rig_confparam_lookup called for client
rig_set_conf: client='WSJTX'
frontend_set_conf: Client claims to be WSJTX
rig.c(1051):rig_open entered
rig_settings_get_path: path=/home/pi/.config/hamlib_settings
rig_open: async_data_enable=0, async_data_supported=0
rig_open: using network address 4532
network_open: TCP connect
network_open: hoststr=4532, portstr=
connect to 4532 failed, (trying next interface): Network error 110: Connection timed out
network_open: failed to connect to 4532
rig.c(1284):rig_open returning2(-6) IO error

IO error
IO error
rig_set_ptt: rig or rig->caps is null
Invalid parameter
[SYSLOG][2026-09-14 22:47:30.345272][00:00:00.000941][error] STARTUP: MultiSettings loaded
[SYSLOG][2026-09-14 22:43:35.637244][00:00:00.000899][error] STARTUP: MultiSettings loaded
[SYSLOG][2026-09-14 22:43:35.637409][00:00:00.001064][error] STARTUP: instance lock acquired
[SYSLOG][2026-09-14 22:43:35.638413][00:00:00.002067][error] STARTUP: L10nLoader done
[SYSLOG][2026-09-14 22:43:35.638622][00:00:00.002277][error] STARTUP: temp directory ready
[SYSLOG][2026-09-14 22:43:35.733353][00:00:00.097011][error] STARTUP: splash done
[SYSLOG][2026-09-14 22:43:35.736112][00:00:00.099768][error] STARTUP: database open
[SYSLOG][2026-09-14 22:43:35.751815][00:00:00.115474][error] STARTUP: shared memory / jt9 ready
[SYSLOG][2026-09-14 22:43:35.751966][00:00:00.115622][error] STARTUP: creating MainWindow
[SYSLOG][2026-09-14 22:43:37.885808][00:00:02.249467][error] STARTUP: MainWindow created, showing
[RIGCTRL][2026-09-14 22:45:51.179867][00:02:15.543523][warning] connect to 4532 failed, (trying next interface): Network error 110: Connection timed out
[RIGCTRL][2026-09-14 22:45:51.179931][00:02:15.543586][error] network_open: failed to connect to 4532
[RIGCTRL][2026-09-14 22:45:51.179953][00:02:15.543608][error] error: *1:rig.c(1762):rig_close entered
*1:rig.c(1773):rig_close returning(-1) Invalid parameter

rig_token_lookup called for client
rig_confparam_lookup called for client
rig_set_conf called
rig_confparam_lookup called for client
rig_set_conf: client='WSJTX'
frontend_set_conf: Client claims to be WSJTX
rig.c(1051):rig_open entered
rig_settings_get_path: path=/home/pi/.config/hamlib_settings
rig_open: async_data_enable=0, async_data_supported=0
rig_open: using network address 4532
network_open: TCP connect
network_open: hoststr=4532, portstr=
connect to 4532 failed, (trying next interface): Network error 110: Connection timed out
network_open: failed to connect to 4532
rig.c(1284):rig_open returning2(-6) IO error

IO error
[RIGCTRL][2026-09-14 22:45:51.180104][00:02:15.543758][error] rig_set_ptt: rig or rig->caps is null
[RIGCTRL][2026-09-14 22:45:51.180115][00:02:15.543769][error] error: rig_token_lookup called for client
rig_confparam_lookup called for client
rig_set_conf called
rig_confparam_lookup called for client
rig_set_conf: client='WSJTX'
frontend_set_conf: Client claims to be WSJTX
rig.c(1051):rig_open entered
rig_settings_get_path: path=/home/pi/.config/hamlib_settings
rig_open: async_data_enable=0, async_data_supported=0
rig_open: using network address 4532
network_open: TCP connect
network_open: hoststr=4532, portstr=
connect to 4532 failed, (trying next interface): Network error 110: Connection timed out
network_open: failed to connect to 4532
rig.c(1284):rig_open returning2(-6) IO error

IO error
IO error
rig_set_ptt: rig or rig->caps is null
Invalid parameter
[SYSLOG][2026-09-14 22:45:51.180137][00:02:15.543792][error] handle_transceiver_failure: reason: Hamlib error: *1:rig.c(1773):rig_close returning(-1) Invalid parameter

rig_token_lookup called for client
rig_confparam_lookup called for client
rig_set_conf called
rig_confparam_lookup called for client
rig_set_conf: client='WSJTX'
frontend_set_conf: Client claims to be WSJTX
rig.c(1051):rig_open entered
rig_settings_get_path: path=/home/pi/.config/hamlib_settings
rig_open: async_data_enable=0, async_data_supported=0
rig_open: using network address 4532
network_open: TCP connect
network_open: hoststr=4532, portstr=
connect to 4532 failed, (trying next interface): Network error 110: Connection timed out
network_open: failed to connect to 4532
rig.c(1284):rig_open returning2(-6) IO error

IO error
IO error
 while opening connection to rig
[RIGCTRL][2026-09-14 22:48:06.347878][00:04:30.711536][warning] connect to 4532 failed, (trying next interface): Network error 110: Connection timed out
[RIGCTRL][2026-09-14 22:48:06.347938][00:04:30.711593][error] network_open: failed to connect to 4532
[RIGCTRL][2026-09-14 22:48:06.347961][00:04:30.711615][error] error: *1:rig.c(1762):rig_close entered
*1:rig.c(1773):rig_close returning(-1) Invalid parameter

rig_token_lookup called for client
rig_confparam_lookup called for client
rig_set_conf called
rig_confparam_lookup called for client
rig_set_conf: client='WSJTX'
frontend_set_conf: Client claims to be WSJTX
rig.c(1051):rig_open entered
rig_settings_get_path: path=/home/pi/.config/hamlib_settings
rig_open: async_data_enable=0, async_data_supported=0
rig_open: using network address 4532
network_open: TCP connect
network_open: hoststr=4532, portstr=
connect to 4532 failed, (trying next interface): Network error 110: Connection timed out
network_open: failed to connect to 4532
rig.c(1284):rig_open returning2(-6) IO error

IO error
[RIGCTRL][2026-09-14 22:48:06.348024][00:04:30.711678][error] rig_set_ptt: rig or rig->caps is null
[RIGCTRL][2026-09-14 22:48:06.348032][00:04:30.711686][error] error: rig_token_lookup called for client
rig_confparam_lookup called for client
rig_set_conf called
rig_confparam_lookup called for client
rig_set_conf: client='WSJTX'
frontend_set_conf: Client claims to be WSJTX
rig.c(1051):rig_open entered
rig_settings_get_path: path=/home/pi/.config/hamlib_settings
rig_open: async_data_enable=0, async_data_supported=0
rig_open: using network address 4532
network_open: TCP connect
network_open: hoststr=4532, portstr=
connect to 4532 failed, (trying next interface): Network error 110: Connection timed out
network_open: failed to connect to 4532
rig.c(1284):rig_open returning2(-6) IO error

IO error
IO error
rig_set_ptt: rig or rig->caps is null
Invalid parameter
[RIGCTRL][2026-09-14 22:50:21.515868][00:06:45.879525][warning] connect to 4532 failed, (trying next interface): Network error 110: Connection timed out
[RIGCTRL][2026-09-14 22:50:21.515952][00:06:45.879607][error] network_open: failed to connect to 4532
[RIGCTRL][2026-09-14 22:50:21.515983][00:06:45.879637][error] error: *1:rig.c(1762):rig_close entered
*1:rig.c(1773):rig_close returning(-1) Invalid parameter

rig_token_lookup called for client
rig_confparam_lookup called for client
rig_set_conf called
rig_confparam_lookup called for client
rig_set_conf: client='WSJTX'
frontend_set_conf: Client claims to be WSJTX
rig.c(1051):rig_open entered
rig_settings_get_path: path=/home/pi/.config/hamlib_settings
rig_open: async_data_enable=0, async_data_supported=0
rig_open: using network address 4532
network_open: TCP connect
network_open: hoststr=4532, portstr=
connect to 4532 failed, (trying next interface): Network error 110: Connection timed out
network_open: failed to connect to 4532
rig.c(1284):rig_open returning2(-6) IO error

IO error
[RIGCTRL][2026-09-14 22:50:21.516054][00:06:45.879709][error] rig_set_ptt: rig or rig->caps is null
[RIGCTRL][2026-09-14 22:50:21.516067][00:06:45.879722][error] error: rig_token_lookup called for client
rig_confparam_lookup called for client
rig_set_conf called
rig_confparam_lookup called for client
rig_set_conf: client='WSJTX'
frontend_set_conf: Client claims to be WSJTX
rig.c(1051):rig_open entered
rig_settings_get_path: path=/home/pi/.config/hamlib_settings
rig_open: async_data_enable=0, async_data_supported=0
rig_open: using network address 4532
network_open: TCP connect
network_open: hoststr=4532, portstr=
connect to 4532 failed, (trying next interface): Network error 110: Connection timed out
network_open: failed to connect to 4532
rig.c(1284):rig_open returning2(-6) IO error

IO error
IO error
rig_set_ptt: rig or rig->caps is null
Invalid parameter
[SYSLOG][2026-09-14 22:51:35.770583][00:00:00.002828][error] STARTUP: MultiSettings loaded
[SYSLOG][2026-09-14 22:51:35.770917][00:00:00.003162][error] STARTUP: instance lock acquired
[SYSLOG][2026-09-14 22:51:35.771570][00:00:00.003813][error] STARTUP: L10nLoader done
[SYSLOG][2026-09-14 22:51:35.771715][00:00:00.003959][error] STARTUP: temp directory ready
[SYSLOG][2026-09-14 22:51:35.915328][00:00:00.147575][error] STARTUP: splash done
[SYSLOG][2026-09-14 22:51:35.920318][00:00:00.152564][error] STARTUP: database open
[SYSLOG][2026-09-14 22:51:35.944153][00:00:00.176400][error] STARTUP: shared memory / jt9 ready
[SYSLOG][2026-09-14 22:51:35.944281][00:00:00.176525][error] STARTUP: creating MainWindow
[SYSLOG][2026-09-14 22:51:39.466824][00:00:03.699073][error] STARTUP: MainWindow created, showing
[RIGCTRL][2026-09-14 22:53:54.511993][00:02:18.744242][warning] connect to 4532 failed, (trying next interface): Network error 110: Connection timed out
[RIGCTRL][2026-09-14 22:53:54.512155][00:02:18.744400][error] network_open: failed to connect to 4532
[RIGCTRL][2026-09-14 22:53:54.512259][00:02:18.744502][error] error: *1:rig.c(1762):rig_close entered
*1:rig.c(1773):rig_close returning(-1) Invalid parameter

rig_token_lookup called for client
rig_confparam_lookup called for client
rig_set_conf called
rig_confparam_lookup called for client
rig_set_conf: client='WSJTX'
frontend_set_conf: Client claims to be WSJTX
rig.c(1051):rig_open entered
rig_settings_get_path: path=/home/pi/.config/hamlib_settings
rig_open: async_data_enable=0, async_data_supported=0
rig_open: using network address 4532
network_open: TCP connect
network_open: hoststr=4532, portstr=
connect to 4532 failed, (trying next interface): Network error 110: Connection timed out
network_open: failed to connect to 4532
rig.c(1284):rig_open returning2(-6) IO error

IO error
[RIGCTRL][2026-09-14 22:53:54.512698][00:02:18.744942][error] rig_set_ptt: rig or rig->caps is null
[RIGCTRL][2026-09-14 22:53:54.512742][00:02:18.744986][error] error: rig_token_lookup called for client
rig_confparam_lookup called for client
rig_set_conf called
rig_confparam_lookup called for client
rig_set_conf: client='WSJTX'
frontend_set_conf: Client claims to be WSJTX
rig.c(1051):rig_open entered
rig_settings_get_path: path=/home/pi/.config/hamlib_settings
rig_open: async_data_enable=0, async_data_supported=0
rig_open: using network address 4532
network_open: TCP connect
network_open: hoststr=4532, portstr=
connect to 4532 failed, (trying next interface): Network error 110: Connection timed out
network_open: failed to connect to 4532
rig.c(1284):rig_open returning2(-6) IO error

IO error
IO error
rig_set_ptt: rig or rig->caps is null
Invalid parameter
[SYSLOG][2026-09-14 22:53:54.517022][00:02:18.749269][error] handle_transceiver_failure: reason: Hamlib error: *1:rig.c(1773):rig_close returning(-1) Invalid parameter

rig_token_lookup called for client
rig_confparam_lookup called for client
rig_set_conf called
rig_confparam_lookup called for client
rig_set_conf: client='WSJTX'
frontend_set_conf: Client claims to be WSJTX
rig.c(1051):rig_open entered
rig_settings_get_path: path=/home/pi/.config/hamlib_settings
rig_open: async_data_enable=0, async_data_supported=0
rig_open: using network address 4532
network_open: TCP connect
network_open: hoststr=4532, portstr=
connect to 4532 failed, (trying next interface): Network error 110: Connection timed out
network_open: failed to connect to 4532
rig.c(1284):rig_open returning2(-6) IO error

IO error
IO error
 while opening connection to rig
[RIGCTRL][2026-09-14 22:56:09.676038][00:04:33.908287][warning] connect to 4532 failed, (trying next interface): Network error 110: Connection timed out
[RIGCTRL][2026-09-14 22:56:09.676220][00:04:33.908465][error] network_open: failed to connect to 4532
[RIGCTRL][2026-09-14 22:56:09.676251][00:04:33.908494][error] error: *1:rig.c(1762):rig_close entered
*1:rig.c(1773):rig_close returning(-1) Invalid parameter

rig_token_lookup called for client
rig_confparam_lookup called for client
rig_set_conf called
rig_confparam_lookup called for client
rig_set_conf: client='WSJTX'
frontend_set_conf: Client claims to be WSJTX
rig.c(1051):rig_open entered
rig_settings_get_path: path=/home/pi/.config/hamlib_settings
rig_open: async_data_enable=0, async_data_supported=0
rig_open: using network address 4532
network_open: TCP connect
network_open: hoststr=4532, portstr=
connect to 4532 failed, (trying next interface): Network error 110: Connection timed out
network_open: failed to connect to 4532
rig.c(1284):rig_open returning2(-6) IO error

IO error
[RIGCTRL][2026-09-14 22:56:09.676327][00:04:33.908570][error] rig_set_ptt: rig or rig->caps is null
[RIGCTRL][2026-09-14 22:56:09.676335][00:04:33.908578][error] error: rig_token_lookup called for client
rig_confparam_lookup called for client
rig_set_conf called
rig_confparam_lookup called for client
rig_set_conf: client='WSJTX'
frontend_set_conf: Client claims to be WSJTX
rig.c(1051):rig_open entered
rig_settings_get_path: path=/home/pi/.config/hamlib_settings
rig_open: async_data_enable=0, async_data_supported=0
rig_open: using network address 4532
network_open: TCP connect
network_open: hoststr=4532, portstr=
connect to 4532 failed, (trying next interface): Network error 110: Connection timed out
network_open: failed to connect to 4532
rig.c(1284):rig_open returning2(-6) IO error

IO error
IO error
rig_set_ptt: rig or rig->caps is null
Invalid parameter
[SYSLOG][2026-09-14 22:56:09.676364][00:04:33.908608][error] handle_transceiver_failure: reason: Hamlib error: *1:rig.c(1773):rig_close returning(-1) Invalid parameter

rig_token_lookup called for client
rig_confparam_lookup called for client
rig_set_conf called
rig_confparam_lookup called for client
rig_set_conf: client='WSJTX'
frontend_set_conf: Client claims to be WSJTX
rig.c(1051):rig_open entered
rig_settings_get_path: path=/home/pi/.config/hamlib_settings
rig_open: async_data_enable=0, async_data_supported=0
rig_open: using network address 4532
network_open: TCP connect
network_open: hoststr=4532, portstr=
connect to 4532 failed, (trying next interface): Network error 110: Connection timed out
network_open: failed to connect to 4532
rig.c(1284):rig_open returning2(-6) IO error

IO error
IO error
 while opening connection to rig
[RIGCTRL][2026-09-14 22:58:24.843894][00:06:49.076140][warning] connect to 4532 failed, (trying next interface): Network error 110: Connection timed out
[RIGCTRL][2026-09-14 22:58:24.844011][00:06:49.076255][error] network_open: failed to connect to 4532
[RIGCTRL][2026-09-14 22:58:24.844202][00:06:49.076445][error] error: rig_check_rig_caps: p1=0x55561ff03d98, p2=0x55561ff0a320, rig_model=0x55561ff03d98, macro_name=0x55561ff0a320
rig_init: rig_model=Hamlib NET rigctl 20250211.0
Requesting 47952 bytes for rig_struct
Requesting 728 bytes for rig_cache
rig_init: rx_range_list1 is empty, using rx_range_list2
rig_init: rig does not have tx_range!!
/media/joe/T7/64/wsjtx-3.1.0_improved_widescreen_PLUS_260522_woMAP65_trixie/build/hamlib-prefix/src/hamlib/src/rig.c(995) trace
netrigctl_init version 20250211.0
rig_token_lookup called for rig_pathname
rig_confparam_lookup called for rig_pathname
rig_set_conf called
rig_confparam_lookup called for rig_pathname
rig_set_conf: rig_pathname='4532'
rig_token_lookup called for no_xchg
rig_confparam_lookup called for no_xchg and not found
connect to 4532 failed, (trying next interface): Network error 110: Connection timed out
network_open: failed to connect to 4532
rig.c(1284):rig_open returning2(-6) IO error

IO error
[RIGCTRL][2026-09-14 22:58:24.844293][00:06:49.076536][error] rig_set_ptt: rig or rig->caps is null
[RIGCTRL][2026-09-14 22:58:24.844312][00:06:49.076555][error] error: Requesting 728 bytes for rig_cache
rig_init: rx_range_list1 is empty, using rx_range_list2
rig_init: rig does not have tx_range!!
/media/joe/T7/64/wsjtx-3.1.0_improved_widescreen_PLUS_260522_woMAP65_trixie/build/hamlib-prefix/src/hamlib/src/rig.c(995) trace
netrigctl_init version 20250211.0
rig_token_lookup called for rig_pathname
rig_confparam_lookup called for rig_pathname
rig_set_conf called
rig_confparam_lookup called for rig_pathname
rig_set_conf: rig_pathname='4532'
rig_token_lookup called for no_xchg
rig_confparam_lookup called for no_xchg and not found
connect to 4532 failed, (trying next interface): Network error 110: Connection timed out
network_open: failed to connect to 4532
rig.c(1284):rig_open returning2(-6) IO error

IO error
IO error
rig_set_ptt: rig or rig->caps is null
Invalid parameter
[RIGCTRL][2026-09-14 23:00:40.011850][00:09:04.244095][warning] connect to 4532 failed, (trying next interface): Network error 110: Connection timed out
[RIGCTRL][2026-09-14 23:00:40.011931][00:09:04.244174][error] network_open: failed to connect to 4532
[RIGCTRL][2026-09-14 23:00:40.012001][00:09:04.244244][error] error: *1:rig.c(1762):rig_close entered
*1:rig.c(1773):rig_close returning(-1) Invalid parameter

rig_token_lookup called for client
rig_confparam_lookup called for client
rig_set_conf called
rig_confparam_lookup called for client
rig_set_conf: client='WSJTX'
frontend_set_conf: Client claims to be WSJTX
rig.c(1051):rig_open entered
rig_settings_get_path: path=/home/pi/.config/hamlib_settings
rig_open: async_data_enable=0, async_data_supported=0
rig_open: using network address 4532
network_open: TCP connect
network_open: hoststr=4532, portstr=
connect to 4532 failed, (trying next interface): Network error 110: Connection timed out
network_open: failed to connect to 4532
rig.c(1284):rig_open returning2(-6) IO error

IO error
[RIGCTRL][2026-09-14 23:00:40.012083][00:09:04.244326][error] rig_set_ptt: rig or rig->caps is null
[RIGCTRL][2026-09-14 23:00:40.012101][00:09:04.244344][error] error: rig_token_lookup called for client
rig_confparam_lookup called for client
rig_set_conf called
rig_confparam_lookup called for client
rig_set_conf: client='WSJTX'
frontend_set_conf: Client claims to be WSJTX
rig.c(1051):rig_open entered
rig_settings_get_path: path=/home/pi/.config/hamlib_settings
rig_open: async_data_enable=0, async_data_supported=0
rig_open: using network address 4532
network_open: TCP connect
network_open: hoststr=4532, portstr=
connect to 4532 failed, (trying next interface): Network error 110: Connection timed out
network_open: failed to connect to 4532
rig.c(1284):rig_open returning2(-6) IO error

IO error
IO error
rig_set_ptt: rig or rig->caps is null
Invalid parameter
[RIGCTRL][2026-09-14 23:02:55.183935][00:11:19.416181][warning] connect to 4532 failed, (trying next interface): Network error 110: Connection timed out
[RIGCTRL][2026-09-14 23:02:55.184962][00:11:19.417206][error] network_open: failed to connect to 4532
[RIGCTRL][2026-09-14 23:02:55.185018][00:11:19.417261][error] error: *1:rig.c(1762):rig_close entered
*1:rig.c(1773):rig_close returning(-1) Invalid parameter

rig_token_lookup called for client
rig_confparam_lookup called for client
rig_set_conf called
rig_confparam_lookup called for client
rig_set_conf: client='WSJTX'
frontend_set_conf: Client claims to be WSJTX
rig.c(1051):rig_open entered
rig_settings_get_path: path=/home/pi/.config/hamlib_settings
rig_open: async_data_enable=0, async_data_supported=0
rig_open: using network address 4532
network_open: TCP connect
network_open: hoststr=4532, portstr=
connect to 4532 failed, (trying next interface): Network error 110: Connection timed out
network_open: failed to connect to 4532
rig.c(1284):rig_open returning2(-6) IO error

IO error
[RIGCTRL][2026-09-14 23:02:55.185118][00:11:19.417361][error] rig_set_ptt: rig or rig->caps is null
[RIGCTRL][2026-09-14 23:02:55.185153][00:11:19.417396][error] error: rig_token_lookup called for client
rig_confparam_lookup called for client
rig_set_conf called
rig_confparam_lookup called for client
rig_set_conf: client='WSJTX'
frontend_set_conf: Client claims to be WSJTX
rig.c(1051):rig_open entered
rig_settings_get_path: path=/home/pi/.config/hamlib_settings
rig_open: async_data_enable=0, async_data_supported=0
rig_open: using network address 4532
network_open: TCP connect
network_open: hoststr=4532, portstr=
connect to 4532 failed, (trying next interface): Network error 110: Connection timed out
network_open: failed to connect to 4532
rig.c(1284):rig_open returning2(-6) IO error

IO error
IO error
rig_set_ptt: rig or rig->caps is null
Invalid parameter
[RIGCTRL][2026-09-14 23:05:10.347861][00:13:34.580106][warning] connect to 4532 failed, (trying next interface): Network error 110: Connection timed out
[RIGCTRL][2026-09-14 23:05:10.347944][00:13:34.580188][error] network_open: failed to connect to 4532
[RIGCTRL][2026-09-14 23:05:10.347981][00:13:34.580224][error] error: *1:rig.c(1762):rig_close entered
*1:rig.c(1773):rig_close returning(-1) Invalid parameter

rig_token_lookup called for client
rig_confparam_lookup called for client
rig_set_conf called
rig_confparam_lookup called for client
rig_set_conf: client='WSJTX'
frontend_set_conf: Client claims to be WSJTX
rig.c(1051):rig_open entered
rig_settings_get_path: path=/home/pi/.config/hamlib_settings
rig_open: async_data_enable=0, async_data_supported=0
rig_open: using network address 4532
network_open: TCP connect
network_open: hoststr=4532, portstr=
connect to 4532 failed, (trying next interface): Network error 110: Connection timed out
network_open: failed to connect to 4532
rig.c(1284):rig_open returning2(-6) IO error

IO error
[RIGCTRL][2026-09-14 23:05:10.348063][00:13:34.580306][error] rig_set_ptt: rig or rig->caps is null
[RIGCTRL][2026-09-14 23:05:10.348085][00:13:34.580328][error] error: rig_token_lookup called for client
rig_confparam_lookup called for client
rig_set_conf called
rig_confparam_lookup called for client
rig_set_conf: client='WSJTX'
frontend_set_conf: Client claims to be WSJTX
rig.c(1051):rig_open entered
rig_settings_get_path: path=/home/pi/.config/hamlib_settings
rig_open: async_data_enable=0, async_data_supported=0
rig_open: using network address 4532
network_open: TCP connect
network_open: hoststr=4532, portstr=
connect to 4532 failed, (trying next interface): Network error 110: Connection timed out
network_open: failed to connect to 4532
rig.c(1284):rig_open returning2(-6) IO error

IO error
IO error
rig_set_ptt: rig or rig->caps is null
Invalid parameter
[RIGCTRL][2026-09-14 23:07:25.515853][00:15:49.748098][warning] connect to 4532 failed, (trying next interface): Network error 110: Connection timed out
[RIGCTRL][2026-09-14 23:07:25.515926][00:15:49.748170][error] network_open: failed to connect to 4532
[RIGCTRL][2026-09-14 23:07:25.515954][00:15:49.748197][error] error: *1:rig.c(1762):rig_close entered
*1:rig.c(1773):rig_close returning(-1) Invalid parameter

rig_token_lookup called for client
rig_confparam_lookup called for client
rig_set_conf called
rig_confparam_lookup called for client
rig_set_conf: client='WSJTX'
frontend_set_conf: Client claims to be WSJTX
rig.c(1051):rig_open entered
rig_settings_get_path: path=/home/pi/.config/hamlib_settings
rig_open: async_data_enable=0, async_data_supported=0
rig_open: using network address 4532
network_open: TCP connect
network_open: hoststr=4532, portstr=
connect to 4532 failed, (trying next interface): Network error 110: Connection timed out
network_open: failed to connect to 4532
rig.c(1284):rig_open returning2(-6) IO error

IO error
[RIGCTRL][2026-09-14 23:07:25.516024][00:15:49.748267][error] rig_set_ptt: rig or rig->caps is null
[RIGCTRL][2026-09-14 23:07:25.516041][00:15:49.748284][error] error: rig_token_lookup called for client
rig_confparam_lookup called for client
rig_set_conf called
rig_confparam_lookup called for client
rig_set_conf: client='WSJTX'
frontend_set_conf: Client claims to be WSJTX
rig.c(1051):rig_open entered
rig_settings_get_path: path=/home/pi/.config/hamlib_settings
rig_open: async_data_enable=0, async_data_supported=0
rig_open: using network address 4532
network_open: TCP connect
network_open: hoststr=4532, portstr=
connect to 4532 failed, (trying next interface): Network error 110: Connection timed out
network_open: failed to connect to 4532
rig.c(1284):rig_open returning2(-6) IO error

IO error
IO error
rig_set_ptt: rig or rig->caps is null
Invalid parameter
[RIGCTRL][2026-09-14 23:09:40.683852][00:18:04.916097][warning] connect to 4532 failed, (trying next interface): Network error 110: Connection timed out
[RIGCTRL][2026-09-14 23:09:40.683940][00:18:04.916183][error] network_open: failed to connect to 4532
[RIGCTRL][2026-09-14 23:09:40.683974][00:18:04.916218][error] error: *1:rig.c(1762):rig_close entered
*1:rig.c(1773):rig_close returning(-1) Invalid parameter

rig_token_lookup called for client
rig_confparam_lookup called for client
rig_set_conf called
rig_confparam_lookup called for client
rig_set_conf: client='WSJTX'
frontend_set_conf: Client claims to be WSJTX
rig.c(1051):rig_open entered
rig_settings_get_path: path=/home/pi/.config/hamlib_settings
rig_open: async_data_enable=0, async_data_supported=0
rig_open: using network address 4532
network_open: TCP connect
network_open: hoststr=4532, portstr=
connect to 4532 failed, (trying next interface): Network error 110: Connection timed out
network_open: failed to connect to 4532
rig.c(1284):rig_open returning2(-6) IO error

IO error
[RIGCTRL][2026-09-14 23:09:40.684105][00:18:04.916348][error] rig_set_ptt: rig or rig->caps is null
[RIGCTRL][2026-09-14 23:09:40.684127][00:18:04.916370][error] error: rig_token_lookup called for client
rig_confparam_lookup called for client
rig_set_conf called
rig_confparam_lookup called for client
rig_set_conf: client='WSJTX'
frontend_set_conf: Client claims to be WSJTX
rig.c(1051):rig_open entered
rig_settings_get_path: path=/home/pi/.config/hamlib_settings
rig_open: async_data_enable=0, async_data_supported=0
rig_open: using network address 4532
network_open: TCP connect
network_open: hoststr=4532, portstr=
connect to 4532 failed, (trying next interface): Network error 110: Connection timed out
network_open: failed to connect to 4532
rig.c(1284):rig_open returning2(-6) IO error

IO error
IO error
rig_set_ptt: rig or rig->caps is null
Invalid parameter
[RIGCTRL][2026-09-14 23:11:55.851883][00:20:20.084129][warning] connect to 4532 failed, (trying next interface): Network error 110: Connection timed out
[RIGCTRL][2026-09-14 23:11:55.851976][00:20:20.084220][error] network_open: failed to connect to 4532
[RIGCTRL][2026-09-14 23:11:55.852016][00:20:20.084259][error] error: *1:rig.c(1762):rig_close entered
*1:rig.c(1773):rig_close returning(-1) Invalid parameter

rig_token_lookup called for client
rig_confparam_lookup called for client
rig_set_conf called
rig_confparam_lookup called for client
rig_set_conf: client='WSJTX'
frontend_set_conf: Client claims to be WSJTX
rig.c(1051):rig_open entered
rig_settings_get_path: path=/home/pi/.config/hamlib_settings
rig_open: async_data_enable=0, async_data_supported=0
rig_open: using network address 4532
network_open: TCP connect
network_open: hoststr=4532, portstr=
connect to 4532 failed, (trying next interface): Network error 110: Connection timed out
network_open: failed to connect to 4532
rig.c(1284):rig_open returning2(-6) IO error

IO error
[RIGCTRL][2026-09-14 23:11:55.852108][00:20:20.084351][error] rig_set_ptt: rig or rig->caps is null
[RIGCTRL][2026-09-14 23:11:55.852131][00:20:20.084374][error] error: rig_token_lookup called for client
rig_confparam_lookup called for client
rig_set_conf called
rig_confparam_lookup called for client
rig_set_conf: client='WSJTX'
frontend_set_conf: Client claims to be WSJTX
rig.c(1051):rig_open entered
rig_settings_get_path: path=/home/pi/.config/hamlib_settings
rig_open: async_data_enable=0, async_data_supported=0
rig_open: using network address 4532
network_open: TCP connect
network_open: hoststr=4532, portstr=
connect to 4532 failed, (trying next interface): Network error 110: Connection timed out
network_open: failed to connect to 4532
rig.c(1284):rig_open returning2(-6) IO error

IO error
IO error
rig_set_ptt: rig or rig->caps is null
Invalid parameter
[RIGCTRL][2026-09-14 23:14:11.019853][00:22:35.252098][warning] connect to 4532 failed, (trying next interface): Network error 110: Connection timed out
[RIGCTRL][2026-09-14 23:14:11.019931][00:22:35.252175][error] network_open: failed to connect to 4532
[RIGCTRL][2026-09-14 23:14:11.019961][00:22:35.252204][error] error: *1:rig.c(1762):rig_close entered
*1:rig.c(1773):rig_close returning(-1) Invalid parameter

rig_token_lookup called for client
rig_confparam_lookup called for client
rig_set_conf called
rig_confparam_lookup called for client
rig_set_conf: client='WSJTX'
frontend_set_conf: Client claims to be WSJTX
rig.c(1051):rig_open entered
rig_settings_get_path: path=/home/pi/.config/hamlib_settings
rig_open: async_data_enable=0, async_data_supported=0
rig_open: using network address 4532
network_open: TCP connect
network_open: hoststr=4532, portstr=
connect to 4532 failed, (trying next interface): Network error 110: Connection timed out
network_open: failed to connect to 4532
rig.c(1284):rig_open returning2(-6) IO error

IO error
[RIGCTRL][2026-09-14 23:14:11.020030][00:22:35.252273][error] rig_set_ptt: rig or rig->caps is null
[RIGCTRL][2026-09-14 23:14:11.020046][00:22:35.252289][error] error: rig_token_lookup called for client
rig_confparam_lookup called for client
rig_set_conf called
rig_confparam_lookup called for client
rig_set_conf: client='WSJTX'
frontend_set_conf: Client claims to be WSJTX
rig.c(1051):rig_open entered
rig_settings_get_path: path=/home/pi/.config/hamlib_settings
rig_open: async_data_enable=0, async_data_supported=0
rig_open: using network address 4532
network_open: TCP connect
network_open: hoststr=4532, portstr=
connect to 4532 failed, (trying next interface): Network error 110: Connection timed out
network_open: failed to connect to 4532
rig.c(1284):rig_open returning2(-6) IO error

IO error
IO error
rig_set_ptt: rig or rig->caps is null
Invalid parameter
[RIGCTRL][2026-09-14 23:16:26.187862][00:24:50.420107][warning] connect to 4532 failed, (trying next interface): Network error 110: Connection timed out
[RIGCTRL][2026-09-14 23:16:26.187965][00:24:50.420209][error] network_open: failed to connect to 4532
[RIGCTRL][2026-09-14 23:16:26.188003][00:24:50.420246][error] error: *1:rig.c(1762):rig_close entered
*1:rig.c(1773):rig_close returning(-1) Invalid parameter

rig_token_lookup called for client
rig_confparam_lookup called for client
rig_set_conf called
rig_confparam_lookup called for client
rig_set_conf: client='WSJTX'
frontend_set_conf: Client claims to be WSJTX
rig.c(1051):rig_open entered
rig_settings_get_path: path=/home/pi/.config/hamlib_settings
rig_open: async_data_enable=0, async_data_supported=0
rig_open: using network address 4532
network_open: TCP connect
network_open: hoststr=4532, portstr=
connect to 4532 failed, (trying next interface): Network error 110: Connection timed out
network_open: failed to connect to 4532
rig.c(1284):rig_open returning2(-6) IO error

IO error
[RIGCTRL][2026-09-14 23:16:26.188088][00:24:50.420332][error] rig_set_ptt: rig or rig->caps is null
[RIGCTRL][2026-09-14 23:16:26.188110][00:24:50.420354][error] error: rig_token_lookup called for client
rig_confparam_lookup called for client
rig_set_conf called
rig_confparam_lookup called for client
rig_set_conf: client='WSJTX'
frontend_set_conf: Client claims to be WSJTX
rig.c(1051):rig_open entered
rig_settings_get_path: path=/home/pi/.config/hamlib_settings
rig_open: async_data_enable=0, async_data_supported=0
rig_open: using network address 4532
network_open: TCP connect
network_open: hoststr=4532, portstr=
connect to 4532 failed, (trying next interface): Network error 110: Connection timed out
network_open: failed to connect to 4532
rig.c(1284):rig_open returning2(-6) IO error

IO error
IO error
rig_set_ptt: rig or rig->caps is null
Invalid parameter
[RIGCTRL][2026-09-14 23:18:41.355871][00:27:05.588117][warning] connect to 4532 failed, (trying next interface): Network error 110: Connection timed out
[RIGCTRL][2026-09-14 23:18:41.355963][00:27:05.588206][error] network_open: failed to connect to 4532
[RIGCTRL][2026-09-14 23:18:41.356003][00:27:05.588246][error] error: *1:rig.c(1762):rig_close entered
*1:rig.c(1773):rig_close returning(-1) Invalid parameter

rig_token_lookup called for client
rig_confparam_lookup called for client
rig_set_conf called
rig_confparam_lookup called for client
rig_set_conf: client='WSJTX'
frontend_set_conf: Client claims to be WSJTX
rig.c(1051):rig_open entered
rig_settings_get_path: path=/home/pi/.config/hamlib_settings
rig_open: async_data_enable=0, async_data_supported=0
rig_open: using network address 4532
network_open: TCP connect
network_open: hoststr=4532, portstr=
connect to 4532 failed, (trying next interface): Network error 110: Connection timed out
network_open: failed to connect to 4532
rig.c(1284):rig_open returning2(-6) IO error

IO error
[RIGCTRL][2026-09-14 23:18:41.356096][00:27:05.588340][error] rig_set_ptt: rig or rig->caps is null
[RIGCTRL][2026-09-14 23:18:41.356120][00:27:05.588363][error] error: rig_token_lookup called for client
rig_confparam_lookup called for client
rig_set_conf called
rig_confparam_lookup called for client
rig_set_conf: client='WSJTX'
frontend_set_conf: Client claims to be WSJTX
rig.c(1051):rig_open entered
rig_settings_get_path: path=/home/pi/.config/hamlib_settings
rig_open: async_data_enable=0, async_data_supported=0
rig_open: using network address 4532
network_open: TCP connect
network_open: hoststr=4532, portstr=
connect to 4532 failed, (trying next interface): Network error 110: Connection timed out
network_open: failed to connect to 4532
rig.c(1284):rig_open returning2(-6) IO error

IO error
IO error
rig_set_ptt: rig or rig->caps is null
Invalid parameter
[RIGCTRL][2026-09-14 23:20:56.523862][00:29:20.756108][warning] connect to 4532 failed, (trying next interface): Network error 110: Connection timed out
[RIGCTRL][2026-09-14 23:20:56.523961][00:29:20.756204][error] network_open: failed to connect to 4532
[RIGCTRL][2026-09-14 23:20:56.523999][00:29:20.756242][error] error: *1:rig.c(1762):rig_close entered
*1:rig.c(1773):rig_close returning(-1) Invalid parameter

rig_token_lookup called for client
rig_confparam_lookup called for client
rig_set_conf called
rig_confparam_lookup called for client
rig_set_conf: client='WSJTX'
frontend_set_conf: Client claims to be WSJTX
rig.c(1051):rig_open entered
rig_settings_get_path: path=/home/pi/.config/hamlib_settings
rig_open: async_data_enable=0, async_data_supported=0
rig_open: using network address 4532
network_open: TCP connect
network_open: hoststr=4532, portstr=
connect to 4532 failed, (trying next interface): Network error 110: Connection timed out
network_open: failed to connect to 4532
rig.c(1284):rig_open returning2(-6) IO error

IO error
[RIGCTRL][2026-09-14 23:20:56.524091][00:29:20.756334][error] rig_set_ptt: rig or rig->caps is null
[RIGCTRL][2026-09-14 23:20:56.524114][00:29:20.756357][error] error: rig_token_lookup called for client
rig_confparam_lookup called for client
rig_set_conf called
rig_confparam_lookup called for client
rig_set_conf: client='WSJTX'
frontend_set_conf: Client claims to be WSJTX
rig.c(1051):rig_open entered
rig_settings_get_path: path=/home/pi/.config/hamlib_settings
rig_open: async_data_enable=0, async_data_supported=0
rig_open: using network address 4532
network_open: TCP connect
network_open: hoststr=4532, portstr=
connect to 4532 failed, (trying next interface): Network error 110: Connection timed out
network_open: failed to connect to 4532
rig.c(1284):rig_open returning2(-6) IO error

IO error
IO error
rig_set_ptt: rig or rig->caps is null
Invalid parameter
[SYSLOG][2026-09-15 12:12:30.213945][00:00:00.000952][error] STARTUP: MultiSettings loaded
[SYSLOG][2026-09-15 12:12:30.214286][00:00:00.001293][error] STARTUP: instance lock acquired
[SYSLOG][2026-09-15 12:12:30.214934][00:00:00.001939][error] STARTUP: L10nLoader done
[SYSLOG][2026-09-15 12:12:30.215085][00:00:00.002091][error] STARTUP: temp directory ready
[SYSLOG][2026-09-15 12:12:30.309554][00:00:00.096561][error] STARTUP: splash done
[SYSLOG][2026-09-15 12:12:30.313151][00:00:00.100159][error] STARTUP: database open
[SYSLOG][2026-09-15 12:12:30.330466][00:00:00.117475][error] STARTUP: shared memory / jt9 ready
[SYSLOG][2026-09-15 12:12:30.330602][00:00:00.117608][error] STARTUP: creating MainWindow
[SYSLOG][2026-09-15 12:12:32.313733][00:00:02.100742][error] STARTUP: MainWindow created, showing
[RIGCTRL][2026-09-15 12:14:46.731934][00:02:16.518941][warning] connect to 4532 failed, (trying next interface): Network error 110: Connection timed out
[RIGCTRL][2026-09-15 12:14:46.731988][00:02:16.518993][error] network_open: failed to connect to 4532
[RIGCTRL][2026-09-15 12:14:46.732008][00:02:16.519013][error] error: rig_check_rig_caps: p1=0x5555d6363d98, p2=0x5555d636a320, rig_model=0x5555d6363d98, macro_name=0x5555d636a320
rig_init: rig_model=Hamlib NET rigctl 20250211.0
Requesting 47952 bytes for rig_struct
Requesting 728 bytes for rig_cache
rig_init: rx_range_list1 is empty, using rx_range_list2
rig_init: rig does not have tx_range!!
/media/joe/T7/64/wsjtx-3.1.0_improved_widescreen_PLUS_260522_woMAP65_trixie/build/hamlib-prefix/src/hamlib/src/rig.c(995) trace
netrigctl_init version 20250211.0
rig_token_lookup called for rig_pathname
rig_confparam_lookup called for rig_pathname
rig_set_conf called
rig_confparam_lookup called for rig_pathname
rig_set_conf: rig_pathname='localhost:4532'
rig_token_lookup called for no_xchg
rig_confparam_lookup called for no_xchg and not found
connect to 4532 failed, (trying next interface): Network error 110: Connection timed out
network_open: failed to connect to 4532
rig.c(1284):rig_open returning2(-6) IO error

IO error
[RIGCTRL][2026-09-15 12:14:46.732153][00:02:16.519159][error] rig_set_ptt: rig or rig->caps is null
[RIGCTRL][2026-09-15 12:14:46.732160][00:02:16.519165][error] error: Requesting 728 bytes for rig_cache
rig_init: rx_range_list1 is empty, using rx_range_list2
rig_init: rig does not have tx_range!!
/media/joe/T7/64/wsjtx-3.1.0_improved_widescreen_PLUS_260522_woMAP65_trixie/build/hamlib-prefix/src/hamlib/src/rig.c(995) trace
netrigctl_init version 20250211.0
rig_token_lookup called for rig_pathname
rig_confparam_lookup called for rig_pathname
rig_set_conf called
rig_confparam_lookup called for rig_pathname
rig_set_conf: rig_pathname='localhost:4532'
rig_token_lookup called for no_xchg
rig_confparam_lookup called for no_xchg and not found
connect to 4532 failed, (trying next interface): Network error 110: Connection timed out
network_open: failed to connect to 4532
rig.c(1284):rig_open returning2(-6) IO error

IO error
IO error
rig_set_ptt: rig or rig->caps is null
Invalid parameter
[RIGCTRL][2026-09-15 12:14:46.732558][00:02:16.519563][warning] connect to localhost:4532 failed, (trying next interface): Network error 111: Connection refused
[RIGCTRL][2026-09-15 12:14:46.841025][00:02:16.628030][error] netrigctl_open: invalid dumpcaps line, expected 'setting=value', got '=0,0,0;55=0,0,0;56=0,0,0;57=0,0,0;58=0,0,0;59=0,0,0;60=0,0,0;61=0,0,0;62=0,0,0;63=0,0,0;'
[RIGCTRL][2026-09-15 12:14:46.844449][00:02:16.631454][warning] rig_get_vfo: no get_vfo
[RIGCTRL][2026-09-15 12:14:47.201768][00:02:16.988773][error] netrigctl_close: done
[RIGCTRL][2026-09-15 12:14:47.212262][00:02:16.999267][warning] connect to localhost:4532 failed, (trying next interface): Network error 111: Connection refused
[RIGCTRL][2026-09-15 12:14:47.320640][00:02:17.107645][error] netrigctl_open: invalid dumpcaps line, expected 'setting=value', got '=0,0,0;55=0,0,0;56=0,0,0;57=0,0,0;58=0,0,0;59=0,0,0;60=0,0,0;61=0,0,0;62=0,0,0;63=0,0,0;'
[RIGCTRL][2026-09-15 12:14:47.324099][00:02:17.111104][warning] rig_get_vfo: no get_vfo
[RIGCTRL][2026-09-15 12:20:08.212446][00:07:37.999452][error] netrigctl_close: done
[RIGCTRL][2026-09-15 12:20:08.223219][00:07:38.010224][warning] connect to localhost:4532 failed, (trying next interface): Network error 111: Connection refused
[RIGCTRL][2026-09-15 12:20:08.332646][00:07:38.119651][error] netrigctl_open: invalid dumpcaps line, expected 'setting=value', got '=0,0,0;55=0,0,0;56=0,0,0;57=0,0,0;58=0,0,0;59=0,0,0;60=0,0,0;61=0,0,0;62=0,0,0;63=0,0,0;'
[RIGCTRL][2026-09-15 12:20:08.335769][00:07:38.122775][warning] rig_get_vfo: no get_vfo
[RIGCTRL][2026-09-15 12:21:13.023260][00:08:42.810265][error] netrigctl_close: done
[RIGCTRL][2026-09-15 12:21:13.033767][00:08:42.820772][warning] connect to localhost:4532 failed, (trying next interface): Network error 111: Connection refused
[RIGCTRL][2026-09-15 12:21:13.145184][00:08:42.932189][error] netrigctl_open: invalid dumpcaps line, expected 'setting=value', got '=0,0,0;55=0,0,0;56=0,0,0;57=0,0,0;58=0,0,0;59=0,0,0;60=0,0,0;61=0,0,0;62=0,0,0;63=0,0,0;'
[RIGCTRL][2026-09-15 12:21:13.151413][00:08:42.938419][warning] rig_get_vfo: no get_vfo
[RIGCTRL][2026-09-15 12:22:44.999405][00:10:14.786410][error] netrigctl_close: done
[RIGCTRL][2026-09-15 12:22:45.009971][00:10:14.796977][warning] connect to localhost:4532 failed, (trying next interface): Network error 111: Connection refused
[RIGCTRL][2026-09-15 12:22:45.118196][00:10:14.905202][error] netrigctl_open: invalid dumpcaps line, expected 'setting=value', got '=0,0,0;55=0,0,0;56=0,0,0;57=0,0,0;58=0,0,0;59=0,0,0;60=0,0,0;61=0,0,0;62=0,0,0;63=0,0,0;'
[RIGCTRL][2026-09-15 12:22:45.121706][00:10:14.908711][warning] rig_get_vfo: no get_vfo
[RIGCTRL][2026-09-15 12:24:31.092956][00:12:00.879961][error] netrigctl_close: done
[RIGCTRL][2026-09-15 12:24:31.103460][00:12:00.890465][warning] connect to localhost:4532 failed, (trying next interface): Network error 111: Connection refused
[RIGCTRL][2026-09-15 12:24:31.211920][00:12:00.998926][error] netrigctl_open: invalid dumpcaps line, expected 'setting=value', got '=0,0,0;55=0,0,0;56=0,0,0;57=0,0,0;58=0,0,0;59=0,0,0;60=0,0,0;61=0,0,0;62=0,0,0;63=0,0,0;'
[RIGCTRL][2026-09-15 12:24:31.216229][00:12:01.003234][warning] rig_get_vfo: no get_vfo
[RIGCTRL][2026-09-15 12:39:50.807270][00:27:20.594275][error] netrigctl_close: done
[RIGCTRL][2026-09-15 12:39:50.817747][00:27:20.604752][warning] connect to localhost:4532 failed, (trying next interface): Network error 111: Connection refused
[RIGCTRL][2026-09-15 12:39:50.928179][00:27:20.715185][error] netrigctl_open: invalid dumpcaps line, expected 'setting=value', got '=0,0,0;55=0,0,0;56=0,0,0;57=0,0,0;58=0,0,0;59=0,0,0;60=0,0,0;61=0,0,0;62=0,0,0;63=0,0,0;'
[RIGCTRL][2026-09-15 12:39:50.934282][00:27:20.721287][warning] rig_get_vfo: no get_vfo
[SYSLOG][2026-09-15 12:45:29.404639][00:32:59.191646][error] Detected excessive dropped audio source samples: -16118976 (-335.8 S)
[RIGCTRL][2026-09-15 12:45:29.708687][00:32:59.495692][error] netrigctl_close: done
[RIGCTRL][2026-09-15 12:45:29.719202][00:32:59.506207][warning] connect to localhost:4532 failed, (trying next interface): Network error 111: Connection refused
[RIGCTRL][2026-09-15 12:45:29.831362][00:32:59.618367][error] netrigctl_open: invalid dumpcaps line, expected 'setting=value', got '=0,0,0;55=0,0,0;56=0,0,0;57=0,0,0;58=0,0,0;59=0,0,0;60=0,0,0;61=0,0,0;62=0,0,0;63=0,0,0;'
[RIGCTRL][2026-09-15 12:45:29.836073][00:32:59.623078][warning] rig_get_vfo: no get_vfo
[RIGCTRL][2026-09-15 12:49:47.239283][00:37:17.026288][error] netrigctl_close: done
[RIGCTRL][2026-09-15 12:49:47.249764][00:37:17.036769][warning] connect to localhost:4532 failed, (trying next interface): Network error 111: Connection refused
[RIGCTRL][2026-09-15 12:49:47.359738][00:37:17.146743][error] netrigctl_open: invalid dumpcaps line, expected 'setting=value', got '=0,0,0;55=0,0,0;56=0,0,0;57=0,0,0;58=0,0,0;59=0,0,0;60=0,0,0;61=0,0,0;62=0,0,0;63=0,0,0;'
[RIGCTRL][2026-09-15 12:49:47.364050][00:37:17.151055][warning] rig_get_vfo: no get_vfo
[RIGCTRL][2026-09-15 12:55:42.102198][00:43:11.889203][error] netrigctl_close: done
[RIGCTRL][2026-09-15 12:55:42.112703][00:43:11.899708][warning] connect to localhost:4532 failed, (trying next interface): Network error 111: Connection refused
[RIGCTRL][2026-09-15 12:55:42.221267][00:43:12.008272][error] netrigctl_open: invalid dumpcaps line, expected 'setting=value', got '=0,0,0;55=0,0,0;56=0,0,0;57=0,0,0;58=0,0,0;59=0,0,0;60=0,0,0;61=0,0,0;62=0,0,0;63=0,0,0;'
[RIGCTRL][2026-09-15 12:55:42.224831][00:43:12.011836][warning] rig_get_vfo: no get_vfo
[RIGCTRL][2026-09-15 12:56:57.289043][00:44:27.076048][error] netrigctl_close: done
[RIGCTRL][2026-09-15 12:56:57.299666][00:44:27.086671][warning] connect to localhost:4532 failed, (trying next interface): Network error 111: Connection refused
[RIGCTRL][2026-09-15 12:56:57.408232][00:44:27.195238][error] netrigctl_open: invalid dumpcaps line, expected 'setting=value', got '=0,0,0;55=0,0,0;56=0,0,0;57=0,0,0;58=0,0,0;59=0,0,0;60=0,0,0;61=0,0,0;62=0,0,0;63=0,0,0;'
[RIGCTRL][2026-09-15 12:56:57.414035][00:44:27.201040][warning] rig_get_vfo: no get_vfo
[RIGCTRL][2026-09-15 13:00:14.001025][00:47:43.788030][error] netrigctl_close: done
[RIGCTRL][2026-09-15 13:00:14.011583][00:47:43.798589][warning] connect to localhost:4532 failed, (trying next interface): Network error 111: Connection refused
[RIGCTRL][2026-09-15 13:00:14.121242][00:47:43.908247][error] netrigctl_open: invalid dumpcaps line, expected 'setting=value', got '=0,0,0;55=0,0,0;56=0,0,0;57=0,0,0;58=0,0,0;59=0,0,0;60=0,0,0;61=0,0,0;62=0,0,0;63=0,0,0;'
[RIGCTRL][2026-09-15 13:00:14.124813][00:47:43.911818][warning] rig_get_vfo: no get_vfo
[RIGCTRL][2026-09-15 13:10:35.289207][00:58:05.076212][error] netrigctl_close: done
[RIGCTRL][2026-09-15 13:10:35.299700][00:58:05.086705][warning] connect to localhost:4532 failed, (trying next interface): Network error 111: Connection refused
[RIGCTRL][2026-09-15 13:10:35.408696][00:58:05.195701][error] netrigctl_open: invalid dumpcaps line, expected 'setting=value', got '=0,0,0;55=0,0,0;56=0,0,0;57=0,0,0;58=0,0,0;59=0,0,0;60=0,0,0;61=0,0,0;62=0,0,0;63=0,0,0;'
[RIGCTRL][2026-09-15 13:10:35.411995][00:58:05.199000][warning] rig_get_vfo: no get_vfo
[RIGCTRL][2026-09-15 13:19:59.150766][01:07:28.937772][error] netrigctl_close: done
[RIGCTRL][2026-09-15 13:19:59.161316][01:07:28.948322][warning] connect to localhost:4532 failed, (trying next interface): Network error 111: Connection refused
[RIGCTRL][2026-09-15 13:19:59.271384][01:07:29.058389][error] netrigctl_open: invalid dumpcaps line, expected 'setting=value', got '=0,0,0;55=0,0,0;56=0,0,0;57=0,0,0;58=0,0,0;59=0,0,0;60=0,0,0;61=0,0,0;62=0,0,0;63=0,0,0;'
[RIGCTRL][2026-09-15 13:19:59.275108][01:07:29.062113][warning] rig_get_vfo: no get_vfo
[RIGCTRL][2026-09-15 13:26:25.509736][01:13:55.296741][error] netrigctl_close: done
[RIGCTRL][2026-09-15 13:26:25.520307][01:13:55.307312][warning] connect to localhost:4532 failed, (trying next interface): Network error 111: Connection refused
[RIGCTRL][2026-09-15 13:26:25.630920][01:13:55.417926][error] netrigctl_open: invalid dumpcaps line, expected 'setting=value', got '=0,0,0;55=0,0,0;56=0,0,0;57=0,0,0;58=0,0,0;59=0,0,0;60=0,0,0;61=0,0,0;62=0,0,0;63=0,0,0;'
[RIGCTRL][2026-09-15 13:26:25.635172][01:13:55.422177][warning] rig_get_vfo: no get_vfo
[RIGCTRL][2026-09-15 13:34:26.319029][01:21:56.106034][error] netrigctl_close: done
[RIGCTRL][2026-09-15 13:34:26.329578][01:21:56.116583][warning] connect to localhost:4532 failed, (trying next interface): Network error 111: Connection refused
[RIGCTRL][2026-09-15 13:34:26.440028][01:21:56.227033][error] netrigctl_open: invalid dumpcaps line, expected 'setting=value', got '=0,0,0;55=0,0,0;56=0,0,0;57=0,0,0;58=0,0,0;59=0,0,0;60=0,0,0;61=0,0,0;62=0,0,0;63=0,0,0;'
[RIGCTRL][2026-09-15 13:34:26.443473][01:21:56.230478][warning] rig_get_vfo: no get_vfo
[RIGCTRL][2026-09-15 14:18:59.520108][02:06:29.307113][error] netrigctl_close: done
[RIGCTRL][2026-09-15 14:18:59.530670][02:06:29.317675][warning] connect to localhost:4532 failed, (trying next interface): Network error 111: Connection refused
[RIGCTRL][2026-09-15 14:18:59.639824][02:06:29.426830][error] netrigctl_open: invalid dumpcaps line, expected 'setting=value', got '=0,0,0;55=0,0,0;56=0,0,0;57=0,0,0;58=0,0,0;59=0,0,0;60=0,0,0;61=0,0,0;62=0,0,0;63=0,0,0;'
[RIGCTRL][2026-09-15 14:18:59.643380][02:06:29.430385][warning] rig_get_vfo: no get_vfo
[RIGCTRL][2026-09-15 14:40:24.734175][02:27:54.521180][error] netrigctl_close: done
[RIGCTRL][2026-09-15 14:40:24.744709][02:27:54.531715][warning] connect to localhost:4532 failed, (trying next interface): Network error 111: Connection refused
[RIGCTRL][2026-09-15 14:40:24.857472][02:27:54.644477][error] netrigctl_open: invalid dumpcaps line, expected 'setting=value', got '=0,0,0;55=0,0,0;56=0,0,0;57=0,0,0;58=0,0,0;59=0,0,0;60=0,0,0;61=0,0,0;62=0,0,0;63=0,0,0;'
[RIGCTRL][2026-09-15 14:40:24.861040][02:27:54.648045][warning] rig_get_vfo: no get_vfo
[RIGCTRL][2026-09-15 14:42:23.809932][02:29:53.596937][error] netrigctl_close: done
[RIGCTRL][2026-09-15 14:42:23.820514][02:29:53.607520][warning] connect to localhost:4532 failed, (trying next interface): Network error 111: Connection refused
[RIGCTRL][2026-09-15 14:42:23.931137][02:29:53.718142][error] netrigctl_open: invalid dumpcaps line, expected 'setting=value', got '=0,0,0;55=0,0,0;56=0,0,0;57=0,0,0;58=0,0,0;59=0,0,0;60=0,0,0;61=0,0,0;62=0,0,0;63=0,0,0;'
[RIGCTRL][2026-09-15 14:42:23.934514][02:29:53.721519][warning] rig_get_vfo: no get_vfo
[RIGCTRL][2026-09-15 14:43:14.936552][02:30:44.723557][error] netrigctl_close: done
[RIGCTRL][2026-09-15 14:43:14.947499][02:30:44.734505][warning] connect to localhost:4532 failed, (trying next interface): Network error 111: Connection refused
[RIGCTRL][2026-09-15 14:43:15.057917][02:30:44.844923][error] netrigctl_open: invalid dumpcaps line, expected 'setting=value', got '=0,0,0;55=0,0,0;56=0,0,0;57=0,0,0;58=0,0,0;59=0,0,0;60=0,0,0;61=0,0,0;62=0,0,0;63=0,0,0;'
[RIGCTRL][2026-09-15 14:43:15.061092][02:30:44.848097][warning] rig_get_vfo: no get_vfo
[RIGCTRL][2026-09-15 14:48:01.687768][02:35:31.474773][error] netrigctl_close: done
[RIGCTRL][2026-09-15 14:48:01.698338][02:35:31.485343][warning] connect to localhost:4532 failed, (trying next interface): Network error 111: Connection refused
[RIGCTRL][2026-09-15 14:48:01.806968][02:35:31.593973][error] netrigctl_open: invalid dumpcaps line, expected 'setting=value', got '=0,0,0;55=0,0,0;56=0,0,0;57=0,0,0;58=0,0,0;59=0,0,0;60=0,0,0;61=0,0,0;62=0,0,0;63=0,0,0;'
[RIGCTRL][2026-09-15 14:48:01.810273][02:35:31.597278][warning] rig_get_vfo: no get_vfo
[RIGCTRL][2026-09-15 14:50:21.997325][02:37:51.784330][error] netrigctl_close: done
[RIGCTRL][2026-09-15 14:50:22.008000][02:37:51.795005][warning] connect to localhost:4532 failed, (trying next interface): Network error 111: Connection refused
[RIGCTRL][2026-09-15 14:50:22.116920][02:37:51.903925][error] netrigctl_open: invalid dumpcaps line, expected 'setting=value', got '=0,0,0;55=0,0,0;56=0,0,0;57=0,0,0;58=0,0,0;59=0,0,0;60=0,0,0;61=0,0,0;62=0,0,0;63=0,0,0;'
[RIGCTRL][2026-09-15 14:50:22.122580][02:37:51.909585][warning] rig_get_vfo: no get_vfo
[RIGCTRL][2026-09-15 14:51:02.667694][02:38:32.454699][error] netrigctl_close: done
[SYSLOG][2026-09-15 14:57:49.203347][00:00:00.001316][error] STARTUP: MultiSettings loaded
[SYSLOG][2026-09-15 14:51:14.630379][00:00:00.002823][error] STARTUP: MultiSettings loaded
[SYSLOG][2026-09-15 14:51:14.630589][00:00:00.003032][error] STARTUP: instance lock acquired
[SYSLOG][2026-09-15 14:51:14.631068][00:00:00.003510][error] STARTUP: L10nLoader done
[SYSLOG][2026-09-15 14:51:14.631154][00:00:00.003597][error] STARTUP: temp directory ready
[SYSLOG][2026-09-15 14:51:14.757350][00:00:00.129795][error] STARTUP: splash done
[SYSLOG][2026-09-15 14:51:14.760280][00:00:00.132725][error] STARTUP: database open
[SYSLOG][2026-09-15 14:51:14.775725][00:00:00.148169][error] STARTUP: shared memory / jt9 ready
[SYSLOG][2026-09-15 14:51:14.775878][00:00:00.148320][error] STARTUP: creating MainWindow
[SYSLOG][2026-09-15 14:51:16.883652][00:00:02.256098][error] STARTUP: MainWindow created, showing
[RIGCTRL][2026-09-15 14:53:31.979887][00:02:17.352330][warning] connect to 4532 failed, (trying next interface): Network error 110: Connection timed out
[RIGCTRL][2026-09-15 14:53:31.979938][00:02:17.352380][error] network_open: failed to connect to 4532
[RIGCTRL][2026-09-15 14:53:31.979962][00:02:17.352404][error] error: rig_check_rig_caps: p1=0x5555f5c03d98, p2=0x5555f5c0a320, rig_model=0x5555f5c03d98, macro_name=0x5555f5c0a320
rig_init: rig_model=Hamlib NET rigctl 20250211.0
Requesting 47952 bytes for rig_struct
Requesting 728 bytes for rig_cache
rig_init: rx_range_list1 is empty, using rx_range_list2
rig_init: rig does not have tx_range!!
/media/joe/T7/64/wsjtx-3.1.0_improved_widescreen_PLUS_260522_woMAP65_trixie/build/hamlib-prefix/src/hamlib/src/rig.c(995) trace
netrigctl_init version 20250211.0
rig_token_lookup called for rig_pathname
rig_confparam_lookup called for rig_pathname
rig_set_conf called
rig_confparam_lookup called for rig_pathname
rig_set_conf: rig_pathname='localhost:4532'
rig_token_lookup called for no_xchg
rig_confparam_lookup called for no_xchg and not found
connect to 4532 failed, (trying next interface): Network error 110: Connection timed out
network_open: failed to connect to 4532
rig.c(1284):rig_open returning2(-6) IO error

IO error
[RIGCTRL][2026-09-15 14:53:31.980118][00:02:17.352561][error] rig_set_ptt: rig or rig->caps is null
[RIGCTRL][2026-09-15 14:53:31.980127][00:02:17.352569][error] error: Requesting 728 bytes for rig_cache
rig_init: rx_range_list1 is empty, using rx_range_list2
rig_init: rig does not have tx_range!!
/media/joe/T7/64/wsjtx-3.1.0_improved_widescreen_PLUS_260522_woMAP65_trixie/build/hamlib-prefix/src/hamlib/src/rig.c(995) trace
netrigctl_init version 20250211.0
rig_token_lookup called for rig_pathname
rig_confparam_lookup called for rig_pathname
rig_set_conf called
rig_confparam_lookup called for rig_pathname
rig_set_conf: rig_pathname='localhost:4532'
rig_token_lookup called for no_xchg
rig_confparam_lookup called for no_xchg and not found
connect to 4532 failed, (trying next interface): Network error 110: Connection timed out
network_open: failed to connect to 4532
rig.c(1284):rig_open returning2(-6) IO error

IO error
IO error
rig_set_ptt: rig or rig->caps is null
Invalid parameter
[RIGCTRL][2026-09-15 14:55:47.147876][00:04:32.520320][warning] connect to 4532 failed, (trying next interface): Network error 110: Connection timed out
[RIGCTRL][2026-09-15 14:55:47.147947][00:04:32.520390][error] network_open: failed to connect to 4532
[RIGCTRL][2026-09-15 14:55:47.147974][00:04:32.520416][error] error: rig_check_rig_caps: p1=0x5555f5c03d98, p2=0x5555f5c0a320, rig_model=0x5555f5c03d98, macro_name=0x5555f5c0a320
rig_init: rig_model=Hamlib NET rigctl 20250211.0
Requesting 47952 bytes for rig_struct
Requesting 728 bytes for rig_cache
rig_init: rx_range_list1 is empty, using rx_range_list2
rig_init: rig does not have tx_range!!
/media/joe/T7/64/wsjtx-3.1.0_improved_widescreen_PLUS_260522_woMAP65_trixie/build/hamlib-prefix/src/hamlib/src/rig.c(995) trace
netrigctl_init version 20250211.0
rig_token_lookup called for rig_pathname
rig_confparam_lookup called for rig_pathname
rig_set_conf called
rig_confparam_lookup called for rig_pathname
rig_set_conf: rig_pathname='localhost:4532'
rig_token_lookup called for no_xchg
rig_confparam_lookup called for no_xchg and not found
connect to 4532 failed, (trying next interface): Network error 110: Connection timed out
network_open: failed to connect to 4532
rig.c(1284):rig_open returning2(-6) IO error

IO error
[RIGCTRL][2026-09-15 14:55:47.148044][00:04:32.520486][error] rig_set_ptt: rig or rig->caps is null
[RIGCTRL][2026-09-15 14:55:47.148053][00:04:32.520495][error] error: Requesting 728 bytes for rig_cache
rig_init: rx_range_list1 is empty, using rx_range_list2
rig_init: rig does not have tx_range!!
/media/joe/T7/64/wsjtx-3.1.0_improved_widescreen_PLUS_260522_woMAP65_trixie/build/hamlib-prefix/src/hamlib/src/rig.c(995) trace
netrigctl_init version 20250211.0
rig_token_lookup called for rig_pathname
rig_confparam_lookup called for rig_pathname
rig_set_conf called
rig_confparam_lookup called for rig_pathname
rig_set_conf: rig_pathname='localhost:4532'
rig_token_lookup called for no_xchg
rig_confparam_lookup called for no_xchg and not found
connect to 4532 failed, (trying next interface): Network error 110: Connection timed out
network_open: failed to connect to 4532
rig.c(1284):rig_open returning2(-6) IO error

IO error
IO error
rig_set_ptt: rig or rig->caps is null
Invalid parameter
[RIGCTRL][2026-09-15 14:58:02.315876][00:06:47.688320][warning] connect to 4532 failed, (trying next interface): Network error 110: Connection timed out
[RIGCTRL][2026-09-15 14:58:02.315933][00:06:47.688377][error] network_open: failed to connect to 4532
[RIGCTRL][2026-09-15 14:58:02.315959][00:06:47.688401][error] error: rig_check_rig_caps: p1=0x5555f5c03d98, p2=0x5555f5c0a320, rig_model=0x5555f5c03d98, macro_name=0x5555f5c0a320
rig_init: rig_model=Hamlib NET rigctl 20250211.0
Requesting 47952 bytes for rig_struct
Requesting 728 bytes for rig_cache
rig_init: rx_range_list1 is empty, using rx_range_list2
rig_init: rig does not have tx_range!!
/media/joe/T7/64/wsjtx-3.1.0_improved_widescreen_PLUS_260522_woMAP65_trixie/build/hamlib-prefix/src/hamlib/src/rig.c(995) trace
netrigctl_init version 20250211.0
rig_token_lookup called for rig_pathname
rig_confparam_lookup called for rig_pathname
rig_set_conf called
rig_confparam_lookup called for rig_pathname
rig_set_conf: rig_pathname='4532'
rig_token_lookup called for no_xchg
rig_confparam_lookup called for no_xchg and not found
connect to 4532 failed, (trying next interface): Network error 110: Connection timed out
network_open: failed to connect to 4532
rig.c(1284):rig_open returning2(-6) IO error

IO error
[RIGCTRL][2026-09-15 14:58:02.316029][00:06:47.688471][error] rig_set_ptt: rig or rig->caps is null
[RIGCTRL][2026-09-15 14:58:02.316039][00:06:47.688481][error] error: Requesting 728 bytes for rig_cache
rig_init: rx_range_list1 is empty, using rx_range_list2
rig_init: rig does not have tx_range!!
/media/joe/T7/64/wsjtx-3.1.0_improved_widescreen_PLUS_260522_woMAP65_trixie/build/hamlib-prefix/src/hamlib/src/rig.c(995) trace
netrigctl_init version 20250211.0
rig_token_lookup called for rig_pathname
rig_confparam_lookup called for rig_pathname
rig_set_conf called
rig_confparam_lookup called for rig_pathname
rig_set_conf: rig_pathname='4532'
rig_token_lookup called for no_xchg
rig_confparam_lookup called for no_xchg and not found
connect to 4532 failed, (trying next interface): Network error 110: Connection timed out
network_open: failed to connect to 4532
rig.c(1284):rig_open returning2(-6) IO error

IO error
IO error
rig_set_ptt: rig or rig->caps is null
Invalid parameter
[RIGCTRL][2026-09-15 14:58:02.316484][00:06:47.688926][warning] connect to localhost:4532 failed, (trying next interface): Network error 111: Connection refused
[RIGCTRL][2026-09-15 14:58:02.429111][00:06:47.801554][error] netrigctl_open: invalid dumpcaps line, expected 'setting=value', got '=0,0,0;55=0,0,0;56=0,0,0;57=0,0,0;58=0,0,0;59=0,0,0;60=0,0,0;61=0,0,0;62=0,0,0;63=0,0,0;'
[RIGCTRL][2026-09-15 14:58:02.432859][00:06:47.805301][warning] rig_get_vfo: no get_vfo
[RIGCTRL][2026-09-15 14:58:02.791378][00:06:48.163821][error] netrigctl_close: done
[RIGCTRL][2026-09-15 14:58:02.801864][00:06:48.174307][warning] connect to localhost:4532 failed, (trying next interface): Network error 111: Connection refused
[RIGCTRL][2026-09-15 14:58:02.911679][00:06:48.284121][error] netrigctl_open: invalid dumpcaps line, expected 'setting=value', got '=0,0,0;55=0,0,0;56=0,0,0;57=0,0,0;58=0,0,0;59=0,0,0;60=0,0,0;61=0,0,0;62=0,0,0;63=0,0,0;'
[RIGCTRL][2026-09-15 14:58:02.915468][00:06:48.287910][warning] rig_get_vfo: no get_vfo
[RIGCTRL][2026-09-15 14:58:03.169808][00:06:48.542250][error] netrigctl_close: done
[SYSLOG][2026-09-15 14:58:12.031892][00:00:00.003191][error] STARTUP: MultiSettings loaded
[SYSLOG][2026-09-15 14:58:12.032301][00:00:00.003599][error] STARTUP: instance lock acquired
[SYSLOG][2026-09-15 14:58:12.032833][00:00:00.004130][error] STARTUP: L10nLoader done
[SYSLOG][2026-09-15 14:58:12.032931][00:00:00.004228][error] STARTUP: temp directory ready
[SYSLOG][2026-09-15 14:58:12.123577][00:00:00.094879][error] STARTUP: splash done
[SYSLOG][2026-09-15 14:58:12.127457][00:00:00.098755][error] STARTUP: database open
[SYSLOG][2026-09-15 14:58:12.141230][00:00:00.112531][error] STARTUP: shared memory / jt9 ready
[SYSLOG][2026-09-15 14:58:12.141360][00:00:00.112657][error] STARTUP: creating MainWindow
[SYSLOG][2026-09-15 14:58:14.284359][00:00:02.255661][error] STARTUP: MainWindow created, showing
[RIGCTRL][2026-09-15 15:00:27.727848][00:02:15.699147][warning] connect to 4532 failed, (trying next interface): Network error 110: Connection timed out
[RIGCTRL][2026-09-15 15:00:27.727919][00:02:15.699216][error] network_open: failed to connect to 4532
[RIGCTRL][2026-09-15 15:00:27.727946][00:02:15.699243][error] error: rig_check_rig_caps: p1=0x5555adf93d98, p2=0x5555adf9a320, rig_model=0x5555adf93d98, macro_name=0x5555adf9a320
rig_init: rig_model=Hamlib NET rigctl 20250211.0
Requesting 47952 bytes for rig_struct
Requesting 728 bytes for rig_cache
rig_init: rx_range_list1 is empty, using rx_range_list2
rig_init: rig does not have tx_range!!
/media/joe/T7/64/wsjtx-3.1.0_improved_widescreen_PLUS_260522_woMAP65_trixie/build/hamlib-prefix/src/hamlib/src/rig.c(995) trace
netrigctl_init version 20250211.0
rig_token_lookup called for rig_pathname
rig_confparam_lookup called for rig_pathname
rig_set_conf called
rig_confparam_lookup called for rig_pathname
rig_set_conf: rig_pathname='192.168.1.17:4532'
rig_token_lookup called for no_xchg
rig_confparam_lookup called for no_xchg and not found
connect to 4532 failed, (trying next interface): Network error 110: Connection timed out
network_open: failed to connect to 4532
rig.c(1284):rig_open returning2(-6) IO error

IO error
[RIGCTRL][2026-09-15 15:00:27.728098][00:02:15.699395][error] rig_set_ptt: rig or rig->caps is null
[RIGCTRL][2026-09-15 15:00:27.728114][00:02:15.699411][error] error: Requesting 728 bytes for rig_cache
rig_init: rx_range_list1 is empty, using rx_range_list2
rig_init: rig does not have tx_range!!
/media/joe/T7/64/wsjtx-3.1.0_improved_widescreen_PLUS_260522_woMAP65_trixie/build/hamlib-prefix/src/hamlib/src/rig.c(995) trace
netrigctl_init version 20250211.0
rig_token_lookup called for rig_pathname
rig_confparam_lookup called for rig_pathname
rig_set_conf called
rig_confparam_lookup called for rig_pathname
rig_set_conf: rig_pathname='192.168.1.17:4532'
rig_token_lookup called for no_xchg
rig_confparam_lookup called for no_xchg and not found
connect to 4532 failed, (trying next interface): Network error 110: Connection timed out
network_open: failed to connect to 4532
rig.c(1284):rig_open returning2(-6) IO error

IO error
IO error
rig_set_ptt: rig or rig->caps is null
Invalid parameter
[RIGCTRL][2026-09-15 15:02:42.895859][00:04:30.867158][warning] connect to 4532 failed, (trying next interface): Network error 110: Connection timed out
[RIGCTRL][2026-09-15 15:02:42.895939][00:04:30.867237][error] network_open: failed to connect to 4532
[RIGCTRL][2026-09-15 15:02:42.895973][00:04:30.867270][error] error: rig_check_rig_caps: p1=0x5555adf93d98, p2=0x5555adf9a320, rig_model=0x5555adf93d98, macro_name=0x5555adf9a320
rig_init: rig_model=Hamlib NET rigctl 20250211.0
Requesting 47952 bytes for rig_struct
Requesting 728 bytes for rig_cache
rig_init: rx_range_list1 is empty, using rx_range_list2
rig_init: rig does not have tx_range!!
/media/joe/T7/64/wsjtx-3.1.0_improved_widescreen_PLUS_260522_woMAP65_trixie/build/hamlib-prefix/src/hamlib/src/rig.c(995) trace
netrigctl_init version 20250211.0
rig_token_lookup called for rig_pathname
rig_confparam_lookup called for rig_pathname
rig_set_conf called
rig_confparam_lookup called for rig_pathname
rig_set_conf: rig_pathname='127.0.0.1:4532'
rig_token_lookup called for no_xchg
rig_confparam_lookup called for no_xchg and not found
connect to 4532 failed, (trying next interface): Network error 110: Connection timed out
network_open: failed to connect to 4532
rig.c(1284):rig_open returning2(-6) IO error

IO error
[RIGCTRL][2026-09-15 15:02:42.896045][00:04:30.867343][error] rig_set_ptt: rig or rig->caps is null
[RIGCTRL][2026-09-15 15:02:42.896063][00:04:30.867361][error] error: Requesting 728 bytes for rig_cache
rig_init: rx_range_list1 is empty, using rx_range_list2
rig_init: rig does not have tx_range!!
/media/joe/T7/64/wsjtx-3.1.0_improved_widescreen_PLUS_260522_woMAP65_trixie/build/hamlib-prefix/src/hamlib/src/rig.c(995) trace
netrigctl_init version 20250211.0
rig_token_lookup called for rig_pathname
rig_confparam_lookup called for rig_pathname
rig_set_conf called
rig_confparam_lookup called for rig_pathname
rig_set_conf: rig_pathname='127.0.0.1:4532'
rig_token_lookup called for no_xchg
rig_confparam_lookup called for no_xchg and not found
connect to 4532 failed, (trying next interface): Network error 110: Connection timed out
network_open: failed to connect to 4532
rig.c(1284):rig_open returning2(-6) IO error

IO error
IO error
rig_set_ptt: rig or rig->caps is null
Invalid parameter
[RIGCTRL][2026-09-15 15:04:58.059939][00:06:46.031239][warning] connect to 4532 failed, (trying next interface): Network error 110: Connection timed out
[RIGCTRL][2026-09-15 15:04:58.060741][00:06:46.032039][error] network_open: failed to connect to 4532
[RIGCTRL][2026-09-15 15:04:58.060775][00:06:46.032073][error] error: rig_check_rig_caps: p1=0x5555adf93d98, p2=0x5555adf9a320, rig_model=0x5555adf93d98, macro_name=0x5555adf9a320
rig_init: rig_model=Hamlib NET rigctl 20250211.0
Requesting 47952 bytes for rig_struct
Requesting 728 bytes for rig_cache
rig_init: rx_range_list1 is empty, using rx_range_list2
rig_init: rig does not have tx_range!!
/media/joe/T7/64/wsjtx-3.1.0_improved_widescreen_PLUS_260522_woMAP65_trixie/build/hamlib-prefix/src/hamlib/src/rig.c(995) trace
netrigctl_init version 20250211.0
rig_token_lookup called for rig_pathname
rig_confparam_lookup called for rig_pathname
rig_set_conf called
rig_confparam_lookup called for rig_pathname
rig_set_conf: rig_pathname='127.0.0.1:4532'
rig_token_lookup called for no_xchg
rig_confparam_lookup called for no_xchg and not found
connect to 4532 failed, (trying next interface): Network error 110: Connection timed out
network_open: failed to connect to 4532
rig.c(1284):rig_open returning2(-6) IO error

IO error
[RIGCTRL][2026-09-15 15:04:58.060840][00:06:46.032137][error] rig_set_ptt: rig or rig->caps is null
[RIGCTRL][2026-09-15 15:04:58.060848][00:06:46.032145][error] error: Requesting 728 bytes for rig_cache
rig_init: rx_range_list1 is empty, using rx_range_list2
rig_init: rig does not have tx_range!!
/media/joe/T7/64/wsjtx-3.1.0_improved_widescreen_PLUS_260522_woMAP65_trixie/build/hamlib-prefix/src/hamlib/src/rig.c(995) trace
netrigctl_init version 20250211.0
rig_token_lookup called for rig_pathname
rig_confparam_lookup called for rig_pathname
rig_set_conf called
rig_confparam_lookup called for rig_pathname
rig_set_conf: rig_pathname='127.0.0.1:4532'
rig_token_lookup called for no_xchg
rig_confparam_lookup called for no_xchg and not found
connect to 4532 failed, (trying next interface): Network error 110: Connection timed out
network_open: failed to connect to 4532
rig.c(1284):rig_open returning2(-6) IO error

IO error
IO error
rig_set_ptt: rig or rig->caps is null
Invalid parameter
[RIGCTRL][2026-09-15 15:07:13.227918][00:09:01.199220][warning] connect to 4532 failed, (trying next interface): Network error 110: Connection timed out
[RIGCTRL][2026-09-15 15:07:13.227999][00:09:01.199297][error] network_open: failed to connect to 4532
[RIGCTRL][2026-09-15 15:07:13.228032][00:09:01.199329][error] error: *1:rig.c(1762):rig_close entered
*1:rig.c(1773):rig_close returning(-1) Invalid parameter

rig_token_lookup called for client
rig_confparam_lookup called for client
rig_set_conf called
rig_confparam_lookup called for client
rig_set_conf: client='WSJTX'
frontend_set_conf: Client claims to be WSJTX
rig.c(1051):rig_open entered
rig_settings_get_path: path=/home/pi/.config/hamlib_settings
rig_open: async_data_enable=0, async_data_supported=0
rig_open: using network address 4532
network_open: TCP connect
network_open: hoststr=4532, portstr=
connect to 4532 failed, (trying next interface): Network error 110: Connection timed out
network_open: failed to connect to 4532
rig.c(1284):rig_open returning2(-6) IO error

IO error
[RIGCTRL][2026-09-15 15:07:13.228232][00:09:01.199529][error] rig_set_ptt: rig or rig->caps is null
[RIGCTRL][2026-09-15 15:07:13.228248][00:09:01.199545][error] error: rig_token_lookup called for client
rig_confparam_lookup called for client
rig_set_conf called
rig_confparam_lookup called for client
rig_set_conf: client='WSJTX'
frontend_set_conf: Client claims to be WSJTX
rig.c(1051):rig_open entered
rig_settings_get_path: path=/home/pi/.config/hamlib_settings
rig_open: async_data_enable=0, async_data_supported=0
rig_open: using network address 4532
network_open: TCP connect
network_open: hoststr=4532, portstr=
connect to 4532 failed, (trying next interface): Network error 110: Connection timed out
network_open: failed to connect to 4532
rig.c(1284):rig_open returning2(-6) IO error

IO error
IO error
rig_set_ptt: rig or rig->caps is null
Invalid parameter
[RIGCTRL][2026-09-15 15:07:13.338648][00:09:01.309945][error] netrigctl_open: invalid dumpcaps line, expected 'setting=value', got '=0,0,0;55=0,0,0;56=0,0,0;57=0,0,0;58=0,0,0;59=0,0,0;60=0,0,0;61=0,0,0;62=0,0,0;63=0,0,0;'
[RIGCTRL][2026-09-15 15:07:13.342501][00:09:01.313798][warning] rig_get_vfo: no get_vfo
[RIGCTRL][2026-09-15 15:07:13.752920][00:09:01.724217][error] netrigctl_close: done
[RIGCTRL][2026-09-15 15:07:13.872078][00:09:01.843376][error] netrigctl_open: invalid dumpcaps line, expected 'setting=value', got '=0,0,0;55=0,0,0;56=0,0,0;57=0,0,0;58=0,0,0;59=0,0,0;60=0,0,0;61=0,0,0;62=0,0,0;63=0,0,0;'
[RIGCTRL][2026-09-15 15:07:13.875567][00:09:01.846864][warning] rig_get_vfo: no get_vfo
[RIGCTRL][2026-09-15 15:07:14.286542][00:09:02.257840][error] netrigctl_close: done
[RIGCTRL][2026-09-15 15:07:14.413830][00:09:02.385127][error] netrigctl_open: invalid dumpcaps line, expected 'setting=value', got '=0,0,0;55=0,0,0;56=0,0,0;57=0,0,0;58=0,0,0;59=0,0,0;60=0,0,0;61=0,0,0;62=0,0,0;63=0,0,0;'
[RIGCTRL][2026-09-15 15:07:14.417594][00:09:02.388891][warning] rig_get_vfo: no get_vfo
[RIGCTRL][2026-09-15 15:07:14.776692][00:09:02.747989][error] netrigctl_close: done
[RIGCTRL][2026-09-15 15:07:14.902552][00:09:02.873849][error] netrigctl_open: invalid dumpcaps line, expected 'setting=value', got '=0,0,0;55=0,0,0;56=0,0,0;57=0,0,0;58=0,0,0;59=0,0,0;60=0,0,0;61=0,0,0;62=0,0,0;63=0,0,0;'
[RIGCTRL][2026-09-15 15:07:14.907226][00:09:02.878523][warning] rig_get_vfo: no get_vfo
[RIGCTRL][2026-09-15 15:07:15.265017][00:09:03.236314][error] netrigctl_close: done
[RIGCTRL][2026-09-15 15:07:15.387537][00:09:03.358834][error] netrigctl_open: invalid dumpcaps line, expected 'setting=value', got '=0,0,0;55=0,0,0;56=0,0,0;57=0,0,0;58=0,0,0;59=0,0,0;60=0,0,0;61=0,0,0;62=0,0,0;63=0,0,0;'
[RIGCTRL][2026-09-15 15:07:15.393852][00:09:03.365150][warning] rig_get_vfo: no get_vfo
[RIGCTRL][2026-09-15 15:07:15.800375][00:09:03.771672][error] netrigctl_close: done
[RIGCTRL][2026-09-15 15:07:15.923158][00:09:03.894455][error] netrigctl_open: invalid dumpcaps line, expected 'setting=value', got '=0,0,0;55=0,0,0;56=0,0,0;57=0,0,0;58=0,0,0;59=0,0,0;60=0,0,0;61=0,0,0;62=0,0,0;63=0,0,0;'
[RIGCTRL][2026-09-15 15:07:15.928008][00:09:03.899306][warning] rig_get_vfo: no get_vfo
[RIGCTRL][2026-09-15 15:07:16.287996][00:09:04.259293][error] netrigctl_close: done
[RIGCTRL][2026-09-15 15:07:16.408003][00:09:04.379300][error] netrigctl_open: invalid dumpcaps line, expected 'setting=value', got '=0,0,0;55=0,0,0;56=0,0,0;57=0,0,0;58=0,0,0;59=0,0,0;60=0,0,0;61=0,0,0;62=0,0,0;63=0,0,0;'
[RIGCTRL][2026-09-15 15:07:16.411118][00:09:04.382415][warning] rig_get_vfo: no get_vfo
[RIGCTRL][2026-09-15 15:07:16.769061][00:09:04.740358][error] netrigctl_close: done
[RIGCTRL][2026-09-15 15:07:16.889812][00:09:04.861109][error] netrigctl_open: invalid dumpcaps line, expected 'setting=value', got '=0,0,0;55=0,0,0;56=0,0,0;57=0,0,0;58=0,0,0;59=0,0,0;60=0,0,0;61=0,0,0;62=0,0,0;63=0,0,0;'
[RIGCTRL][2026-09-15 15:07:16.893234][00:09:04.864531][warning] rig_get_vfo: no get_vfo
[RIGCTRL][2026-09-15 15:08:04.514454][00:09:52.485751][error] netrigctl_close: done
[RIGCTRL][2026-09-15 15:08:04.634616][00:09:52.605913][error] netrigctl_open: invalid dumpcaps line, expected 'setting=value', got '=0,0,0;55=0,0,0;56=0,0,0;57=0,0,0;58=0,0,0;59=0,0,0;60=0,0,0;61=0,0,0;62=0,0,0;63=0,0,0;'
[RIGCTRL][2026-09-15 15:08:04.638443][00:09:52.609740][warning] rig_get_vfo: no get_vfo
[RIGCTRL][2026-09-15 15:55:12.308064][00:57:00.279362][error] netrigctl_close: done
[RIGCTRL][2026-09-15 15:55:12.431358][00:57:00.402656][error] netrigctl_open: invalid dumpcaps line, expected 'setting=value', got '=0,0,0;55=0,0,0;56=0,0,0;57=0,0,0;58=0,0,0;59=0,0,0;60=0,0,0;61=0,0,0;62=0,0,0;63=0,0,0;'
[RIGCTRL][2026-09-15 15:55:12.434602][00:57:00.405899][warning] rig_get_vfo: no get_vfo
[RIGCTRL][2026-09-15 17:11:36.808906][02:13:24.780203][error] netrigctl_close: done
[SYSLOG][2026-09-15 20:08:18.545323][00:00:00.001229][error] STARTUP: MultiSettings loaded
[SYSLOG][2026-09-15 20:08:18.545627][00:00:00.001535][error] STARTUP: instance lock acquired
[SYSLOG][2026-09-15 20:08:18.546449][00:00:00.002355][error] STARTUP: L10nLoader done
[SYSLOG][2026-09-15 20:08:18.546619][00:00:00.002526][error] STARTUP: temp directory ready
[SYSLOG][2026-09-15 20:08:18.633587][00:00:00.089497][error] STARTUP: splash done
[SYSLOG][2026-09-15 20:08:18.636863][00:00:00.092770][error] STARTUP: database open
[SYSLOG][2026-09-15 20:08:18.654020][00:00:00.109931][error] STARTUP: shared memory / jt9 ready
[SYSLOG][2026-09-15 20:08:18.654148][00:00:00.110054][error] STARTUP: creating MainWindow
[SYSLOG][2026-09-15 20:08:20.544894][00:00:02.000802][error] STARTUP: MainWindow created, showing
[RIGCTRL][2026-09-15 20:10:33.803888][00:02:15.259796][warning] connect to 4532 failed, (trying next interface): Network error 110: Connection timed out
[RIGCTRL][2026-09-15 20:10:33.803978][00:02:15.259883][error] network_open: failed to connect to 4532
[RIGCTRL][2026-09-15 20:10:33.804013][00:02:15.259918][error] error: *1:rig.c(1762):rig_close entered
*1:rig.c(1773):rig_close returning(-1) Invalid parameter

rig_token_lookup called for client
rig_confparam_lookup called for client
rig_set_conf called
rig_confparam_lookup called for client
rig_set_conf: client='WSJTX'
frontend_set_conf: Client claims to be WSJTX
rig.c(1051):rig_open entered
rig_settings_get_path: path=/home/pi/.config/hamlib_settings
rig_open: async_data_enable=0, async_data_supported=0
rig_open: using network address 4532
network_open: TCP connect
network_open: hoststr=4532, portstr=
connect to 4532 failed, (trying next interface): Network error 110: Connection timed out
network_open: failed to connect to 4532
rig.c(1284):rig_open returning2(-6) IO error

IO error
[RIGCTRL][2026-09-15 20:10:33.804208][00:02:15.260113][error] rig_set_ptt: rig or rig->caps is null
[RIGCTRL][2026-09-15 20:10:33.804233][00:02:15.260138][error] error: rig_token_lookup called for client
rig_confparam_lookup called for client
rig_set_conf called
rig_confparam_lookup called for client
rig_set_conf: client='WSJTX'
frontend_set_conf: Client claims to be WSJTX
rig.c(1051):rig_open entered
rig_settings_get_path: path=/home/pi/.config/hamlib_settings
rig_open: async_data_enable=0, async_data_supported=0
rig_open: using network address 4532
network_open: TCP connect
network_open: hoststr=4532, portstr=
connect to 4532 failed, (trying next interface): Network error 110: Connection timed out
network_open: failed to connect to 4532
rig.c(1284):rig_open returning2(-6) IO error

IO error
IO error
rig_set_ptt: rig or rig->caps is null
Invalid parameter
[SYSLOG][2026-09-15 20:10:33.804241][00:02:15.260147][error] handle_transceiver_failure: reason: Hamlib error: *1:rig.c(1773):rig_close returning(-1) Invalid parameter

rig_token_lookup called for client
rig_confparam_lookup called for client
rig_set_conf called
rig_confparam_lookup called for client
rig_set_conf: client='WSJTX'
frontend_set_conf: Client claims to be WSJTX
rig.c(1051):rig_open entered
rig_settings_get_path: path=/home/pi/.config/hamlib_settings
rig_open: async_data_enable=0, async_data_supported=0
rig_open: using network address 4532
network_open: TCP connect
network_open: hoststr=4532, portstr=
connect to 4532 failed, (trying next interface): Network error 110: Connection timed out
network_open: failed to connect to 4532
rig.c(1284):rig_open returning2(-6) IO error

IO error
IO error
 while opening connection to rig
[SYSLOG][2026-09-15 22:46:33.806095][00:00:00.000970][error] STARTUP: MultiSettings loaded
[SYSLOG][2026-09-15 22:46:33.806257][00:00:00.001131][error] STARTUP: instance lock acquired
[SYSLOG][2026-09-15 22:46:33.806702][00:00:00.001576][error] STARTUP: L10nLoader done
[SYSLOG][2026-09-15 22:46:33.806765][00:00:00.001640][error] STARTUP: temp directory ready
[SYSLOG][2026-09-15 22:46:33.914762][00:00:00.109639][error] STARTUP: splash done
[SYSLOG][2026-09-15 22:46:33.918348][00:00:00.113224][error] STARTUP: database open
[SYSLOG][2026-09-15 22:46:33.935185][00:00:00.130062][error] STARTUP: shared memory / jt9 ready
[SYSLOG][2026-09-15 22:46:33.935282][00:00:00.130157][error] STARTUP: creating MainWindow
[SYSLOG][2026-09-15 22:46:35.999709][00:00:02.194588][error] STARTUP: MainWindow created, showing
[RIGCTRL][2026-09-15 22:48:50.379964][00:02:16.574842][warning] connect to 4532 failed, (trying next interface): Network error 110: Connection timed out
[RIGCTRL][2026-09-15 22:48:50.380039][00:02:16.574914][error] network_open: failed to connect to 4532
[RIGCTRL][2026-09-15 22:48:50.380065][00:02:16.574939][error] error: rig_check_rig_caps: p1=0x5555a6943d98, p2=0x5555a694a320, rig_model=0x5555a6943d98, macro_name=0x5555a694a320
rig_init: rig_model=Hamlib NET rigctl 20250211.0
Requesting 47952 bytes for rig_struct
Requesting 728 bytes for rig_cache
rig_init: rx_range_list1 is empty, using rx_range_list2
rig_init: rig does not have tx_range!!
/media/joe/T7/64/wsjtx-3.1.0_improved_widescreen_PLUS_260522_woMAP65_trixie/build/hamlib-prefix/src/hamlib/src/rig.c(995) trace
netrigctl_init version 20250211.0
rig_token_lookup called for rig_pathname
rig_confparam_lookup called for rig_pathname
rig_set_conf called
rig_confparam_lookup called for rig_pathname
rig_set_conf: rig_pathname='localhost:4532'
rig_token_lookup called for no_xchg
rig_confparam_lookup called for no_xchg and not found
connect to 4532 failed, (trying next interface): Network error 110: Connection timed out
network_open: failed to connect to 4532
rig.c(1284):rig_open returning2(-6) IO error

IO error
[RIGCTRL][2026-09-15 22:48:50.380287][00:02:16.575161][error] rig_set_ptt: rig or rig->caps is null
[RIGCTRL][2026-09-15 22:48:50.380302][00:02:16.575176][error] error: Requesting 728 bytes for rig_cache
rig_init: rx_range_list1 is empty, using rx_range_list2
rig_init: rig does not have tx_range!!
/media/joe/T7/64/wsjtx-3.1.0_improved_widescreen_PLUS_260522_woMAP65_trixie/build/hamlib-prefix/src/hamlib/src/rig.c(995) trace
netrigctl_init version 20250211.0
rig_token_lookup called for rig_pathname
rig_confparam_lookup called for rig_pathname
rig_set_conf called
rig_confparam_lookup called for rig_pathname
rig_set_conf: rig_pathname='localhost:4532'
rig_token_lookup called for no_xchg
rig_confparam_lookup called for no_xchg and not found
connect to 4532 failed, (trying next interface): Network error 110: Connection timed out
network_open: failed to connect to 4532
rig.c(1284):rig_open returning2(-6) IO error

IO error
IO error
rig_set_ptt: rig or rig->caps is null
Invalid parameter
[RIGCTRL][2026-09-15 22:51:05.551860][00:04:31.746735][warning] connect to 4532 failed, (trying next interface): Network error 110: Connection timed out
[RIGCTRL][2026-09-15 22:51:05.551914][00:04:31.746788][error] network_open: failed to connect to 4532
[RIGCTRL][2026-09-15 22:51:05.551937][00:04:31.746811][error] error: rig_check_rig_caps: p1=0x5555a6943d98, p2=0x5555a694a320, rig_model=0x5555a6943d98, macro_name=0x5555a694a320
rig_init: rig_model=Hamlib NET rigctl 20250211.0
Requesting 47952 bytes for rig_struct
Requesting 728 bytes for rig_cache
rig_init: rx_range_list1 is empty, using rx_range_list2
rig_init: rig does not have tx_range!!
/media/joe/T7/64/wsjtx-3.1.0_improved_widescreen_PLUS_260522_woMAP65_trixie/build/hamlib-prefix/src/hamlib/src/rig.c(995) trace
netrigctl_init version 20250211.0
rig_token_lookup called for rig_pathname
rig_confparam_lookup called for rig_pathname
rig_set_conf called
rig_confparam_lookup called for rig_pathname
rig_set_conf: rig_pathname='localhost:4532'
rig_token_lookup called for no_xchg
rig_confparam_lookup called for no_xchg and not found
connect to 4532 failed, (trying next interface): Network error 110: Connection timed out
network_open: failed to connect to 4532
rig.c(1284):rig_open returning2(-6) IO error

IO error
[RIGCTRL][2026-09-15 22:51:05.552003][00:04:31.746877][error] rig_set_ptt: rig or rig->caps is null
[RIGCTRL][2026-09-15 22:51:05.552010][00:04:31.746884][error] error: Requesting 728 bytes for rig_cache
rig_init: rx_range_list1 is empty, using rx_range_list2
rig_init: rig does not have tx_range!!
/media/joe/T7/64/wsjtx-3.1.0_improved_widescreen_PLUS_260522_woMAP65_trixie/build/hamlib-prefix/src/hamlib/src/rig.c(995) trace
netrigctl_init version 20250211.0
rig_token_lookup called for rig_pathname
rig_confparam_lookup called for rig_pathname
rig_set_conf called
rig_confparam_lookup called for rig_pathname
rig_set_conf: rig_pathname='localhost:4532'
rig_token_lookup called for no_xchg
rig_confparam_lookup called for no_xchg and not found
connect to 4532 failed, (trying next interface): Network error 110: Connection timed out
network_open: failed to connect to 4532
rig.c(1284):rig_open returning2(-6) IO error

IO error
IO error
rig_set_ptt: rig or rig->caps is null
Invalid parameter
[RIGCTRL][2026-09-15 22:53:20.719864][00:06:46.914740][warning] connect to 4532 failed, (trying next interface): Network error 110: Connection timed out
[RIGCTRL][2026-09-15 22:53:20.719918][00:06:46.914793][error] network_open: failed to connect to 4532
[RIGCTRL][2026-09-15 22:53:20.719944][00:06:46.914818][error] error: rig_check_rig_caps: p1=0x5555a6943d98, p2=0x5555a694a320, rig_model=0x5555a6943d98, macro_name=0x5555a694a320
rig_init: rig_model=Hamlib NET rigctl 20250211.0
Requesting 47952 bytes for rig_struct
Requesting 728 bytes for rig_cache
rig_init: rx_range_list1 is empty, using rx_range_list2
rig_init: rig does not have tx_range!!
/media/joe/T7/64/wsjtx-3.1.0_improved_widescreen_PLUS_260522_woMAP65_trixie/build/hamlib-prefix/src/hamlib/src/rig.c(995) trace
netrigctl_init version 20250211.0
rig_token_lookup called for rig_pathname
rig_confparam_lookup called for rig_pathname
rig_set_conf called
rig_confparam_lookup called for rig_pathname
rig_set_conf: rig_pathname='192.168.1.17:4532'
rig_token_lookup called for no_xchg
rig_confparam_lookup called for no_xchg and not found
connect to 4532 failed, (trying next interface): Network error 110: Connection timed out
network_open: failed to connect to 4532
rig.c(1284):rig_open returning2(-6) IO error

IO error
[RIGCTRL][2026-09-15 22:53:20.720010][00:06:46.914884][error] rig_set_ptt: rig or rig->caps is null
[RIGCTRL][2026-09-15 22:53:20.720017][00:06:46.914891][error] error: Requesting 728 bytes for rig_cache
rig_init: rx_range_list1 is empty, using rx_range_list2
rig_init: rig does not have tx_range!!
/media/joe/T7/64/wsjtx-3.1.0_improved_widescreen_PLUS_260522_woMAP65_trixie/build/hamlib-prefix/src/hamlib/src/rig.c(995) trace
netrigctl_init version 20250211.0
rig_token_lookup called for rig_pathname
rig_confparam_lookup called for rig_pathname
rig_set_conf called
rig_confparam_lookup called for rig_pathname
rig_set_conf: rig_pathname='192.168.1.17:4532'
rig_token_lookup called for no_xchg
rig_confparam_lookup called for no_xchg and not found
connect to 4532 failed, (trying next interface): Network error 110: Connection timed out
network_open: failed to connect to 4532
rig.c(1284):rig_open returning2(-6) IO error

IO error
IO error
rig_set_ptt: rig or rig->caps is null
Invalid parameter
[RIGCTRL][2026-09-15 22:55:35.883860][00:09:02.078736][warning] connect to 4532 failed, (trying next interface): Network error 110: Connection timed out
[RIGCTRL][2026-09-15 22:55:35.883920][00:09:02.078795][error] network_open: failed to connect to 4532
[RIGCTRL][2026-09-15 22:55:35.883946][00:09:02.078820][error] error: rig_check_rig_caps: p1=0x5555a6943d98, p2=0x5555a694a320, rig_model=0x5555a6943d98, macro_name=0x5555a694a320
rig_init: rig_model=Hamlib NET rigctl 20250211.0
Requesting 47952 bytes for rig_struct
Requesting 728 bytes for rig_cache
rig_init: rx_range_list1 is empty, using rx_range_list2
rig_init: rig does not have tx_range!!
/media/joe/T7/64/wsjtx-3.1.0_improved_widescreen_PLUS_260522_woMAP65_trixie/build/hamlib-prefix/src/hamlib/src/rig.c(995) trace
netrigctl_init version 20250211.0
rig_token_lookup called for rig_pathname
rig_confparam_lookup called for rig_pathname
rig_set_conf called
rig_confparam_lookup called for rig_pathname
rig_set_conf: rig_pathname='192.168.1.17:4532'
rig_token_lookup called for no_xchg
rig_confparam_lookup called for no_xchg and not found
connect to 4532 failed, (trying next interface): Network error 110: Connection timed out
network_open: failed to connect to 4532
rig.c(1284):rig_open returning2(-6) IO error

IO error
[RIGCTRL][2026-09-15 22:55:35.884025][00:09:02.078899][error] rig_set_ptt: rig or rig->caps is null
[RIGCTRL][2026-09-15 22:55:35.884035][00:09:02.078909][error] error: Requesting 728 bytes for rig_cache
rig_init: rx_range_list1 is empty, using rx_range_list2
rig_init: rig does not have tx_range!!
/media/joe/T7/64/wsjtx-3.1.0_improved_widescreen_PLUS_260522_woMAP65_trixie/build/hamlib-prefix/src/hamlib/src/rig.c(995) trace
netrigctl_init version 20250211.0
rig_token_lookup called for rig_pathname
rig_confparam_lookup called for rig_pathname
rig_set_conf called
rig_confparam_lookup called for rig_pathname
rig_set_conf: rig_pathname='192.168.1.17:4532'
rig_token_lookup called for no_xchg
rig_confparam_lookup called for no_xchg and not found
connect to 4532 failed, (trying next interface): Network error 110: Connection timed out
network_open: failed to connect to 4532
rig.c(1284):rig_open returning2(-6) IO error

IO error
IO error
rig_set_ptt: rig or rig->caps is null
Invalid parameter
[RIGCTRL][2026-09-15 22:57:51.055837][00:11:17.250713][warning] connect to 4532 failed, (trying next interface): Network error 110: Connection timed out
[RIGCTRL][2026-09-15 22:57:51.055890][00:11:17.250765][error] network_open: failed to connect to 4532
[RIGCTRL][2026-09-15 22:57:51.055916][00:11:17.250790][error] error: rig_check_rig_caps: p1=0x5555a6943d98, p2=0x5555a694a320, rig_model=0x5555a6943d98, macro_name=0x5555a694a320
rig_init: rig_model=Hamlib NET rigctl 20250211.0
Requesting 47952 bytes for rig_struct
Requesting 728 bytes for rig_cache
rig_init: rx_range_list1 is empty, using rx_range_list2
rig_init: rig does not have tx_range!!
/media/joe/T7/64/wsjtx-3.1.0_improved_widescreen_PLUS_260522_woMAP65_trixie/build/hamlib-prefix/src/hamlib/src/rig.c(995) trace
netrigctl_init version 20250211.0
rig_token_lookup called for rig_pathname
rig_confparam_lookup called for rig_pathname
rig_set_conf called
rig_confparam_lookup called for rig_pathname
rig_set_conf: rig_pathname='4532'
rig_token_lookup called for no_xchg
rig_confparam_lookup called for no_xchg and not found
connect to 4532 failed, (trying next interface): Network error 110: Connection timed out
network_open: failed to connect to 4532
rig.c(1284):rig_open returning2(-6) IO error

IO error
[RIGCTRL][2026-09-15 22:57:51.055980][00:11:17.250854][error] rig_set_ptt: rig or rig->caps is null
[RIGCTRL][2026-09-15 22:57:51.055987][00:11:17.250862][error] error: Requesting 728 bytes for rig_cache
rig_init: rx_range_list1 is empty, using rx_range_list2
rig_init: rig does not have tx_range!!
/media/joe/T7/64/wsjtx-3.1.0_improved_widescreen_PLUS_260522_woMAP65_trixie/build/hamlib-prefix/src/hamlib/src/rig.c(995) trace
netrigctl_init version 20250211.0
rig_token_lookup called for rig_pathname
rig_confparam_lookup called for rig_pathname
rig_set_conf called
rig_confparam_lookup called for rig_pathname
rig_set_conf: rig_pathname='4532'
rig_token_lookup called for no_xchg
rig_confparam_lookup called for no_xchg and not found
connect to 4532 failed, (trying next interface): Network error 110: Connection timed out
network_open: failed to connect to 4532
rig.c(1284):rig_open returning2(-6) IO error

IO error
IO error
rig_set_ptt: rig or rig->caps is null
Invalid parameter
[RIGCTRL][2026-09-15 23:00:06.219872][00:13:32.414748][warning] connect to 4532 failed, (trying next interface): Network error 110: Connection timed out
[RIGCTRL][2026-09-15 23:00:06.219923][00:13:32.414798][error] network_open: failed to connect to 4532
[RIGCTRL][2026-09-15 23:00:06.219946][00:13:32.414820][error] error: rig_check_rig_caps: p1=0x5555a6943d98, p2=0x5555a694a320, rig_model=0x5555a6943d98, macro_name=0x5555a694a320
rig_init: rig_model=Hamlib NET rigctl 20250211.0
Requesting 47952 bytes for rig_struct
Requesting 728 bytes for rig_cache
rig_init: rx_range_list1 is empty, using rx_range_list2
rig_init: rig does not have tx_range!!
/media/joe/T7/64/wsjtx-3.1.0_improved_widescreen_PLUS_260522_woMAP65_trixie/build/hamlib-prefix/src/hamlib/src/rig.c(995) trace
netrigctl_init version 20250211.0
rig_token_lookup called for rig_pathname
rig_confparam_lookup called for rig_pathname
rig_set_conf called
rig_confparam_lookup called for rig_pathname
rig_set_conf: rig_pathname='4532'
rig_token_lookup called for no_xchg
rig_confparam_lookup called for no_xchg and not found
connect to 4532 failed, (trying next interface): Network error 110: Connection timed out
network_open: failed to connect to 4532
rig.c(1284):rig_open returning2(-6) IO error

IO error
[RIGCTRL][2026-09-15 23:00:06.220012][00:13:32.414886][error] rig_set_ptt: rig or rig->caps is null
[RIGCTRL][2026-09-15 23:00:06.220020][00:13:32.414894][error] error: Requesting 728 bytes for rig_cache
rig_init: rx_range_list1 is empty, using rx_range_list2
rig_init: rig does not have tx_range!!
/media/joe/T7/64/wsjtx-3.1.0_improved_widescreen_PLUS_260522_woMAP65_trixie/build/hamlib-prefix/src/hamlib/src/rig.c(995) trace
netrigctl_init version 20250211.0
rig_token_lookup called for rig_pathname
rig_confparam_lookup called for rig_pathname
rig_set_conf called
rig_confparam_lookup called for rig_pathname
rig_set_conf: rig_pathname='4532'
rig_token_lookup called for no_xchg
rig_confparam_lookup called for no_xchg and not found
connect to 4532 failed, (trying next interface): Network error 110: Connection timed out
network_open: failed to connect to 4532
rig.c(1284):rig_open returning2(-6) IO error

IO error
IO error
rig_set_ptt: rig or rig->caps is null
Invalid parameter
[RIGCTRL][2026-09-15 23:02:21.387882][00:15:47.582759][warning] connect to 4532 failed, (trying next interface): Network error 110: Connection timed out
[RIGCTRL][2026-09-15 23:02:21.387958][00:15:47.582833][error] network_open: failed to connect to 4532
[RIGCTRL][2026-09-15 23:02:21.387990][00:15:47.582864][error] error: *1:rig.c(1762):rig_close entered
*1:rig.c(1773):rig_close returning(-1) Invalid parameter

rig_token_lookup called for client
rig_confparam_lookup called for client
rig_set_conf called
rig_confparam_lookup called for client
rig_set_conf: client='WSJTX'
frontend_set_conf: Client claims to be WSJTX
rig.c(1051):rig_open entered
rig_settings_get_path: path=/home/pi/.config/hamlib_settings
rig_open: async_data_enable=0, async_data_supported=0
rig_open: using network address 4532
network_open: TCP connect
network_open: hoststr=4532, portstr=
connect to 4532 failed, (trying next interface): Network error 110: Connection timed out
network_open: failed to connect to 4532
rig.c(1284):rig_open returning2(-6) IO error

IO error
[RIGCTRL][2026-09-15 23:02:21.388408][00:15:47.583283][error] rig_set_ptt: rig or rig->caps is null
[RIGCTRL][2026-09-15 23:02:21.390290][00:15:47.585168][error] error: rig_token_lookup called for client
rig_confparam_lookup called for client
rig_set_conf called
rig_confparam_lookup called for client
rig_set_conf: client='WSJTX'
frontend_set_conf: Client claims to be WSJTX
rig.c(1051):rig_open entered
rig_settings_get_path: path=/home/pi/.config/hamlib_settings
rig_open: async_data_enable=0, async_data_supported=0
rig_open: using network address 4532
network_open: TCP connect
network_open: hoststr=4532, portstr=
connect to 4532 failed, (trying next interface): Network error 110: Connection timed out
network_open: failed to connect to 4532
rig.c(1284):rig_open returning2(-6) IO error

IO error
IO error
rig_set_ptt: rig or rig->caps is null
Invalid parameter
[RIGCTRL][2026-09-15 23:04:36.555862][00:18:02.750737][warning] connect to 4532 failed, (trying next interface): Network error 110: Connection timed out
[RIGCTRL][2026-09-15 23:04:36.555919][00:18:02.750793][error] network_open: failed to connect to 4532
[RIGCTRL][2026-09-15 23:04:36.555940][00:18:02.750814][error] error: rig_check_rig_caps: p1=0x5555a6943d98, p2=0x5555a694a320, rig_model=0x5555a6943d98, macro_name=0x5555a694a320
rig_init: rig_model=Hamlib NET rigctl 20250211.0
Requesting 47952 bytes for rig_struct
Requesting 728 bytes for rig_cache
rig_init: rx_range_list1 is empty, using rx_range_list2
rig_init: rig does not have tx_range!!
/media/joe/T7/64/wsjtx-3.1.0_improved_widescreen_PLUS_260522_woMAP65_trixie/build/hamlib-prefix/src/hamlib/src/rig.c(995) trace
netrigctl_init version 20250211.0
rig_token_lookup called for rig_pathname
rig_confparam_lookup called for rig_pathname
rig_set_conf called
rig_confparam_lookup called for rig_pathname
rig_set_conf: rig_pathname='4532'
rig_token_lookup called for no_xchg
rig_confparam_lookup called for no_xchg and not found
connect to 4532 failed, (trying next interface): Network error 110: Connection timed out
network_open: failed to connect to 4532
rig.c(1284):rig_open returning2(-6) IO error

IO error
[RIGCTRL][2026-09-15 23:04:36.556006][00:18:02.750880][error] rig_set_ptt: rig or rig->caps is null
[RIGCTRL][2026-09-15 23:04:36.556012][00:18:02.750887][error] error: Requesting 728 bytes for rig_cache
rig_init: rx_range_list1 is empty, using rx_range_list2
rig_init: rig does not have tx_range!!
/media/joe/T7/64/wsjtx-3.1.0_improved_widescreen_PLUS_260522_woMAP65_trixie/build/hamlib-prefix/src/hamlib/src/rig.c(995) trace
netrigctl_init version 20250211.0
rig_token_lookup called for rig_pathname
rig_confparam_lookup called for rig_pathname
rig_set_conf called
rig_confparam_lookup called for rig_pathname
rig_set_conf: rig_pathname='4532'
rig_token_lookup called for no_xchg
rig_confparam_lookup called for no_xchg and not found
connect to 4532 failed, (trying next interface): Network error 110: Connection timed out
network_open: failed to connect to 4532
rig.c(1284):rig_open returning2(-6) IO error

IO error
IO error
rig_set_ptt: rig or rig->caps is null
Invalid parameter
[RIGCTRL][2026-09-15 23:06:51.723959][00:20:17.918836][warning] connect to 4532 failed, (trying next interface): Network error 110: Connection timed out
[RIGCTRL][2026-09-15 23:06:51.724051][00:20:17.918926][error] network_open: failed to connect to 4532
[RIGCTRL][2026-09-15 23:06:51.724076][00:20:17.918951][error] error: *1:rig.c(1762):rig_close entered
*1:rig.c(1773):rig_close returning(-1) Invalid parameter

rig_token_lookup called for client
rig_confparam_lookup called for client
rig_set_conf called
rig_confparam_lookup called for client
rig_set_conf: client='WSJTX'
frontend_set_conf: Client claims to be WSJTX
rig.c(1051):rig_open entered
rig_settings_get_path: path=/home/pi/.config/hamlib_settings
rig_open: async_data_enable=0, async_data_supported=0
rig_open: using network address 4532
network_open: TCP connect
network_open: hoststr=4532, portstr=
connect to 4532 failed, (trying next interface): Network error 110: Connection timed out
network_open: failed to connect to 4532
rig.c(1284):rig_open returning2(-6) IO error

IO error
[RIGCTRL][2026-09-15 23:06:51.724162][00:20:17.919036][error] rig_set_ptt: rig or rig->caps is null
[RIGCTRL][2026-09-15 23:06:51.724170][00:20:17.919045][error] error: rig_token_lookup called for client
rig_confparam_lookup called for client
rig_set_conf called
rig_confparam_lookup called for client
rig_set_conf: client='WSJTX'
frontend_set_conf: Client claims to be WSJTX
rig.c(1051):rig_open entered
rig_settings_get_path: path=/home/pi/.config/hamlib_settings
rig_open: async_data_enable=0, async_data_supported=0
rig_open: using network address 4532
network_open: TCP connect
network_open: hoststr=4532, portstr=
connect to 4532 failed, (trying next interface): Network error 110: Connection timed out
network_open: failed to connect to 4532
rig.c(1284):rig_open returning2(-6) IO error

IO error
IO error
rig_set_ptt: rig or rig->caps is null
Invalid parameter
[RIGCTRL][2026-09-15 23:09:06.895865][00:22:33.090741][warning] connect to 4532 failed, (trying next interface): Network error 110: Connection timed out
[RIGCTRL][2026-09-15 23:09:06.895920][00:22:33.090795][error] network_open: failed to connect to 4532
[RIGCTRL][2026-09-15 23:09:06.895941][00:22:33.090816][error] error: *1:rig.c(1762):rig_close entered
*1:rig.c(1773):rig_close returning(-1) Invalid parameter

rig_token_lookup called for client
rig_confparam_lookup called for client
rig_set_conf called
rig_confparam_lookup called for client
rig_set_conf: client='WSJTX'
frontend_set_conf: Client claims to be WSJTX
rig.c(1051):rig_open entered
rig_settings_get_path: path=/home/pi/.config/hamlib_settings
rig_open: async_data_enable=0, async_data_supported=0
rig_open: using network address 4532
network_open: TCP connect
network_open: hoststr=4532, portstr=
connect to 4532 failed, (trying next interface): Network error 110: Connection timed out
network_open: failed to connect to 4532
rig.c(1284):rig_open returning2(-6) IO error

IO error
[RIGCTRL][2026-09-15 23:09:06.896001][00:22:33.090875][error] rig_set_ptt: rig or rig->caps is null
[RIGCTRL][2026-09-15 23:09:06.896006][00:22:33.090880][error] error: rig_token_lookup called for client
rig_confparam_lookup called for client
rig_set_conf called
rig_confparam_lookup called for client
rig_set_conf: client='WSJTX'
frontend_set_conf: Client claims to be WSJTX
rig.c(1051):rig_open entered
rig_settings_get_path: path=/home/pi/.config/hamlib_settings
rig_open: async_data_enable=0, async_data_supported=0
rig_open: using network address 4532
network_open: TCP connect
network_open: hoststr=4532, portstr=
connect to 4532 failed, (trying next interface): Network error 110: Connection timed out
network_open: failed to connect to 4532
rig.c(1284):rig_open returning2(-6) IO error

IO error
IO error
rig_set_ptt: rig or rig->caps is null
Invalid parameter
[RIGCTRL][2026-09-15 23:11:22.059864][00:24:48.254741][warning] connect to 4532 failed, (trying next interface): Network error 110: Connection timed out
[RIGCTRL][2026-09-15 23:11:22.059941][00:24:48.254816][error] network_open: failed to connect to 4532
[RIGCTRL][2026-09-15 23:11:22.059972][00:24:48.254846][error] error: *1:rig.c(1762):rig_close entered
*1:rig.c(1773):rig_close returning(-1) Invalid parameter

rig_token_lookup called for client
rig_confparam_lookup called for client
rig_set_conf called
rig_confparam_lookup called for client
rig_set_conf: client='WSJTX'
frontend_set_conf: Client claims to be WSJTX
rig.c(1051):rig_open entered
rig_settings_get_path: path=/home/pi/.config/hamlib_settings
rig_open: async_data_enable=0, async_data_supported=0
rig_open: using network address 4532
network_open: TCP connect
network_open: hoststr=4532, portstr=
connect to 4532 failed, (trying next interface): Network error 110: Connection timed out
network_open: failed to connect to 4532
rig.c(1284):rig_open returning2(-6) IO error

IO error
[RIGCTRL][2026-09-15 23:11:22.060044][00:24:48.254918][error] rig_set_ptt: rig or rig->caps is null
[RIGCTRL][2026-09-15 23:11:22.060058][00:24:48.254933][error] error: rig_token_lookup called for client
rig_confparam_lookup called for client
rig_set_conf called
rig_confparam_lookup called for client
rig_set_conf: client='WSJTX'
frontend_set_conf: Client claims to be WSJTX
rig.c(1051):rig_open entered
rig_settings_get_path: path=/home/pi/.config/hamlib_settings
rig_open: async_data_enable=0, async_data_supported=0
rig_open: using network address 4532
network_open: TCP connect
network_open: hoststr=4532, portstr=
connect to 4532 failed, (trying next interface): Network error 110: Connection timed out
network_open: failed to connect to 4532
rig.c(1284):rig_open returning2(-6) IO error

IO error
IO error
rig_set_ptt: rig or rig->caps is null
Invalid parameter
[RIGCTRL][2026-09-15 23:11:22.060460][00:24:48.255335][warning] connect to localhost:4532 failed, (trying next interface): Network error 111: Connection refused
[RIGCTRL][2026-09-15 23:11:22.172094][00:24:48.366969][error] netrigctl_open: invalid dumpcaps line, expected 'setting=value', got '=0,0,0;55=0,0,0;56=0,0,0;57=0,0,0;58=0,0,0;59=0,0,0;60=0,0,0;61=0,0,0;62=0,0,0;63=0,0,0;'
[RIGCTRL][2026-09-15 23:11:22.175333][00:24:48.370207][warning] rig_get_vfo: no get_vfo
[RIGCTRL][2026-09-15 23:11:22.582963][00:24:48.777837][error] netrigctl_close: done
[RIGCTRL][2026-09-15 23:11:22.593495][00:24:48.788370][warning] connect to localhost:4532 failed, (trying next interface): Network error 111: Connection refused
[RIGCTRL][2026-09-15 23:11:22.746293][00:24:48.941167][error] netrigctl_open: invalid dumpcaps line, expected 'setting=value', got '=0,0,0;55=0,0,0;56=0,0,0;57=0,0,0;58=0,0,0;59=0,0,0;60=0,0,0;61=0,0,0;62=0,0,0;63=0,0,0;'
[RIGCTRL][2026-09-15 23:11:22.787598][00:24:48.982472][warning] rig_get_vfo: no get_vfo
[RIGCTRL][2026-09-15 23:11:23.042884][00:24:49.237758][error] netrigctl_close: done
[SYSLOG][2026-09-16 12:51:24.056650][00:00:00.007047][error] STARTUP: MultiSettings loaded
[SYSLOG][2026-09-16 12:51:24.056964][00:00:00.007360][error] STARTUP: instance lock acquired
[SYSLOG][2026-09-16 12:51:24.057574][00:00:00.007970][error] STARTUP: L10nLoader done
[SYSLOG][2026-09-16 12:51:24.057694][00:00:00.008090][error] STARTUP: temp directory ready
[SYSLOG][2026-09-16 12:51:24.263453][00:00:00.213852][error] STARTUP: splash done
[SYSLOG][2026-09-16 12:51:24.274897][00:00:00.225297][error] STARTUP: database open
[SYSLOG][2026-09-16 12:51:24.306008][00:00:00.256409][error] STARTUP: shared memory / jt9 ready
[SYSLOG][2026-09-16 12:51:24.306143][00:00:00.256540][error] STARTUP: creating MainWindow
[SYSLOG][2026-09-16 12:51:28.881701][00:00:04.832103][error] STARTUP: MainWindow created, showing
[RIGCTRL][2026-09-16 12:53:42.479941][00:02:18.430341][warning] connect to 4532 failed, (trying next interface): Network error 110: Connection timed out
[RIGCTRL][2026-09-16 12:53:42.480054][00:02:18.430450][error] network_open: failed to connect to 4532
[RIGCTRL][2026-09-16 12:53:42.480092][00:02:18.430487][error] error: rig_check_rig_caps: p1=0x5555657a3d98, p2=0x5555657aa320, rig_model=0x5555657a3d98, macro_name=0x5555657aa320
rig_init: rig_model=Hamlib NET rigctl 20250211.0
Requesting 47952 bytes for rig_struct
Requesting 728 bytes for rig_cache
rig_init: rx_range_list1 is empty, using rx_range_list2
rig_init: rig does not have tx_range!!
/media/joe/T7/64/wsjtx-3.1.0_improved_widescreen_PLUS_260522_woMAP65_trixie/build/hamlib-prefix/src/hamlib/src/rig.c(995) trace
netrigctl_init version 20250211.0
rig_token_lookup called for rig_pathname
rig_confparam_lookup called for rig_pathname
rig_set_conf called
rig_confparam_lookup called for rig_pathname
rig_set_conf: rig_pathname='127.0.0.1:4532'
rig_token_lookup called for no_xchg
rig_confparam_lookup called for no_xchg and not found
connect to 4532 failed, (trying next interface): Network error 110: Connection timed out
network_open: failed to connect to 4532
rig.c(1284):rig_open returning2(-6) IO error

IO error
[RIGCTRL][2026-09-16 12:53:42.480368][00:02:18.430763][error] rig_set_ptt: rig or rig->caps is null
[RIGCTRL][2026-09-16 12:53:42.480387][00:02:18.430782][error] error: Requesting 728 bytes for rig_cache
rig_init: rx_range_list1 is empty, using rx_range_list2
rig_init: rig does not have tx_range!!
/media/joe/T7/64/wsjtx-3.1.0_improved_widescreen_PLUS_260522_woMAP65_trixie/build/hamlib-prefix/src/hamlib/src/rig.c(995) trace
netrigctl_init version 20250211.0
rig_token_lookup called for rig_pathname
rig_confparam_lookup called for rig_pathname
rig_set_conf called
rig_confparam_lookup called for rig_pathname
rig_set_conf: rig_pathname='127.0.0.1:4532'
rig_token_lookup called for no_xchg
rig_confparam_lookup called for no_xchg and not found
connect to 4532 failed, (trying next interface): Network error 110: Connection timed out
network_open: failed to connect to 4532
rig.c(1284):rig_open returning2(-6) IO error

IO error
IO error
rig_set_ptt: rig or rig->caps is null
Invalid parameter
[RIGCTRL][2026-09-16 12:55:57.643883][00:04:33.594280][warning] connect to 4532 failed, (trying next interface): Network error 110: Connection timed out
[RIGCTRL][2026-09-16 12:55:57.643949][00:04:33.594345][error] network_open: failed to connect to 4532
[RIGCTRL][2026-09-16 12:55:57.643974][00:04:33.594369][error] error: rig_check_rig_caps: p1=0x5555657a3d98, p2=0x5555657aa320, rig_model=0x5555657a3d98, macro_name=0x5555657aa320
rig_init: rig_model=Hamlib NET rigctl 20250211.0
Requesting 47952 bytes for rig_struct
Requesting 728 bytes for rig_cache
rig_init: rx_range_list1 is empty, using rx_range_list2
rig_init: rig does not have tx_range!!
/media/joe/T7/64/wsjtx-3.1.0_improved_widescreen_PLUS_260522_woMAP65_trixie/build/hamlib-prefix/src/hamlib/src/rig.c(995) trace
netrigctl_init version 20250211.0
rig_token_lookup called for rig_pathname
rig_confparam_lookup called for rig_pathname
rig_set_conf called
rig_confparam_lookup called for rig_pathname
rig_set_conf: rig_pathname='127.0.0.1:4532'
rig_token_lookup called for no_xchg
rig_confparam_lookup called for no_xchg and not found
connect to 4532 failed, (trying next interface): Network error 110: Connection timed out
network_open: failed to connect to 4532
rig.c(1284):rig_open returning2(-6) IO error

IO error
[RIGCTRL][2026-09-16 12:55:57.644042][00:04:33.594437][error] rig_set_ptt: rig or rig->caps is null
[RIGCTRL][2026-09-16 12:55:57.644050][00:04:33.594445][error] error: Requesting 728 bytes for rig_cache
rig_init: rx_range_list1 is empty, using rx_range_list2
rig_init: rig does not have tx_range!!
/media/joe/T7/64/wsjtx-3.1.0_improved_widescreen_PLUS_260522_woMAP65_trixie/build/hamlib-prefix/src/hamlib/src/rig.c(995) trace
netrigctl_init version 20250211.0
rig_token_lookup called for rig_pathname
rig_confparam_lookup called for rig_pathname
rig_set_conf called
rig_confparam_lookup called for rig_pathname
rig_set_conf: rig_pathname='127.0.0.1:4532'
rig_token_lookup called for no_xchg
rig_confparam_lookup called for no_xchg and not found
connect to 4532 failed, (trying next interface): Network error 110: Connection timed out
network_open: failed to connect to 4532
rig.c(1284):rig_open returning2(-6) IO error

IO error
IO error
rig_set_ptt: rig or rig->caps is null
Invalid parameter
[RIGCTRL][2026-09-16 12:55:57.754510][00:04:33.704906][error] netrigctl_open: invalid dumpcaps line, expected 'setting=value', got '=0,0,0;55=0,0,0;56=0,0,0;57=0,0,0;58=0,0,0;59=0,0,0;60=0,0,0;61=0,0,0;62=0,0,0;63=0,0,0;'
[RIGCTRL][2026-09-16 12:55:57.761034][00:04:33.711429][warning] rig_get_vfo: no get_vfo
[RIGCTRL][2026-09-16 12:55:58.170055][00:04:34.120450][error] netrigctl_close: done
[RIGCTRL][2026-09-16 12:55:58.316335][00:04:34.266730][error] netrigctl_open: invalid dumpcaps line, expected 'setting=value', got '=0,0,0;55=0,0,0;56=0,0,0;57=0,0,0;58=0,0,0;59=0,0,0;60=0,0,0;61=0,0,0;62=0,0,0;63=0,0,0;'
[RIGCTRL][2026-09-16 12:55:58.328924][00:04:34.279320][warning] rig_get_vfo: no get_vfo
[RIGCTRL][2026-09-16 12:55:58.738706][00:04:34.689101][error] netrigctl_close: done
[RIGCTRL][2026-09-16 12:55:58.871750][00:04:34.822145][error] netrigctl_open: invalid dumpcaps line, expected 'setting=value', got '=0,0,0;55=0,0,0;56=0,0,0;57=0,0,0;58=0,0,0;59=0,0,0;60=0,0,0;61=0,0,0;62=0,0,0;63=0,0,0;'
[RIGCTRL][2026-09-16 12:55:58.881734][00:04:34.832129][warning] rig_get_vfo: no get_vfo
[RIGCTRL][2026-09-16 12:55:59.241784][00:04:35.192179][error] netrigctl_close: done
[RIGCTRL][2026-09-16 12:55:59.387256][00:04:35.337652][error] netrigctl_open: invalid dumpcaps line, expected 'setting=value', got '=0,0,0;55=0,0,0;56=0,0,0;57=0,0,0;58=0,0,0;59=0,0,0;60=0,0,0;61=0,0,0;62=0,0,0;63=0,0,0;'
[RIGCTRL][2026-09-16 12:55:59.395925][00:04:35.346320][warning] rig_get_vfo: no get_vfo
[RIGCTRL][2026-09-16 13:01:33.883035][00:10:09.833431][error] netrigctl_close: done
[SYSLOG][2026-09-16 13:01:42.781512][00:00:00.000614][info] Log Start
[SYSLOG][2026-09-16 13:01:42.781565][00:00:00.000665][info] WSJT-X   v2.7.0   by K1JT et al. - Program startup
[SYSLOG][2026-09-16 13:01:42.782523][00:00:00.001626][info] locale: language: English script: Latin country: United States ui-languages: en-US, en, en-Latn-US
[SYSLOG][2026-09-16 13:01:42.782967][00:00:00.002067][info] Loaded WSJT-X base translation file from :/Translations based on language en
[SYSLOG][2026-09-16 13:01:42.783025][00:00:00.002125][info] Loaded WSJT-X translations for current locale from resources
[SYSLOG][2026-09-16 13:01:42.993528][00:00:00.212631][info] shmem size: 48275268
[RIGCTRL][2026-09-16 13:01:43.089640][00:00:00.308745][info] Hamlib version: Hamlib 4.7.1 from indeterminate source revision. 64-bit
[SYSLOG][2026-09-16 13:01:43.144936][00:00:00.364040][info] Configuration Settings (/home/pi/.config/WSJT-X.ini)
[SYSLOG][2026-09-16 13:01:43.146371][00:00:00.365475][info] Reading frequencies
[SYSLOG][2026-09-16 13:01:43.146420][00:00:00.365521][info] read_settings found FrequenciesForRegionModes_v2
[SYSLOG][2026-09-16 13:01:46.782036][00:00:04.001140][info] Loading CTY.DAT from /usr/share/wsjtx/cty.dat
[SYSLOG][2026-09-16 13:01:46.782160][00:00:04.001261][info] Loading CTY.DAT from /usr/share/wsjtx/cty.dat
[RIGCTRL][2026-09-16 13:04:00.975906][00:02:18.195009][warning] connect to 4532 failed, (trying next interface): Network error 110: Connection timed out
[RIGCTRL][2026-09-16 13:04:00.975971][00:02:18.195072][error] network_open: failed to connect to 4532
[RIGCTRL][2026-09-16 13:04:00.976009][00:02:18.195109][error] error: rig_check_rig_caps: p1=0x7fff0b4fbbe0, p2=0x7fff0b502168, rig_model=0x7fff0b4fbbe0, macro_name=0x7fff0b502168
rig_init: rig_model=Hamlib NET rigctl 20250211.0
Requesting 47952 bytes for rig_struct
Requesting 728 bytes for rig_cache
rig_init: rx_range_list1 is empty, using rx_range_list2
rig_init: rig does not have tx_range!!
rig.c(995) trace
netrigctl_init version 20250211.0
rig_token_lookup called for rig_pathname
rig_confparam_lookup called for rig_pathname
rig_set_conf called
rig_confparam_lookup called for rig_pathname
rig_set_conf: rig_pathname='localhost:4532'
rig_token_lookup called for no_xchg
rig_confparam_lookup called for no_xchg and not found
connect to 4532 failed, (trying next interface): Network error 110: Connection timed out
network_open: failed to connect to 4532
rig.c(1284):rig_open returning2(-6) IO error

IO error
[RIGCTRL][2026-09-16 13:04:00.976174][00:02:18.195274][error] rig_set_ptt: rig or rig->caps is null
[RIGCTRL][2026-09-16 13:04:00.976184][00:02:18.195285][error] error: Requesting 728 bytes for rig_cache
rig_init: rx_range_list1 is empty, using rx_range_list2
rig_init: rig does not have tx_range!!
rig.c(995) trace
netrigctl_init version 20250211.0
rig_token_lookup called for rig_pathname
rig_confparam_lookup called for rig_pathname
rig_set_conf called
rig_confparam_lookup called for rig_pathname
rig_set_conf: rig_pathname='localhost:4532'
rig_token_lookup called for no_xchg
rig_confparam_lookup called for no_xchg and not found
connect to 4532 failed, (trying next interface): Network error 110: Connection timed out
network_open: failed to connect to 4532
rig.c(1284):rig_open returning2(-6) IO error

IO error
IO error
rig_set_ptt: rig or rig->caps is null
Invalid parameter
[RIGCTRL][2026-09-16 13:06:16.139929][00:04:33.359034][warning] connect to 4532 failed, (trying next interface): Network error 110: Connection timed out
[RIGCTRL][2026-09-16 13:06:16.140018][00:04:33.359119][error] network_open: failed to connect to 4532
[RIGCTRL][2026-09-16 13:06:16.140052][00:04:33.359152][error] error: rig_set_ptt: rig or rig->caps is null
Invalid parameter
Invalid parameter
rig_token_lookup called for client
rig_confparam_lookup called for client
rig_set_conf called
rig_confparam_lookup called for client
rig_set_conf: client='WSJTX'
frontend_set_conf: Client claims to be WSJTX
rig.c(1051):rig_open entered
rig_settings_get_path: path=/home/pi/.config/hamlib_settings
rig_open: async_data_enable=0, async_data_supported=0
rig_open: using network address 4532
network_open: TCP connect
network_open: hoststr=4532, portstr=
connect to 4532 failed, (trying next interface): Network error 110: Connection timed out
network_open: failed to connect to 4532
rig.c(1284):rig_open returning2(-6) IO error

IO error
[RIGCTRL][2026-09-16 13:06:16.140145][00:04:33.359245][error] rig_set_ptt: rig or rig->caps is null
[RIGCTRL][2026-09-16 13:06:16.140152][00:04:33.359252][error] error: rig_token_lookup called for client
rig_confparam_lookup called for client
rig_set_conf called
rig_confparam_lookup called for client
rig_set_conf: client='WSJTX'
frontend_set_conf: Client claims to be WSJTX
rig.c(1051):rig_open entered
rig_settings_get_path: path=/home/pi/.config/hamlib_settings
rig_open: async_data_enable=0, async_data_supported=0
rig_open: using network address 4532
network_open: TCP connect
network_open: hoststr=4532, portstr=
connect to 4532 failed, (trying next interface): Network error 110: Connection timed out
network_open: failed to connect to 4532
rig.c(1284):rig_open returning2(-6) IO error

IO error
IO error
rig_set_ptt: rig or rig->caps is null
Invalid parameter
[RIGCTRL][2026-09-16 13:06:16.140745][00:04:33.359847][warning] connect to localhost:4532 failed, (trying next interface): Network error 111: Connection refused
[RIGCTRL][2026-09-16 13:06:16.260429][00:04:33.479529][error] netrigctl_open: invalid dumpcaps line, expected 'setting=value', got '=0,0,0;55=0,0,0;56=0,0,0;57=0,0,0;58=0,0,0;59=0,0,0;60=0,0,0;61=0,0,0;62=0,0,0;63=0,0,0;'
[RIGCTRL][2026-09-16 13:06:16.266007][00:04:33.485107][warning] rig_get_vfo: no get_vfo
[RIGCTRL][2026-09-16 13:06:16.675671][00:04:33.894772][error] netrigctl_close: done
[RIGCTRL][2026-09-16 13:06:16.686671][00:04:33.905771][warning] connect to localhost:4532 failed, (trying next interface): Network error 111: Connection refused
[RIGCTRL][2026-09-16 13:06:16.804968][00:04:34.024068][error] netrigctl_open: invalid dumpcaps line, expected 'setting=value', got '=0,0,0;55=0,0,0;56=0,0,0;57=0,0,0;58=0,0,0;59=0,0,0;60=0,0,0;61=0,0,0;62=0,0,0;63=0,0,0;'
[RIGCTRL][2026-09-16 13:06:16.812015][00:04:34.031116][warning] rig_get_vfo: no get_vfo
[RIGCTRL][2026-09-16 13:06:17.221720][00:04:34.440820][error] netrigctl_close: done
[RIGCTRL][2026-09-16 13:06:17.233998][00:04:34.453099][warning] connect to localhost:4532 failed, (trying next interface): Network error 111: Connection refused
[RIGCTRL][2026-09-16 13:06:17.344707][00:04:34.563807][error] netrigctl_open: invalid dumpcaps line, expected 'setting=value', got '=0,0,0;55=0,0,0;56=0,0,0;57=0,0,0;58=0,0,0;59=0,0,0;60=0,0,0;61=0,0,0;62=0,0,0;63=0,0,0;'
[RIGCTRL][2026-09-16 13:06:17.350408][00:04:34.569508][warning] rig_get_vfo: no get_vfo
[RIGCTRL][2026-09-16 13:09:45.313850][00:08:02.532950][error] netrigctl_close: done
[RIGCTRL][2026-09-16 13:09:45.324674][00:08:02.543774][warning] connect to localhost:4532 failed, (trying next interface): Network error 111: Connection refused
[RIGCTRL][2026-09-16 13:09:45.443705][00:08:02.662805][error] netrigctl_open: invalid dumpcaps line, expected 'setting=value', got '=0,0,0;55=0,0,0;56=0,0,0;57=0,0,0;58=0,0,0;59=0,0,0;60=0,0,0;61=0,0,0;62=0,0,0;63=0,0,0;'
[RIGCTRL][2026-09-16 13:09:45.449174][00:08:02.668275][warning] rig_get_vfo: no get_vfo
[RIGCTRL][2026-09-16 13:09:48.005998][00:08:05.225098][error] netrigctl_close: done
[SYSLOG][2026-09-16 13:09:48.280921][00:08:05.500026][info] Log Finish
