frequency_hz,time_utc,days,country_code,station,language_code,language_name,target_code,target_name,transmitter,persistence,start_date,stop_date
2310000,0000-2400,,AUS,Shortwave Australia,E,English,AUS,AUS,be,1,,[0426]
2355000,0000-2400,irr,AUS,Tropical R.Program 4TRP,E,English,AUS,AUS,kr,1,,[0626]
2500000,0000-2400,,USA,WWV Colorado (m.ann.),-TS,Time Signal Station,USA,USA,fa,1,,[0626]
2500000,0000-2400,,HWA,WWVH Hawaii (f.ann.),-TS,Time Signal Station,USA,USA,a,1,,[0626]
2500000,0730-0100,,CHN,BPM Xian,-TS,Time Signal Station,CHN,CHN,p,1,,[0122]
2514000,0000-2400,,CAN,VCF Les Escoumins QC,"E,F","English, French",ENA,ENA,lv,1,,
2514000,0000-2400,,CAN,VCP Placentia NL,E,English,ENA,ENA,sj,1,,
2514000,0000-2400,,CAN,VCP Placentia NL,E,English,ENA,ENA,sl,1,,
2514000,0000-2400,,CAN,VCS Halifax Radio,"E,F","English, French",ENA,ENA,sm,1,,
2514000,0000-2400,,CAN,VFF Iqaluit Radio,E,English,NAm,NAm,ch,1,0107,3110
2514000,0000-2400,,CAN,VFF Iqaluit Radio,E,English,NAm,NAm,k,1,0107,2012
2514000,0000-2400,,CAN,VOJ Port aux Basques NL,"E,F","English, French",ENA,ENA,sv,1,,
2514000,0110-0130,,CAN,VFF Iqaluit Radio,E,English,ENA,ENA,ch,1,0107,3110
2514000,1320-1400,,CAN,VFF Iqaluit Radio,E,English,ENA,ENA,ch,1,0701,3110
2514000,1410-1430,,CAN,VFF Iqaluit Radio,E,English,ENA,ENA,k,1,0107,2012
2514000,1705-1745,,CAN,VFF Iqaluit Radio,E,English,ENA,ENA,ch,1,0107,3110
2514000,1705-1745,,CAN,VFF Iqaluit Radio,E,English,ENA,ENA,k,1,0107,2012
2514000,2235-2315,,CAN,VFF Iqaluit Radio,E,English,ENA,ENA,k,1,0107,2012[1121]
2530000,0000-2400,,CAN,VCO Sydney Radio NS,"E,F","English, French",ENA,ENA,pc,1,,
2538000,0000-2400,,CAN,VCP Placentia NL,E,English,ENA,ENA,sj,1,,
2538000,0000-2400,,CAN,VCS Halifax Radio,"E,F","English, French",ENA,ENA,ym,1,,
2545000,1333-1343,,MRT,CROSS Martinique Wx,F,French,Car,Car,fc,1,,
2545000,2215-2225,,MRT,CROSS Martinique Wx,F,French,Car,Car,fc,1,,
2558000,0000-2400,,CAN,VFF Iqaluit Radio,E,English,NAm,NAm,cb,1,0107,1510
2558000,0000-2400,,CAN,VFF Iqaluit Radio,E,English,NAm,NAm,in,1,1505,3110
2579000,0000-2400,,I,Romaradio IAR,I,Italian,SEu,SEu,ba,1,,[0226]
2582000,0000-2400,,CAN,VCF Les Escoumins QC,"E,F","English, French",ENA,ENA,lv,1,,
2582000,0000-2400,,CAN,VCF Les Escoumins QC,"E,F","English, French",ENA,ENA,na,1,,
2582000,0000-2400,,CAN,VCO Sydney Radio NS,"E,F","English, French",ENA,ENA,pc,1,,
2582000,0000-2400,,CAN,VCP Placentia NL,E,English,ENA,ENA,sj,1,,
2582000,0000-2400,,CAN,VCP Placentia NL,E,English,ENA,ENA,sl,1,,
2582000,0000-2400,,CAN,VCS Halifax Radio,"E,F","English, French",ENA,ENA,sm,1,,
2582000,0000-2400,,CAN,VCS Halifax Radio,"E,F","English, French",ENA,ENA,ym,1,,
2582000,0000-2400,,CAN,VFF Iqaluit Radio,E,English,NAm,NAm,ch,1,0107,3110
2582000,0000-2400,,CAN,VFF Iqaluit Radio,E,English,NAm,NAm,i,1,1505,2012
2582000,0000-2400,,CAN,VFF Iqaluit Radio,E,English,NAm,NAm,k,1,0107,2012
2582000,0000-2400,,CAN,VFF Iqaluit Radio,E,English,NAm,NAm,r,1,1507,3110
2582000,0000-2400,,CAN,VOJ Port aux Basques NL,"E,F","English, French",ENA,ENA,sv,1,,
2582000,0035-0045,,BER,ZBM Bermuda Harbor,E,English,BER,BER,h,1,,[0316]
2582000,0435-0445,,BER,ZBM Bermuda Harbor,E,English,BER,BER,h,1,,[1216]
2582000,0835-0845,,BER,ZBM Bermuda Harbor,E,English,BER,BER,h,1,,[1121]
2582000,1235-1245,,BER,ZBM Bermuda Harbor,E,English,BER,BER,h,1,,
2582000,1240-1300,,CAN,VFF Iqaluit Radio,E,English,ENA,ENA,r,1,1507,3110
2582000,1410-1430,,CAN,VFF Iqaluit Radio,E,English,ENA,ENA,i,1,1505,2012
2582000,1635-1645,,BER,ZBM Bermuda Harbor,E,English,BER,BER,h,1,,
2582000,1705-1745,,CAN,VFF Iqaluit Radio,E,English,ENA,ENA,i,1,1505,2012
2582000,1705-1745,,CAN,VFF Iqaluit Radio,E,English,ENA,ENA,r,1,1507,3110
2582000,2035-2045,,BER,ZBM Bermuda Harbor,E,English,BER,BER,h,1,,
2582000,2235-2315,,CAN,VFF Iqaluit Radio,E,English,ENA,ENA,i,1,1505,2012[1121]
2582000,2310-2350,,CAN,VFF Iqaluit Radio,E,English,ENA,ENA,r,1,1507,3110
2586000,0133-0143,,DNK,Lyngby Radio,E,English,NEu,NEu,ro,1,,[1121]
2586000,0533-0543,,DNK,Lyngby Radio,E,English,NEu,NEu,ro,1,,
2586000,0933-0943,,DNK,Lyngby Radio,E,English,NEu,NEu,ro,1,,
2586000,1305-1315,,DNK,Lyngby Radio,E,English,NEu,NEu,ro,1,,
2586000,1333-1343,,DNK,Lyngby Radio,E,English,NEu,NEu,ro,1,,
2586000,1733-1803,,DNK,Lyngby Radio,E,English,NEu,NEu,ro,1,,[0616]
2586000,2133-2143,,DNK,Lyngby Radio,E,English,NEu,NEu,ro,1,,[0515]
2586000,2200-2215,,DNK,Lyngby Radio,DA,Danish,NEu,NEu,ro,1,,[1225]
2598000,0007-0030,,CAN,VCP Placentia NL,E,English,ENA,ENA,sj,1,,[1118]
2598000,0048-0107,,CAN,VCP Placentia NL,"E,F","English, French",ENA,ENA,sl,1,,[1125]
2598000,0107-0130,,CAN,VOK Labrador Coastguard,E,English,ENA,ENA,sa,1,,[0418]
2598000,0137-0200,,CAN,VOK Labrador Coastguard,E,English,ENA,ENA,cw,1,,[0725]
2598000,0137-0200,,CAN,VOK Labrador Coastguard,E,English,ENA,ENA,hd,1,,[0317]
2598000,0207-0233,,CAN,VOJ Port aux Basques NL,"E,F","English, French",ENA,ENA,sv,1,,[0822]
2598000,0437-0500,,CAN,VCF Les Escoumins QC,"F,E","French, English",ENA,ENA,na,1,,[0526]
2598000,0737-0805,,CAN,VCP Placentia NL,E,English,ENA,ENA,sl,1,,[0126]
2598000,0807-0833,,CAN,VOJ Port aux Basques NL,"E,F","English, French",ENA,ENA,sv,1,,[0126]
2598000,0837-0900,,CAN,VCP Placentia NL,E,English,ENA,ENA,sj,1,,[0326]
2598000,0847-0910,,CAN,VCF Les Escoumins QC,"F,E","French, English",ENA,ENA,na,1,,
2598000,0907-0930,,CAN,VOK Labrador Coastguard,E,English,ENA,ENA,sa,1,,
2598000,0937-1000,,CAN,VCF Les Escoumins QC,"F,E","French, English",ENA,ENA,na,1,,[0316]
2598000,1007-1030,,CAN,VOK Labrador Coastguard,E,English,ENA,ENA,cw,1,,[0216]
2598000,1007-1030,,CAN,VOK Labrador Coastguard,E,English,ENA,ENA,hd,1,,[0216]
2598000,1107-1130,,CAN,VOK Labrador Coastguard,E,English,ENA,ENA,cw,1,,
2598000,1107-1130,,CAN,VOK Labrador Coastguard,E,English,ENA,ENA,hd,1,,
2598000,1137-1200,,CAN,VCP Placentia NL,E,English,ENA,ENA,sl,1,,
2598000,1207-1233,,CAN,VOJ Port aux Basques NL,"E,F","English, French",ENA,ENA,sv,1,,
2598000,1237-1300,,CAN,VOK Labrador Coastguard,E,English,ENA,ENA,sa,1,,
2598000,1307-1330,,CAN,VCP Placentia NL,E,English,ENA,ENA,sj,1,,
2598000,1337-1400,,CAN,VOK Labrador Coastguard,E,English,ENA,ENA,sa,1,,
2598000,1407-1430,,CAN,VCF Les Escoumins QC,"F,E","French, English",ENA,ENA,na,1,,
2598000,1437-1500,,CAN,VOK Labrador Coastguard,E,English,ENA,ENA,cw,1,,
2598000,1437-1500,,CAN,VOK Labrador Coastguard,E,English,ENA,ENA,hd,1,,
2598000,1507-1533,,CAN,VOJ Port aux Basques NL,"E,F","English, French",ENA,ENA,sv,1,,
2598000,1607-1630,,CAN,VCP Placentia NL,E,English,ENA,ENA,sl,1,,
2598000,1637-1700,,CAN,VCP Placentia NL,E,English,ENA,ENA,sj,1,,
2598000,1737-1800,,CAN,VCF Les Escoumins QC,"F,E","French, English",ENA,ENA,na,1,,
2598000,1807-1830,,CAN,VCP Placentia NL,E,English,ENA,ENA,sl,1,,
2598000,1837-1903,,CAN,VOJ Port aux Basques NL,"E,F","English, French",ENA,ENA,sv,1,,
2598000,1907-1930,,CAN,VOK Labrador Coastguard,E,English,ENA,ENA,sa,1,,
2598000,1937-2000,,CAN,VOK Labrador Coastguard,E,English,ENA,ENA,sa,1,,
2598000,2007-2030,,CAN,VCP Placentia NL,E,English,ENA,ENA,sj,1,,[0120]
2598000,2037-2100,,CAN,VOK Labrador Coastguard,E,English,ENA,ENA,cw,1,,[0120]
2598000,2037-2100,,CAN,VOK Labrador Coastguard,E,English,ENA,ENA,hd,1,,
2598000,2107-2133,,CAN,VOJ Port aux Basques NL,"E,F","English, French",ENA,ENA,sv,1,,
2598000,2137-2200,,CAN,VCP Placentia NL,E,English,ENA,ENA,sl,1,,[0526]
2598000,2207-2230,,CAN,VCP Placentia NL,E,English,ENA,ENA,sj,1,,
2598000,2307-2330,,CAN,VOK Labrador Coastguard,E,English,ENA,ENA,cw,1,,
2598000,2307-2330,,CAN,VOK Labrador Coastguard,E,English,ENA,ENA,hd,1,,
2598000,2317-2330,,CAN,VCF Les Escoumins QC,"F,E","French, English",ENA,ENA,na,1,,[1122]
2600000,0000-2400,,I,Romaradio IAR,I,Italian,SEu,SEu,mz,1,,[1225]
2618500,2200-0500,,G,GYA Northwood Meteo Fax,,,WEu,WEu,nw,1,,[0119]
2624000,0000-2400,,I,Romaradio IAR,I,Italian,SEu,SEu,t,1,,[0726]
2624000,0633-0643,,GRC,Olimpia Radio,E,English,SEE,SEE,r,1,,
2624000,0703-0713,,GRC,Olimpia Radio,E,English,SEE,SEE,r,1,,
2624000,0903-0913,,GRC,Olimpia Radio,E,English,SEE,SEE,r,1,,
2624000,1133-1143,,GRC,Olimpia Radio,E,English,SEE,SEE,r,1,,
2624000,1533-1543,,GRC,Olimpia Radio,E,English,SEE,SEE,r,1,,
2624000,1733-1743,,GRC,Olimpia Radio,E,English,SEE,SEE,r,1,,
2624000,1930-1945,,GRC,Olimpia Radio,E,English,SEE,SEE,r,1,,[1225]
2624000,2133-2153,,GRC,Olimpia Radio,E,English,SEE,SEE,r,1,,
2624000,2333-2343,,GRC,Olimpia Radio,E,English,SEE,SEE,r,1,,
2628000,0000-2400,,I,Romaradio IAR,I,Italian,SEu,SEu,au,1,,[0626]
2628000,0900-0955,,AUS,VMC Charleville Met Fax,,,Oc,Oc,c,1,,[0521]
2628000,1015-1715,,AUS,VMC Charleville Met Fax,,,Oc,Oc,c,1,,[0122]
2628000,1800-1845,,AUS,VMC Charleville Met Fax,,,Oc,Oc,c,1,,
2632000,0000-2400,,I,Romaradio IAR,I,Italian,SEu,SEu,na,1,,[0526]
2640000,1300-1325,,RUS,St.Peterburg Wx Fax,R,Russian,NEu,NEu,pv,1,,[0221]
2642000,0000-2400,,I,Romaradio IAR,I,Italian,SEu,SEu,ge,1,,[0726]
2656000,0000-2400,,I,Romaradio IAR,I,Italian,SEu,SEu,an,1,,[0726]
2663000,0000-2400,,I,Romaradio IAR,I,Italian,SEu,SEu,mp,1,,[0626]
2677000,0003-0018,,F,CROSS La Garde Radio Wx,"F,E","French, English",WEu,WEu,g,4,,
2677000,0303-0318,,F,CROSS La Garde Radio Wx,"F,E","French, English",WEu,WEu,g,2,,
2677000,0503-0518,,F,CROSS La Garde Radio Wx,"F,E","French, English",WEu,WEu,g,2,,[1121]
2677000,0535-0545,,F,CROSS Corsen Radio Wx,F,French,WEu,WEu,oe,2,,
2677000,0607-0617,,F,CROSS La Garde Radio Wx,"F,E","French, English",WEu,WEu,g,2,,[0320]
2677000,0615-0630,,F,CROSS Corsen Radio Wx,F,French,WEu,WEu,oe,2,,
2677000,0633-0643,,F,CROSS La Garde Radio Wx,"F,E","French, English",WEu,WEu,g,5,,
2677000,0703-0718,,F,CROSS La Garde Radio Wx,"F,E","French, English",WEu,WEu,g,2,,
2677000,0733-0743,,F,CROSS La Garde Radio Wx,"F,E","French, English",WEu,WEu,g,4,,[1220]
2677000,1000-1003,,F,CROSS La Garde Radio Wx,"F,E","French, English",WEu,WEu,g,1,,
2677000,1103-1118,,F,CROSS La Garde Radio Wx,"F,E","French, English",WEu,WEu,g,2,,
2677000,1403-1418,,F,CROSS La Garde Radio Wx,"F,E","French, English",WEu,WEu,g,5,,
2677000,1503-1518,,F,CROSS La Garde Radio Wx,"F,E","French, English",WEu,WEu,g,1,,
2677000,1600-1603,,F,CROSS La Garde Radio Wx,"F,E","French, English",WEu,WEu,g,1,,
2677000,1603-1618,,F,CROSS La Garde Radio Wx,"F,E","French, English",WEu,WEu,g,4,,
2677000,1735-1745,,F,CROSS Corsen Radio Wx,F,French,WEu,WEu,oe,2,,
2677000,1815-1830,,F,CROSS Corsen Radio Wx,F,French,WEu,WEu,oe,2,,[0226]
2677000,1900-1915,,F,CROSS Corsen Radio Wx,F,French,WEu,WEu,oe,2,,[0217]
2677000,1903-1913,,F,CROSS La Garde Radio Wx,"F,E","French, English",WEu,WEu,g,2,,[1215]
2677000,1910-1915,,F,CROSS La Garde Radio Wx,"F,E","French, English",WEu,WEu,g,4,,[0126]
2677000,2000-2015,,F,CROSS Corsen Radio Wx,F,French,WEu,WEu,oe,2,,[1125]
2677000,2105-2110,,F,CROSS Corsen Radio Wx,F,French,WEu,WEu,oe,2,,[0426]
2677000,2200-2210,,F,CROSS La Garde Radio Wx,"F,E","French, English",WEu,WEu,g,1,,[0526]
2677000,2303-2318,,F,CROSS La Garde Radio Wx,"F,E","French, English",WEu,WEu,g,5,,
2680000,0000-2400,,ISR,4XZ Israeli Navy Haifa,-CW,Morse Station,,,,1,,[0321]
2680000,0000-2400,,I,Romaradio IAR,I,Italian,SEu,SEu,cg,1,,[0726]
2719000,0000-2400,,I,Romaradio IAR,I,Italian,SEu,SEu,pt,1,,[0726]
2724000,0205-0220,,ISL,Reykjavik Radio,E,English,NAO,NAO,if,1,,[1121]
2724000,0505-0520,,ISL,Reykjavik Radio,E,English,NAO,NAO,if,1,,[1121]
2724000,0805-0820,,ISL,Reykjavik Radio,E,English,NAO,NAO,if,1,,[1121]
2724000,1105-1120,,ISL,Reykjavik Radio,E,English,NAO,NAO,if,1,,
2724000,1405-1420,,ISL,Reykjavik Radio,E,English,NAO,NAO,if,1,,
2724000,1705-1720,,ISL,Reykjavik Radio,E,English,NAO,NAO,if,1,,
2724000,2005-2020,,ISL,Reykjavik Radio,E,English,NAO,NAO,if,1,,
2724000,2305-2320,,ISL,Reykjavik Radio,E,English,NAO,NAO,if,1,,
2730000,0000-2400,,GRC,Olimpia Radio,-TY,Teletype or other digital Station (RTTY/SITOR/..),SEE,SEE,L,1,,[1218]
2730000,0033-0043,,GRC,Olimpia Radio,E,English,SEE,SEE,L,1,,
2730000,0633-0643,,GRC,Olimpia Radio,E,English,SEE,SEE,L,1,,
2730000,0703-0713,,GRC,Olimpia Radio,E,English,SEE,SEE,L,1,,
2730000,0903-0913,,GRC,Olimpia Radio,E,English,SEE,SEE,L,1,,
2730000,1033-1043,,GRC,Olimpia Radio,E,English,SEE,SEE,L,1,,
2730000,1533-1543,,GRC,Olimpia Radio,E,English,SEE,SEE,L,1,,
2730000,1633-1643,,GRC,Olimpia Radio,E,English,SEE,SEE,L,1,,
2730000,1800-1810,,GRC,Olimpia Radio,E,English,SEE,SEE,L,1,,[0125]
2730000,2133-2153,,GRC,Olimpia Radio,E,English,SEE,SEE,L,1,,[0526]
2749000,0040-0100,,CAN,VCO Sydney Radio NS,"E,F","English, French",ENA,ENA,pc,1,,[1125]
2749000,0140-0200,,CAN,VCS Halifax Radio,"E,F","English, French",ENA,ENA,ym,1,,[1124]
2749000,0240-0310,,CAN,VCS Halifax Radio,"E,F","English, French",ENA,ENA,sm,1,,[0525]
2749000,0437-0500,,CAN,VCF Les Escoumins QC,"F,E","French, English",ENA,ENA,lv,1,,[0526]
2749000,0740-0800,,CAN,VCO Sydney Radio NS,"E,F","English, French",ENA,ENA,pc,1,,[0226]
2749000,0810-0830,,CAN,VCS Halifax Radio,"E,F","English, French",ENA,ENA,sm,1,,[0824]
2749000,0847-0910,,CAN,VCF Les Escoumins QC,"F,E","French, English",ENA,ENA,lv,1,,
2749000,0937-1000,,CAN,VCF Les Escoumins QC,"F,E","French, English",ENA,ENA,lv,1,,
2749000,1040-1100,,CAN,VCS Halifax Radio,"E,F","English, French",ENA,ENA,ym,1,,
2749000,1407-1430,,CAN,VCF Les Escoumins QC,"F,E","French, English",ENA,ENA,lv,1,,
2749000,1440-1500,,CAN,VCO Sydney Radio NS,"E,F","English, French",ENA,ENA,pc,1,,
2749000,1540-1600,,CAN,VCS Halifax Radio,E,English,ENA,ENA,sm,1,,
2749000,1640-1700,,CAN,VCS Halifax Radio,"E,F","English, French",ENA,ENA,ym,1,,
2749000,1737-1800,,CAN,VCF Les Escoumins QC,"F,E","French, English",ENA,ENA,lv,1,,
2749000,2010-2030,,CAN,VCO Sydney Radio NS,"E,F","English, French",ENA,ENA,pc,1,,[0120]
2749000,2040-2100,,CAN,VCS Halifax Radio,"E,F","English, French",ENA,ENA,ym,1,,
2749000,2120-2140,,CAN,VCS Halifax Radio,E,English,ENA,ENA,sm,1,,[1118]
2749000,2317-2330,,CAN,VCF Les Escoumins QC,"F,E","French, English",ENA,ENA,lv,1,,[1122]
2750000,0000-2400,,CHN,XSV Tianjin Radio,M,Mandarin (Standard Chinese / Beijing dialect),FE,FE,tj,1,,
2753000,0000-2400,,HOL,PFC Navy Den Helder,E,English,Eu,Eu,cg,1,,[1218]
2761000,0233-0248,,BEL,OSU Oostende Radio,E,English,WEu,WEu,r,1,,[0320]
2761000,0520-0532,,BEL,OSU Oostende Radio,E,English,WEu,WEu,r,2,,[0126]
2761000,0633-0648,,BEL,OSU Oostende Radio,NL,Dutch,WEu,WEu,r,1,,[1220]
2761000,0820-0830,,BEL,OSU Oostende Radio,E,English,WEu,WEu,r,1,,
2761000,1033-1048,,BEL,OSU Oostende Radio,E,English,WEu,WEu,r,1,,
2761000,1433-1448,,BEL,OSU Oostende Radio,E,English,WEu,WEu,r,1,,[0126]
2761000,1720-1730,,BEL,OSU Oostende Radio,E,English,WEu,WEu,r,1,,[1120]
2761000,1833-1848,,BEL,OSU Oostende Radio,E,English,WEu,WEu,r,1,,[0126]
2761000,2233-2258,,BEL,OSU Oostende Radio,E,English,WEu,WEu,r,1,,[0126]
2789000,0000-2400,,I,Romaradio IAR,I,Italian,SEu,SEu,me,1,,[0726]
2799000,0633-0643,,GRC,Olimpia Radio,E,English,SEE,SEE,i,1,,
2799000,0703-0713,,GRC,Olimpia Radio,E,English,SEE,SEE,i,1,,
2799000,0903-0913,,GRC,Olimpia Radio,E,English,SEE,SEE,i,1,,
2799000,1133-1143,,GRC,Olimpia Radio,E,English,SEE,SEE,i,1,,
2799000,1533-1543,,GRC,Olimpia Radio,E,English,SEE,SEE,i,1,,
2799000,1733-1743,,GRC,Olimpia Radio,E,English,SEE,SEE,i,1,,
2799000,1800-1810,,GRC,Olimpia Radio,E,English,SEE,SEE,i,1,,[0125]
2799000,1930-1945,,GRC,Olimpia Radio,E,English,SEE,SEE,i,1,,[0126]
2799000,2133-2153,,GRC,Olimpia Radio,E,English,SEE,SEE,i,1,,[0526]
2799000,2333-2343,,GRC,Olimpia Radio,E,English,SEE,SEE,i,1,,
2830000,0033-0043,,GRC,Olimpia Radio,E,English,SEE,SEE,k,1,,
2830000,0633-0643,,GRC,Olimpia Radio,E,English,SEE,SEE,k,1,,
2830000,0703-0713,,GRC,Olimpia Radio,E,English,SEE,SEE,k,1,,
2830000,0903-0913,,GRC,Olimpia Radio,E,English,SEE,SEE,k,1,,
2830000,1033-1043,,GRC,Olimpia Radio,E,English,SEE,SEE,k,1,,
2830000,1533-1543,,GRC,Olimpia Radio,E,English,SEE,SEE,k,1,,
2830000,1633-1643,,GRC,Olimpia Radio,E,English,SEE,SEE,k,1,,
2830000,2133-2153,,GRC,Olimpia Radio,E,English,SEE,SEE,k,1,,
2860000,0000-2400,,IRL,Shannon Aeradio I,E,English,NAO,NAO,s,1,,
2863000,0000-2400,,HKG,"Hongkong Volmet x15,x45",E,English,FE,FE,a,1,,
2863000,0000-2400,,J,"Tokyo Volmet x10,x40",E,English,FE,FE,tv,1,,[0419]
2869000,0000-2400,,USA,San Francisco Radio CEP,E,English,EOc,EOc,dx,1,,
2869000,0000-2400,,IRL,Shannon Aeradio J,E,English,NAO,NAO,s,1,,
2869000,1100-2300,,RUS,"Novosibir Volmet x07,37",R,Russian,CIS,CIS,nv,1,,
2869000,1400-0200,,RUS,"Samara Volmet x15,45",R,Russian,CIS,CIS,sv,1,,[0418]
2869000,1500-0300,,RUS,"Syktyvkar Volmet x00,30",R,Russian,CIS,CIS,sy,1,,[0725]
2872000,0000-2400,,CAN,Gander Radio C,E,English,NAO,NAO,g,1,,[1222]
2872000,0000-2400,,ISL,Iceland Radio C,E,English,NAO,NAO,,1,,
2872000,1800-0900,,IRL,Shannon Aeradio C,E,English,NAO,NAO,s,1,,[1121]
2881000,0000-2400,,ARG,Ezeiza Volmet x01,S,Spanish/Castellano,SAm,SAm,e,1,,
2881000,0000-2400,,IRL,Shannon Aeradio I,E,English,NAO,NAO,s,1,,
2887000,0000-2400,,USA,New York Radio,E,English,Car,Car,bg,1,,[1119]
2890000,0000-2400,,IRL,Shannon Aeradio I,E,English,NAO,NAO,s,1,,
2899000,0000-2400,,CAN,Gander Radio B,E,English,NAO,NAO,g,1,,[1219]
2899000,0000-2400,,ISL,Iceland Radio B,E,English,NAO,NAO,,1,,
2899000,1800-0900,,IRL,Shannon Aeradio B,E,English,NAO,NAO,s,1,,
2941000,0000-2400,,KOR,Seoul Muan HFDL (ID10),-HF,HFDL Squitter (Aircraft comms station),FE,FE,m,1,,
2941000,1500-0300,,RUS,"Rostov Volmet x25,55",R,Russian,CIS,CIS,rv,1,,[0725]
2944000,0000-2400,,ALS,Barrow HFDL (ID9),-HF,HFDL Squitter (Aircraft comms station),NOc,NOc,ba,1,,
2944000,0000-2400,,IRL,Shannon Aeradio J,E,English,NAO,NAO,s,1,,[1219]
2962000,0000-2400,,USA,New York Radio,E,English,NAO,NAO,bg,1,,
2962000,0000-2400,,AZR,Santa Maria Radio E,E,English,NAO,NAO,sm,1,,
2965000,0000-2400,,IRL,Shannon Aeradio H,E,English,NAO,NAO,s,1,,
2965000,1210-2245,,THA,"Bangkok Volmet x10,x40",E,English,SAs,SAs,bv,1,,[0726]
2965000,1305-0240,,IND,"Kolkata Volmet x05,x35",E,English,SAs,SAs,kv,1,,
2965000,1325-0300,,IND,"Mumbai Volmet x25,x55",E,English,SAs,SAs,mv,1,,[1023]
2971000,0000-2400,,ARG,ResistenciaVolmetx20x50,S,Spanish/Castellano,ARG,ARG,r,1,,
2971000,0100-0800,,IRL,Shannon Aeradio D,E,English,NAO,NAO,s,1,,[1118]
2986000,0000-2400,,BHR,Al Muharraq HFDL (ID15),-HF,HFDL Squitter (Aircraft comms station),ME,ME,m,1,,[0424]
2992000,0000-2400,,ALS,Barrow HFDL (ID9),-HF,HFDL Squitter (Aircraft comms station),NOc,NOc,ba,1,,
2992000,0000-2400,,IRL,Shannon Aeradio J,E,English,NAO,NAO,s,1,,
2998000,0000-2400,,USA,San Francisco Radio CWP,E,English,WOc,WOc,/GUM-b,1,,
2998000,0000-2400,,USA,San Francisco Radio CWP,E,English,WOc,WOc,/HWA-m,1,,
2998000,0000-2400,,IRL,Shannon HFDL (ID7),-HF,HFDL Squitter (Aircraft comms station),NAO,NAO,s,1,,[0120]
3007000,0000-2400,,ALS,Barrow HFDL (ID9),-HF,HFDL Squitter (Aircraft comms station),NOc,NOc,ba,1,,
3016000,0000-2400,,CAN,Gander Radio A,E,English,NAO,NAO,g,1,,[0322]
3016000,0000-2400,,AFS,Johannesburg HFDL (ID8),-HF,HFDL Squitter (Aircraft comms station),SAf,SAf,j,1,,
3016000,0000-2400,,USA,New York Radio,E,English,NAO,NAO,bg,1,,[0221]
3016000,0100-0900,,IRL,Shannon Aeradio A,E,English,NAO,NAO,s,1,,
3016000,1800-2200,,IRL,Shannon Aeradio A,E,English,NAO,NAO,s,1,,
3016000,2100-0800,,AZR,Santa Maria Radio A,E,English,NAO,NAO,sm,1,,[0223]
3023000,0000-2400,,XUU,Search and Rescue Coord,E,English,,,,1,,
3044000,0000-2400,,F,FUE French Navy USB/FSK,F,French,NAO,NAO,br,1,,
3107000,0000-2400,,F,Armor French Ny USB/FSK,F,French,NAO,NAO,br,1,,
3168500,0000-2400,,RUS,Channel Marker L,-CW,Morse Station,RUS,RUS,pt,1,,[0318]
3205000,1950-1800,,KRE,KCBS DIGITAL,K,Korean,KRE,KRE,k,1,,[0126]
3243000,1400-0530,,RUS,Goose Channel Marker,,,EEu,EEu,sk,1,0111,2802[0124]
3243000,1600-0430,,RUS,Goose Channel Marker,,,EEu,EEu,sk,1,0103,3004
3243000,1630-0430,,RUS,Goose Channel Marker,,,EEu,EEu,sk,1,0109,3110
3243000,2000-0430,,RUS,Goose Channel Marker,,,EEu,EEu,sk,1,0105,3108
3250000,1950-1800,,KRE,KCBS Pyongyang,K,Korean,KRE,KRE,p,1,,[0526]
3265000,0000-0100,Sa,USA,WBCQ The Planet,E,English,NAm,NAm,q,5,,[0526]
3310000,0900-1300,,BOL,Radio Mosoj Chaski,"S,Q","Spanish/Castellano, Quechua",BOL,BOL,cb,1,,[0726]
3310000,2030-0204,,BOL,Radio Mosoj Chaski,"S,Q","Spanish/Castellano, Quechua",BOL,BOL,cb,1,,[0826]
3330000,0000-1410,22Jun,CAN,CHU Ottawa,-TS,Time Signal Station,NAm,NAm,o,6,1306,2206
3330000,0000-2400,,CAN,CHU Ottawa,-TS,Time Signal Station,NAm,NAm,o,6,2903,2106[0626]
3364000,1410-0600,,RUS,The Squeaky Wheel,,,RUS,RUS,rp,1,0111,2802
3364000,1500-0500,,RUS,The Squeaky Wheel,,,RUS,RUS,rp,1,0109,3110
3364000,1545-0500,,RUS,The Squeaky Wheel,,,RUS,RUS,rp,1,0103,3004
3364000,1830-0430,,RUS,The Squeaky Wheel,,,RUS,RUS,rp,1,0105,3108[0822]
3407000,0000-2400,,UZB,"Tashkent Volmet x20,x50",R,Russian,CAs,CAs,a,1,,[0716]
3413000,0000-2400,,USA,San Francisco Radio CEP,E,English,EOc,EOc,dx,1,,
3413000,0000-2400,,IRL,Shannon Volmet,E,English,Eu,Eu,s,1,,[0826]
3434000,0000-2400,,ARG,"Córdoba Volmet x25, x45",S,Spanish/Castellano,SAm,SAm,co,1,,
3446000,0000-2400,,IRL,Shannon Aeradio J,E,English,NAO,NAO,s,1,,[1219]
3450000,1430-0400,,RUS,Khanty-Mansiysk Volmet,"E,R","English, Russian",RUS,RUS,km,1,,[1219]
3452000,0000-2400,,USA,San Francisco Radio CEP,E,English,EOc,EOc,dx,1,,
3455000,0000-2400,,USA,New York Radio,E,English,NAO,NAO,bg,1,,[1221]
3455000,0000-2400,,USA,San Francisco Radio CWP,E,English,WOc,WOc,/HWA-m,1,,
3455000,0000-2400,,IRL,Shannon HFDL (ID7),-HF,HFDL Squitter (Aircraft comms station),NAO,NAO,s,1,,
3458000,0000-2400,LSB,CHN,"Beijing Volmet x15,x45",E,English,FE,FE,,1,,[0122]
3458000,0000-2400,,IRL,Shannon Aeradio I,E,English,NAO,NAO,s,1,,
3458000,0800-2345,USB,CHN,"Guangzhou Volmet x00,30",E,English,FE,FE,,1,,[0122]
3467000,0000-2400,,NZL,Auckland Radio,E,English,Oc,Oc,a,1,,
3467000,0000-2400,,AUS,Brisbane Radio,E,English,Oc,Oc,ae,1,,
3467000,0000-2400,,FJI,Nadi Radio,E,English,Oc,Oc,n,1,,[1119]
3467000,0000-2400,,USA,San Francisco Radio SP,E,English,Oc,Oc,/HWA-m,1,,
3467000,0000-2400,,OCE,Tahiti Radio,E,English,Oc,Oc,fa,1,,
3470000,0000-2400,,CLN,Colombo Radio,E,English,SAs,SAs,,1,,[1218]
3473000,0000-2400,,IRL,Shannon Aeradio I,E,English,NAO,NAO,s,1,,
3473000,0000-2400,,IRL,Shannon Aeradio J,E,English,NAO,NAO,s,1,,
3476000,0000-2400,,CAN,Gander Radio F,E,English,NAO,NAO,g,1,,[0523]
3476000,0100-0800,,IRL,Shannon Aeradio F,E,English,NAO,NAO,s,1,,[1219]
3488000,0000-2400,,IRL,Shannon Aeradio I,E,English,NAO,NAO,s,1,,
3491000,0000-2400,,AZR,Santa Maria Radio H,E,English,NAO,NAO,sm,1,,[0323]
3491000,0000-2400,,IRL,Shannon Aeradio H,E,English,NAO,NAO,s,1,,[0324]
3494000,0000-2400,,USA,New York Radio,E,English,NAO,NAO,bg,1,,
3494000,0000-2400,,USA,San Francisco R. LDOC,E,English,Oc,Oc,dx,1,,
3497000,0000-2400,,ALS,Barrow HFDL (ID9),-HF,HFDL Squitter (Aircraft comms station),NOc,NOc,ba,1,,
3560000,1800-1900,,KRE,Voice of Korea,E,English,FE,FE,u,1,,[0724]
3560000,1900-2000,,KRE,Voice of Korea,S,Spanish/Castellano,FE,FE,u,1,,[0724]
3560000,2000-2100,,KRE,Voice of Korea,F,French,FE,FE,u,1,,[0724]
3560000,2100-2200,,KRE,Voice of Korea,E,English,FE,FE,u,1,,[0724]
3560000,2200-2300,,KRE,Voice of Korea,S,Spanish/Castellano,FE,FE,u,1,,
3585000,1200-2400,,KOR,HLL Seoul Meteo Fax,,,FE,FE,sg,1,,[0222]
3593700,0000-2400,,RUS,Channel Marker D,-CW,Morse Station,EEu,EEu,se,1,,
3593800,0000-2400,,RUS,Channel Marker P,-CW,Morse Station,RUS,RUS,kl,1,,[0116]
3593900,0000-2400,,RUS,Channel Marker S,-CW,Morse Station,RUS,RUS,sm,1,,
3594000,0000-2400,,RUS,Channel Marker C,-CW,Morse Station,RUS,RUS,m,1,,
3594100,0000-2400,,RUS,Channel Marker A,-CW,Morse Station,RUS,RUS,as,1,,[0116]
3594200,0000-2400,,RUS,Channel Marker F,-CW,Morse Station,FE,FE,vl,1,,[1119]
3594300,0000-2400,,RUS,Channel Marker K,-CW,Morse Station,FE,FE,pk,1,,
3594400,0000-2400,,RUS,Channel Marker M,-CW,Morse Station,FE,FE,mg,1,,
3622500,0000-2400,,J,JMH Japan Meteo Fax,,,FE,FE,k,1,,[0222]
3673000,0333-0343,,HOL,Netherlands Coastgd Wx,E,English,WEu,WEu,cg,1,,
3673000,0733-0743,,HOL,Netherlands Coastgd Wx,E,English,WEu,WEu,cg,1,,
3673000,0940-0950,,HOL,Netherlands Coastgd Wx,E,English,WEu,WEu,cg,1,,[0918]
3673000,1133-1143,,HOL,Netherlands Coastgd Wx,E,English,WEu,WEu,cg,1,,
3673000,1533-1543,,HOL,Netherlands Coastgd Wx,E,English,WEu,WEu,cg,1,,[0217]
3673000,1933-1943,,HOL,Netherlands Coastgd Wx,E,English,WEu,WEu,cg,1,,
3673000,2140-2150,,HOL,Netherlands Coastgd Wx,E,English,WEu,WEu,cg,1,,[0121]
3673000,2333-2343,,HOL,Netherlands Coastgd Wx,E,English,WEu,WEu,cg,1,,
3740000,0704-0743,,BUL,LZW Varna Radio,E,English,BUL,BUL,va,1,,[1221]
3740000,1333-1343,,BUL,LZW Varna Radio,E,English,BUL,BUL,va,1,,
3740000,1933-1943,,BUL,LZW Varna Radio,E,English,BUL,BUL,va,1,,
3756000,1400-0530,,RUS,The Pip (Kaplya) Rostov,-TS,Time Signal Station,EEu,EEu,rp,1,0111,2802[1125]
3756000,1600-0430,,RUS,The Pip (Kaplya) Rostov,-TS,Time Signal Station,EEu,EEu,rp,1,0103,3004[0324]
3756000,1630-0430,,RUS,The Pip (Kaplya) Rostov,-TS,Time Signal Station,EEu,EEu,rp,1,0109,3110[1019]
3756000,1730-0300,,RUS,The Pip (Kaplya) Rostov,-TS,Time Signal Station,EEu,EEu,rp,1,0105,3108[0626]
3850000,1400-0530,,RUS,Baron Channel Marker,,,EEu,EEu,vo,1,0112,2802
3850000,1600-0430,,RUS,Baron Channel Marker,,,EEu,EEu,vo,1,0103,3004
3850000,1630-0430,,RUS,Baron Channel Marker,,,EEu,EEu,vo,1,0109,3110
3850000,1730-0400,,RUS,Baron Channel Marker,,,EEu,EEu,vo,1,0105,3108
3855000,0430-0545,,D,DWD Pinneberg Met Fax,,,Eu,Eu,pi,1,,[0518]
3855000,0638-1155,,D,DWD Pinneberg Met Fax,,,Eu,Eu,pi,1,,[0816]
3855000,1236-1551,,D,DWD Pinneberg Met Fax,,,Eu,Eu,pi,1,,[1216]
3855000,1636-1655,,D,DWD Pinneberg Met Fax,,,Eu,Eu,pi,1,,
3855000,1800-1947,,D,DWD Pinneberg Met Fax,,,Eu,Eu,pi,1,,[0723]
3855000,2035-2300,,D,DWD Pinneberg Met Fax,,,Eu,Eu,pi,1,,[1221]
3900000,0000-2400,,ISL,Reykjavik HFDL (ID3),-HF,HFDL Squitter (Aircraft comms station),NAO,NAO,r,1,,
3900000,0800-0830,Last7,NZL,NZART Official Broadc.,E,English,NZL,NZL,xx,3,,
3900000,0900-0930,Last7,NZL,NZART Official Broadc.,E,English,NZL,NZL,xx,3,,
3900000,0900-1440,,CHN,PBS Hulun Buir,M,Mandarin (Standard Chinese / Beijing dialect),CHN,CHN,ha,1,,[0225]
3900000,2130-0700,,CHN,PBS Hulun Buir,M,Mandarin (Standard Chinese / Beijing dialect),CHN,CHN,ha,1,,[0324]
3909000,0000-2400,,F,FUE French Navy USB/FSK,F,French,NAO,NAO,br,1,,
3920000,1950-1800,irr,KRE,KCBS Pyongyang,K,Korean,KRE,KRE,e,1,,[0921]
3925000,0750-1500,Mo-Fr,J,Radio Nikkei 1,J,Japanese,FE,FE,n,1,,[0826]
3925000,2200-2300,Su-Th,J,Radio Nikkei 1,J,Japanese,FE,FE,n,1,,
3940000,1900-0400,irr,RUS,Music Wave Radio,R,Russian,EEu,EEu,k,1,,[1225]
3942000,0000-2400,,F,FUO French Navy USB/FSK,F,French,Eu,Eu,to,1,,
3945000,0557-1105,,VUT,Radio Vanuatu,BSL,Bislama,VUT,VUT,,6,0107,0407
3945000,0658-1105,,VUT,Radio Vanuatu,BSL,Bislama,VUT,VUT,,1,1408,[0826]
3945000,0757-1105,,VUT,Radio Vanuatu,BSL,Bislama,VUT,VUT,,6,0507,1308[0826]
3950000,1200-1800,,CHN,PBS Xinjiang,M,Mandarin (Standard Chinese / Beijing dialect),CHN,CHN,uc,4,,[0324]
3950000,2310-0300,,CHN,PBS Xinjiang,M,Mandarin (Standard Chinese / Beijing dialect),CHN,CHN,uc,4,,[0326]
3955000,0500-0600,,G,BBC DIGITAL,E,English,CEu,CEu,w,6,0109,2510
3955000,0700-2000,,D,Channel 292,"D,E","German, English",Eu,Eu,r,1,,
3955000,2000-2100,,KOR,KBS World Radio,D,German,Eu,Eu,/G-w,1,,
3955000,2100-0459,,D,Channel 292,"D,E","German, English",Eu,Eu,r,1,,[0826]
3955000,2100-2200,,KOR,KBS World Radio,F,French,Eu,Eu,/G-w,4,,
3955000,2100-2200,,D,SM Radio Dessau,D,German,Eu,Eu,r,6,0105,0105
3959000,1950-1800,,KRE,KCBS Pyongyang,K,Korean,KRE,KRE,k,1,,[0324]
3965000,0000-2400,,DNK,World Music Radio,E,English,Eu,Eu,hv,1,1905,[0826]
3975000,0800-1600,SaSu,D,Shortwave Radio Gold,"D,E","German, English",WEu,WEu,wa,4,,
3975000,1500-2200,,D,Shortwave Radio Gold,"D,E","German, English",WEu,WEu,wa,5,,[0726]
3975000,1600-1800,,D,Shortwave Radio Gold,"D,E","German, English",WEu,WEu,wa,4,,
3975000,1800-2000,,D,Shortwave Radio Gold,"D,E","German, English",WEu,WEu,wa,4,,
3975000,2000-2300,,D,Shortwave Radio Gold,"D,E","German, English",WEu,WEu,wa,4,,[0126]
3975000,2200-2400,,D,Shortwave Radio Gold,"D,E","German, English",WEu,WEu,wa,5,,
3975000,2300-0100,,D,Shortwave Radio Gold,"D,E","German, English",WEu,WEu,wa,4,,
3985000,0900-1200,,CHN,CNR 2 China Business R.,M,Mandarin (Standard Chinese / Beijing dialect),CHN,CHN,q,4,,
3985000,1200-1605,,CHN,CNR 2 China Business R.,M,Mandarin (Standard Chinese / Beijing dialect),CHN,CHN,q,1,,[0122]
3985000,1500-2400,Fr-Sa,HOL,Radio Delta Int.,NL,Dutch,Eu,Eu,e,1,1505,[0626]
3985000,1652-2050,31May,HOL,Free Radio Sce Holland,E,English,Eu,Eu,xx,6,2705,3105
3990000,0350-0650,,CHN,PBS Gannan,TB,Tibetan / Lhasa Tibetan,CHN,CHN,he,4,,
3990000,1020-1410,,CHN,PBS Gannan,TB,Tibetan / Lhasa Tibetan,CHN,CHN,he,1,,[0324]
3990000,1135-1200,,CHN,PBS Xinjiang,UI,Uighur,CHN,CHN,uc,4,,
3990000,1200-1225,,CHN,PBS Xinjiang,UI,Uighur,CHN,CHN,uc,4,,
3990000,1225-1800,,CHN,PBS Xinjiang,UI,Uighur,CHN,CHN,uc,4,,[1224]
3990000,2215-0120,,CHN,PBS Gannan,TB,Tibetan / Lhasa Tibetan,CHN,CHN,he,1,,[1023]
3990000,2310-0300,,CHN,PBS Xinjiang,UI,Uighur,CHN,CHN,uc,4,,[1125]
3995000,0000-0300,,EQA,HCJB Voice of Andes,D,German,CEu,CEu,/D-we,5,,[0724]
3995000,0000-0400,,EQA,HCJB Voice of Andes,D,German,CEu,CEu,/D-we,4,,
3995000,0300-0400,,EQA,HCJB Voice of Andes,R,Russian,CEu,CEu,/D-we,2,,[0824]
3995000,0400-2200,,EQA,HCJB Voice of Andes,D,German,CEu,CEu,/D-we,2,,[0826]
3995000,2200-2400,,EQA,HCJB Voice of Andes,R,Russian,CEu,CEu,/D-we,5,,[0324]
3995000,2300-0100,,EQA,HCJB Voice of Andes,R,Russian,CEu,CEu,/D-we,4,,
4005000,0000-2400,,USA,NSS US Navy,-TY,Teletype or other digital Station (RTTY/SITOR/..),NAm,NAm,a,1,,
4005000,0000-2400,,B,Rádio Casa AM,P,Portuguese,B,B,am,1,,[0523]
4125000,0000-2400,,CAN,VAJ Prince Rupert Radio,E,English,WNA,WNA,ap,1,,
4125000,0000-2400,,CAN,VAJ Prince Rupert Radio,E,English,WNA,WNA,di,1,,
4125000,0000-2400,,CAN,VFF Iqaluit Radio,E,English,NAm,NAm,i,1,1505,2012
4146000,0003-0040,,NZL,ZLM Taupo Maritime R.,E,English,Oc,Oc,t,5,,
4146000,0020-0035,,CHL,CBM Magellanes Radio,S,Spanish/Castellano,CHL,CHL,pa,1,,[0525]
4146000,0133-0210,,NZL,ZLM Taupo Maritime R.,E,English,Oc,Oc,t,3,,
4146000,0533-0610,,NZL,ZLM Taupo Maritime R.,E,English,Oc,Oc,t,3,,
4146000,0803-0840,,NZL,ZLM Taupo Maritime R.,E,English,Oc,Oc,t,3,,
4146000,1150-1205,,CHL,CBP Puerto Montt R.,S,Spanish/Castellano,CHL,CHL,pm,1,,
4146000,1220-1235,,CHL,CBM Magellanes Radio,S,Spanish/Castellano,CHL,CHL,pa,1,,
4146000,1333-1418,,NZL,ZLM Taupo Maritime R.,E,English,Oc,Oc,t,3,,[1117]
4146000,1733-1810,,NZL,ZLM Taupo Maritime R.,E,English,Oc,Oc,t,3,,
4146000,2003-2040,,NZL,ZLM Taupo Maritime R.,E,English,Oc,Oc,t,3,,
4146000,2303-2340,,NZL,ZLM Taupo Maritime R.,E,English,Oc,Oc,t,4,,
4146000,2350-0005,,CHL,CBP Puerto Montt R.,S,Spanish/Castellano,CHL,CHL,pm,1,,[0525]
4149000,2300-1000,,AUS,VMW Wiluna WA,E,English,AUS,AUS,w,1,,
4159500,0000-0540,,CHN,XSQ Guangzhou Meteo Fax,E,English,FE,FE,gx,1,,
4159500,0815-0840,irr,CHN,XSQ Guangzhou Meteo Fax,E,English,FE,FE,gx,1,,
4159500,1225-1715,,CHN,XSQ Guangzhou Meteo Fax,E,English,FE,FE,gx,1,,
4159500,2015-2040,irr,CHN,XSQ Guangzhou Meteo Fax,E,English,FE,FE,gx,1,,
4170000,0000-0155,,CHN,XSG Shanghai Radio Fax,M,Mandarin (Standard Chinese / Beijing dialect),FE,FE,sh,1,,
4170000,0230-0655,,CHN,XSG Shanghai Radio Fax,M,Mandarin (Standard Chinese / Beijing dialect),FE,FE,sh,1,,
4170000,0730-1030,,CHN,XSG Shanghai Radio Fax,M,Mandarin (Standard Chinese / Beijing dialect),FE,FE,sh,1,,
4170000,1425-1450,,CHN,XSG Shanghai Radio Fax,M,Mandarin (Standard Chinese / Beijing dialect),FE,FE,sh,1,,
4170000,2025-2050,,CHN,XSG Shanghai Radio Fax,M,Mandarin (Standard Chinese / Beijing dialect),FE,FE,sh,1,,
4177500,0000-2400,,CAN,VFF Iqaluit Radio,-TY,Teletype or other digital Station (RTTY/SITOR/..),NAm,NAm,i,1,1505,2012
4181000,1910-1920,"We,Sa",POL,E11 Polish Spy Numbers,E,English,,,p,1,0103,3004[0323]
4181000,1910-1920,"We,Sa",POL,E11 Polish Spy Numbers,E,English,,,p,1,0109,3110
4207500,0000-2400,,CAN,VFF Iqaluit Radio,-TY,Teletype or other digital Station (RTTY/SITOR/..),NAm,NAm,i,1,1505,2012
4209500,0000-2400,,TUR,TAH Turk Radio Istanbul,-CW,Morse Station,ME,ME,is,1,,[1025]
4212000,0000-2400,,CHN,XSQ Guangzhou Radio,-TY,Teletype or other digital Station (RTTY/SITOR/..),FE,FE,gx,1,,[0222]
4212500,0000-2400,,CHN,XSV Tianjin Radio,-TY,Teletype or other digital Station (RTTY/SITOR/..),FE,FE,tj,1,,
4215500,0000-2400,,CHN,XSG Shanghai Radio,-TY,Teletype or other digital Station (RTTY/SITOR/..),FE,FE,sh,1,,[0222]
4216000,0000-2400,,TUR,TAH Turk Radio Istanbul,-CW,Morse Station,ME,ME,is,1,,[1219]
4219000,0000-2400,,CHN,XSQ Guangzhou Radio,-TY,Teletype or other digital Station (RTTY/SITOR/..),FE,FE,gx,1,,[0222]
4228000,1115-1200,,CHL,CBV Valparaiso Met Fax,,,SAm,SAm,v,1,,
4228000,1630-1715,,CHL,CBV Valparaiso Met Fax,,,SAm,SAm,v,1,,
4228000,1915-2100,,CHL,CBV Valparaiso Met Fax,,,SAm,SAm,v,1,,
4228000,2200-2355,,CHL,CBV Valparaiso Met Fax,,,SAm,SAm,v,1,,[0223]
4235000,0230-0505,,USA,NMF Fax Boston MA,,,ENA,ENA,bo,1,,[0824]
4235000,0745-1040,,USA,NMF Fax Boston MA,,,ENA,ENA,bo,1,,
4259000,0000-2400,,CHN,XSG Shanghai Radio,M,Mandarin (Standard Chinese / Beijing dialect),FE,FE,sh,1,,
4271000,2200-1000,,CAN,CFH Halifax Radio,-TY,Teletype or other digital Station (RTTY/SITOR/..),NAm,NAm,hx,1,,
4274000,0700-0715,"Tu,Fr",J,JFX Kagoshima Fish.Fax,,,WOc,WOc,m,1,,
4274000,0730-0745,"Tu,Fr",J,JFX Kagoshima Fish.Fax,,,WOc,WOc,m,1,,
4274000,1100-1115,,J,JFX Kagoshima Fish.Fax,,,WOc,WOc,m,1,,
4298000,0340-0610,,ALS,NOJ Fax Kodiak,,,WNA,WNA,k,1,,
4298000,0950-1210,,ALS,NOJ Fax Kodiak,,,WNA,WNA,k,1,,[1218]
4298000,1540-1820,,ALS,NOJ Fax Kodiak,,,WNA,WNA,k,1,,
4298000,2150-0030,,ALS,NOJ Fax Kodiak,,,WNA,WNA,k,1,,
4310000,0430-1600,,RUS,Goose Channel Marker,,,EEu,EEu,sk,1,0103,3004
4310000,0430-1630,,RUS,Goose Channel Marker,,,EEu,EEu,sk,1,0109,3110
4310000,0430-2000,,RUS,Goose Channel Marker,,,EEu,EEu,sk,1,0105,3108
4310000,0530-1400,,RUS,Goose Channel Marker,,,EEu,EEu,sk,1,0111,2802
4316000,0330-0410,,USA,NMG USCG New Orleans,E,English,NAm,NAm,nm,1,,[0124]
4316000,0515-0550,,USA,NMG USCG New Orleans,E,English,NAm,NAm,nm,1,,[0321]
4316000,0930-1015,,USA,NMG USCG New Orleans,E,English,NAm,NAm,nm,1,,[0726]
4316000,1115-1150,,USA,NMG USCG New Orleans,E,English,NAm,NAm,nm,1,,
4316000,1530-1605,,USA,NMG USCG New Orleans,E,English,NAm,NAm,nm,1,,
4316000,1715-1750,,USA,NMG USCG New Orleans,E,English,NAm,NAm,nm,1,,
4316000,2130-2245,,USA,NMG USCG New Orleans,E,English,NAm,NAm,nm,1,,[0120]
4316000,2315-2350,,USA,NMG USCG New Orleans,E,English,NAm,NAm,nm,1,,[0317]
4317900,0000-0305,,USA,NMG Fax New Orleans,,,Car,Car,nm,1,,[0321]
4317900,0600-0855,,USA,NMG Fax New Orleans,,,Car,Car,nm,1,,
4317900,1200-1505,,USA,NMG Fax New Orleans,,,Car,Car,nm,1,,[0918]
4317900,1800-2105,,USA,NMG Fax New Orleans,,,Car,Car,nm,1,,
4331000,0000-2400,,ISR,4XZ Israeli Navy Haifa,-CW,Morse Station,,,,1,,[0425]
4346000,0140-0415,,USA,NMC Fax Pt Reyes CA,,,WNA,WNA,pr,1,,[0921]
4346000,0655-1015,,USA,NMC Fax Pt Reyes CA,,,WNA,WNA,pr,1,,[0522]
4346000,1120-1235,,USA,NMC Fax Pt Reyes CA,,,WNA,WNA,pr,1,,[0421]
4346000,1400-1615,,USA,NMC Fax Pt Reyes CA,,,WNA,WNA,-pr,1,,
4357000,0005-0020,,CHL,CBV Valparaíso Radio,S,Spanish/Castellano,CHL,CHL,v,1,,[0525]
4357000,0233-0248,,NOR,Telenor Kystradio North,NO,Norwegian,NEu,NEu,ly,1,,
4357000,0633-0648,,NOR,Telenor Kystradio North,NO,Norwegian,NEu,NEu,ly,1,,
4357000,1033-1048,,NOR,Telenor Kystradio North,NO,Norwegian,NEu,NEu,ly,1,,
4357000,1135-1150,,CHL,CBA Antofagasta Radio,S,Spanish/Castellano,CHL,CHL,a,1,,
4357000,1203-1218,,NOR,Telenor Kystradio North,E,English,NEu,NEu,ly,1,,
4357000,1205-1220,,CHL,CBV Valparaíso Radio,S,Spanish/Castellano,CHL,CHL,v,1,,
4357000,1433-1448,,NOR,Telenor Kystradio North,NO,Norwegian,NEu,NEu,ly,1,,
4357000,1833-1848,,NOR,Telenor Kystradio North,NO,Norwegian,NEu,NEu,ly,1,,
4357000,2233-2248,,NOR,Telenor Kystradio North,NO,Norwegian,NEu,NEu,ly,1,,
4357000,2303-2318,,NOR,Telenor Kystradio North,E,English,NEu,NEu,ly,1,,
4357000,2335-2350,,CHL,CBA Antofagasta Radio,S,Spanish/Castellano,CHL,CHL,a,1,,
4363000,0000-2400,,CAN,VFF Iqaluit Radio,E,English,NAm,NAm,cb,1,0107,1510
4363000,0000-2400,,CAN,VFF Iqaluit Radio,E,English,NAm,NAm,ch,1,0107,3110
4363000,0000-2400,,CAN,VFF Iqaluit Radio,E,English,NAm,NAm,hr,1,1505,3110
4363000,0000-2400,,CAN,VFF Iqaluit Radio,E,English,NAm,NAm,i,1,1505,2012
4363000,0000-2400,,CAN,VFF Iqaluit Radio,E,English,NAm,NAm,in,1,1505,3110
4363000,0000-2400,,CAN,VFF Iqaluit Radio,E,English,NAm,NAm,k,1,0107,2012
4363000,0000-2400,,CAN,VFF Iqaluit Radio,E,English,NAm,NAm,r,1,1507,3110
4363000,0115-0200,,CAN,VFF Iqaluit Radio,E,English,NAm,NAm,hr,1,1505,3110
4363000,0235-0300,,CAN,VFF Iqaluit Radio,E,English,NAm,NAm,cb,1,0107,1510
4363000,1240-1300,,CAN,VFF Iqaluit Radio,E,English,NAm,NAm,r,1,1507,3110
4363000,1315-1400,,CAN,VFF Iqaluit Radio,E,English,NAm,NAm,hr,1,1505,3110
4363000,1410-1430,,CAN,VFF Iqaluit Radio,E,English,NAm,NAm,i,1,1505,2012
4363000,1705-1745,,CAN,VFF Iqaluit Radio,E,English,NAm,NAm,cb,1,0107,1510
4375000,1815-1845,,AFS,ZSC Cape Town Radio,E,English,SAf,SAf,ct,1,,[0125]
4384000,0000-2400,,CHN,XSQ Guangzhou Radio,M,Mandarin (Standard Chinese / Beijing dialect),FE,FE,gx,1,,
4387000,0000-2400,,TUR,TAH Turk Radio Istanbul,E,English,ME,ME,is,1,,
4399000,0000-2400,,CHN,XSV Tianjin Radio,M,Mandarin (Standard Chinese / Beijing dialect),FE,FE,tj,1,,
4399000,1400-1405,,CHN,XSV Tianjin Radio,M,Mandarin (Standard Chinese / Beijing dialect),NAs,NAs,tj,1,0107,3110
4405000,0955-1020,,TUR,TAH Turk Radio Istanbul,TU,Turkish,ME,ME,is,1,,[0125]
4405000,1700-1730,,TUR,TAH Turk Radio Istanbul,TU,Turkish,ME,ME,is,1,,[1116]
4405000,1755-1820,,TUR,TAH Turk Radio Istanbul,TU,Turkish,ME,ME,is,1,,[0321]
4405000,1820-1840,,TUR,TAH Turk Radio Istanbul,E,English,ME,ME,is,1,,[0526]
4414000,0000-2400,,TUR,TAH Turk Radio Istanbul,E,English,ME,ME,is,1,,
4416000,2200-2240,,CAN,VCO Sydney Meteo Fax,,,ENA,ENA,sm,1,,[1219]
4416000,2331-2400,,CAN,VCO Sydney Meteo Fax,,,ENA,ENA,sm,1,,
4417000,0000-2400,,I,Romaradio IAR,I,Italian,SEu,SEu,r,1,,
4426000,0330-0430,,USA,NMN USCG Chesapeake,E,English,NAm,NAm,ch,1,,[0724]
4426000,0430-0505,,USA,NMC USCG Point Reyes,E,English,NAm,NAm,pr,1,,[1121]
4426000,0515-0615,,USA,NMN USCG Chesapeake,E,English,NAm,NAm,ch,1,,[0321]
4426000,0930-1030,,USA,NMN USCG Chesapeake,E,English,NAm,NAm,ch,1,,[0824]
4426000,1030-1105,,USA,NMC USCG Point Reyes,E,English,NAm,NAm,pr,1,,[1125]
4426000,2100-0800,,AUS,VMC Charleville QL,E,English,AUS,AUS,c,1,,
4481300,0845-1100,,GRC,SWA18 Athens Meteo Fax,,,SEE,SEE,o,1,,[0419]
4500000,1210-1800,,CHN,PBS Xinjiang,MO,Mongolian,CHN,CHN,uc,4,,[1225]
4500000,2315-0330,,CHN,PBS Xinjiang,MO,Mongolian,CHN,CHN,uc,4,,[1125]
4505000,1530-1540,SaSu,POL,E11 Polish Spy Numbers,E,English,,,p,1,0103,3004
4505000,1530-1540,SaSu,POL,E11 Polish Spy Numbers,E,English,,,p,1,0109,3110
4505000,1645-1655,Su,POL,E11 Polish Spy Numbers,E,English,,,p,1,0103,3004
4505000,1645-1655,Su,POL,E11 Polish Spy Numbers,E,English,,,p,1,0109,3110[0924]
4505000,1910-1920,"We,Sa",POL,E11 Polish Spy Numbers,E,English,,,p,1,0111,2802[0223]
4557700,0000-2400,,RUS,Channel Marker D,-CW,Morse Station,EEu,EEu,se,1,,[1025]
4557800,0000-2400,,RUS,Channel Marker P,-CW,Morse Station,RUS,RUS,kl,1,,[1219]
4557900,0000-2400,,RUS,Channel Marker S,-CW,Morse Station,RUS,RUS,sm,1,,[0324]
4558000,0000-2400,,RUS,Channel Marker C,-CW,Morse Station,RUS,RUS,m,1,,
4558100,0000-2400,,RUS,Channel Marker A,-CW,Morse Station,RUS,RUS,as,1,,[0321]
4558200,0000-2400,,RUS,Channel Marker F,-CW,Morse Station,FE,FE,vl,1,,
4558300,0000-2400,,RUS,Channel Marker K,-CW,Morse Station,FE,FE,pk,1,,
4558400,0000-2400,,RUS,Channel Marker M,-CW,Morse Station,FE,FE,mg,1,,
4560000,0000-2400,,TUR,TAH Turk Radio Istanbul,-TY,Teletype or other digital Station (RTTY/SITOR/..),ME,ME,is,1,,[0321]
4583000,0000-2400,,D,DWD 1 Pinneberg RTTY,E,English,Eu,Eu,pi,1,,[0825]
4603000,0000-2400,,RUS,Channel Marker D,-CW,Morse Station,RUS,RUS,,1,,[1119]
4610000,0500-0600,,G,GYA Northwood Meteo Fax,,,WEu,WEu,nw,1,,[0426]
4610000,0600-2000,,G,GYA Northwood Meteo Fax,,,WEu,WEu,nw,1,,[0425]
4610000,2000-2200,,G,GYA Northwood Meteo Fax,,,WEu,WEu,nw,1,,
4610000,2200-0500,,G,GYA Northwood Meteo Fax,,,WEu,WEu,nw,1,,
4625000,0000-2400,,RUS,The Buzzer,,,RUS,RUS,B2,1,,[0826]
4651000,0000-2400,,IRL,Shannon Aeradio J,E,English,NAO,NAO,s,1,,[1025]
4654000,0000-2400,,ALS,Barrow HFDL (ID9),-HF,HFDL Squitter (Aircraft comms station),NOc,NOc,ba,1,,
4660000,0000-2400,,BOL,Santa Cruz HFDL (ID13),-HF,HFDL Squitter (Aircraft comms station),SAm,SAm,sz,1,,
4666000,0000-2400,,USA,San Francisco Radio CWP,E,English,WOc,WOc,/HWA-m,1,,[0519]
4666000,0000-2400,,IRL,Shannon Aeradio J,E,English,NAO,NAO,s,1,,
4666000,0000-2400,,J,Tokyo Radio,E,English,FE,FE,,1,,[0718]
4675000,0000-2400,,CAN,Gander Radio,E,English,NAO,NAO,g,1,,[0122]
4675000,0000-2400,,ISL,Iceland Radio,E,English,NAO,NAO,g,1,,[0120]
4675000,0000-2400,,ARG,ResistenciaVolmetx20x50,S,Spanish/Castellano,ARG,ARG,r,1,,
4675000,0100-0800,,IRL,Shannon Aeradio D,E,English,NAO,NAO,s,1,,
4675000,1100-1800,,IRL,Shannon Aeradio D,E,English,NAO,NAO,s,1,,
4681000,0000-2400,,AFS,Johannesburg HFDL (ID8),-HF,HFDL Squitter (Aircraft comms station),SAf,SAf,j,1,,[0420]
4684000,0000-2400,,IRL,Shannon Aeradio J,E,English,NAO,NAO,s,1,,
4687000,0000-2400,,ALS,Barrow HFDL (ID9),-HF,HFDL Squitter (Aircraft comms station),NOc,NOc,ba,1,,
4724000,0000-2400,,USA,US Air Force Messages,E,English,NAm,NAm,,1,,[1225]
4750000,0600-0900,We-Mo,CHN,China National Radio 1,M,Mandarin (Standard Chinese / Beijing dialect),CHN,CHN,ha,1,,
4750000,0900-1730,,CHN,China National Radio 1,M,Mandarin (Standard Chinese / Beijing dialect),CHN,CHN,ha,1,,[0522]
4750000,1955-2023,,CHN,China National Radio 1,M,Mandarin (Standard Chinese / Beijing dialect),CHN,CHN,ha,1,,[0420]
4750000,2023-0600,,CHN,China National Radio 1,M,Mandarin (Standard Chinese / Beijing dialect),CHN,CHN,ha,1,,[0324]
4752000,1047-1330,,PRU,Radio Huanta 2000,"Q,S","Quechua, Spanish/Castellano",PRU,PRU,hu,1,2004,
4752000,2200-0133,,PRU,Radio Huanta 2000,"Q,S","Quechua, Spanish/Castellano",PRU,PRU,hu,1,2004,[0626]
4755000,1000-1100,,INS,Voice of Indonesia,E,English,INS,INS,j,1,,[0726]
4755000,1100-1200,,INS,Voice of Indonesia,M,Mandarin (Standard Chinese / Beijing dialect),INS,INS,j,1,,[0626]
4755000,1200-1300,,INS,Voice of Indonesia,J,Japanese,INS,INS,j,1,,[0826]
4755000,1300-1400,,INS,Voice of Indonesia,E,English,INS,INS,j,1,,[1125]
4755000,1400-1500,,INS,Voice of Indonesia,IN,Indonesian / Bahasa Indonesia,INS,INS,j,1,,[0726]
4755000,1500-1600,,INS,Voice of Indonesia,M,Mandarin (Standard Chinese / Beijing dialect),INS,INS,j,1,,[1224]
4755000,1600-1700,,INS,Voice of Indonesia,A,Arabic (300m),INS,INS,j,1,,[1224]
4755000,1700-1800,,INS,Voice of Indonesia,S,Spanish/Castellano,INS,INS,j,1,,
4755000,1800-1900,,INS,Voice of Indonesia,D,German,INS,INS,j,1,,[0426]
4755000,1900-2000,,INS,Voice of Indonesia,NL,Dutch,INS,INS,j,1,,[0826]
4755000,2000-2100,,INS,Voice of Indonesia,F,French,INS,INS,j,1,,[0726]
4755000,2100-2200,,INS,Voice of Indonesia,E,English,INS,INS,j,1,,[0326]
4755000,2200-2300,,INS,Voice of Indonesia,J,Japanese,INS,INS,j,1,,[0526]
4770000,0000-2400,,RUS,Alarm Channel Marker,,,RUS,RUS,sk,1,,[0525]
4775000,0000-0220,Tu-Su,PRU,Radio Tarma,S,Spanish/Castellano,PRU,PRU,ta,1,,[0826]
4775000,0950-1050,Mo-Sa,PRU,Radio Tarma,S,Spanish/Castellano,PRU,PRU,ta,1,,[0826]
4775000,1050-1400,,PRU,Radio Tarma,S,Spanish/Castellano,PRU,PRU,ta,1,,[1125]
4775000,2000-2200,Su,PRU,Radio Tarma,S,Spanish/Castellano,PRU,PRU,ta,1,,
4775000,2200-2400,Mo-Sa,PRU,Radio Tarma,S,Spanish/Castellano,PRU,PRU,ta,1,,[0626]
4783000,1910-1920,"We,Sa",POL,E11 Polish Spy Numbers,E,English,,,p,1,0105,3108
4790000,1230-1330,,CHN,CNR1 Jammer/Firedrake,M,Mandarin (Standard Chinese / Beijing dialect),CHN,CHN,,1,,
4800000,0600-0900,We-Mo,CHN,China National Radio 1,M,Mandarin (Standard Chinese / Beijing dialect),CHN,CHN,q,1,,[1220]
4800000,0900-1805,,CHN,China National Radio 1,M,Mandarin (Standard Chinese / Beijing dialect),CHN,CHN,q,1,,[1225]
4800000,2023-0600,,CHN,China National Radio 1,M,Mandarin (Standard Chinese / Beijing dialect),CHN,CHN,q,1,,[0826]
4810000,0755-1500,,PRU,Radio Logos,"S,Q","Spanish/Castellano, Quechua",PRU,PRU,cz,1,,[0826]
4810000,2100-0300,,PRU,Radio Logos,"S,Q","Spanish/Castellano, Quechua",PRU,PRU,cz,1,,[0426]
4820000,0300-0600,,CHN,Xizang RTV,M,Mandarin (Standard Chinese / Beijing dialect),CHN,CHN,t,1,,
4820000,0600-0900,We-Mo,CHN,Xizang RTV,M,Mandarin (Standard Chinese / Beijing dialect),CHN,CHN,t,1,,
4820000,0755-1300,,PRU,Radio Senda Cristiana,"S,Q","Spanish/Castellano, Quechua",PRU,PRU,vv,1,,[0526]
4820000,0900-1000,We-Mo,CHN,Xizang RTV,M,Mandarin (Standard Chinese / Beijing dialect),CHN,CHN,t,1,,
4820000,1000-1800,,CHN,Xizang RTV,M,Mandarin (Standard Chinese / Beijing dialect),CHN,CHN,t,1,,[0626]
4820000,2000-2100,We-Mo,CHN,Xizang RTV,M,Mandarin (Standard Chinese / Beijing dialect),CHN,CHN,t,1,,[0826]
4820000,2100-0300,,CHN,Xizang RTV,M,Mandarin (Standard Chinese / Beijing dialect),CHN,CHN,t,1,,[0826]
4820000,2100-0302,,PRU,Radio Senda Cristiana,"S,Q","Spanish/Castellano, Quechua",PRU,PRU,vv,1,,[0626]
4835000,0000-2400,,AUS,Shortwave Australia,E,English,AUS,AUS,be,1,,[0726]
4840000,0000-1200,,USA,"WWCR 3 Nashville, TN",E,English,NAm,NAm,n,2,,
4850000,0000-0330,,CHN,PBS Xinjiang,KZ,Kazakh,CHN,CHN,uc,4,,[1125]
4850000,1155-1800,,CHN,PBS Xinjiang,KZ,Kazakh,CHN,CHN,uc,4,,[1225]
4900000,0840-1132,,CHN,Voice of Strait,M,Mandarin (Standard Chinese / Beijing dialect),FE,FE,gu,1,,[0826]
4905000,0200-0700,,CHN,Xizang RTV,TB,Tibetan / Lhasa Tibetan,CHN,CHN,t,1,,[1220]
4905000,0700-0800,We-Mo,CHN,Xizang RTV,E,English,CHN,CHN,t,1,,[1124]
4905000,0800-1000,We-Mo,CHN,Xizang RTV,TB,Tibetan / Lhasa Tibetan,CHN,CHN,t,1,,[0325]
4905000,1000-1600,,CHN,Xizang RTV,TB,Tibetan / Lhasa Tibetan,CHN,CHN,t,1,,[0222]
4905000,1600-1700,,CHN,Xizang RTV,E,English,CHN,CHN,t,1,,[0326]
4905000,1700-1805,,CHN,Xizang RTV,TB,Tibetan / Lhasa Tibetan,CHN,CHN,t,1,,[0426]
4905000,2050-0200,,CHN,Xizang RTV,TB,Tibetan / Lhasa Tibetan,CHN,CHN,t,1,,[0826]
4909000,0450-0500,Mo,POL,E11 Polish Spy Numbers,E,English,,,p,1,0111,2802
4909000,1300-1310,"Mo,Th",POL,E11 Polish Spy Numbers,E,English,,,p,1,0111,2802[1221]
4909000,1530-1540,SaSu,POL,E11 Polish Spy Numbers,E,English,,,p,1,0111,2802[1122]
4920000,0200-0700,,CHN,Xizang RTV,TB,Tibetan / Lhasa Tibetan,CHN,CHN,t,1,,[1219]
4920000,0700-0800,We-Mo,CHN,Xizang RTV,E,English,CHN,CHN,t,1,,
4920000,0800-1000,We-Mo,CHN,Xizang RTV,TB,Tibetan / Lhasa Tibetan,CHN,CHN,t,1,,
4920000,1000-1600,,CHN,Xizang RTV,TB,Tibetan / Lhasa Tibetan,CHN,CHN,t,1,,[0325]
4920000,1600-1700,,CHN,Xizang RTV,E,English,CHN,CHN,t,1,,[1225]
4920000,1700-1805,,CHN,Xizang RTV,TB,Tibetan / Lhasa Tibetan,CHN,CHN,t,1,,[0426]
4920000,2050-0200,,CHN,Xizang RTV,TB,Tibetan / Lhasa Tibetan,CHN,CHN,t,1,,[0326]
4930000,1200-1400,"Tu,Fr",USA,Voice of America,E,English,Af,Af,/BOT,6,2205,2510
4940000,0400-1730,,RUS,Baron Channel Marker,,,EEu,EEu,vo,1,0105,3108
4940000,0430-1600,,RUS,Baron Channel Marker,,,EEu,EEu,vo,1,0103,3004
4940000,0430-1630,,RUS,Baron Channel Marker,,,EEu,EEu,vo,1,0109,3110
4940000,0530-0700,"Tu,Fr",USA,Voice of America,E,English,SAf,SAf,/BOT,6,2305,2510
4940000,0530-1400,,RUS,Baron Channel Marker,,,EEu,EEu,vo,1,0112,2802
4940000,2300-1100,irr,CLM,Estación 4940,S,Spanish/Castellano,VEN,VEN,,1,,[0726]
4955000,1000-1400,,PRU,"R.Cultura Amauta, Huanta","S,Q","Spanish/Castellano, Quechua",PRU,PRU,hu,1,,[1025]
4955000,2100-0115,,PRU,"R.Cultura Amauta, Huanta","S,Q","Spanish/Castellano, Quechua",PRU,PRU,hu,1,,[0726]
4970000,0000-2400,irr,AUS,Radio 567,E,English,AUS,AUS,be,1,2004,[0726]
4980000,1135-1200,,CHN,PBS Xinjiang,UI,Uighur,CHN,CHN,uc,4,,
4980000,1200-1225,,CHN,PBS Xinjiang,UI,Uighur,CHN,CHN,uc,4,,
4980000,1225-1800,,CHN,PBS Xinjiang,UI,Uighur,CHN,CHN,uc,4,,[1225]
4980000,2310-0300,,CHN,PBS Xinjiang,UI,Uighur,CHN,CHN,uc,4,,[0326]
4985000,0000-2400,,USA,NSS US Navy,-TY,Teletype or other digital Station (RTTY/SITOR/..),NAm,NAm,a,1,,[0823]
4990000,0300-0500,,CHN,PBS Hunan,M,Mandarin (Standard Chinese / Beijing dialect),FE,FE,xt,1,,
4990000,0900-1700,,CHN,PBS Hunan,M,Mandarin (Standard Chinese / Beijing dialect),FE,FE,xt,1,,[1025]
4990000,2030-0100,,CHN,PBS Hunan,M,Mandarin (Standard Chinese / Beijing dialect),FE,FE,xt,1,,[0924]
4996000,0000-2400,,RUS,RWM Moscow,-TS,Time Signal Station,RUS,RUS,t,1,,[0626]
5000000,0000-2400,,CHN,BPM Xian,-TS,Time Signal Station,CHN,CHN,p,1,,[0326]
5000000,0000-2400,,KOR,HLA Taedok,-TS,Time Signal Station,KOR,KOR,t,1,,[0420]
5000000,0000-2400,,USA,WWV Colorado (m.ann.),-TS,Time Signal Station,USA,USA,fb,1,,[0526]
5000000,0000-2400,,HWA,WWVH Hawaii (f.ann.),-TS,Time Signal Station,USA,USA,b,1,,[0526]
5006000,0000-2400,,J,JG2XA Propag.Studies,-CW,Morse Station,FE,FE,f,6,2903,0207[0923]
5006000,0000-2400,,RUS,RJD59 Russian Navy,-TY,Teletype or other digital Station (RTTY/SITOR/..),EEu,EEu,kl,1,,[0922]
5010000,0000-0030,,CZE,Radio Prague,S,Spanish/Castellano,Car,Car,/USA-o,1,,
5010000,0030-0100,,SVK,Radio Slovakia Int.,S,Spanish/Castellano,Car,Car,/USA-o,1,,
5010000,0100-0200,,USA,WRMI Radio Miami Int.,E,English,Car,Car,o,1,,
5010000,0200-0230,,TWN,Radio Taiwan Int.,S,Spanish/Castellano,Car,Car,/USA-o,1,,
5010000,0230-0300,,CZE,Radio Prague,S,Spanish/Castellano,Car,Car,/USA-o,1,,
5010000,2300-2400,,USA,WRMI Radio Miami Int.,E,English,Car,Car,o,1,,
5025000,0000-2400,irr,CUB,Radio Rebelde,S,Spanish/Castellano,Car,Car,q,1,,[0826]
5035000,1000-2345,,B,"R.Educacao Rural, Coari",P,Portuguese,B,B,co,1,,[0726]
5040000,0557-1105,,VUT,Radio Vanuatu,BSL,Bislama,VUT,VUT,,6,0405,3006[0626]
5040000,1830-2000,,VUT,Radio Vanuatu,BSL,Bislama,VUT,VUT,,1,,[0526]
5045000,0400-2400,,AUS,Bay Islands Radio,E,English,AUS,AUS,ri,1,,[0726]
5050000,0000-0005,We,CHN,Beibu Bay Radio,BR,Burmese / Barma / Myanmar,FE,FE,n,1,,
5050000,0000-0005,"Mo,Sa",CHN,Beibu Bay Radio,KH,Khmer,FE,FE,n,1,,
5050000,0000-0005,Tu,CHN,Beibu Bay Radio,LAO,Lao,FE,FE,n,1,,
5050000,0000-0005,Th,CHN,Beibu Bay Radio,T,Thai,FE,FE,n,1,,
5050000,0000-0005,Fr,CHN,Beibu Bay Radio,VN,Vietnamese,FE,FE,n,1,,
5050000,0000-0030,Su,USA,America250 DueDiligence,E,English,CAm,CAm,o,6,0706,0706
5050000,0000-0100,Su,USA,America250 DueDiligence,E,English,CAm,CAm,o,6,0806,3112
5050000,0000-0400,,USA,WRMI Radio Miami Int.,E,English,CAm,CAm,o,2,,
5050000,0005-0100,,CHN,Beibu Bay Radio,T,Thai,FE,FE,n,1,,
5050000,0100-0102,,CHN,Beibu Bay Radio,M,Mandarin (Standard Chinese / Beijing dialect),FE,FE,n,1,,
5050000,0945-1100,,CHN,Beibu Bay Radio,M,Mandarin (Standard Chinese / Beijing dialect),FE,FE,n,1,,[1025]
5050000,1100-1200,,CHN,China Radio Int.,VN,Vietnamese,FE,FE,n,1,,[1024]
5050000,1200-1300,,CHN,Beibu Bay Radio,VN,Vietnamese,FE,FE,n,1,,[1125]
5050000,1300-1530,,CHN,Beibu Bay Radio,M,Mandarin (Standard Chinese / Beijing dialect),FE,FE,n,1,,
5050000,1330-1340,We,CHN,Beibu Bay Radio,BR,Burmese / Barma / Myanmar,FE,FE,n,1,,
5050000,1330-1340,Mo,CHN,Beibu Bay Radio,KH,Khmer,FE,FE,n,1,,
5050000,1330-1340,Tu,CHN,Beibu Bay Radio,LAO,Lao,FE,FE,n,1,,
5050000,1330-1340,Th,CHN,Beibu Bay Radio,T,Thai,FE,FE,n,1,,
5050000,1330-1340,Fr,CHN,Beibu Bay Radio,VN,Vietnamese,FE,FE,n,1,,
5050000,1515-1518,,CHN,Beibu Bay Radio,E,English,FE,FE,n,1,,[1225]
5050000,1530-1545,,CHN,Beibu Bay Radio,T,Thai,FE,FE,n,1,,
5050000,1545-1603,,CHN,Beibu Bay Radio,M,Mandarin (Standard Chinese / Beijing dialect),FE,FE,n,1,,
5050000,2243-0005,,CHN,Beibu Bay Radio,M,Mandarin (Standard Chinese / Beijing dialect),FE,FE,n,1,,
5055000,0000-2400,Tests,AUS,4DX Radio,E,English,AUS,AUS,sj,6,1106,2006[0726]
5055000,0500-1100,,AUS,4DX Radio,E,English,AUS,AUS,sj,1,2106,[0726]
5055000,1100-1830,irr,AUS,4DX Radio,E,English,AUS,AUS,sj,6,2508,2508
5060000,1135-1200,,CHN,PBS Xinjiang,M,Mandarin (Standard Chinese / Beijing dialect),CHN,CHN,uc,4,,
5060000,1200-1800,,CHN,PBS Xinjiang,M,Mandarin (Standard Chinese / Beijing dialect),CHN,CHN,uc,4,,[1225]
5060000,2310-0300,,CHN,PBS Xinjiang,M,Mandarin (Standard Chinese / Beijing dialect),CHN,CHN,uc,4,,[0326]
5082000,1530-1540,SaSu,POL,E11 Polish Spy Numbers,E,English,,,p,1,0105,3108[0821]
5082000,1715-1725,"We,Fr",POL,E11 Polish Spy Numbers,E,English,,,p,1,0111,2802[0223]
5082000,2000-2010,"Th,Su",POL,E11 Polish Spy Numbers,E,English,,,p,1,0111,2802
5085000,0100-0300,,USA,"WTWW Lebanon, TN",E,English,NAm,NAm,L,2,,[0626]
5085000,0300-0330,Sa,USA,"WTWW Lebanon, TN",E,English,NAm,NAm,L,2,,[1225]
5100000,0015-0225,,AUS,VMC Charleville Met Fax,,,Oc,Oc,c,1,,
5100000,0245-0330,,AUS,VMC Charleville Met Fax,,,Oc,Oc,c,1,,
5100000,0400-0500,,AUS,VMC Charleville Met Fax,,,Oc,Oc,c,1,,
5100000,0600-0855,,AUS,VMC Charleville Met Fax,,,Oc,Oc,c,1,,[0216]
5100000,0900-0955,,AUS,VMC Charleville Met Fax,,,Oc,Oc,c,1,,[0521]
5100000,1015-1715,,AUS,VMC Charleville Met Fax,,,Oc,Oc,c,1,,[0122]
5100000,1800-1845,,AUS,VMC Charleville Met Fax,,,Oc,Oc,c,1,,
5100000,1915-2045,,AUS,VMC Charleville Met Fax,,,Oc,Oc,c,1,,[0419]
5100000,2215-2400,,AUS,VMC Charleville Met Fax,,,Oc,Oc,c,1,,
5130000,0000-0100,Sa,USA,WBCQ The Planet,E,English,NAm,NAm,q,1,,[0626]
5130000,0000-0200,Mo-Fr,KGZ,R.Sedaye Zindagi,AFG,"Pashto and Dari (main Afghan languages, see there)",AFG,AFG,,1,,[1025]
5130000,0000-0500,Su-Mo,USA,WBCQ The Planet,E,English,NAm,NAm,q,1,,[0326]
5130000,0100-0200,Tu-Sa,USA,WBCQ The Planet,E,English,NAm,NAm,q,2,,[0126]
5130000,1455-1755,Mo-Fr,KGZ,R.Sedaye Zindagi (1-15),AFG,"Pashto and Dari (main Afghan languages, see there)",AFG,AFG,,1,,[0626]
5130000,1600-2400,,USA,WBCQ The Planet,E,English,NAm,NAm,q,6,0407,0407
5149000,0830-0840,SaSu,POL,S11a Polish Spy Numbers,R,Russian,,,p,1,0105,3108
5153700,0000-2400,,RUS,Channel Marker D,-CW,Morse Station,EEu,EEu,se,1,,[0925]
5153800,0000-2400,,RUS,Channel Marker P,-CW,Morse Station,RUS,RUS,kl,1,,[0422]
5153900,0000-2400,,RUS,Channel Marker S,-CW,Morse Station,RUS,RUS,sm,1,,[0324]
5154000,0000-2400,,RUS,Channel Marker C,-CW,Morse Station,RUS,RUS,m,1,,[0318]
5154100,0000-2400,,RUS,Channel Marker A,-CW,Morse Station,RUS,RUS,as,1,,[0525]
5154200,0000-2400,,RUS,Channel Marker F,-CW,Morse Station,FE,FE,vl,1,,[1119]
5154300,0000-2400,,RUS,Channel Marker K,-CW,Morse Station,FE,FE,pk,1,,
5154400,0000-2400,,RUS,Channel Marker M,-CW,Morse Station,FE,FE,mg,1,,[0521]
5156800,0000-2400,,RUS,Channel Marker L,-CW,Morse Station,RUS,RUS,pt,1,,[0525]
5170000,0000-2400,,TWN,Central Weather Bureau,M,Mandarin (Standard Chinese / Beijing dialect),FE,FE,q,1,,[0623]
5176000,1605-1615,"Tu,Su",POL,E11 Polish Spy Numbers,E,English,,,p,1,0103,3004
5176000,1605-1615,"Tu,Su",POL,E11 Polish Spy Numbers,E,English,,,p,1,0109,3010[0924]
5231000,1605-1615,"Tu,Su",POL,E11 Polish Spy Numbers,E,English,,,p,1,0105,3108
5340000,0000-2400,,PTR,NAU US Navy,-TY,Teletype or other digital Station (RTTY/SITOR/..),NAm,NAm,i,1,,[0526]
5367000,0430-1830,,RUS,The Squeaky Wheel,,,RUS,RUS,rp,1,0105,3108
5367000,0500-1500,,RUS,The Squeaky Wheel,,,RUS,RUS,rp,1,0109,3110
5367000,0500-1545,,RUS,The Squeaky Wheel,,,RUS,RUS,rp,1,0103,3004
5367000,0600-1410,,RUS,The Squeaky Wheel,,,RUS,RUS,rp,1,0111,2802
5371000,0450-0500,Mo,POL,E11 Polish Spy Numbers,E,English,,,p,1,0103,3004[0319]
5371000,0450-0500,Mo,POL,E11 Polish Spy Numbers,E,English,,,p,1,0109,3110
5371000,0700-0710,SaSu,POL,E11 Polish Spy Numbers,E,English,,,p,1,0111,2802
5371000,0830-0840,SaSu,POL,S11a Polish Spy Numbers,R,Russian,,,p,1,0111,2802
5371000,1300-1310,"Mo,Th",POL,E11 Polish Spy Numbers,E,English,,,p,1,0103,3004
5371000,1300-1310,"Mo,Th",POL,E11 Polish Spy Numbers,E,English,,,p,1,0109,3110[0924]
5380000,1330-1340,Sa,RUS,E06 Russian Spy Numbers,E,English,RUS,RUS,or,1,0112,3112
5409000,1530-1540,Th,POL,E11 Polish Spy Numbers,E,English,,,p,1,0111,2802[0223]
5409000,2000-2010,"Th,Su",POL,E11 Polish Spy Numbers,E,English,,,p,1,0105,3108
5410000,1330-1340,Sa,RUS,E06 Russian Spy Numbers,E,English,RUS,RUS,or,1,0101,2802
5432000,1605-1615,"Tu,Su",POL,E11 Polish Spy Numbers,E,English,,,p,1,0111,2802[1121]
5448000,0300-1730,,RUS,The Pip (Kaplya) Rostov,-TS,Time Signal Station,EEu,EEu,rp,1,0105,3108
5448000,0430-1600,,RUS,The Pip (Kaplya) Rostov,-TS,Time Signal Station,EEu,EEu,rp,1,0103,3004[0321]
5448000,0430-1630,,RUS,The Pip (Kaplya) Rostov,-TS,Time Signal Station,EEu,EEu,rp,1,0109,3110
5448000,0530-1400,,RUS,The Pip (Kaplya) Rostov,-TS,Time Signal Station,EEu,EEu,rp,1,0111,2802[0118]
5450000,0000-2400,,G,RAF Volmet Military 1,E,English,Eu,Eu,ic,1,,[0826]
5451000,0000-2400,,GUM,Agana Guam HFDL (ID16),-HF,HFDL Squitter (Aircraft comms station),WOc,WOc,h,1,,
5460000,0000-2400,,IRL,Shannon Aeradio J,E,English,NAO,NAO,s,1,,
5475000,0000-2400,,ARG,"Córdoba Volmet x25, x45",S,Spanish/Castellano,SAm,SAm,co,1,,
5481000,0000-2400,,IRL,Shannon Aeradio J,E,English,NAO,NAO,s,1,,
5484000,0000-2400,,IRL,Shannon Aeradio I,E,English,NAO,NAO,s,1,,
5499000,0000-2400,,MDG,"Antanan.Volmet x25,x50",E,English,EAf,EAf,,1,,
5502000,0000-2400,,KOR,Seoul Muan HFDL (ID10),-HF,HFDL Squitter (Aircraft comms station),FE,FE,m,1,,
5505000,0000-2400,,IRL,Shannon Volmet,E,English,Eu,Eu,s,1,,[0826]
5508000,0000-2400,,USA,San Francisco HFDL(ID1),-HF,HFDL Squitter (Aircraft comms station),WNA,WNA,dx,1,,[0519]
5514000,0000-2400,,HWA,Moloka'i HFDL (ID2),-HF,HFDL Squitter (Aircraft comms station),Oc,Oc,m,1,,[1219]
5517000,0000-2400,,SOM,Mogadishu Radio,E,English,EAf,EAf,ma,1,,[0322]
5520000,0000-2400,,USA,New York Radio,E,English,Car,Car,bg,1,,[0119]
5525000,0000-2400,,CHN,BAF Beijing Meteo Fax,,,FE,FE,bm,1,,
5529000,0000-2400,,ALS,Barrow HFDL (ID9),-HF,HFDL Squitter (Aircraft comms station),NOc,NOc,ba,1,,[1119]
5529000,0000-2400,,AFS,Johannesburg HFDL (ID8),-HF,HFDL Squitter (Aircraft comms station),SAf,SAf,j,1,,
5538000,0000-2400,,ALS,Barrow HFDL (ID9),-HF,HFDL Squitter (Aircraft comms station),NOc,NOc,ba,1,,
5544000,0000-2400,,BHR,Al Muharraq HFDL (ID15),-HF,HFDL Squitter (Aircraft comms station),ME,ME,m,1,,[0424]
5544000,0000-2400,,ALS,Barrow HFDL (ID9),-HF,HFDL Squitter (Aircraft comms station),NOc,NOc,ba,1,,
5547000,0000-2400,,USA,San Francisco Radio CEP,E,English,EOc,EOc,dx,1,,[0826]
5547000,0000-2400,,IRL,Shannon HFDL (ID7),-HF,HFDL Squitter (Aircraft comms station),NAO,NAO,s,1,,
5550000,0000-2400,,USA,New York Radio,E,English,Car,Car,bg,1,,[0225]
5550000,0000-2400,,TRD,Piarco Radio CAR-B,E,English,Car,Car,,1,,
5559000,0000-2400,,IRL,Shannon Aeradio J,E,English,NAO,NAO,s,1,,
5565000,0000-2400,,SEN,Dakar Radio,E,English,WAf,WAf,y,1,,[0216]
5568000,0000-2400,,IRL,Shannon Aeradio I,E,English,NAO,NAO,s,1,,
5574000,0000-2400,,USA,San Francisco Radio CEP,E,English,EOc,EOc,dx,1,,[0125]
5577000,0000-2400,,IRL,Shannon Aeradio J,E,English,NAO,NAO,s,1,,
5583000,0000-2400,,NZL,Auckland HFDL (ID5),-HF,HFDL Squitter (Aircraft comms station),SOc,SOc,a,1,,[0721]
5583000,0000-2400,,IRL,Shannon Aeradio H,E,English,NAO,NAO,s,1,,[0625]
5589000,0000-2400,,PNR,Albrook HFDL (ID11),-HF,HFDL Squitter (Aircraft comms station),CAm,CAm,al,1,,
5598000,0000-2400,,CAN,Gander Radio A,E,English,NAO,NAO,g,1,,
5598000,0000-2400,,USA,New York Radio,E,English,NAO,NAO,bg,1,,[0223]
5598000,0000-2400,,AZR,Santa Maria Radio A,E,English,NAO,NAO,sm,1,,[0621]
5598000,0000-2400,,IRL,Shannon Aeradio A,E,English,NAO,NAO,s,1,,[0217]
5601000,0000-2400,,ARG,Ezeiza Volmet x01,S,Spanish/Castellano,SAm,SAm,e,1,,
5616000,0000-2400,,CAN,Gander Radio B,E,English,NAO,NAO,g,1,,[0525]
5616000,0000-2400,,ISL,Iceland Radio B,E,English,NAO,NAO,,1,,
5616000,0000-2400,,IRL,Shannon Aeradio B,E,English,NAO,NAO,s,1,,[0519]
5620000,0000-2400,,RUS,Channel Marker G,-CW,Morse Station,FE,FE,xx,1,0103,3004
5620000,0000-2400,,RUS,Channel Marker W,-CW,Morse Station,EEu,EEu,xx,1,0103,3004
5628000,0000-2400,,USA,San Francisco Radio NP,E,English,NOc,NOc,/ALS-ba,1,,
5628000,0000-2400,,USA,San Francisco Radio NP,E,English,NOc,NOc,/HWA-m,1,,
5643000,0000-2400,,USA,San Francisco Radio CWP,E,English,WOc,WOc,/HWA-m,1,,
5643000,0000-2400,,USA,San Francisco Radio SP,E,English,Oc,Oc,/HWA-m,1,,
5649000,0000-2400,,CAN,Gander Radio C,E,English,NAO,NAO,g,1,,[0323]
5649000,0000-2400,,ISL,Iceland Radio C,E,English,NAO,NAO,,1,,[0523]
5649000,0000-2400,,IRL,Shannon Aeradio C,E,English,NAO,NAO,s,1,,[1021]
5650000,0400-1430,,RUS,Khanty-Mansiysk Volmet,"E,R","English, Russian",RUS,RUS,km,1,,[0122]
5652000,0000-2400,,USA,Riverhead HFDL (ID4),-HF,HFDL Squitter (Aircraft comms station),ENA,ENA,rh,1,,
5652000,0000-2400,,USA,San Francisco Radio CWP,E,English,WOc,WOc,/GUM-b,1,,
5655000,0000-2400,,THA,Hat Yai HFDL (ID6),-HF,HFDL Squitter (Aircraft comms station),SEA,SEA,hy,1,,
5673000,0000-2400,LSB,CHN,"Beijing Volmet x15,x45",E,English,FE,FE,,1,,[0122]
5673000,0800-2345,USB,CHN,"Guangzhou Volmet x00,30",E,English,FE,FE,,1,,[0122]
5680000,0000-2400,,XUU,Search and Rescue Coord,E,English,,,,1,,[0223]
5702000,0000-2400,,F,FUO French Navy USB/FSK,F,French,Eu,Eu,to,1,,
5714000,0000-2400,,F,FUE French Navy USB/FSK,F,French,NAO,NAO,br,1,,
5716000,0000-2400,,PTR,NAU US Navy,-TY,Teletype or other digital Station (RTTY/SITOR/..),NAm,NAm,i,1,,[0524]
5720000,0000-2400,,ISL,Reykjavik HFDL (ID3),-HF,HFDL Squitter (Aircraft comms station),NAO,NAO,r,1,,[0321]
5737000,1300-1310,"Mo,Th",POL,E11 Polish Spy Numbers,E,English,,,p,1,0105,3108[0821]
5737000,2000-2010,"Th,Su",POL,E11 Polish Spy Numbers,E,English,,,p,1,0103,3004
5737000,2000-2010,"Th,Su",POL,E11 Polish Spy Numbers,E,English,,,p,1,0109,3110[0924]
5755000,1100-1730,,AUS,VMW Wiluna Met Fax,,,Oc,Oc,w,1,,[0423]
5755000,1800-1845,,AUS,VMW Wiluna Met Fax,,,Oc,Oc,w,1,,[0818]
5755000,1915-2045,,AUS,VMW Wiluna Met Fax,,,Oc,Oc,w,1,,[0321]
5765000,0000-2400,spur,B,Rádio Voz Missionária,P,Portuguese,B,B,cb,1,,[0525]
5779000,1730-1740,Th,POL,E11 Polish Spy Numbers,E,English,,,p,1,0111,2802
5800000,0100-0130,,TWN,Radio Taiwan Int.,S,Spanish/Castellano,LAm,LAm,/USA-o,1,,
5800000,0130-0200,,SVK,Radio Slovakia Int.,E,English,LAm,LAm,/USA-o,1,,
5800000,0200-0400,,USA,WRMI Radio Miami Int.,E,English,LAm,LAm,o,1,,
5803000,0000-2400,,CAN,VFF Iqaluit Radio,E,English,NAm,NAm,cb,1,0107,1510
5803000,0000-2400,,CAN,VFF Iqaluit Radio,E,English,NAm,NAm,hr,1,1505,3110
5803000,0000-2400,,CAN,VFF Iqaluit Radio,E,English,NAm,NAm,in,1,1505,3110
5815000,1730-1800,,CLA,Nippon no Kaze,K,Korean,KRE,KRE,/UZB,4,,
5815000,1800-1830,,CLA,Furusato no Kaze,J,Japanese,KRE,KRE,/UZB,4,,[0125]
5825000,2200-0100,,CHL,R.Triunfal Evangélica,S,Spanish/Castellano,CHL,CHL,t,1,,[0522]
5835000,0000-2400,,UKR,Radio Europa,-MX,Music,Eu,Eu,xx,1,,[0526]
5842000,1652-2050,31May,HOL,Free Radio Sce Holland,E,English,Eu,Eu,xx,6,2705,3105
5850000,0000-0030,,SVK,Radio Slovakia Int.,SK,Slovak,WNA,WNA,/USA-o,1,,
5850000,0030-0100,,SVK,Radio Slovakia Int.,E,English,WNA,WNA,/USA-o,1,,
5850000,0100-1300,,USA,WRMI Radio Miami Int.,E,English,WNA,WNA,o,1,,
5850000,0700-0800,,POL,Polish Radio,E,English,ENA,ENA,/USA-o,0,,
5850000,1100-1130,,USA,WRMI Radio Miami Int.,M,Mandarin (Standard Chinese / Beijing dialect),WNA,WNA,o,1,,
5850000,1130-1200,,SVK,Radio Slovakia Int.,E,English,WNA,WNA,/USA-o,1,,
5850000,2200-2230,,SVK,Radio Slovakia Int.,E,English,WNA,WNA,/USA-o,1,,
5850000,2230-2300,,USA,WRMI Radio Miami Int.,E,English,WNA,WNA,o,1,,
5850000,2300-2330,,CZE,Radio Prague,F,French,WNA,WNA,/USA-o,1,,[0423]
5850000,2330-2400,,CZE,Radio Prague,E,English,WNA,WNA,/USA-o,1,,
5855600,0000-2400,,KOR,HLL Seoul Meteo,"K,E","Korean, English",FE,FE,sg,1,,[0925]
5860000,0000-2400,,USA,Radio Farda,FS,Farsi / Iranian Persian,IRN,IRN,/KWT,0,,
5860000,0700-1300,"Tu,Th",USA,Voice of America,E,English,EEu,EEu,/D-L,6,2306,2510
5871000,1900-0400,spur,CLA,Iran International TV,FS,Farsi / Iranian Persian,IRN,IRN,/BUL-s,6,2903,1104[0426]
5875000,0500-0600,,G,BBC DIGITAL,E,English,CEu,CEu,w,0,,
5875000,2200-2300,,CHN,CNR1 Jammer/Firedrake,M,Mandarin (Standard Chinese / Beijing dialect),FE,FE,,0,,
5875000,2200-2300,,USA,Voice of America,M,Mandarin (Standard Chinese / Beijing dialect),FE,FE,/PHL-t,0,,
5885000,1300-1500,,CHN,CNR1 Jammer/Firedrake,M,Mandarin (Standard Chinese / Beijing dialect),FE,FE,,0,,
5885000,1300-1500,,USA,Voice of America,M,Mandarin (Standard Chinese / Beijing dialect),FE,FE,/PHL-t,0,,
5890000,0200-0400,Tu-Sa,USA,"WWCR 4 Nashville, TN",E,English,NAm,NAm,n,2,,
5890000,1900-0400,,CLA,Iran International TV,FS,Farsi / Iranian Persian,IRN,IRN,/BUL-s,1,,[0726]
5895000,0459-2205,,NOR,Radio Northern Star,NO,Norwegian,NEu,NEu,be,2,,[1225]
5900000,0000-2400,,B,Rádio Casa AM,P,Portuguese,B,B,am,1,,[0523]
5900000,0600-1700,,HOL,Radio Horizon,NL,Dutch,Eu,Eu,,1,,[0626]
5900000,1200-1400,,CHN,CNR1 Jammer/Firedrake,M,Mandarin (Standard Chinese / Beijing dialect),FE,FE,,4,,
5900000,1700-1800,247,KOR,New Korea Hope Bcing,K,Korean,KRE,KRE,/TWN,1,0106,
5900000,1800-1900,,USA,Brother Stair,E,English,Eu,Eu,/BUL-s,1,,[0726]
5900000,1900-0400,,CLA,Iran International TV,FS,Farsi / Iranian Persian,IRN,IRN,/BUL-s,1,0106,[0626]
5900000,1900-1930,,TWN,Radio Taiwan Int.,D,German,Eu,Eu,/BUL-s,1,,[0726]
5900000,1930-2000,,CAN,Bible Voice,A,Arabic (300m),ME,ME,/BUL-s,0,,
5900000,2000-2058,,KOR,Unification Media Group,K,Korean,KRE,KRE,/TWN-s,4,,[0326]
5900000,2005-0500,,USA,Brother Stair,E,English,Eu,Eu,/BUL-s,1,,[0426]
5909000,1900-0400,spur,CLA,Iran International TV,FS,Farsi / Iranian Persian,IRN,IRN,/BUL-s,6,2903,1104[0426]
5910000,0000-2400,,CLM,Alcaravan Radio,E,English,SAm,SAm,pl,1,3103,[0826]
5910000,1430-1500,,ROU,Radio Romania Int.,ARO,Aromanian/Vlach,SEE,SEE,s,0,,
5910000,1500-1530,,ROU,Radio Romania Int.,UK,Ukrainian,UKR,UKR,s,0,,
5910000,1530-1600,,ROU,Radio Romania Int.,SR,Serbian,SEE,SEE,s,0,,
5910000,1600-1630,,ROU,Radio Romania Int.,I,Italian,I,I,s,0,,
5910000,1630-1700,,ROU,Radio Romania Int.,ARO,Aromanian/Vlach,SEE,SEE,s,0,,
5910000,1700-1730,,ROU,Radio Romania Int.,UK,Ukrainian,UKR,UKR,s,0,,
5910000,1730-1800,,ROU,Radio Romania Int.,SR,Serbian,SEE,SEE,s,0,,
5910000,1800-1830,,ROU,Radio Romania DIGITAL,I,Italian,I,I,s,0,,
5910000,1830-1900,,ROU,Radio Romania Int.,ARO,Aromanian/Vlach,SEE,SEE,s,0,,
5910000,1900-1930,,ROU,Radio Romania Int.,UK,Ukrainian,UKR,UKR,s,0,,
5910000,1930-2000,,ROU,Radio Romania Int.,SR,Serbian,SEE,SEE,s,0,,
5915000,0230-0530,,MYA,Myanma Radio,BR,Burmese / Barma / Myanmar,SEA,SEA,n,1,,[0924]
5915000,0630-1400,,MYA,Myanma Radio,BR,Burmese / Barma / Myanmar,SEA,SEA,n,1,,[0226]
5915000,1600-1700,,CHN,China Radio Int.,HI,Hindi,SAs,SAs,ka,0,,
5915000,1700-1800,,CHN,China Radio Int.,HI,Hindi,Sib,Sib,ka,0,,
5915000,2315-0230,,MYA,Myanma Radio,BR,Burmese / Barma / Myanmar,SEA,SEA,n,1,,[0426]
5920000,0000-0100,,EQA,HCJB Voice of Andes,S,Spanish/Castellano,CEu,CEu,/D-we,5,,[0526]
5920000,0000-0100,,EQA,HCJB Voice of Andes,D,German,CEu,CEu,/D-we,6,2903,1905
5920000,0000-0400,,EQA,HCJB Voice of Andes,D,German,CEu,CEu,/D-we,4,,
5920000,0100-0300,,EQA,HCJB Voice of Andes,D,German,CEu,CEu,/D-we,5,,[0925]
5920000,0130-0600,,USA,"WTWW Lebanon, TN",E,English,NAm,NAm,L,1,,[0626]
5920000,0300-0400,,EQA,HCJB Voice of Andes,R,Russian,CEu,CEu,/D-we,2,,
5920000,0400-2200,,EQA,HCJB Voice of Andes,D,German,CEu,CEu,/D-we,2,,[0726]
5920000,1405-1435,,J,Shiokaze,J,Japanese,KRE,KRE,y,6,2306,3006
5920000,1600-1630,156,J,Shiokaze,J,Japanese,KRE,KRE,y,6,0704,2604
5920000,1600-1630,156,J,Shiokaze,J,Japanese,KRE,KRE,y,1,0108,
5920000,1600-1700,We,J,Shiokaze,E,English,KRE,KRE,y,6,0704,2604
5920000,1600-1700,Su,J,Shiokaze,J,Japanese,KRE,KRE,y,6,0704,2604
5920000,1600-1700,"Tu,Th",J,Shiokaze,K,Korean,KRE,KRE,y,6,0704,2604
5920000,1600-1700,We,J,Shiokaze,E,English,KRE,KRE,y,1,0108,
5920000,1600-1700,Su,J,Shiokaze,J,Japanese,KRE,KRE,y,1,0108,
5920000,1600-1700,"Tu,Th",J,Shiokaze,K,Korean,KRE,KRE,y,1,0108,
5920000,1630-1700,156,J,Shiokaze,K,Korean,KRE,KRE,y,6,0704,2604
5920000,1630-1700,156,J,Shiokaze,K,Korean,KRE,KRE,y,1,0108,
5920000,1730-1800,247,KOR,New Korea Hope Bcing,K,Korean,KRE,KRE,/TWN,6,2903,3105[0326]
5920000,1800-1830,,EQA,HCJB Voice of Andes,D-P,D-P,CEu,CEu,/D-we,2,,
5920000,2200-2300,,EQA,HCJB Voice of Andes,R,Russian,CEu,CEu,/D-we,5,,
5920000,2300-0100,,EQA,HCJB Voice of Andes,R,Russian,CEu,CEu,/D-we,4,,
5920000,2300-2400,,EQA,HCJB Voice of Andes,R,Russian,CEu,CEu,/D-we,6,2903,1905
5920000,2300-2400,,EQA,HCJB Voice of Andes,S,Spanish/Castellano,CEu,CEu,/D-we,5,,
5925000,1000-1705,,CHN,CNR5 Cross-Strait Radio,M,Mandarin (Standard Chinese / Beijing dialect),TWN,TWN,B,1,,[0326]
5925000,2055-2300,,CHN,CNR5 Cross-Strait Radio,M,Mandarin (Standard Chinese / Beijing dialect),TWN,TWN,B,1,,
5925000,2300-2400,,CHN,CNR5 Cross-Strait Radio,M,Mandarin (Standard Chinese / Beijing dialect),TWN,TWN,B,1,,
5930000,0000-2400,,DNK,World Music Radio,E,English,Eu,Eu,br,1,,[0626]
5935000,0000-1200,,USA,"WWCR 2 Nashville, TN",E,English,NAm,NAm,n,5,,
5935000,0300-0600,,CHN,Xizang RTV,M,Mandarin (Standard Chinese / Beijing dialect),CHN,CHN,t,1,,
5935000,0600-0900,We-Mo,CHN,Xizang RTV,M,Mandarin (Standard Chinese / Beijing dialect),CHN,CHN,t,1,,
5935000,0900-1000,We-Mo,CHN,Xizang RTV,M,Mandarin (Standard Chinese / Beijing dialect),CHN,CHN,t,1,,
5935000,1000-1800,,CHN,Xizang RTV,M,Mandarin (Standard Chinese / Beijing dialect),CHN,CHN,t,1,,[0423]
5935000,1300-1330,156,J,Shiokaze,J,Japanese,KRE,KRE,y,6,2704,0206
5935000,1300-1330,156,J,Shiokaze,J,Japanese,KRE,KRE,y,1,0108,
5935000,1300-1400,We,J,Shiokaze,E,English,KRE,KRE,y,6,2704,0206
5935000,1300-1400,Su,J,Shiokaze,J,Japanese,KRE,KRE,y,6,2704,0206
5935000,1300-1400,"Tu,Th",J,Shiokaze,K,Korean,KRE,KRE,y,6,2704,0206
5935000,1300-1400,We,J,Shiokaze,E,English,KRE,KRE,y,1,0108,
5935000,1300-1400,Su,J,Shiokaze,J,Japanese,KRE,KRE,y,1,0108,
5935000,1300-1400,"Tu,Th",J,Shiokaze,K,Korean,KRE,KRE,y,1,0108,
5935000,1330-1400,156,J,Shiokaze,K,Korean,KRE,KRE,y,6,2704,0206
5935000,1330-1400,156,J,Shiokaze,K,Korean,KRE,KRE,y,1,0108,
5935000,1600-1630,156,J,Shiokaze,J,Japanese,KRE,KRE,y,6,1905,2206
5935000,1600-1700,We,J,Shiokaze,E,English,KRE,KRE,y,6,1905,2206
5935000,1600-1700,Su,J,Shiokaze,J,Japanese,KRE,KRE,y,6,1905,2206
5935000,1600-1700,"Tu,Th",J,Shiokaze,K,Korean,KRE,KRE,y,6,1905,2206
5935000,1630-1700,156,J,Shiokaze,K,Korean,KRE,KRE,y,6,1905,2206
5935000,2000-2100,We-Mo,CHN,Xizang RTV,M,Mandarin (Standard Chinese / Beijing dialect),CHN,CHN,t,1,,[1123]
5935000,2100-0300,,CHN,Xizang RTV,M,Mandarin (Standard Chinese / Beijing dialect),CHN,CHN,t,1,,[0324]
5935000,2300-1300,,USA,"WWCR 2 Nashville, TN",E,English,NAm,NAm,n,4,,
5939400,0000-2400,,B,Rádio Voz Missionária,P,Portuguese,B,B,cb,1,,[0726]
5943000,2000-2010,Fr,RUS,S06 Russian Spy Numbers,R,Russian,RUS,RUS,xx,1,0102,2802
5943000,2000-2010,Fr,RUS,S06 Russian Spy Numbers,R,Russian,RUS,RUS,xx,1,0112,3112
5943000,2100-2110,Fr,RUS,S06 Russian Spy Numbers,R,Russian,RUS,RUS,xx,1,0101,3101[0125]
5943000,2100-2110,Fr,RUS,S06 Russian Spy Numbers,R,Russian,RUS,RUS,xx,1,0111,3011
5945000,1000-1805,,CHN,China National Radio 1,M,Mandarin (Standard Chinese / Beijing dialect),CHN,CHN,b,4,,[0423]
5945000,1300-1805,,CHN,China National Radio 1,M,Mandarin (Standard Chinese / Beijing dialect),CHN,CHN,b,5,,[0423]
5945000,2023-0100,,CHN,China National Radio 1,M,Mandarin (Standard Chinese / Beijing dialect),CHN,CHN,b,4,,[0324]
5945000,2023-2300,,CHN,China National Radio 1,M,Mandarin (Standard Chinese / Beijing dialect),CHN,CHN,b,5,,
5950000,0000-0500,,USA,WRMI Radio Miami Int.,E,English,ENA,ENA,o,4,,
5950000,0000-2400,,FIN,RealMix Radio,E,English,Eu,Eu,r,6,2903,1906[0626]
5950000,2300-0400,,USA,WRMI Radio Miami Int.,E,English,ENA,ENA,o,5,,
5955000,0400-1700,irr,HOL,SuperClan Radio,NL,Dutch,HOL,HOL,ov,1,,[0726]
5955000,1100-1300,,CHN,China Radio Int.,E,English,FE,FE,b,0,,
5955000,1300-1400,,CHN,China Radio Int.,E,English,FE,FE,b,0,,
5955000,1400-1500,,CHN,China Radio Int.,E,English,FE,FE,b,0,,
5955000,1500-1600,,CHN,China Radio Int.,E,English,FE,FE,b,0,,
5955000,1600-1630,156,J,Shiokaze,J,Japanese,KRE,KRE,y,6,2903,0604
5955000,1600-1630,156,J,Shiokaze,J,Japanese,KRE,KRE,y,6,2306,3006
5955000,1600-1700,We,J,Shiokaze,E,English,KRE,KRE,y,6,2903,0604
5955000,1600-1700,Su,J,Shiokaze,J,Japanese,KRE,KRE,y,6,2903,0604
5955000,1600-1700,"Tu,Th",J,Shiokaze,K,Korean,KRE,KRE,y,6,2903,0604
5955000,1600-1700,We,J,Shiokaze,E,English,KRE,KRE,y,6,2306,3006
5955000,1600-1700,Su,J,Shiokaze,J,Japanese,KRE,KRE,y,6,2306,3006
5955000,1600-1700,"Tu,Th",J,Shiokaze,K,Korean,KRE,KRE,y,6,2306,3006
5955000,1630-1700,156,J,Shiokaze,K,Korean,KRE,KRE,y,6,2903,0604
5955000,1630-1700,156,J,Shiokaze,K,Korean,KRE,KRE,y,6,2306,3006
5955000,1705-1805,,J,Shiokaze,J,Japanese,KRE,KRE,y,1,0108,
5960000,0300-0800,,CHN,PBS Xinjiang,M,Mandarin (Standard Chinese / Beijing dialect),CHN,CHN,uc,4,,[1125]
5960000,0800-1100,We-Mo,CHN,PBS Xinjiang,M,Mandarin (Standard Chinese / Beijing dialect),CHN,CHN,uc,4,,[1218]
5960000,1100-1200,,CHN,PBS Xinjiang,M,Mandarin (Standard Chinese / Beijing dialect),CHN,CHN,uc,4,,
5960000,1200-1400,,CHN,PBS Xinjiang,M,Mandarin (Standard Chinese / Beijing dialect),CHN,CHN,uc,1,,
5960000,1400-1800,,CHN,PBS Xinjiang,M,Mandarin (Standard Chinese / Beijing dialect),CHN,CHN,uc,1,,
5960000,1830-2100,,TUR,Voice of Turkey,TU,Turkish,ME,ME,e,0,,
5960000,2300-0300,,CHN,PBS Xinjiang,M,Mandarin (Standard Chinese / Beijing dialect),CHN,CHN,uc,5,,[0324]
5960000,2310-0300,,CHN,PBS Xinjiang,M,Mandarin (Standard Chinese / Beijing dialect),CHN,CHN,uc,4,,[0325]
5965000,1000-1805,,CHN,China National Radio 1,M,Mandarin (Standard Chinese / Beijing dialect),CHN,CHN,n,1,,[0423]
5965000,1400-1500,,CHN,China Radio Int.,K,Korean,FE,FE,x,0,,
5965000,1500-1600,,CHN,China Radio Int.,R,Russian,Sib,Sib,b,0,,
5970000,0350-0650,,CHN,PBS Gannan,TB,Tibetan / Lhasa Tibetan,CHN,CHN,he,1,,
5970000,1020-1410,,CHN,PBS Gannan,TB,Tibetan / Lhasa Tibetan,CHN,CHN,he,1,,[0820]
5970000,1400-1500,,G,BBC,DR,Dari / Eastern Farsi,AFG,AFG,/OMA-a,0,,
5970000,1500-1600,,G,BBC,PS,Pashto / Pushtu,AFG,AFG,/OMA-a,0,,
5970000,1600-1630,,G,BBC,DR,Dari / Eastern Farsi,AFG,AFG,/OMA-a,0,,
5970000,1630-1700,SaSu,G,BBC,DR,Dari / Eastern Farsi,AFG,AFG,/OMA-a,0,,
5970000,1630-1700,Mo-Fr,G,BBC,PS,Pashto / Pushtu,AFG,AFG,/OMA-a,0,,
5970000,1800-1830,,G,BBC,FS,Farsi / Iranian Persian,IRN,IRN,/OMA-a,6,2903,0608
5970000,1830-1930,,G,BBC,FS,Farsi / Iranian Persian,IRN,IRN,/OMA-a,6,2903,0608
5970000,2215-0100,,CHN,PBS Gannan,TB,Tibetan / Lhasa Tibetan,CHN,CHN,he,1,,[1125]
5975000,0600-0800,Th-Tu,CHN,China National Radio 8,K,Korean,CHN,CHN,B,1,,
5975000,0800-0900,Th-Tu,CHN,China National Radio 8,M,Mandarin (Standard Chinese / Beijing dialect),CHN,CHN,B,1,,[0126]
5975000,0900-1400,,CHN,China National Radio 8,K,Korean,CHN,CHN,B,1,,[0826]
5975000,1400-1505,,CHN,China National Radio 8,M,Mandarin (Standard Chinese / Beijing dialect),CHN,CHN,B,1,,[0124]
5975000,2130-2145,14Jun,G,BBC,E,English,ATA,ATA,/UAE,6,1406,1406
5975000,2200-2300,,CHN,China Radio Int.,M,Mandarin (Standard Chinese / Beijing dialect),SAf,SAf,b,0,,
5980000,1405-1435,,J,Shiokaze,J,Japanese,KRE,KRE,y,6,1905,2206
5980000,1405-1435,,J,Shiokaze,J,Japanese,KRE,KRE,y,1,0108,
5980000,1705-1805,,J,Shiokaze,J,Japanese,KRE,KRE,y,6,2704,1805
5980000,1705-1805,,J,Shiokaze,J,Japanese,KRE,KRE,y,6,0107,3107
5985000,1115-1530,,MYA,Myanma Radio,BR,Burmese / Barma / Myanmar,SEA,SEA,y,1,,[0826]
5985000,1130-1200,,CHN,China Radio Int.,TAG,Tagalog,PHL,PHL,b,0,,
5985000,1530-1630,Sa-Th,MYA,Myanma Radio,E,English,SEA,SEA,y,1,,[1225]
5985000,1540-1630,Fr,MYA,Myanma Radio,E,English,SEA,SEA,y,1,,[0526]
5985000,1600-1700,,CHN,China Radio Int.,SWA,Swahili/Kisuaheli,EAf,EAf,b,0,,
5985000,1700-1800,,CHN,China Radio Int.,SWA,Swahili/Kisuaheli,EAf,EAf,b,0,,
5985000,1900-2000,,CHN,China Radio Int.,P,Portuguese,SAf,SAf,b,0,,
5985000,2000-2100,,CHN,China Radio Int.,E,English,SAf,SAf,b,0,,
5985000,2025-2400,,CHN,China National Radio 1,M,Mandarin (Standard Chinese / Beijing dialect),CHN,CHN,n,1,,[0425]
5985000,2300-0130,,MYA,Myanma Radio,BR,Burmese / Barma / Myanmar,SEA,SEA,y,1,,[0126]
5990000,0000-0100,,CHN,China Radio Int.,S,Spanish/Castellano,Car,Car,/CUB,0,,
5990000,0100-0200,,CHN,China Radio Int.,R,Russian,CAs,CAs,ka,0,,
5990000,0600-0855,We-Mo,CHN,PBS Qinghai,TB,Tibetan / Lhasa Tibetan,CHN,CHN,xg,1,,[0423]
5990000,0855-1600,,CHN,PBS Qinghai,TB,Tibetan / Lhasa Tibetan,CHN,CHN,xg,1,,[0825]
5990000,1000-1600,irr,D,Studio 52,,,Eu,Eu,n,0,,
5990000,1115-1530,,MYA,Myanma Radio,BR,Burmese / Barma / Myanmar,SEA,SEA,y,6,0506,0506
5990000,1200-1300,,CHN,China Radio Int.,MO,Mongolian,MNG,MNG,h,0,,
5990000,1300-1400,,CHN,China Radio Int.,R,Russian,Sib,Sib,h,0,,
5990000,1400-1500,,CHN,China Radio Int.,MO,Mongolian,MNG,MNG,h,0,,
5990000,1500-1600,,CHN,China Radio Int.,R,Russian,Sib,Sib,h,0,,
5990000,1820-1920,,IRN,IRIB Voice of I.R.Iran,AL,Albanian,Eu,Eu,s,0,,
5990000,2250-0600,,CHN,PBS Qinghai,TB,Tibetan / Lhasa Tibetan,CHN,CHN,xg,1,,[0325]
5990000,2300-2400,,CHN,China Radio Int.,E,English,CAm,CAm,/CUB,0,,
5995000,0550-0800,,MLI,Radio Mali,BM,Bambara/Bamanankan/Mandenkan,WAf,WAf,k,1,,[0726]
5995000,0630-0645,,MLI,Radio Mali,F,French,WAf,WAf,k,1,,[0922]
5995000,1600-1700,,CHN,China Radio Int.,R,Russian,CAs,CAs,q,0,,
5995000,1800-0001,,MLI,Radio Mali,BM,Bambara/Bamanankan/Mandenkan,WAf,WAf,k,1,,[0826]
5995000,1850-1905,Sa,MLI,Radio Mali,E,English,WAf,WAf,k,1,,[0526]
5995000,2055-2400,,CHN,CNR 2 China Business R.,M,Mandarin (Standard Chinese / Beijing dialect),CHN,CHN,n,1,,[1125]
6000000,0000-0100,Tu-Fr,CUB,Radio Habana Cuba,S,Spanish/Castellano,ENA,ENA,q,4,,[0125]
6000000,0050-0220,,IRN,IRIB Voice of I.R.Iran,TJ,Tajik,CAs,CAs,s,0,,
6000000,0230-0330,,CUB,Radio Habana Cuba,E,English,ENA,ENA,q,1,,[0826]
6000000,0330-0400,,CUB,Radio Habana Cuba,CR,Creole / Haitian,ENA,ENA,q,1,,[0826]
6000000,0800-0900,We-Mo,CHN,China National Radio 1,M,Mandarin (Standard Chinese / Beijing dialect),CHN,CHN,b,4,,
6000000,0900-1805,,CHN,China National Radio 1,M,Mandarin (Standard Chinese / Beijing dialect),CHN,CHN,b,4,,[0226]
6000000,1100-1300,,CUB,Radio Habana Cuba,S,Spanish/Castellano,CNA,CNA,q,2,,[0726]
6000000,1100-1805,,CHN,China National Radio 1,M,Mandarin (Standard Chinese / Beijing dialect),CHN,CHN,b,5,,[0425]
6000000,1300-1400,,CUB,Radio Habana Cuba,S,Spanish/Castellano,CNA,CNA,q,5,,[0625]
6000000,1400-1600,,CUB,Radio Habana Cuba,S,Spanish/Castellano,CNA,CNA,q,4,,[1225]
6000000,2023-0100,,CHN,China National Radio 1,M,Mandarin (Standard Chinese / Beijing dialect),CHN,CHN,b,4,,[0324]
6000000,2023-2330,,CHN,China National Radio 1,M,Mandarin (Standard Chinese / Beijing dialect),CHN,CHN,b,5,,[0519]
6000000,2055-2400,,CHN,CNR 2 China Business R.,M,Mandarin (Standard Chinese / Beijing dialect),CHN,CHN,x,4,,[0125]
6000000,2300-2400,Mo-Fr,CUB,Radio Habana Cuba,S,Spanish/Castellano,ENA,ENA,q,5,,[0322]
6005000,0400-2100,SaSu,FIN,RealMix Radio,,,Eu,Eu,r,1,2006,[0826]
6005000,1900-1930,,TWN,Radio Taiwan Int.,F,French,Eu,Eu,/BUL-s,1,,[0826]
6010000,1000-1605,,CHN,China National Radio 11,TB,Tibetan / Lhasa Tibetan,CHN,CHN,as,4,,
6010000,1300-1605,,CHN,China National Radio 11,TB,Tibetan / Lhasa Tibetan,CHN,CHN,as,5,,
6010000,1930-2030,,HOL,Radio Zamaneh,FS,Farsi / Iranian Persian,IRN,IRN,/BUL-s,1,,[0626]
6010000,2155-2300,,CHN,China National Radio 11,M,Mandarin (Standard Chinese / Beijing dialect),CHN,CHN,as,1,,[0225]
6010000,2200-1000,,CLM,La Voz de tu Conciencia,S,Spanish/Castellano,CLM,CLM,pl,1,,[0826]
6010000,2300-2400,,CHN,China National Radio 11,TB,Tibetan / Lhasa Tibetan,CHN,CHN,as,1,,[0125]
6010100,0000-2400,,B,Rádio Inconfidência,P,Portuguese,B,B,c,1,,[0826]
6015000,0330-0350,,CHN,PBS Xinjiang,KZ,Kazakh,CHN,CHN,uc,4,,[1221]
6015000,0350-1400,,KOR,KBS Hanminjok,K,Korean,FE,FE,h,1,,[0826]
6015000,0350-2400,,KRE,Noise Jammer,,,KRE,KRE,,1,,[0526]
6015000,1155-1800,,CHN,PBS Xinjiang,KZ,Kazakh,CHN,CHN,uc,1,,[0425]
6015000,1400-2400,,KOR,KBS Hanminjok,K,Korean,FE,FE,h,1,,[1125]
6015000,2300-0350,,CHN,PBS Xinjiang,KZ,Kazakh,CHN,CHN,uc,5,,[1220]
6015000,2315-0330,,CHN,PBS Xinjiang,KZ,Kazakh,CHN,CHN,uc,4,,[0324]
6017000,2230-0200,irr,CLM,Organ.Radial El Prado,S,Spanish/Castellano,CLM,CLM,,1,,[0325]
6020000,0600-1100,SaSu,HOL,Radio Casanova,NL,Dutch,Eu,Eu,w,1,,[0826]
6020000,1900-2000,,CHN,China Radio Int.,AL,Albanian,SEE,SEE,s,0,,
6020000,2000-2100,,CHN,China Radio Int.,PO,Polish,Eu,Eu,s,0,,
6025000,0200-0700,,CHN,Xizang RTV,TB,Tibetan / Lhasa Tibetan,CHN,CHN,t,1,,[1219]
6025000,0700-0800,We-Mo,CHN,Xizang RTV,E,English,CHN,CHN,t,1,,
6025000,0800-1000,We-Mo,CHN,Xizang RTV,TB,Tibetan / Lhasa Tibetan,CHN,CHN,t,1,,
6025000,1000-1600,,CHN,Xizang RTV,TB,Tibetan / Lhasa Tibetan,CHN,CHN,t,1,,[1221]
6025000,1600-1700,,CHN,Xizang RTV,E,English,CHN,CHN,t,1,,[1024]
6025000,1700-1805,,CHN,Xizang RTV,TB,Tibetan / Lhasa Tibetan,CHN,CHN,t,1,,[0122]
6025000,2050-0200,,CHN,Xizang RTV,TB,Tibetan / Lhasa Tibetan,CHN,CHN,t,1,,[0825]
6030000,0100-0600,,USA,Radio Marti,S,Spanish/Castellano,CUB,CUB,g,0,,
6030000,0253-2015,,ETH,Radio Oromiya,OO,Oromo,EAf,EAf,j,1,,[0826]
6030000,0600-0900,We-Mo,CHN,CNR1 DIGITAL,M,Mandarin (Standard Chinese / Beijing dialect),CHN,CHN,b,1,,
6030000,0900-1805,,CHN,CNR1 DIGITAL,M,Mandarin (Standard Chinese / Beijing dialect),CHN,CHN,b,1,,[0126]
6030000,1100-1605,,CHN,CNR 2 China Business R.,M,Mandarin (Standard Chinese / Beijing dialect),CHN,CHN,n,1,,[0825]
6030000,2025-0600,,CHN,CNR1 DIGITAL,M,Mandarin (Standard Chinese / Beijing dialect),CHN,CHN,b,1,,
6035000,0946-1000,,CHN,Yunnan Radio Int.,-MX,Music,CHN,CHN,kl,1,,[0625]
6035000,1000-1030,,CHN,Yunnan Radio Int.,VN,Vietnamese,CHN,CHN,kl,1,,[1125]
6035000,1030-1200,,CHN,Yunnan Radio Int.,M,Mandarin (Standard Chinese / Beijing dialect),CHN,CHN,kl,1,,[0626]
6035000,1200-1300,,CHN,Yunnan Radio Int.,M,Mandarin (Standard Chinese / Beijing dialect),CHN,CHN,kl,1,,[0626]
6035000,1300-1330,,CHN,Yunnan Radio Int.,VN,Vietnamese,CHN,CHN,kl,1,,[0626]
6035000,1330-1500,,CHN,Yunnan Radio Int.,M,Mandarin (Standard Chinese / Beijing dialect),CHN,CHN,kl,1,,[0523]
6040000,0000-0600,,ALG,Ifrikya FM,A,Arabic (300m),WAf,WAf,o,0,,
6040000,0400-0600,,TUR,Voice of Turkey,TU,Turkish,ME,ME,e,0,,
6040000,0600-0950,We-Mo,CHN,PBS Nei Menggu,MO,Mongolian,CHN,CHN,hh,1,,
6040000,0900-1505,,CHN,China National Radio 8,K,Korean,CHN,CHN,b,4,,[0326]
6040000,0950-1605,,CHN,PBS Nei Menggu,MO,Mongolian,CHN,CHN,hh,1,,[0326]
6040000,1300-1330,156,J,Shiokaze,J,Japanese,KRE,KRE,y,6,0207,3107
6040000,1300-1400,We,J,Shiokaze,E,English,KRE,KRE,y,6,0207,3107
6040000,1300-1400,Su,J,Shiokaze,J,Japanese,KRE,KRE,y,6,0207,3107
6040000,1300-1400,"Tu,Th",J,Shiokaze,K,Korean,KRE,KRE,y,6,0207,3107
6040000,1330-1400,156,J,Shiokaze,K,Korean,KRE,KRE,y,6,0207,3107
6040000,1400-1500,,CHN,China Radio Int.,M,Mandarin (Standard Chinese / Beijing dialect),SEA,SEA,x,0,,
6040000,1950-2050,,J,Shiokaze,J,Japanese,KRE,KRE,y,6,2306,3006
6040000,2055-0030,,CHN,CNR 2 China Business R.,M,Mandarin (Standard Chinese / Beijing dialect),CHN,CHN,B,4,,[0324]
6040000,2055-2300,,CHN,CNR 2 China Business R.,M,Mandarin (Standard Chinese / Beijing dialect),CHN,CHN,B,5,,
6040000,2150-0600,,CHN,PBS Nei Menggu,MO,Mongolian,CHN,CHN,hh,1,,[1122]
6045000,0800-0900,irr,XUU,Various Stations,,,Eu,Eu,/D-n,0,,
6045000,1100-1400,irr,D,Radio 60,,,Eu,Eu,n,0,,
6045000,1405-1435,,J,Shiokaze,J,Japanese,KRE,KRE,y,6,2903,0604
6045000,1600-1630,,CLA,Furusato no Kaze,J,Japanese,KRE,KRE,/TWN-s,4,,[0226]
6050000,0000-0030,,EQA,HCJB Voice of Andes,COF,Cofan / Cofán,SAm,SAm,c,1,,[0724]
6050000,0030-0100,,EQA,HCJB Voice of Andes,WAO,Waodani/Waorani,SAm,SAm,c,1,,[0925]
6050000,0100-0130,Su-Mo,EQA,HCJB Voice of Andes,Q,Quechua,SAm,SAm,c,1,,
6050000,0100-0130,Tu-Sa,EQA,HCJB Voice of Andes,S,Spanish/Castellano,SAm,SAm,c,1,,[1225]
6050000,0130-0235,,EQA,HCJB Voice of Andes,Q,Quechua,SAm,SAm,c,1,,[0426]
6050000,0235-0500,,EQA,HCJB Voice of Andes,S,Spanish/Castellano,SAm,SAm,c,1,,[0826]
6050000,0300-0600,,CHN,Xizang RTV,M,Mandarin (Standard Chinese / Beijing dialect),CHN,CHN,t,1,,
6050000,0555-1000,,LBR,ELWA Radio,E,English,WAf,WAf,,1,,[0826]
6050000,0600-0900,We-Mo,CHN,Xizang RTV,M,Mandarin (Standard Chinese / Beijing dialect),CHN,CHN,t,1,,
6050000,0900-1000,We-Mo,CHN,Xizang RTV,M,Mandarin (Standard Chinese / Beijing dialect),CHN,CHN,t,1,,
6050000,0923-1100,,EQA,HCJB Voice of Andes,Q,Quechua,SAm,SAm,c,1,,[0726]
6050000,1000-1800,,CHN,Xizang RTV,M,Mandarin (Standard Chinese / Beijing dialect),CHN,CHN,t,1,,[0126]
6050000,1100-1403,,EQA,HCJB Voice of Andes,S,Spanish/Castellano,SAm,SAm,c,1,,[0324]
6050000,1200-1300,,CHN,China Radio Int.,MO,Mongolian,MNG,MNG,h,0,,
6050000,1300-1400,,CHN,China Radio Int.,R,Russian,Sib,Sib,h,0,,
6050000,1700-2232,,LBR,ELWA Radio,E,English,WAf,WAf,,1,,[0826]
6050000,2000-2100,We-Mo,CHN,Xizang RTV,M,Mandarin (Standard Chinese / Beijing dialect),CHN,CHN,t,1,,[0725]
6050000,2100-0300,,CHN,Xizang RTV,M,Mandarin (Standard Chinese / Beijing dialect),CHN,CHN,t,1,,[0725]
6050000,2100-2130,,EQA,HCJB Voice of Andes,S,Spanish/Castellano,SAm,SAm,c,1,,
6050000,2130-2200,,EQA,HCJB Voice of Andes,CHA,Cha'palaa / Chachi,SAm,SAm,c,1,,
6050000,2200-2330,,EQA,HCJB Voice of Andes,Q,Quechua,SAm,SAm,c,1,,
6050000,2330-2400,,EQA,HCJB Voice of Andes,SUA,Shuar,SAm,SAm,c,1,,
6055000,0000-0750,,J,Radio Nikkei 1,J,Japanese,FE,FE,c,1,,[1125]
6055000,0750-1500,,J,Radio Nikkei 1,J,Japanese,FE,FE,c,1,,[0626]
6055000,1030-1100,SaSu,D,Evang.Missionsgemeinden,D,German,Eu,Eu,n,2,,[0824]
6055000,1400-1500,,CHN,China Radio Int.,KH,Khmer,SEA,SEA,n,0,,
6055000,1430-1450,We,J,Radio Nikkei 1,E,English,FE,FE,c,1,,[0924]
6055000,1500-1530,Fr,J,Radio Nikkei 1,J,Japanese,FE,FE,c,1,,[1024]
6055000,2200-2300,Su-Th,J,Radio Nikkei 1,J,Japanese,FE,FE,c,1,,
6055000,2300-2400,Su-Th,J,Radio Nikkei 1,J,Japanese,FE,FE,c,1,,[0226]
6060000,1000-1100,,CHN,Sichuan Ethnic Radio,YI,Yi / Nosu,CHN,CHN,c,1,,
6060000,1100-1130,,CHN,Sichuan Ethnic Radio,KHA,"Kham / Khams, Eastern",CHN,CHN,c,1,,
6060000,1130-1200,,CHN,Sichuan Ethnic Radio,AMD,"Tibetan Amdo (Tibet, Qinghai, Gansu, Sichuan",CHN,CHN,c,1,,
6060000,1200-1515,,CHN,Sichuan Ethnic Radio,KHA,"Kham / Khams, Eastern",CHN,CHN,c,1,,[0225]
6060000,1600-1700,,CHN,China Radio Int.,E,English,SEA,SEA,k,0,,
6060000,1645-1900,,HOL,Radio Casanova,NL,Dutch,Eu,Eu,w,1,2707,[0726]
6060000,1700-1800,,CHN,China Radio Int.,E,English,SEA,SEA,k,0,,
6060000,2155-2300,,CHN,Sichuan Ethnic Radio,M,Mandarin (Standard Chinese / Beijing dialect),CHN,CHN,c,1,,[0625]
6060000,2300-2330,,CHN,Sichuan Ethnic Radio,AMD,"Tibetan Amdo (Tibet, Qinghai, Gansu, Sichuan",CHN,CHN,c,1,,
6060000,2330-0130,,CHN,Sichuan Ethnic Radio,KHA,"Kham / Khams, Eastern",CHN,CHN,c,1,,[0325]
6065000,0300-0400,,USA,Adventist World Radio,MSY,Malagasy,EAf,EAf,/MDG,0,,
6065000,1200-1605,,CHN,CNR 2 China Business R.,M,Mandarin (Standard Chinese / Beijing dialect),CHN,CHN,B,1,,[0825]
6065000,1500-1600,,USA,Adventist World Radio,MSY,Malagasy,EAf,EAf,/MDG,0,,
6065000,1950-2050,,J,Shiokaze,J,Japanese,KRE,KRE,y,6,1905,2206
6065000,1950-2050,,J,Shiokaze,J,Japanese,KRE,KRE,y,1,0108,
6065000,2055-2230,,CHN,CNR 2 China Business R.,M,Mandarin (Standard Chinese / Beijing dialect),CHN,CHN,B,5,,
6065000,2055-2330,,CHN,CNR 2 China Business R.,M,Mandarin (Standard Chinese / Beijing dialect),CHN,CHN,B,4,,[1225]
6070000,0000-2400,,CAN,"CFRX Toronto, CFRB 1010",E,English,NAm,NAm,t,1,,[0826]
6070000,0000-2400,,D,Channel 292,"D,E","German, English",Eu,Eu,r,1,,[0526]
6070000,0900-1000,Su,D,Radio DARC,D,German,Eu,Eu,/G-w,6,2704,1205
6070000,0900-1300,,KRE,Voice of Korea,J,Japanese,J,J,k,1,,[0726]
6070000,1300-1330,156,J,Shiokaze,J,Japanese,KRE,KRE,y,6,2306,0107
6070000,1300-1330,156,J,Shiokaze,J,Japanese,KRE,KRE,y,1,0108,
6070000,1300-1400,We,J,Shiokaze,E,English,KRE,KRE,y,6,2306,0107
6070000,1300-1400,Su,J,Shiokaze,J,Japanese,KRE,KRE,y,6,2306,0107
6070000,1300-1400,"Tu,Th",J,Shiokaze,K,Korean,KRE,KRE,y,6,2306,0107
6070000,1300-1400,We,J,Shiokaze,E,English,KRE,KRE,y,1,0108,
6070000,1300-1400,Su,J,Shiokaze,J,Japanese,KRE,KRE,y,1,0108,
6070000,1300-1400,"Tu,Th",J,Shiokaze,K,Korean,KRE,KRE,y,1,0108,
6070000,1330-1400,156,J,Shiokaze,K,Korean,KRE,KRE,y,6,2306,0107
6070000,1330-1400,156,J,Shiokaze,K,Korean,KRE,KRE,y,1,0108,
6070000,1705-1805,,J,Shiokaze,J,Japanese,KRE,KRE,y,6,0704,2604
6075000,0000-0100,,CHN,China Radio Int.,E,English,SAs,SAs,ka,0,,
6075000,0000-0600,,CHN,China National Radio 11,TB,Tibetan / Lhasa Tibetan,CHN,CHN,xg,5,,
6075000,0600-0700,Th-Tu,CHN,China National Radio 11,TB,Tibetan / Lhasa Tibetan,CHN,CHN,xg,5,,
6075000,0700-0800,Th-Tu,CHN,China National Radio 11,M,Mandarin (Standard Chinese / Beijing dialect),CHN,CHN,xg,5,,
6075000,0800-0900,Th-Tu,CHN,China National Radio 11,TB,Tibetan / Lhasa Tibetan,CHN,CHN,xg,5,,
6075000,0900-1100,,CHN,China National Radio 11,TB,Tibetan / Lhasa Tibetan,CHN,CHN,xg,5,,
6075000,1100-1300,,CHN,China National Radio 11,TB,Tibetan / Lhasa Tibetan,CHN,CHN,xg,5,,
6075000,1300-1605,,CHN,China National Radio 11,TB,Tibetan / Lhasa Tibetan,CHN,CHN,xg,5,,
6075000,1400-1500,,TWN,Radio Taiwan Int.,M,Mandarin (Standard Chinese / Beijing dialect),CHN,CHN,k,1,,
6075000,1400-1700,,CHN,China National Radio 1,M,Mandarin (Standard Chinese / Beijing dialect),FE,FE,qq,1,,[1125]
6075000,1500-1600,,TWN,Radio Taiwan Int.,M,Mandarin (Standard Chinese / Beijing dialect),CHN,CHN,k,1,,
6075000,1600-1700,,TWN,Radio Taiwan Int.,M,Mandarin (Standard Chinese / Beijing dialect),CHN,CHN,k,1,,
6075000,2200-2400,,CHN,China National Radio 1,M,Mandarin (Standard Chinese / Beijing dialect),FE,FE,b,1,,[1122]
6075000,2200-2400,,TWN,Radio Taiwan Int.,M,Mandarin (Standard Chinese / Beijing dialect),CHN,CHN,k,1,,
6080000,0935-1430,,CHN,PBS Hulun Buir,MO,Mongolian,CHN,CHN,ha,1,,[0822]
6080000,1055-1805,,CHN,China National Radio 1,M,Mandarin (Standard Chinese / Beijing dialect),CHN,CHN,q,5,,[0526]
6080000,1200-1805,,CHN,China National Radio 1,M,Mandarin (Standard Chinese / Beijing dialect),CHN,CHN,q,4,,[1221]
6080000,2023-0100,,CHN,China National Radio 1,M,Mandarin (Standard Chinese / Beijing dialect),CHN,CHN,q,4,,[0326]
6080000,2023-2400,,CHN,China National Radio 1,M,Mandarin (Standard Chinese / Beijing dialect),CHN,CHN,q,5,,[1019]
6080000,2150-0230,,CHN,PBS Hulun Buir,MO,Mongolian,CHN,CHN,ha,1,,[1119]
6085000,0700-1700,,E,Radio Mi Amigo,,,CEu,CEu,/D-k,2,,[0326]
6085000,1300-1330,156,J,Shiokaze,J,Japanese,KRE,KRE,y,6,2903,0604
6085000,1300-1400,We,J,Shiokaze,E,English,KRE,KRE,y,6,2903,0604
6085000,1300-1400,Su,J,Shiokaze,J,Japanese,KRE,KRE,y,6,2903,0604
6085000,1300-1400,"Tu,Th",J,Shiokaze,K,Korean,KRE,KRE,y,6,2903,0604
6085000,1330-1400,156,J,Shiokaze,K,Korean,KRE,KRE,y,6,2903,0604
6085000,1500-1600,,CHN,China Radio Int.,R,Russian,Sib,Sib,h,0,,
6090000,0100-0300,,CHN,CNR 2 China Business R.,M,Mandarin (Standard Chinese / Beijing dialect),CHN,CHN,q,4,,
6090000,0252-2100,,ETH,Amhara State Radio,AH,Amharic,EAf,EAf,j,1,,[1025]
6090000,0630-0700,"Tu,Th",USA,Voice of America,E,English,SEA,SEA,/THA-u,6,1606,2510
6090000,1000-1100,,CHN,CNR 2 China Business R.,M,Mandarin (Standard Chinese / Beijing dialect),CHN,CHN,q,4,,
6090000,1100-1605,,CHN,CNR 2 China Business R.,M,Mandarin (Standard Chinese / Beijing dialect),CHN,CHN,q,1,,[0820]
6090000,1405-1435,,J,Shiokaze,J,Japanese,KRE,KRE,y,6,0107,3107
6090000,1900-1930,,CHN,China Radio Int.,RO,Romanian,EEu,EEu,u,0,,
6090000,1930-2000,,CHN,China Radio Int.,RO,Romanian,EEu,EEu,u,0,,
6090000,2000-2100,,KOR,KBS World Radio,A,Arabic (300m),NAf,NAf,/G-w,0,,
6090000,2055-0100,,CHN,CNR 2 China Business R.,M,Mandarin (Standard Chinese / Beijing dialect),CHN,CHN,q,1,,[1023]
6095000,0800-0900,,D,Radio SE-TA2,D,German,Eu,Eu,n,6,0404,0404
6095000,0800-0900,1.Su,D,Welle 370,D,German,Eu,Eu,n,2,,[0825]
6095000,1100-1200,,KOR,KBS World Radio,M,Mandarin (Standard Chinese / Beijing dialect),CHN,CHN,k,1,,
6095000,1100-1200,2.Su,D,SM Radio Dessau,D,German,Eu,Eu,n,2,,[0626]
6095000,1200-1300,,KOR,KBS World Radio,M,Mandarin (Standard Chinese / Beijing dialect),CHN,CHN,k,1,,[0526]
6095000,1200-1300,10Oct,D,SM Radio Dessau,D,German,Eu,Eu,n,6,0104,1010
6095000,1300-1400,1May,D,SM Radio Dessau,D,German,Eu,Eu,n,6,0104,0105
6100000,1200-1300,,CHN,China Radio Int.,R,Russian,Sib,Sib,b,0,,
6100000,1300-1400,,CHN,China Radio Int.,MO,Mongolian,MNG,MNG,u,0,,
6100000,1500-1600,,CHN,China Radio Int.,R,Russian,CAs,CAs,q,0,,
6100000,1600-1700,,CHN,China Radio Int.,HI,Hindi,SAs,SAs,ka,0,,
6100000,1700-1730,SaSu,SWZ,Trans World Radio,YAO,Yao/Yawo,MOZ,MOZ,,1,,[0924]
6100000,1950-1800,,KRE,KCBS Pyongyang,K,Korean,KRE,KRE,k,1,,[0726]
6100000,2000-2200,,CHN,China Radio Int.,A,Arabic (300m),ME,ME,x,0,,
6105000,0900-1000,,TWN,Radio Taiwan Int.,HK,Hakka,FE,FE,k,1,,[0922]
6105000,1000-1100,,TWN,Radio Taiwan Int.,M,Mandarin (Standard Chinese / Beijing dialect),FE,FE,k,1,,[0526]
6105000,1000-1230,,CHN,China National Radio 1,M,Mandarin (Standard Chinese / Beijing dialect),CHN,CHN,qq,1,,[0526]
6105000,1100-1200,,TWN,Radio Taiwan Int.,M,Mandarin (Standard Chinese / Beijing dialect),FE,FE,k,1,,
6105000,1200-1230,,TWN,Radio Taiwan Int.,CA,Cantonese / Yue,FE,FE,k,1,,
6105000,1230-1300,,TWN,Radio Taiwan Int.,HK,Hakka,FE,FE,k,1,,
6105000,1300-1400,,CHN,China National Radio 1,M,Mandarin (Standard Chinese / Beijing dialect),CHN,CHN,qq,1,,
6105000,1300-1400,,TWN,Radio Taiwan Int.,M,Mandarin (Standard Chinese / Beijing dialect),FE,FE,k,1,,
6105000,1400-1500,,CHN,China Radio Int.,MO,Mongolian,MNG,MNG,h,0,,
6105000,2200-2400,,CHN,China National Radio 1,M,Mandarin (Standard Chinese / Beijing dialect),CHN,CHN,qq,1,,[0125]
6105000,2200-2400,,TWN,Radio Taiwan Int.,M,Mandarin (Standard Chinese / Beijing dialect),FE,FE,k,1,,
6110000,0200-0330,,CHN,Xizang RTV,TB,Tibetan / Lhasa Tibetan,CHN,CHN,t,1,,
6110000,0255-2101,,ETH,Fana Broadcasting Corp.,AH,Amharic,EAf,EAf,j,1,,[0826]
6110000,1100-1600,,CHN,Xizang RTV,TB,Tibetan / Lhasa Tibetan,CHN,CHN,t,1,,
6110000,1500-1530,,CLA,Nippon no Kaze,K,Korean,KRE,KRE,/TWN-s,5,,[0426]
6110000,1530-1600,,CLA,Nippon no Kaze,K,Korean,KRE,KRE,/TWN-s,5,,
6110000,1600-1630,,CLA,Furusato no Kaze,J,Japanese,KRE,KRE,/TWN-s,5,,
6110000,1600-1700,,CHN,Xizang RTV,E,English,CHN,CHN,t,1,,[1123]
6110000,1630-1700,,CLA,Nippon no Kaze,K,Korean,KRE,KRE,/TWN-s,5,,[0423]
6110000,1700-1730,,CLA,Furusato no Kaze,J,Japanese,KRE,KRE,/TWN-s,5,,
6110000,1700-1805,,CHN,Xizang RTV,TB,Tibetan / Lhasa Tibetan,CHN,CHN,t,1,,[0122]
6110000,1900-2000,,CHN,China Radio Int.,R,Russian,CAs,CAs,x,0,,
6110000,2050-0200,,CHN,Xizang RTV,TB,Tibetan / Lhasa Tibetan,CHN,CHN,t,1,,[0324]
6115000,0000-0800,,J,Radio Nikkei 2,J,Japanese,FE,FE,c,1,,[0226]
6115000,0000-2400,spur,B,Rádio Voz Missionária,P,Portuguese,B,B,cb,1,,[0525]
6115000,0750-0900,6Apr,D,Radio SE-TA2,D,German,Eu,Eu,ge,6,0404,0604
6115000,0800-1000,Mo-Fr,J,Radio Nikkei 2,J,Japanese,FE,FE,c,1,,[0826]
6115000,0800-1000,4May,D,Radio SE-TA2,D,German,Eu,Eu,ge,6,0404,0405
6115000,1000-1200,SaSu,D,Radio SE-TA2,D,German,Eu,Eu,ge,0,,
6115000,2300-2400,Su-Th,J,Radio Nikkei 2,J,Japanese,FE,FE,c,1,,
6120000,0000-2400,SaSu,FIN,Radio Blacksmith Knoll,FI,Finnish,NEu,NEu,pk,1,0804,[0526]
6120000,0200-0300,,CHN,PBS Xinjiang,UI,Uighur,CHN,CHN,uc,5,,
6120000,0530-0630,irr,F,TDF DIGITAL,F,French,Af,Af,i,0,,
6120000,1200-1400,,CHN,PBS Xinjiang,UI,Uighur,CHN,CHN,uc,1,,
6120000,1400-1800,,CHN,PBS Xinjiang,UI,Uighur,CHN,CHN,uc,1,,[0522]
6120000,2300-0200,,CHN,PBS Xinjiang,UI,Uighur,CHN,CHN,uc,5,,[0925]
6120000,2310-0300,,CHN,PBS Xinjiang,UI,Uighur,CHN,CHN,uc,4,,
6125000,1000-1805,,CHN,China National Radio 1,M,Mandarin (Standard Chinese / Beijing dialect),CHN,CHN,b,1,,
6125000,1000-1805,,CHN,China National Radio 1,M,Mandarin (Standard Chinese / Beijing dialect),CHN,CHN,s,4,,[1125]
6125000,1100-1805,,CHN,China National Radio 1,M,Mandarin (Standard Chinese / Beijing dialect),CHN,CHN,s,5,,[0924]
6125000,2023-2300,,CHN,China National Radio 1,M,Mandarin (Standard Chinese / Beijing dialect),CHN,CHN,b,1,,[1123]
6125000,2023-2300,,CHN,China National Radio 1,M,Mandarin (Standard Chinese / Beijing dialect),CHN,CHN,s,5,,[1019]
6125000,2023-2400,,CHN,China National Radio 1,M,Mandarin (Standard Chinese / Beijing dialect),CHN,CHN,s,4,,[1123]
6130000,0000-2400,,HOL,Radio Europa,NL,Dutch,WEu,WEu,a,1,,[0726]
6130000,0200-0700,,CHN,Xizang RTV,TB,Tibetan / Lhasa Tibetan,CHN,CHN,t,1,,
6130000,0700-0800,We-Mo,CHN,Xizang RTV,E,English,CHN,CHN,t,1,,
6130000,0800-1000,We-Mo,CHN,Xizang RTV,TB,Tibetan / Lhasa Tibetan,CHN,CHN,t,1,,
6130000,1000-1600,,CHN,Xizang RTV,TB,Tibetan / Lhasa Tibetan,CHN,CHN,t,1,,[1221]
6130000,1600-1700,,CHN,Xizang RTV,E,English,CHN,CHN,t,1,,[1123]
6130000,1700-1805,,CHN,Xizang RTV,TB,Tibetan / Lhasa Tibetan,CHN,CHN,t,1,,[0122]
6130000,2050-0200,,CHN,Xizang RTV,TB,Tibetan / Lhasa Tibetan,CHN,CHN,t,1,,[0325]
6135000,0000-2400,irr,B,Rádio Scalla FM,P,Portuguese,B,B,xx,1,,[0425]
6135000,0530-0600,,G,BBC,HA,Haussa,WAf,WAf,/ASC,0,,
6135000,1651-1758,,NZL,RNZ Pacific,E,English,Oc,Oc,r,6,0505,2510
6135000,1710-1720,Mo-Fr,NZL,RNZ Pacific,COK,Cook Islands Maori / Rarotongan,Oc,Oc,r,6,0505,2510
6140000,0500-1500,,SUI,Radio Gloria,D,German,Eu,Eu,/LUX-j,2,,[0826]
6140000,1330-1400,,SVK,Radio Slovakia Int.,D,German,Eu,Eu,/LUX-j,2,,[0326]
6140000,1500-2200,,BEL,Radio Onda,F,French,Eu,Eu,/LUX-j,1,,[0426]
6140000,1630-1700,,SVK,Radio Slovakia Int.,E,English,Eu,Eu,/LUX-j,2,,[0826]
6140000,1700-1730,,SVK,Radio Slovakia Int.,F,French,Eu,Eu,/LUX-j,2,,[0826]
6140000,1700-1800,,CHN,China Radio Int.,E,English,SAs,SAs,ka,0,,
6140000,1800-2000,,CTI,Radio Augusta Int.,E,English,WEu,WEu,/LUX-j,2,,[0826]
6140000,1950-1400,,KRE,KCBS DIGITAL,K,Korean,KRE,KRE,p,1,,[0226]
6140000,2200-2300,,CHN,China Radio Int.,M,Mandarin (Standard Chinese / Beijing dialect),SEA,SEA,k,0,,
6140000,2300-2400,,CHN,China Radio Int.,CA,Cantonese / Yue,SEA,SEA,k,0,,
6145000,0600-0900,We-Mo,CHN,PBS Qinghai,M,Mandarin (Standard Chinese / Beijing dialect),CHN,CHN,xg,1,,[1220]
6145000,0900-1600,,CHN,PBS Qinghai,M,Mandarin (Standard Chinese / Beijing dialect),CHN,CHN,xg,1,,[0423]
6145000,1100-1300,,BOL,Radio Betania,S,Spanish/Castellano,BOL,BOL,si,1,2004,
6145000,1400-1500,,TWN,Radio Taiwan Int.,M,Mandarin (Standard Chinese / Beijing dialect),CHN,CHN,k,1,,
6145000,1400-1700,,CHN,China National Radio 1,M,Mandarin (Standard Chinese / Beijing dialect),CHN,CHN,a,1,,[1125]
6145000,1500-1600,,TWN,Radio Taiwan Int.,M,Mandarin (Standard Chinese / Beijing dialect),CHN,CHN,k,1,,
6145000,1500-1805,,CHN,China National Radio 17,KZ,Kazakh,CHN,CHN,L,4,,
6145000,1520-1530,Mo-Fr,CHN,China National Radio 17,"E,R","English, Russian",CHN,CHN,L,4,,
6145000,1600-1700,,TWN,Radio Taiwan Int.,M,Mandarin (Standard Chinese / Beijing dialect),CHN,CHN,k,1,,
6145000,1720-1730,Mo-Fr,CHN,China National Radio 17,"E,R","English, Russian",CHN,CHN,L,4,,[0321]
6145000,1900-2000,,KOR,KBS World Radio,F,French,Eu,Eu,/G-w,0,,
6145000,2100-2300,,BOL,Radio Betania,S,Spanish/Castellano,BOL,BOL,si,1,2004,
6145000,2200-0600,,CHN,PBS Qinghai,M,Mandarin (Standard Chinese / Beijing dialect),CHN,CHN,xg,1,,[0125]
6150000,0400-0600,irr,D,Europa24,D,German,Eu,Eu,dt,2,,[0725]
6150000,0600-1600,,D,Europa24,D,German,Eu,Eu,dt,5,,[0625]
6150000,0700-1500,,D,Europa24,D,German,Eu,Eu,dt,4,,[0226]
6150000,1100-1200,,CHN,CNR1 Jammer/Firedrake,M,Mandarin (Standard Chinese / Beijing dialect),FE,FE,a,1,,[0626]
6150000,1100-1200,,TWN,Radio Taiwan Int.,M,Mandarin (Standard Chinese / Beijing dialect),FE,FE,k,1,,[0626]
6150000,1200-1300,,TWN,Radio Taiwan Int.,AM,Amoy,FE,FE,k,1,,[0525]
6150000,1700-1800,,G,BBC,DR,Dari / Eastern Farsi,AFG,AFG,/OMA-a,0,,
6150000,1800-1900,,G,BBC,PS,Pashto / Pushtu,AFG,AFG,/OMA-a,0,,
6150100,0000-2400,,B,Rádio Saturno,P,Portuguese,B,B,bh,1,,[0826]
6155000,0800-0900,,KOR,KBS World Radio,J,Japanese,FE,FE,k,1,,[1125]
6155000,0900-1000,,KOR,KBS World Radio,J,Japanese,FE,FE,k,1,,[0726]
6155000,1400-1500,,CHN,China Radio Int.,R,Russian,CAs,CAs,q,0,,
6155000,1500-1600,,CHN,China Radio Int.,M,Mandarin (Standard Chinese / Beijing dialect),SEA,SEA,b,0,,
6155000,1630-1700,,CLA,Nippon no Kaze,K,Korean,KRE,KRE,/TWN-s,4,,[0226]
6155000,1700-1730,,CLA,Furusato no Kaze,J,Japanese,KRE,KRE,/TWN-s,4,,[0126]
6155000,2055-0100,,CHN,CNR 2 China Business R.,M,Mandarin (Standard Chinese / Beijing dialect),CHN,CHN,B,4,,[1122]
6160000,0000-0100,Sa,USA,WBCQ The Planet,E,English,NAm,NAm,q,1,,[0526]
6160000,0700-1500,Fr-Su,D,Shortwave Radio Gold,"D,E","German, English",WEu,WEu,wa,5,,
6160000,0800-1600,Mo-Fr,D,Shortwave Radio Gold,"D,E","German, English",WEu,WEu,wa,4,,[0126]
6160000,0800-1600,SaSu,D,Shortwave Radio Gold,"D,E","German, English",WEu,WEu,wa,4,,[0226]
6160000,1500-2200,,D,Shortwave Radio Gold,"D,E","German, English",WEu,WEu,wa,5,,[0726]
6160000,1600-1800,,D,Shortwave Radio Gold,"D,E","German, English",WEu,WEu,wa,4,,
6160000,1600-2400,,USA,WBCQ The Planet,E,English,NAm,NAm,q,1,0407,[0726]
6160000,2300-2400,,CHN,China Radio Int.,E,English,SAs,SAs,ka,0,,
6165000,0000-0100,,CHN,China National Radio 6,AM,Amoy,TWN,TWN,B,1,,
6165000,0300-0400,,TUR,Voice of Turkey,E,English,ME,ME,e,0,,
6165000,0430-0450,,J,NHK Radio Japan,R,Russian,EEu,EEu,/D-n,0,,
6165000,0900-1100,,CHN,China National Radio 6,HK,Hakka,TWN,TWN,B,1,,
6165000,1100-1200,,CHN,China National Radio 6,M,Mandarin (Standard Chinese / Beijing dialect),TWN,TWN,B,1,,[1025]
6165000,1200-1605,,CHN,China National Radio 6,M,Mandarin (Standard Chinese / Beijing dialect),TWN,TWN,B,1,,[0126]
6165000,1300-1330,156,J,Shiokaze,J,Japanese,KRE,KRE,y,6,0704,2604
6165000,1300-1330,156,J,Shiokaze,J,Japanese,KRE,KRE,y,6,0207,3107
6165000,1300-1400,We,J,Shiokaze,E,English,KRE,KRE,y,6,0704,2604
6165000,1300-1400,Su,J,Shiokaze,J,Japanese,KRE,KRE,y,6,0704,2604
6165000,1300-1400,"Tu,Th",J,Shiokaze,K,Korean,KRE,KRE,y,6,0704,2604
6165000,1300-1400,We,J,Shiokaze,E,English,KRE,KRE,y,6,0207,3107
6165000,1300-1400,Su,J,Shiokaze,J,Japanese,KRE,KRE,y,6,0207,3107
6165000,1300-1400,"Tu,Th",J,Shiokaze,K,Korean,KRE,KRE,y,6,0207,3107
6165000,1330-1400,156,J,Shiokaze,K,Korean,KRE,KRE,y,6,0704,2604
6165000,1330-1400,156,J,Shiokaze,K,Korean,KRE,KRE,y,6,0207,3107
6165000,1600-1630,156,J,Shiokaze,J,Japanese,KRE,KRE,y,6,2704,0206
6165000,1600-1630,156,J,Shiokaze,J,Japanese,KRE,KRE,y,1,0108,
6165000,1600-1700,,CHN,China Radio Int.,TU,Turkish,ME,ME,u,0,,
6165000,1600-1700,We,J,Shiokaze,E,English,KRE,KRE,y,6,2704,0206
6165000,1600-1700,Su,J,Shiokaze,J,Japanese,KRE,KRE,y,6,2704,0206
6165000,1600-1700,"Tu,Th",J,Shiokaze,K,Korean,KRE,KRE,y,6,2704,0206
6165000,1600-1700,We,J,Shiokaze,E,English,KRE,KRE,y,1,0108,
6165000,1600-1700,Su,J,Shiokaze,J,Japanese,KRE,KRE,y,1,0108,
6165000,1600-1700,"Tu,Th",J,Shiokaze,K,Korean,KRE,KRE,y,1,0108,
6165000,1630-1700,156,J,Shiokaze,K,Korean,KRE,KRE,y,6,2704,0206
6165000,1630-1700,156,J,Shiokaze,K,Korean,KRE,KRE,y,1,0108,
6165000,1700-1800,,CHN,China Radio Int.,E,English,ME,ME,b,0,,
6165000,2155-2400,,CHN,China National Radio 6,AM,Amoy,TWN,TWN,B,1,,
6170000,0000-1800,1.Sa,FIN,Scandinavian Weekend R.,FI,Finnish,Eu,Eu,v,5,,
6170000,0000-1900,1.Sa,FIN,Scandinavian Weekend R.,FI,Finnish,Eu,Eu,v,4,,[1123]
6170000,1000-1100,,KRE,Voice of Korea,E,English,LAm,LAm,u,4,,[1223]
6170000,1100-1200,,KRE,Voice of Korea,F,French,LAm,LAm,u,4,,[0224]
6170000,1200-1250,,KRE,Voice of Korea KCBS,K,Korean,LAm,LAm,u,4,,[1025]
6170000,1400-1600,,KRE,Voice of Korea,R,Russian,Eu,Eu,u,4,,[0226]
6170000,1600-1700,,KRE,Voice of Korea,D,German,Eu,Eu,u,4,,[1123]
6170000,1700-1800,,KRE,Voice of Korea,R,Russian,Eu,Eu,u,4,,[1222]
6170000,1800-1900,,KRE,Voice of Korea,D,German,Eu,Eu,u,4,,[0125]
6170000,1800-2100,1.Sa,FIN,Scandinavian Weekend R.,FI,Finnish,Eu,Eu,v,2,,[0625]
6170000,1900-2000,,KRE,Voice of Korea,D,German,Eu,Eu,u,4,,[0326]
6170000,1950-2050,,J,Shiokaze,J,Japanese,KRE,KRE,y,6,2903,0604
6170000,2000-2050,,KRE,Voice of Korea KCBS,K,Korean,Eu,Eu,u,4,,[1123]
6170000,2100-2400,1.Fr,FIN,Scandinavian Weekend R.,FI,Finnish,Eu,Eu,v,5,,
6170000,2200-2400,1.Fr,FIN,Scandinavian Weekend R.,FI,Finnish,Eu,Eu,v,4,,[0324]
6175000,1420-1435,Su,SWZ,Trans World Radio,SGA,Shangaan/Tsonga,MOZ,MOZ,,1,,
6175000,1435-1450,Su,SWZ,Trans World Radio,P,Portuguese,MOZ,MOZ,,1,,
6175000,1600-1700,,CHN,China Radio Int.,E,English,SEA,SEA,n,0,,
6175000,1700-1800,,CHN,China Radio Int.,E,English,SEA,SEA,n,0,,
6175000,1950-2050,,J,Shiokaze,J,Japanese,KRE,KRE,y,6,0107,3107
6180000,0000-0100,,CHN,China Radio Int.,E,English,SAs,SAs,ka,0,,
6180000,0000-0300,Tu-Sa,B,Rádio Nacional Amazônia,P,Portuguese,B,B,b,1,0107,
6180000,0100-0200,,CHN,China Radio Int.,E,English,SAs,SAs,ka,0,,
6180000,0150-0155,Tu-Sa,B,Rádio Nacional Amazônia,E,English,B,B,b,6,2903,3006[1225]
6180000,0155-0200,Tu-Sa,B,Rádio Nacional Amazônia,S,Spanish/Castellano,B,B,b,6,2903,3006
6180000,0200-0300,,CHN,China Radio Int.,R,Russian,CAs,CAs,ka,0,,
6180000,0300-0400,,CHN,China Radio Int.,R,Russian,CAs,CAs,ka,0,,
6180000,0400-0500,,CHN,China Radio Int.,R,Russian,CAs,CAs,ka,0,,
6180000,0500-0530,Mo-Sa,USA,Global Talk America,HA,Haussa,WAf,WAf,/ASC,6,2903,0107
6180000,0600-0630,,D,DWD Pinneberg,D,German,Eu,Eu,pi,1,,[0426]
6180000,0625-0207,,B,Rádio Nacional Amazônia,P,Portuguese,B,B,b,6,2903,3006[0526]
6180000,0750-0755,Mo-Fr,B,Rádio Nacional Amazônia,E,English,B,B,b,6,2903,3006[0426]
6180000,0755-0800,Mo-Fr,B,Rádio Nacional Amazônia,S,Spanish/Castellano,B,B,b,6,2903,3006[0226]
6180000,1000-1100,,TWN,Radio Taiwan Int.,M,Mandarin (Standard Chinese / Beijing dialect),CHN,CHN,s,4,,
6180000,1000-1600,,CHN,CNR1 Jammer/Firedrake,M,Mandarin (Standard Chinese / Beijing dialect),FE,FE,f,1,,[1125]
6180000,1020-1025,Mo-Fr,B,Rádio Nacional Amazônia,E,English,B,B,b,6,2903,3006
6180000,1025-1030,Mo-Fr,B,Rádio Nacional Amazônia,S,Spanish/Castellano,B,B,b,6,2903,3006
6180000,1100-1200,,TWN,Radio Taiwan Int.,M,Mandarin (Standard Chinese / Beijing dialect),CHN,CHN,s,1,,[1222]
6180000,1200-1230,,D,DWD Pinneberg,D,German,Eu,Eu,pi,1,,[0525]
6180000,1200-1300,,TWN,Radio Taiwan Int.,M,Mandarin (Standard Chinese / Beijing dialect),CHN,CHN,s,1,,
6180000,1200-1500,,CHN,China National Radio 17,KZ,Kazakh,CHN,CHN,L,4,,[0119]
6180000,1220-1232,SaSu,CHN,China National Radio 17,"E,R","English, Russian",CHN,CHN,L,4,,
6180000,1300-1400,,TWN,Radio Taiwan Int.,M,Mandarin (Standard Chinese / Beijing dialect),CHN,CHN,s,1,,
6180000,1400-1500,,TWN,Radio Taiwan Int.,M,Mandarin (Standard Chinese / Beijing dialect),CHN,CHN,s,1,,
6180000,1500-1600,,TWN,Radio Taiwan Int.,M,Mandarin (Standard Chinese / Beijing dialect),CHN,CHN,s,1,,[1125]
6180000,1600-1630,,D,DWD Pinneberg,D,German,Eu,Eu,pi,1,,[0826]
6180000,2000-2030,,D,DWD Pinneberg,D,German,Eu,Eu,pi,1,,[0726]
6180000,2000-2400,Mo-Fr,B,Rádio Nacional Amazônia,P,Portuguese,B,B,b,1,0107,[0826]
6180000,2300-2400,,CHN,China Radio Int.,E,English,SAs,SAs,ka,0,,
6185000,0943-1200,,CHN,China Huayi BC,M,Mandarin (Standard Chinese / Beijing dialect),TWN,TWN,f,1,,[0826]
6185000,1000-1100,,KRE,Voice of Korea,E,English,SEA,SEA,u,4,,[1222]
6185000,1100-1200,,KRE,Voice of Korea,F,French,SEA,SEA,u,4,,[0324]
6185000,1200-1250,,KRE,Voice of Korea KCBS,K,Korean,SEA,SEA,u,4,,[1025]
6185000,1300-1400,,KRE,Voice of Korea,M,Mandarin (Standard Chinese / Beijing dialect),SEA,SEA,u,4,,[0324]
6185000,1400-1450,,KRE,Voice of Korea KCBS,K,Korean,SEA,SEA,u,4,,[0226]
6185000,1950-2050,,J,Shiokaze,J,Japanese,KRE,KRE,y,6,2903,0604
6185000,2200-1200,,MEX,Radio Educación,S,Spanish/Castellano,CAm,CAm,e,1,,[0826]
6190000,1200-1800,,CHN,PBS Xinjiang,MO,Mongolian,CHN,CHN,uc,1,,[1025]
6190000,2055-2400,,CHN,CNR 2 China Business R.,M,Mandarin (Standard Chinese / Beijing dialect),CHN,CHN,q,1,,[1023]
6190000,2300-0330,,CHN,PBS Xinjiang,MO,Mongolian,CHN,CHN,uc,5,,[1025]
6190000,2315-0330,,CHN,PBS Xinjiang,MO,Mongolian,CHN,CHN,uc,4,,[0126]
6195000,0030-0100,,G,BBC,DR,Dari / Eastern Farsi,AFG,AFG,/OMA-a,0,,
6195000,0100-0130,,G,BBC,PS,Pashto / Pushtu,AFG,AFG,/OMA-a,0,,
6195000,0130-0200,,G,BBC,DR,Dari / Eastern Farsi,AFG,AFG,/OMA-a,0,,
6195000,0900-1000,7Apr,D,Radio SE-TA2 DIGITAL,D,German,Eu,Eu,wh,6,0404,0704
6195000,0900-1500,,D,Radio SE-TA2 DIGITAL,D,German,Eu,Eu,wh,6,0505,0605
6195000,0900-1500,,D,Radio SE-TA2 DIGITAL,D,German,Eu,Eu,wh,6,0607,0607
6200000,0000-2400,irr,B,"Radio Âncora, Bahia",P,Portuguese,B,B,xx,1,,[0426]
6200000,0200-0700,,CHN,Xizang RTV,TB,Tibetan / Lhasa Tibetan,CHN,CHN,t,1,,
6200000,0700-0800,We-Mo,CHN,Xizang RTV,E,English,CHN,CHN,t,1,,[0525]
6200000,0800-1000,We-Mo,CHN,Xizang RTV,TB,Tibetan / Lhasa Tibetan,CHN,CHN,t,1,,[1220]
6200000,1000-1600,,CHN,Xizang RTV,TB,Tibetan / Lhasa Tibetan,CHN,CHN,t,1,,[1125]
6200000,1241-1241,,CHN,Voice of Jinling,C,Chinese (not further specified),TWN,TWN,nj,1,,[1125]
6200000,1242-1505,,CHN,Voice of Jinling,C,Chinese (not further specified),TWN,TWN,nj,1,,[0426]
6200000,1600-1700,,CHN,Xizang RTV,E,English,CHN,CHN,t,1,,[1124]
6200000,1700-1805,,CHN,Xizang RTV,TB,Tibetan / Lhasa Tibetan,CHN,CHN,t,1,,[0122]
6200000,2050-0200,,CHN,Xizang RTV,TB,Tibetan / Lhasa Tibetan,CHN,CHN,t,1,,[1225]
6215000,0000-2400,,CAN,VFF Iqaluit Radio,E,English,NAm,NAm,i,1,1505,2012
6218600,0000-2400,,CAN,VFF Iqaluit Radio,E,English,NAm,NAm,hr,1,1505,3110
6218600,0000-2400,,CAN,VFF Iqaluit Radio,E,English,NAm,NAm,in,1,1505,3110
6218600,0115-0200,,CAN,VFF Iqaluit Radio,E,English,NAm,NAm,in,1,1505,3110
6218600,0235-0300,,CAN,VFF Iqaluit Radio,E,English,NAm,NAm,in,1,1505,3110[1019]
6218600,1315-1400,,CAN,VFF Iqaluit Radio,E,English,NAm,NAm,in,1,1505,3110[0624]
6218600,1435-1500,,CAN,VFF Iqaluit Radio,E,English,NAm,NAm,in,1,1505,3110
6218600,1705-1745,,CAN,VFF Iqaluit Radio,E,English,NAm,NAm,in,1,1505,3110
6224000,0003-0040,,NZL,ZLM Taupo Maritime R.,E,English,Oc,Oc,t,5,,
6224000,0133-0210,,NZL,ZLM Taupo Maritime R.,E,English,Oc,Oc,t,3,,
6224000,0303-0340,,NZL,ZLM Taupo Maritime R.,E,English,Oc,Oc,t,1,,
6224000,0533-0610,,NZL,ZLM Taupo Maritime R.,E,English,Oc,Oc,t,3,,[0423]
6224000,0803-0840,,NZL,ZLM Taupo Maritime R.,E,English,Oc,Oc,t,3,,[0220]
6224000,0903-0940,,NZL,ZLM Taupo Maritime R.,E,English,Oc,Oc,t,1,,[0626]
6224000,1333-1418,,NZL,ZLM Taupo Maritime R.,E,English,Oc,Oc,t,3,,[0624]
6224000,1503-1540,,NZL,ZLM Taupo Maritime R.,E,English,Oc,Oc,t,1,,[0215]
6224000,1733-1810,,NZL,ZLM Taupo Maritime R.,E,English,Oc,Oc,t,3,,
6224000,2003-2040,,NZL,ZLM Taupo Maritime R.,E,English,Oc,Oc,t,3,,
6224000,2103-2145,,NZL,ZLM Taupo Maritime R.,E,English,Oc,Oc,t,1,,
6224000,2303-2340,,NZL,ZLM Taupo Maritime R.,E,English,Oc,Oc,t,4,,
6230000,0000-0100,,TWN,Sound of Hope,M,Mandarin (Standard Chinese / Beijing dialect),FE,FE,,1,,
6230000,0000-2400,,CHN,CNR1 Jammer/Firedrake,M,Mandarin (Standard Chinese / Beijing dialect),CHN,CHN,,1,,[0526]
6230000,0100-0200,,TWN,Sound of Hope,M,Mandarin (Standard Chinese / Beijing dialect),FE,FE,,1,,
6230000,0200-1200,,TWN,Sound of Hope,M,Mandarin (Standard Chinese / Beijing dialect),FE,FE,,1,,[0526]
6230000,1000-2300,,AUS,VMW Wiluna WA,E,English,AUS,AUS,w,1,,[0626]
6230000,1200-1300,,TWN,Sound of Hope,M,Mandarin (Standard Chinese / Beijing dialect),FE,FE,,1,,[0822]
6230000,1300-1400,,TWN,Sound of Hope,M,Mandarin (Standard Chinese / Beijing dialect),FE,FE,,1,,[0324]
6230000,1400-1500,,TWN,Sound of Hope,M,Mandarin (Standard Chinese / Beijing dialect),FE,FE,,1,,[1123]
6230000,1500-1600,,TWN,Sound of Hope,CA,Cantonese / Yue,FE,FE,,1,,[0125]
6230000,1600-1700,,TWN,Sound of Hope,M,Mandarin (Standard Chinese / Beijing dialect),FE,FE,,1,,[1225]
6230000,1700-2000,,TWN,Sound of Hope,M,Mandarin (Standard Chinese / Beijing dialect),FE,FE,,1,,[0224]
6230000,2000-2100,,TWN,Sound of Hope,M,Mandarin (Standard Chinese / Beijing dialect),FE,FE,,1,,
6230000,2100-2130,,TWN,Sound of Hope,M,Mandarin (Standard Chinese / Beijing dialect),FE,FE,,1,,[0521]
6230000,2130-2200,,TWN,Sound of Hope,M,Mandarin (Standard Chinese / Beijing dialect),FE,FE,,1,,[1022]
6230000,2200-2300,,TWN,Sound of Hope,M,Mandarin (Standard Chinese / Beijing dialect),FE,FE,,1,,[1223]
6230000,2300-2400,,TWN,Sound of Hope,M,Mandarin (Standard Chinese / Beijing dialect),FE,FE,,1,,[0223]
6252000,0915-0925,"Mo,Fr",POL,S11a Polish Spy Numbers,R,Russian,,,p,1,0111,2802[0124]
6265000,0000-2400,irr,B,Rádio Tury,P,Portuguese,B,B,xx,1,,
6268000,0000-2400,,CAN,VFF Iqaluit Radio,-TY,Teletype or other digital Station (RTTY/SITOR/..),NAm,NAm,i,1,1505,2012
6280000,0000-0100,,TWN,Sound of Hope,M,Mandarin (Standard Chinese / Beijing dialect),FE,FE,,1,,
6280000,0000-2400,,CHN,CNR1 Jammer/Firedrake,M,Mandarin (Standard Chinese / Beijing dialect),CHN,CHN,,1,,[0925]
6280000,0100-0200,,TWN,Sound of Hope,M,Mandarin (Standard Chinese / Beijing dialect),FE,FE,,1,,
6280000,0200-1200,,TWN,Sound of Hope,M,Mandarin (Standard Chinese / Beijing dialect),FE,FE,,1,,[0626]
6280000,1200-1300,,TWN,Sound of Hope,M,Mandarin (Standard Chinese / Beijing dialect),FE,FE,,1,,[0922]
6280000,1300-1400,,TWN,Sound of Hope,M,Mandarin (Standard Chinese / Beijing dialect),FE,FE,,1,,[0624]
6280000,1400-1500,,TWN,Sound of Hope,M,Mandarin (Standard Chinese / Beijing dialect),FE,FE,,1,,[0925]
6280000,1500-1600,,TWN,Sound of Hope,M,Mandarin (Standard Chinese / Beijing dialect),FE,FE,,1,,
6280000,1600-1700,,TWN,Sound of Hope,M,Mandarin (Standard Chinese / Beijing dialect),FE,FE,,1,,[0525]
6280000,1700-2000,,TWN,Sound of Hope,M,Mandarin (Standard Chinese / Beijing dialect),FE,FE,,1,,[0626]
6280000,2000-2100,,TWN,Sound of Hope,M,Mandarin (Standard Chinese / Beijing dialect),FE,FE,,1,,[0725]
6280000,2100-2130,,TWN,Sound of Hope,M,Mandarin (Standard Chinese / Beijing dialect),FE,FE,,1,,[0526]
6280000,2130-2200,,TWN,Sound of Hope,M,Mandarin (Standard Chinese / Beijing dialect),FE,FE,,1,,
6280000,2200-2300,,TWN,Sound of Hope,M,Mandarin (Standard Chinese / Beijing dialect),FE,FE,,1,,
6280000,2300-2400,,TWN,Sound of Hope,M,Mandarin (Standard Chinese / Beijing dialect),FE,FE,,1,,
6312000,0000-2400,,CAN,VFF Iqaluit Radio,-TY,Teletype or other digital Station (RTTY/SITOR/..),NAm,NAm,i,1,1505,2012
6314000,0140-0150,,USA,NMF NAVTEX Boston MA,,,ENA,ENA,bo,1,,[0721]
6315500,0000-2400,,CHN,XSV Tianjin Radio,-TY,Teletype or other digital Station (RTTY/SITOR/..),FE,FE,tj,1,,
6316500,0000-2400,,CHN,XSV Tianjin Radio,-TY,Teletype or other digital Station (RTTY/SITOR/..),FE,FE,tj,1,,
6321500,0000-2400,,GRC,SVO Olimpia Radio,-CW,Morse Station,SEu,SEu,o,1,,[0920]
6326000,0000-2400,,CHN,XSG Shanghai Radio,-TY,Teletype or other digital Station (RTTY/SITOR/..),FE,FE,sh,1,,[0321]
6328500,0330-0355,,RUS,RBW Murmansk Meteo Fax,,,NEu,NEu,mm,1,,[1220]
6328500,1030-1055,,RUS,RBW Murmansk Meteo Fax,,,NEu,NEu,mm,1,,[1220]
6328500,1330-1355,,RUS,RBW Murmansk Meteo Fax,,,NEu,NEu,mm,1,,[0121]
6328500,1445-1510,,RUS,RBW Murmansk Meteo Fax,,,NEu,NEu,mm,1,,[1220]
6328500,2000-2025,,RUS,RBW Murmansk Meteo Fax,,,NEu,NEu,mm,1,,
6340200,0000-0100,,TWN,Sound of Hope,M,Mandarin (Standard Chinese / Beijing dialect),FE,FE,,1,,
6340200,0100-0200,,TWN,Sound of Hope,M,Mandarin (Standard Chinese / Beijing dialect),FE,FE,,1,,
6340200,0200-1200,,TWN,Sound of Hope,M,Mandarin (Standard Chinese / Beijing dialect),FE,FE,,1,,[1224]
6340200,1200-1300,,TWN,Sound of Hope,M,Mandarin (Standard Chinese / Beijing dialect),FE,FE,,1,,[0822]
6340200,1300-1400,,TWN,Sound of Hope,M,Mandarin (Standard Chinese / Beijing dialect),FE,FE,,1,,[0324]
6340200,1400-1500,,TWN,Sound of Hope,M,Mandarin (Standard Chinese / Beijing dialect),FE,FE,,1,,[1123]
6340200,1500-1600,,TWN,Sound of Hope,M,Mandarin (Standard Chinese / Beijing dialect),FE,FE,,1,,[0125]
6340200,1600-1700,,TWN,Sound of Hope,M,Mandarin (Standard Chinese / Beijing dialect),FE,FE,,1,,[1124]
6340200,2100-2130,,TWN,Sound of Hope,M,Mandarin (Standard Chinese / Beijing dialect),FE,FE,,1,,[0824]
6340200,2130-2200,,TWN,Sound of Hope,M,Mandarin (Standard Chinese / Beijing dialect),FE,FE,,1,,
6340200,2200-2300,,TWN,Sound of Hope,M,Mandarin (Standard Chinese / Beijing dialect),FE,FE,,1,,[1223]
6340200,2300-2400,,TWN,Sound of Hope,M,Mandarin (Standard Chinese / Beijing dialect),FE,FE,,1,,[0223]
6340500,0230-0505,,USA,NMF Fax Boston MA,,,ENA,ENA,bo,1,,[0226]
6340500,0745-1040,,USA,NMF Fax Boston MA,,,ENA,ENA,bo,1,,[0318]
6340500,1400-1600,,USA,NMF Fax Boston MA,,,ENA,ENA,bo,1,,
6340500,1720-2251,,USA,NMF Fax Boston MA,,,ENA,ENA,bo,1,,[0425]
6370000,0000-0100,,TWN,Sound of Hope,M,Mandarin (Standard Chinese / Beijing dialect),FE,FE,,1,,
6370000,0000-2400,,CHN,CNR1 Jammer/Firedrake,M,Mandarin (Standard Chinese / Beijing dialect),CHN,CHN,,1,,[0520]
6370000,0100-0200,,TWN,Sound of Hope,M,Mandarin (Standard Chinese / Beijing dialect),FE,FE,,1,,
6370000,0200-1200,,TWN,Sound of Hope,M,Mandarin (Standard Chinese / Beijing dialect),FE,FE,,1,,[0925]
6370000,1200-1300,,TWN,Sound of Hope,M,Mandarin (Standard Chinese / Beijing dialect),FE,FE,,1,,[0822]
6370000,1300-1400,,TWN,Sound of Hope,M,Mandarin (Standard Chinese / Beijing dialect),FE,FE,,1,,
6370000,1400-1500,,TWN,Sound of Hope,M,Mandarin (Standard Chinese / Beijing dialect),FE,FE,,1,,[1123]
6370000,1500-1600,,TWN,Sound of Hope,CA,Cantonese / Yue,FE,FE,,1,,[0125]
6370000,1600-1700,,TWN,Sound of Hope,M,Mandarin (Standard Chinese / Beijing dialect),FE,FE,,1,,[0525]
6370000,1700-2000,,TWN,Sound of Hope,M,Mandarin (Standard Chinese / Beijing dialect),FE,FE,,1,,[0626]
6370000,2000-2100,,TWN,Sound of Hope,M,Mandarin (Standard Chinese / Beijing dialect),FE,FE,,1,,[0626]
6370000,2100-2130,,TWN,Sound of Hope,M,Mandarin (Standard Chinese / Beijing dialect),FE,FE,,1,,
6370000,2130-2200,,TWN,Sound of Hope,M,Mandarin (Standard Chinese / Beijing dialect),FE,FE,,1,,[0925]
6370000,2200-2300,,TWN,Sound of Hope,M,Mandarin (Standard Chinese / Beijing dialect),FE,FE,,1,,[0126]
6370000,2300-2400,,TWN,Sound of Hope,M,Mandarin (Standard Chinese / Beijing dialect),FE,FE,,1,,[1223]
6400000,1900-2100,,HOL,Free Radio Sce Holland,E,English,Eu,Eu,xx,6,2607,2607
6400000,1900-2100,2Aug,HOL,Free Radio Sce Holland,E,English,Eu,Eu,xx,6,2607,0208
6400000,1900-2100,9Aug,HOL,Free Radio Sce Holland,E,English,Eu,Eu,xx,6,2607,0908
6433000,0830-0840,SaSu,POL,S11a Polish Spy Numbers,R,Russian,,,p,1,0103,3004
6433000,0830-0840,SaSu,POL,S11a Polish Spy Numbers,R,Russian,,,p,1,0109,3110[1022]
6480000,0915-0925,"Mo,Fr",POL,S11a Polish Spy Numbers,R,Russian,,,p,1,0103,3004[0322]
6480000,0915-0925,"Mo,Fr",POL,S11a Polish Spy Numbers,R,Russian,,,p,1,0109,3110
6484500,0000-2400,,CHN,XSV Tianjin Radio,-TY,Teletype or other digital Station (RTTY/SITOR/..),FE,FE,tj,1,,
6487000,0000-2400,,USA,NSS US Navy,-TY,Teletype or other digital Station (RTTY/SITOR/..),NAm,NAm,a,1,,[0226]
6496400,1000-2200,,CAN,CFH Halifax Radio,-TY,Teletype or other digital Station (RTTY/SITOR/..),NAm,NAm,hx,1,,
6496400,2200-1000,,CAN,CFH Halifax Radio,-TY,Teletype or other digital Station (RTTY/SITOR/..),NAm,NAm,hx,1,,
6501000,0000-2400,,CAN,VFF Iqaluit Radio,E,English,NAm,NAm,cb,1,0107,1510
6501000,0000-2400,,CAN,VFF Iqaluit Radio,E,English,NAm,NAm,hr,1,1505,3110
6501000,0000-2400,,CAN,VFF Iqaluit Radio,E,English,NAm,NAm,in,1,1505,3110
6501000,0203-0300,,ALS,NOJ USCG Kodiak,E,English,WNA,WNA,k,1,,[0824]
6501000,0330-0430,,USA,NMN USCG Chesapeake,E,English,NAm,NAm,ch,1,,[0325]
6501000,0515-0615,,USA,NMN USCG Chesapeake,E,English,NAm,NAm,ch,1,,[0925]
6501000,0600-0635,,HWA,NMO USCG Honolulu,E,English,Oc,Oc,nm,1,,[0923]
6501000,0930-1015,,GUM,NRV USCG Guam,E,English,WOc,WOc,,1,,
6501000,0930-1030,,USA,NMN USCG Chesapeake,E,English,NAm,NAm,ch,1,,[0726]
6501000,1115-1215,,USA,NMN USCG Chesapeake,E,English,NAm,NAm,ch,1,,[0319]
6501000,1200-1235,,HWA,NMO USCG Honolulu,E,English,Oc,Oc,nm,1,,[0815]
6501000,1530-1615,,GUM,NRV USCG Guam,E,English,WOc,WOc,,1,,
6501000,1530-1630,,USA,NMN USCG Chesapeake,E,English,NAm,NAm,ch,1,,[0517]
6501000,1645-1745,,ALS,NOJ USCG Kodiak,E,English,WNA,WNA,k,1,,
6501000,2130-2156,,USA,NMN USCG Chesapeake,E,English,NAm,NAm,ch,1,,[1225]
6501000,2315-0015,,USA,NMN USCG Chesapeake,E,English,NAm,NAm,ch,1,,[1225]
6507000,0000-2400,,CAN,VFF Iqaluit Radio,E,English,NAm,NAm,ch,1,0107,3110
6507000,0000-2400,,CAN,VFF Iqaluit Radio,E,English,NAm,NAm,i,1,1505,2012
6507000,0110-0130,,CAN,VFF Iqaluit Radio,E,English,ENA,ENA,ch,1,1007,3110[1121]
6507000,0800-2100,,AUS,VMC Charleville QL,E,English,AUS,AUS,c,1,,[0626]
6510000,0000-2400,,TUR,TAH Turk Radio Istanbul,E,English,ME,ME,is,1,,
6510000,0000-2400,,CHN,XSQ Guangzhou Radio,M,Mandarin (Standard Chinese / Beijing dialect),FE,FE,gx,1,,
6516000,0000-2400,,I,Romaradio IAR,I,Italian,SEu,SEu,r,1,,
6529000,0000-2400,,CNR,Canarias HFDL (ID17),-HF,HFDL Squitter (Aircraft comms station),WAf,WAf,gc,1,,
6532000,0000-2400,,USA,San Francisco Radio CWP,E,English,WOc,WOc,/GUM-b,1,,
6532000,0000-2400,,USA,San Francisco Radio CWP,E,English,WOc,WOc,/HWA-m,1,,
6532000,0000-2400,,IRL,Shannon HFDL (ID7),-HF,HFDL Squitter (Aircraft comms station),NAO,NAO,s,1,,
6535000,0000-2400,,NZL,Auckland HFDL (ID5),-HF,HFDL Squitter (Aircraft comms station),SOc,SOc,a,1,,[0721]
6535000,0000-2400,,SEN,Dakar Radio,E,English,WAf,WAf,y,1,,[0523]
6535000,0000-2400,,THA,Hat Yai HFDL (ID6),-HF,HFDL Squitter (Aircraft comms station),SEA,SEA,hy,1,,
6535000,0000-2400,,AZR,Santa Maria Radio,E,English,NAO,NAO,sm,1,,[0915]
6547000,0000-2400,,IRL,Shannon Aeradio J,E,English,NAO,NAO,s,1,,[1019]
6550000,0000-2400,,IRL,Shannon Aeradio I,E,English,NAO,NAO,s,1,,
6556000,0000-2400,,IND,Kolkata Radio,E,English,SAs,SAs,,1,,[0616]
6556000,0000-2400,,IRL,Shannon Aeradio H,E,English,NAO,NAO,s,1,,
6559000,0000-2400,,USA,San Francisco HFDL(ID1),-HF,HFDL Squitter (Aircraft comms station),WNA,WNA,dx,1,,[0524]
6565000,0000-2400,,HWA,Moloka'i HFDL (ID2),-HF,HFDL Squitter (Aircraft comms station),Oc,Oc,m,1,,
6577000,0000-2400,,USA,New York Radio,E,English,Car,Car,bg,1,,[0824]
6577000,0000-2400,,TRD,Piarco Radio CAR-B,E,English,Car,Car,,1,,
6586000,0000-2400,,USA,New York Radio,E,English,Car,Car,bg,1,,[1220]
6589000,0000-2400,,PNR,Albrook HFDL (ID11),-HF,HFDL Squitter (Aircraft comms station),CAm,CAm,al,1,,
6595000,0000-2400,,IRL,Shannon Aeradio I,E,English,NAO,NAO,s,1,,
6607000,0000-2400,,ISR,4XZ Israeli Navy Haifa,-CW,Morse Station,,,,1,,[0525]
6617000,0000-2400,,RUS,"Rostov Volmet x25,55",R,Russian,CIS,CIS,rv,1,,[0126]
6617000,0000-2400,,RUS,"StPeterbg Volmet x05,35",R,Russian,CIS,CIS,pv,1,,[0525]
6619000,0000-2400,,KOR,Seoul Muan HFDL (ID10),-HF,HFDL Squitter (Aircraft comms station),FE,FE,m,1,,[0919]
6622000,0000-2400,,CAN,Gander Radio F,E,English,NAO,NAO,g,1,,[0822]
6622000,1000-1800,,IRL,Shannon Aeradio F,E,English,NAO,NAO,s,1,,[1121]
6628000,0000-2400,,USA,New York Radio,E,English,NAO,NAO,bg,1,,[0325]
6628000,0000-2400,,BOL,Santa Cruz HFDL (ID13),-HF,HFDL Squitter (Aircraft comms station),SAm,SAm,sz,1,,
6628000,0000-2400,,AZR,Santa Maria Radio E,E,English,NAO,NAO,sm,1,,[0523]
6640000,0000-2400,,USA,New York Radio,E,English,NAO,NAO,bg,1,,[0221]
6640000,0000-2400,,USA,San Francisco R. LDOC,E,English,Oc,Oc,dx,1,,[1214]
6646000,0000-2400,,BHR,Al Muharraq HFDL (ID15),-HF,HFDL Squitter (Aircraft comms station),ME,ME,m,1,,[0424]
6646000,0000-2400,,ALS,Barrow HFDL (ID9),-HF,HFDL Squitter (Aircraft comms station),NOc,NOc,ba,1,,
6652000,0000-2400,,GUM,Agana Guam HFDL (ID16),-HF,HFDL Squitter (Aircraft comms station),WOc,WOc,h,1,,
6655000,0000-2400,,USA,San Francisco Radio NP,E,English,NOc,NOc,/ALS-ba,1,,
6655000,0000-2400,,USA,San Francisco Radio NP,E,English,NOc,NOc,/HWA-m,1,,[0918]
6661000,0000-2400,,IND,Mumbai Radio,E,English,SAs,SAs,,1,,[0321]
6661000,0000-2400,,USA,Riverhead HFDL (ID4),-HF,HFDL Squitter (Aircraft comms station),ENA,ENA,rh,1,,
6667000,0000-2400,,AZR,Santa Maria Radio H,E,English,NAO,NAO,sm,1,,[0716]
6667000,0000-2400,,IRL,Shannon Aeradio H,E,English,NAO,NAO,s,1,,
6673000,0000-2400,,USA,San Francisco Radio CEP,E,English,EOc,EOc,dx,1,,[0824]
6676000,0000-2400,,AUS,"Australia Volmet x00,30",E,English,Oc,Oc,as,1,,[0726]
6676000,0000-2400,,THA,"Bangkok Volmet x10,x40",E,English,SAs,SAs,bv,1,,[0726]
6676000,0000-2400,,PAK,"Karachi Volmet x15,x45",E,English,SAs,SAs,kv,1,,[0726]
6676000,0000-2400,,IND,"Mumbai Volmet x25,x55",E,English,SAs,SAs,mv,1,,[0726]
6676000,0305-1240,,IND,"Kolkata Volmet x05,x35",E,English,SAs,SAs,kv,1,,[0122]
6676000,1250-2225,,SNG,"SingaporeVolmet x20,x50",E,English,SAs,SAs,v,1,,[0526]
6679000,0000-2400,,NZL,"Auckland Volmet x20,x50",E,English,FE,FE,a,1,,[0726]
6679000,0000-2400,,HKG,"Hongkong Volmet x15,x45",E,English,FE,FE,a,1,,[0626]
6679000,0000-2400,,J,"Tokyo Volmet x10,x40",E,English,FE,FE,tv,1,,[1121]
6685000,0000-2400,,RUS,AF Transport Davlenie,R,Russian,EEu,EEu,tc,1,,
6685000,0000-2400,,RUS,AF Transport Kasta,R,Russian,EEu,EEu,to,1,,
6685000,0000-2400,,RUS,AF Transport Klarnetist,R,Russian,EEu,EEu,to,1,,
6685000,0000-2400,,RUS,AF Transport Korsar,R,Russian,EEu,EEu,m,1,,
6685000,0000-2400,,RUS,AF Transport Magnetron,R,Russian,EEu,EEu,sc,1,,
6685000,0000-2400,,RUS,AF Transport Polis,R,Russian,EEu,EEu,o2,1,,
6685000,0000-2400,,RUS,AF Transport Proselok,R,Russian,EEu,EEu,ps,1,,
6693000,0000-2400,,RUS,"Novosibir Volmet x07,37",R,Russian,CIS,CIS,nv,1,,[0525]
6693000,0000-2400,,RUS,"Samara Volmet x15,45",R,Russian,CIS,CIS,sv,1,,[0525]
6712000,0000-2400,,ISL,Reykjavik HFDL (ID3),-HF,HFDL Squitter (Aircraft comms station),NAO,NAO,r,1,,[1119]
6730000,0000-0100,,TWN,Sound of Hope,M,Mandarin (Standard Chinese / Beijing dialect),FE,FE,,1,,
6730000,0100-0200,,TWN,Sound of Hope,M,Mandarin (Standard Chinese / Beijing dialect),FE,FE,,1,,
6730000,0200-1200,,TWN,Sound of Hope,M,Mandarin (Standard Chinese / Beijing dialect),FE,FE,,1,,
6730000,1200-1300,,TWN,Sound of Hope,M,Mandarin (Standard Chinese / Beijing dialect),FE,FE,,1,,
6730000,1300-1400,,TWN,Sound of Hope,M,Mandarin (Standard Chinese / Beijing dialect),FE,FE,,1,,
6730000,1400-1500,,TWN,Sound of Hope,M,Mandarin (Standard Chinese / Beijing dialect),FE,FE,,1,,
6730000,1500-1600,,TWN,Sound of Hope,M,Mandarin (Standard Chinese / Beijing dialect),FE,FE,,1,,
6730000,1600-1700,,TWN,Sound of Hope,M,Mandarin (Standard Chinese / Beijing dialect),FE,FE,,1,,
6730000,1700-2000,,TWN,Sound of Hope,M,Mandarin (Standard Chinese / Beijing dialect),FE,FE,,1,,
6730000,2000-2100,,TWN,Sound of Hope,M,Mandarin (Standard Chinese / Beijing dialect),FE,FE,,1,,
6730000,2100-2130,,TWN,Sound of Hope,M,Mandarin (Standard Chinese / Beijing dialect),FE,FE,,1,,
6730000,2130-2200,,TWN,Sound of Hope,M,Mandarin (Standard Chinese / Beijing dialect),FE,FE,,1,,
6730000,2200-2300,,TWN,Sound of Hope,M,Mandarin (Standard Chinese / Beijing dialect),FE,FE,,1,,
6730000,2300-2400,,TWN,Sound of Hope,M,Mandarin (Standard Chinese / Beijing dialect),FE,FE,,1,,
6754000,0130-1100,,CAN,Trenton Volmet,E,English,NAm,NAm,tr,1,,[0826]
6765100,0000-0200,,THA,Bangkok Meterolog.Radio,"E,T","English, Thai",SEA,SEA,bv,1,,[0226]
6765100,0300-0500,,THA,Bangkok Meterolog.Radio,"E,T","English, Thai",SEA,SEA,bv,1,,
6765100,0600-0800,,THA,Bangkok Meterolog.Radio,"E,T","English, Thai",SEA,SEA,bv,1,,
6765100,0900-1100,,THA,Bangkok Meterolog.Radio,"E,T","English, Thai",SEA,SEA,bv,1,,[0925]
6765100,1200-1400,,THA,Bangkok Meterolog.Radio,"E,T","English, Thai",SEA,SEA,bv,1,,[0626]
6765100,1500-1700,,THA,Bangkok Meterolog.Radio,"E,T","English, Thai",SEA,SEA,bv,1,,[0125]
6765100,1800-2000,,THA,Bangkok Meterolog.Radio,"E,T","English, Thai",SEA,SEA,bv,1,,[0626]
6765100,2100-2300,,THA,Bangkok Meterolog.Radio,"E,T","English, Thai",SEA,SEA,bv,1,,[0726]
6792000,1300-1310,Sa,RUS,E06 Russian Spy Numbers,E,English,RUS,RUS,or,1,0112,3112
6804000,0700-0710,"Tu,Fr",POL,E11 Polish Spy Numbers,E,English,,,p,1,0111,2802[1221]
6807000,0820-0830,"Th,Fr",POL,E11 Polish Spy Numbers,E,English,,,p,1,0103,3004
6807000,0820-0830,"Th,Fr",POL,E11 Polish Spy Numbers,E,English,,,p,1,0109,3110[0924]
6814000,0915-0925,"Mo,Fr",POL,S11a Polish Spy Numbers,R,Russian,,,p,1,0105,3108[0521]
6831000,0000-2400,,PTR,NAU US Navy,-TY,Teletype or other digital Station (RTTY/SITOR/..),NAm,NAm,i,1,,[1122]
6849000,1815-1825,"Fr,Su",POL,E11 Polish Spy Numbers,E,English,,,p,1,0111,2802
6849000,1900-1910,"Mo,Th",POL,E11 Polish Spy Numbers,E,English,,,p,1,0111,2802[0223]
6850000,0000-0100,,TWN,Sound of Hope,M,Mandarin (Standard Chinese / Beijing dialect),FE,FE,,1,,
6850000,0000-2400,,CHN,CNR1 Jammer/Firedrake,M,Mandarin (Standard Chinese / Beijing dialect),FE,FE,,1,,[1220]
6850000,0000-2400,irr,USA,Various pirates,E,English,NAm,NAm,xx,1,,[0426]
6850000,0100-0200,,TWN,Sound of Hope,M,Mandarin (Standard Chinese / Beijing dialect),FE,FE,,1,,
6850000,0200-1200,,TWN,Sound of Hope,M,Mandarin (Standard Chinese / Beijing dialect),FE,FE,,1,,[0125]
6850000,1200-1300,,TWN,Sound of Hope,M,Mandarin (Standard Chinese / Beijing dialect),FE,FE,,1,,[0822]
6850000,1300-1400,,TWN,Sound of Hope,M,Mandarin (Standard Chinese / Beijing dialect),FE,FE,,1,,[0324]
6850000,1400-1500,,TWN,Sound of Hope,M,Mandarin (Standard Chinese / Beijing dialect),FE,FE,,1,,
6850000,1500-1600,,TWN,Sound of Hope,M,Mandarin (Standard Chinese / Beijing dialect),FE,FE,,1,,[1123]
6850000,1600-1700,,TWN,Sound of Hope,M,Mandarin (Standard Chinese / Beijing dialect),FE,FE,,1,,[0125]
6850000,1700-2000,,TWN,Sound of Hope,M,Mandarin (Standard Chinese / Beijing dialect),FE,FE,,1,,[0524]
6850000,2000-2100,,TWN,Sound of Hope,M,Mandarin (Standard Chinese / Beijing dialect),FE,FE,,1,,[0223]
6850000,2100-2130,,TWN,Sound of Hope,M,Mandarin (Standard Chinese / Beijing dialect),FE,FE,,1,,
6850000,2130-2200,,TWN,Sound of Hope,M,Mandarin (Standard Chinese / Beijing dialect),FE,FE,,1,,
6850000,2200-2300,,TWN,Sound of Hope,M,Mandarin (Standard Chinese / Beijing dialect),FE,FE,,1,,
6850000,2300-2400,,TWN,Sound of Hope,M,Mandarin (Standard Chinese / Beijing dialect),FE,FE,,1,,
6865000,0000-0100,,TWN,Sound of Hope,M,Mandarin (Standard Chinese / Beijing dialect),FE,FE,,1,,
6865000,0100-0200,,TWN,Sound of Hope,M,Mandarin (Standard Chinese / Beijing dialect),FE,FE,,1,,
6865000,0200-1200,,TWN,Sound of Hope,M,Mandarin (Standard Chinese / Beijing dialect),FE,FE,,1,,
6865000,1200-1300,,TWN,Sound of Hope,M,Mandarin (Standard Chinese / Beijing dialect),FE,FE,,1,,
6865000,1300-1400,,TWN,Sound of Hope,M,Mandarin (Standard Chinese / Beijing dialect),FE,FE,,1,,
6865000,1400-1500,,TWN,Sound of Hope,M,Mandarin (Standard Chinese / Beijing dialect),FE,FE,,1,,
6865000,1500-1600,,TWN,Sound of Hope,CA,Cantonese / Yue,FE,FE,,1,,
6865000,1600-1700,,TWN,Sound of Hope,M,Mandarin (Standard Chinese / Beijing dialect),FE,FE,,1,,
6865000,1700-2000,,TWN,Sound of Hope,M,Mandarin (Standard Chinese / Beijing dialect),FE,FE,,1,,[0626]
6865000,2000-2100,,TWN,Sound of Hope,M,Mandarin (Standard Chinese / Beijing dialect),FE,FE,,1,,
6865000,2100-2130,,TWN,Sound of Hope,M,Mandarin (Standard Chinese / Beijing dialect),FE,FE,,1,,
6865000,2130-2200,,TWN,Sound of Hope,M,Mandarin (Standard Chinese / Beijing dialect),FE,FE,,1,,
6865000,2200-2300,,TWN,Sound of Hope,M,Mandarin (Standard Chinese / Beijing dialect),FE,FE,,1,,
6865000,2300-2400,,TWN,Sound of Hope,M,Mandarin (Standard Chinese / Beijing dialect),FE,FE,,1,,
6870000,0000-2400,irr,USA,Various pirates,E,English,NAm,NAm,xx,1,,[0925]
6880000,0000-2400,irr,USA,Various pirates,E,English,NAm,NAm,xx,1,,[0825]
6900000,0000-0100,,TWN,Sound of Hope,M,Mandarin (Standard Chinese / Beijing dialect),FE,FE,,1,,
6900000,0000-2400,,CHN,CNR1 Jammer/Firedrake,M,Mandarin (Standard Chinese / Beijing dialect),FE,FE,,1,,[0223]
6900000,0100-0200,,TWN,Sound of Hope,M,Mandarin (Standard Chinese / Beijing dialect),FE,FE,,1,,
6900000,0200-1200,,TWN,Sound of Hope,M,Mandarin (Standard Chinese / Beijing dialect),FE,FE,,1,,[0125]
6900000,1200-1300,,TWN,Sound of Hope,M,Mandarin (Standard Chinese / Beijing dialect),FE,FE,,1,,[0822]
6900000,1300-1400,,TWN,Sound of Hope,M,Mandarin (Standard Chinese / Beijing dialect),FE,FE,,1,,
6900000,1400-1500,,TWN,Sound of Hope,M,Mandarin (Standard Chinese / Beijing dialect),FE,FE,,1,,[0324]
6900000,1500-1600,,TWN,Sound of Hope,CA,Cantonese / Yue,FE,FE,,1,,[1123]
6900000,1600-1700,,TWN,Sound of Hope,M,Mandarin (Standard Chinese / Beijing dialect),FE,FE,,1,,[0521]
6900000,1700-2000,,TWN,Sound of Hope,M,Mandarin (Standard Chinese / Beijing dialect),FE,FE,,1,,[0624]
6900000,2000-2100,,TWN,Sound of Hope,M,Mandarin (Standard Chinese / Beijing dialect),FE,FE,,1,,
6900000,2100-2130,,TWN,Sound of Hope,M,Mandarin (Standard Chinese / Beijing dialect),FE,FE,,1,,[0521]
6900000,2130-2200,,TWN,Sound of Hope,M,Mandarin (Standard Chinese / Beijing dialect),FE,FE,,1,,
6900000,2200-2300,,TWN,Sound of Hope,M,Mandarin (Standard Chinese / Beijing dialect),FE,FE,,1,,
6900000,2300-2400,,TWN,Sound of Hope,M,Mandarin (Standard Chinese / Beijing dialect),FE,FE,,1,,[1223]
6905000,0000-2400,irr,USA,Various pirates,E,English,NAm,NAm,xx,1,,[0426]
6910000,0000-2400,irr,USA,Various pirates,E,English,NAm,NAm,xx,1,,[0124]
6911000,0000-2400,,RUS,Stalingrad clock,-TS,Time Signal Station,EEu,EEu,xx,1,,[0425]
6915000,0000-2400,irr,USA,Various pirates,E,English,NAm,NAm,xx,1,,[1125]
6915100,1121-1200,,CAN,VCO Sydney Meteo Fax,,,ENA,ENA,sm,1,,
6915100,1741-1800,,CAN,VCO Sydney Meteo Fax,,,ENA,ENA,sm,1,,
6920000,0000-2400,irr,USA,Various pirates,E,English,NAm,NAm,xx,1,,[1125]
6923000,0930-0940,"We,Th",POL,E11 Polish Spy Numbers,E,English,,,p,1,0105,3108[0522]
6923000,1715-1725,"We,Fr",POL,E11 Polish Spy Numbers,E,English,,,p,1,0103,3004[0423]
6923000,1715-1725,"We,Fr",POL,E11 Polish Spy Numbers,E,English,,,p,1,0109,3110[0924]
6925000,0000-2400,irr,USA,Various pirates,E,English,NAm,NAm,xx,1,,[0526]
6925000,2000-0100,,CHL,RCW Compañía Worldwide,S,Spanish/Castellano,CHL,CHL,gc,1,,[0526]
6930000,0000-2400,irr,USA,Various pirates,E,English,NAm,NAm,xx,1,,[0426]
6931000,0000-2400,irr,E,Indy Radio,S,Spanish/Castellano,Eu,Eu,xx,1,,[1225]
6935000,0000-2400,irr,USA,Various pirates,E,English,NAm,NAm,xx,1,,[0526]
6935000,2200-0200,irr,ARG,AD149 AM (Pirate),S,Spanish/Castellano,SAm,SAm,xx,1,,[0826]
6938000,0000-2400,,USA,WO2XPY HF Trading,,,NAm,NAm,jo,1,,[0526]
6940000,0000-2400,irr,USA,Various pirates,E,English,NAm,NAm,xx,1,,[0925]
6940000,0930-0940,"We,Th",POL,E11 Polish Spy Numbers,E,English,,,p,1,0103,3004[0322]
6940000,0930-0940,"We,Th",POL,E11 Polish Spy Numbers,E,English,,,p,1,0109,3110[0924]
6945000,0000-2400,irr,USA,Various pirates,E,English,NAm,NAm,xx,1,,[0526]
6950000,0000-2400,irr,USA,Various pirates,E,English,NAm,NAm,xx,1,,[0526]
6955000,0000-2400,irr,USA,Various pirates,E,English,NAm,NAm,xx,1,,[0526]
6960000,0000-2400,irr,USA,Various pirates,E,English,NAm,NAm,xx,1,,[0526]
6960000,0100-0330,Sa,USA,Ballsmacker Radio,E,English,ENA,ENA,xx,1,,[0526]
6965000,0000-2400,irr,USA,Various pirates,E,English,NAm,NAm,xx,1,,[1125]
6970000,0000-2400,irr,USA,Various pirates,E,English,NAm,NAm,xx,1,,[0526]
6970100,0000-0100,,TWN,Sound of Hope,M,Mandarin (Standard Chinese / Beijing dialect),FE,FE,,1,,[0223]
6970100,0100-0200,,TWN,Sound of Hope,M,Mandarin (Standard Chinese / Beijing dialect),FE,FE,,1,,
6970100,0200-1200,,TWN,Sound of Hope,M,Mandarin (Standard Chinese / Beijing dialect),FE,FE,,1,,[0925]
6970100,1200-1300,,TWN,Sound of Hope,M,Mandarin (Standard Chinese / Beijing dialect),FE,FE,,1,,[0822]
6970100,1300-1400,,TWN,Sound of Hope,M,Mandarin (Standard Chinese / Beijing dialect),FE,FE,,1,,[0224]
6970100,1400-1500,,TWN,Sound of Hope,M,Mandarin (Standard Chinese / Beijing dialect),FE,FE,,1,,[0324]
6970100,1500-1600,,TWN,Sound of Hope,M,Mandarin (Standard Chinese / Beijing dialect),FE,FE,,1,,[0125]
6970100,1600-1700,,TWN,Sound of Hope,M,Mandarin (Standard Chinese / Beijing dialect),FE,FE,,1,,[0525]
6970100,1700-2000,,TWN,Sound of Hope,M,Mandarin (Standard Chinese / Beijing dialect),FE,FE,,1,,[0426]
6970100,2000-2100,,TWN,Sound of Hope,M,Mandarin (Standard Chinese / Beijing dialect),FE,FE,,1,,[0824]
6970100,2100-2130,,TWN,Sound of Hope,M,Mandarin (Standard Chinese / Beijing dialect),FE,FE,,1,,[0521]
6970100,2130-2200,,TWN,Sound of Hope,M,Mandarin (Standard Chinese / Beijing dialect),FE,FE,,1,,
6970100,2200-2300,,TWN,Sound of Hope,M,Mandarin (Standard Chinese / Beijing dialect),FE,FE,,1,,
6970100,2300-2400,,TWN,Sound of Hope,M,Mandarin (Standard Chinese / Beijing dialect),FE,FE,,1,,[1223]
6975000,0000-2400,irr,USA,Various pirates,E,English,NAm,NAm,xx,1,,[0925]
6980000,0000-2400,irr,USA,Various pirates,E,English,NAm,NAm,xx,1,,[0222]
6985000,0000-2400,irr,USA,Various pirates,E,English,NAm,NAm,xx,1,,[1225]
6986000,0820-0830,"Th,Fr",POL,E11 Polish Spy Numbers,E,English,,,p,1,0111,2802
7038500,0000-2400,,CZE,OK0EU Beacon D,-CW,Morse Station,Eu,Eu,dl,1,,
7038500,0000-2400,,CZE,OK0EU Beacon M,-CW,Morse Station,Eu,Eu,pv,1,,
7038500,0000-2400,,CZE,OK0EU Beacon U,-CW,Morse Station,Eu,Eu,pr,1,,
7038700,0000-2400,,RUS,Channel Marker D,-CW,Morse Station,EEu,EEu,se,1,,[1014]
7038800,0000-2400,,RUS,Channel Marker P,-CW,Morse Station,RUS,RUS,kl,1,,
7038900,0000-2400,,RUS,Channel Marker S,-CW,Morse Station,RUS,RUS,sm,1,,
7039000,0000-2400,,RUS,Channel Marker C,-CW,Morse Station,RUS,RUS,m,1,,[0116]
7039100,0000-2400,,RUS,Channel Marker A,-CW,Morse Station,RUS,RUS,as,1,,
7039200,0000-2400,,RUS,Channel Marker F,-CW,Morse Station,FE,FE,vl,1,,[0515]
7039300,0000-2400,,RUS,Channel Marker K,-CW,Morse Station,FE,FE,pk,1,,[1122]
7039400,0000-2400,,RUS,Channel Marker M,-CW,Morse Station,FE,FE,mg,1,,[0720]
7039400,0000-2400,,CZE,OK0EPB Pendulum,-TS,Time Signal Station,Eu,Eu,p,1,,
7123000,1000-1030,Su,IRL,IRTS Radio News Service,E,English,IRL,IRL,xy,2,,
7200000,1400-1428,357,USA,RBS V.o.Korean Revival,K,Korean,KRE,KRE,/TWN-s,6,2903,0304[0326]
7200000,1400-1430,246,KOR,New Korea Hope Bcing,K,Korean,KRE,KRE,/TWN,6,2903,0304
7203000,0900-0100,,INS,RRI Programa Tiga (3),IN,Indonesian / Bahasa Indonesia,SEA,SEA,k,1,,[0826]
7205000,1225-1800,,CHN,PBS Xinjiang,UI,Uighur,CHN,CHN,uc,4,,[0325]
7205000,1400-1800,,CHN,PBS Xinjiang,UI,Uighur,CHN,CHN,uc,5,,
7205000,1900-2000,,CHN,China Radio Int.,P,Portuguese,SAf,SAf,x,0,,
7205000,2000-2100,,CHN,China Radio Int.,M,Mandarin (Standard Chinese / Beijing dialect),SAf,SAf,x,0,,
7205000,2100-2200,,CHN,China Radio Int.,E,English,SAf,SAf,x,0,,
7205000,2300-0200,,CHN,PBS Xinjiang,UI,Uighur,CHN,CHN,uc,5,,
7205000,2310-0300,,CHN,PBS Xinjiang,UI,Uighur,CHN,CHN,uc,4,,[1225]
7210000,0000-0100,,TWN,Sound of Hope,M,Mandarin (Standard Chinese / Beijing dialect),FE,FE,,1,,
7210000,0030-0115,,CHN,PBS Yunnan Minority Sce,TL,Tai-Lu/Lu,CHN,CHN,kl,1,,
7210000,0100-0200,,TWN,Sound of Hope,M,Mandarin (Standard Chinese / Beijing dialect),FE,FE,,1,,
7210000,0115-0200,,CHN,PBS Yunnan Minority Sce,TN,Tai-Nua/Chinese Shan,CHN,CHN,kl,1,,
7210000,0200-0245,,CHN,PBS Yunnan Minority Sce,KC,Kachin / Jingpho,CHN,CHN,kl,1,,
7210000,0200-1200,,TWN,Sound of Hope,M,Mandarin (Standard Chinese / Beijing dialect),FE,FE,,1,,[0423]
7210000,0245-0300,,CHN,PBS Yunnan Minority Sce,M,Mandarin (Standard Chinese / Beijing dialect),CHN,CHN,kl,1,,
7210000,1045-1100,,CHN,PBS Yunnan Minority Sce,-MX,Music,CHN,CHN,kl,1,,[1024]
7210000,1100-1130,,TUR,Voice of Turkey,BU,Bulgarian,SEE,SEE,e,0,,
7210000,1100-1145,,CHN,PBS Yunnan Minority Sce,TN,Tai-Nua/Chinese Shan,CHN,CHN,kl,1,,[1023]
7210000,1145-1230,,CHN,PBS Yunnan Minority Sce,KC,Kachin / Jingpho,CHN,CHN,kl,1,,[1122]
7210000,1200-1300,,TWN,Sound of Hope,M,Mandarin (Standard Chinese / Beijing dialect),FE,FE,,1,,[0822]
7210000,1230-1315,,CHN,PBS Yunnan Minority Sce,LIS,Lisu,CHN,CHN,kl,1,,[1125]
7210000,1300-1400,,TWN,Sound of Hope,M,Mandarin (Standard Chinese / Beijing dialect),FE,FE,,1,,
7210000,1315-1400,,CHN,PBS Yunnan Minority Sce,TL,Tai-Lu/Lu,CHN,CHN,kl,1,,[1124]
7210000,1400-1445,,CHN,PBS Yunnan Minority Sce,LAH,Lahu,CHN,CHN,kl,1,,
7210000,1400-1500,,TWN,Sound of Hope,M,Mandarin (Standard Chinese / Beijing dialect),FE,FE,,1,,[0925]
7210000,1445-1500,,CHN,PBS Yunnan Minority Sce,M,Mandarin (Standard Chinese / Beijing dialect),CHN,CHN,kl,1,,[0219]
7210000,1500-1600,,TWN,Sound of Hope,CA,Cantonese / Yue,FE,FE,,1,,[0125]
7210000,1600-1700,,TWN,Sound of Hope,M,Mandarin (Standard Chinese / Beijing dialect),FE,FE,,1,,[0125]
7210000,1700-2000,,TWN,Sound of Hope,M,Mandarin (Standard Chinese / Beijing dialect),FE,FE,,1,,[0626]
7210000,1800-1900,,CHN,China Radio Int.,R,Russian,EEu,EEu,u,0,,
7210000,1800-1900,,KRE,Voice of Korea,F,French,SAf,SAf,u,1,,
7210000,1900-2000,,KRE,Voice of Korea,E,English,SAf,SAf,u,1,,[0626]
7210000,2000-2050,,KRE,Voice of Korea KCBS,K,Korean,SAf,SAf,u,1,,[1123]
7210000,2000-2100,,TWN,Sound of Hope,M,Mandarin (Standard Chinese / Beijing dialect),FE,FE,,1,,
7210000,2100-2130,,TWN,Sound of Hope,M,Mandarin (Standard Chinese / Beijing dialect),FE,FE,,1,,
7210000,2130-2200,,TWN,Sound of Hope,M,Mandarin (Standard Chinese / Beijing dialect),FE,FE,,1,,
7210000,2200-2300,,TWN,Sound of Hope,M,Mandarin (Standard Chinese / Beijing dialect),FE,FE,,1,,
7210000,2245-2300,,CHN,PBS Yunnan Minority Sce,-MX,Music,CHN,CHN,kl,1,,[0424]
7210000,2300-2345,,CHN,PBS Yunnan Minority Sce,LAH,Lahu,CHN,CHN,kl,1,,[0525]
7210000,2300-2400,,TWN,Sound of Hope,M,Mandarin (Standard Chinese / Beijing dialect),FE,FE,,1,,
7210000,2345-0030,,CHN,PBS Yunnan Minority Sce,LIS,Lisu,CHN,CHN,kl,1,,
7215000,0000-2400,,HOL,SunDance Radio,NL,Dutch,Eu,Eu,n,1,0105,
7215000,1300-1400,,CHN,China Radio Int.,M,Mandarin (Standard Chinese / Beijing dialect),SEA,SEA,x,0,,
7215000,1600-1630,156,J,Shiokaze,J,Japanese,KRE,KRE,y,6,0107,3107
7215000,1600-1700,We,J,Shiokaze,E,English,KRE,KRE,y,6,0107,3107
7215000,1600-1700,Su,J,Shiokaze,J,Japanese,KRE,KRE,y,6,0107,3107
7215000,1600-1700,"Tu,Th",J,Shiokaze,K,Korean,KRE,KRE,y,6,0107,3107
7215000,1630-1700,156,J,Shiokaze,K,Korean,KRE,KRE,y,6,0107,3107
7215000,1700-1800,,CHN,China Radio Int.,SWA,Swahili/Kisuaheli,EAf,EAf,x,0,,
7215000,2023-2400,,CHN,China National Radio 1,M,Mandarin (Standard Chinese / Beijing dialect),CHN,CHN,s,1,,[0919]
7215000,2200-2300,,CHN,China Radio Int.,M,Mandarin (Standard Chinese / Beijing dialect),INS,INS,k,0,,
7215000,2300-2400,,KOR,KBS World Radio,M,Mandarin (Standard Chinese / Beijing dialect),CHN,CHN,k,1,,
7220000,0000-0600,,CHN,CNR 2 China Business R.,M,Mandarin (Standard Chinese / Beijing dialect),CHN,CHN,q,1,,[1222]
7220000,0400-0500,,KRE,Voice of Korea,E,English,FE,FE,u,1,,
7220000,0500-0600,,KRE,Voice of Korea,M,Mandarin (Standard Chinese / Beijing dialect),FE,FE,u,1,,
7220000,0600-0700,,KRE,Voice of Korea,E,English,FE,FE,u,1,,
7220000,0600-0900,Th-Tu,CHN,CNR 2 China Business R.,M,Mandarin (Standard Chinese / Beijing dialect),CHN,CHN,q,1,,
7220000,0800-0900,,KRE,Voice of Korea,M,Mandarin (Standard Chinese / Beijing dialect),FE,FE,u,1,,[1124]
7220000,0900-0950,,KRE,Voice of Korea KCBS,K,Korean,FE,FE,u,1,,[0326]
7220000,0900-1200,,CHN,CNR 2 China Business R.,M,Mandarin (Standard Chinese / Beijing dialect),CHN,CHN,q,5,,
7220000,1000-1500,,HOL,SunDance Radio,NL,Dutch,Eu,Eu,n,1,0105,[0526]
7220000,1000-2400,,HOL,Rockpower,NL,Dutch,Eu,Eu,n,6,2903,3004[0426]
7220000,1030-1100,,VTN,Voice of Vietnam,M,Mandarin (Standard Chinese / Beijing dialect),CHN,CHN,s,1,,
7220000,1100-1200,,KRE,Voice of Korea,M,Mandarin (Standard Chinese / Beijing dialect),FE,FE,u,1,,[0825]
7220000,1200-1230,,VTN,Voice of Vietnam,M,Mandarin (Standard Chinese / Beijing dialect),CHN,CHN,s,1,,[0922]
7220000,1500-1600,,VTN,Voice of Vietnam,VN,Vietnamese,ME,ME,s,1,,
7220000,1600-1630,,VTN,Voice of Vietnam,E,English,ME,ME,s,1,,[0526]
7220000,1630-1700,,VTN,Voice of Vietnam,F,French,ME,ME,s,1,,
7220000,2030-2100,,VTN,Voice of Vietnam,E,English,ME,ME,s,1,,[0626]
7220000,2100-2130,,VTN,Voice of Vietnam,F,French,ME,ME,s,1,,[0126]
7220000,2200-2230,,VTN,Voice of Vietnam,M,Mandarin (Standard Chinese / Beijing dialect),CHN,CHN,s,1,,
7220000,2200-2300,,ROU,Radio Romania Int.,E,English,WEu,WEu,g,0,,
7220700,1300-1330,,VTN,Voice of Vietnam,M,Mandarin (Standard Chinese / Beijing dialect),CHN,CHN,s,1,,[0826]
7225000,0000-2400,,HOL,SunDance Radio,NL,Dutch,Eu,Eu,n,1,0105,
7225000,1000-1100,,CHN,Sichuan Ethnic Radio,YI,Yi / Nosu,CHN,CHN,c,1,,[0325]
7225000,1100-1130,,CHN,Sichuan Ethnic Radio,KHA,"Kham / Khams, Eastern",CHN,CHN,c,1,,
7225000,1130-1200,,CHN,Sichuan Ethnic Radio,AMD,"Tibetan Amdo (Tibet, Qinghai, Gansu, Sichuan",CHN,CHN,c,1,,
7225000,1200-1515,,CHN,Sichuan Ethnic Radio,KHA,"Kham / Khams, Eastern",CHN,CHN,c,1,,[0225]
7225000,1500-1600,,CHN,China Radio Int.,HI,Hindi,PAK,PAK,u,0,,
7225000,2155-2300,,CHN,Sichuan Ethnic Radio,M,Mandarin (Standard Chinese / Beijing dialect),CHN,CHN,c,1,,[0424]
7225000,2300-2330,,CHN,Sichuan Ethnic Radio,AMD,"Tibetan Amdo (Tibet, Qinghai, Gansu, Sichuan",CHN,CHN,c,1,,
7225000,2330-0130,,CHN,Sichuan Ethnic Radio,KHA,"Kham / Khams, Eastern",CHN,CHN,c,1,,
7230000,0500-1030,,CHN,PBS Xinjiang,MO,Mongolian,CHN,CHN,uc,1,,
7230000,0600-0900,We-Mo,CHN,China National Radio 1,M,Mandarin (Standard Chinese / Beijing dialect),CHN,CHN,x,1,,
7230000,0900-1805,,CHN,China National Radio 1,M,Mandarin (Standard Chinese / Beijing dialect),CHN,CHN,x,1,,[0423]
7230000,1200-1300,,CHN,China Radio Int.,R,Russian,CAs,CAs,q,0,,
7230000,1200-1800,,CHN,PBS Xinjiang,MO,Mongolian,CHN,CHN,uc,5,,[1024]
7230000,1300-1400,,CHN,China Radio Int.,R,Russian,CAs,CAs,q,0,,
7230000,2023-0600,,CHN,China National Radio 1,M,Mandarin (Standard Chinese / Beijing dialect),CHN,CHN,x,1,,[0924]
7230000,2300-0330,,CHN,PBS Xinjiang,MO,Mongolian,CHN,CHN,uc,5,,
7235000,1100-1258,,KOR,Unification Media Group,K,Korean,KRE,KRE,/TWN-s,4,,[0226]
7235000,1400-1500,,CHN,China Radio Int.,M,Mandarin (Standard Chinese / Beijing dialect),SAs,SAs,ka,0,,
7235000,1500-1600,,CHN,China Radio Int.,M,Mandarin (Standard Chinese / Beijing dialect),SAs,SAs,ka,0,,
7235000,1600-1700,,CHN,China Radio Int.,E,English,SAs,SAs,ka,0,,
7235000,1700-1800,,CHN,China Radio Int.,E,English,SAs,SAs,ka,0,,
7235000,2100-2200,,KRE,Voice of Korea,M,Mandarin (Standard Chinese / Beijing dialect),FE,FE,u,1,,[0624]
7235000,2200-2300,,KRE,Voice of Korea,M,Mandarin (Standard Chinese / Beijing dialect),FE,FE,u,1,,
7235000,2300-2350,,KRE,Voice of Korea KCBS,K,Korean,FE,FE,u,1,,
7240000,0100-0200,,CHN,China Radio Int.,UR,Urdu,SAs,SAs,ka,0,,
7240000,0900-1000,We-Mo,CHN,Xizang RTV,M,Mandarin (Standard Chinese / Beijing dialect),CHN,CHN,t,1,,
7240000,1000-1800,,CHN,Xizang RTV,M,Mandarin (Standard Chinese / Beijing dialect),CHN,CHN,t,1,,[0120]
7240000,2000-2100,We-Mo,CHN,Xizang RTV,M,Mandarin (Standard Chinese / Beijing dialect),CHN,CHN,t,1,,[0725]
7240000,2100-0300,,CHN,Xizang RTV,M,Mandarin (Standard Chinese / Beijing dialect),CHN,CHN,t,1,,[0726]
7245000,0900-1300,,CHN,CNR 2 China Business R.,M,Mandarin (Standard Chinese / Beijing dialect),CHN,CHN,B,4,,[1023]
7245000,1059-1358,Mo-Fr,NZL,RNZ Pacific,E,English,WOc,WOc,r,6,0806,2510
7245000,1059-1358,SaSu,NZL,RNZ Pacific,E,English,Oc,Oc,r,6,0806,2510
7245000,1128-1135,Mo-Fr,NZL,RNZ Pacific,SLM,Pijin/Solomon Islands Pidgin,WOc,WOc,r,6,0806,2510
7245000,1228-1258,Mo-Fr,AUS,ABC Wantok,TP,Tok Pisin,WOc,WOc,/NZL-r,6,0806,2510
7245000,1300-1605,,CHN,CNR 2 China Business R.,M,Mandarin (Standard Chinese / Beijing dialect),CHN,CHN,B,1,,[0226]
7245000,1330-1340,We,NZL,RNZ Pacific,SLM,Pijin/Solomon Islands Pidgin,WOc,WOc,r,6,0806,2510
7245000,1600-1700,,CHN,China Radio Int.,SWA,Swahili/Kisuaheli,EAf,EAf,x,0,,
7245000,1800-1830,,G,BBC,FS,Farsi / Iranian Persian,IRN,IRN,/OMA-a,6,2903,0608
7245000,1900-2000,,CHN,China Radio Int.,R,Russian,EEu,EEu,a,0,,
7245000,2000-2100,,CHN,China Radio Int.,R,Russian,EEu,EEu,a,0,,
7245000,2055-0100,,CHN,CNR 2 China Business R.,M,Mandarin (Standard Chinese / Beijing dialect),CHN,CHN,B,4,,
7245000,2055-2300,,CHN,CNR 2 China Business R.,M,Mandarin (Standard Chinese / Beijing dialect),CHN,CHN,B,5,,
7250000,0710-0820,Su,CVA,Radio Vaticana,RO,Romanian,EEu,EEu,,2,,
7250000,0800-1000,,KWT,Radio Kuwait,FS,Farsi / Iranian Persian,IRN,IRN,k,6,2903,0904[0326]
7250000,0800-1000,,KWT,SuperStation 99.7 RK FM,E,English,ME,ME,k,1,1004,[0426]
7250000,1400-1500,,CHN,China Radio Int.,NE,Nepali/Lhotshampa,FE,FE,x,0,,
7250000,1500-1600,,CHN,China Radio Int.,NE,Nepali/Lhotshampa,FE,FE,x,0,,
7255000,1000-1600,,CHN,Xizang RTV,TB,Tibetan / Lhasa Tibetan,CHN,CHN,t,1,,[0124]
7255000,1600-1700,,CHN,Xizang RTV,E,English,CHN,CHN,t,1,,[0525]
7255000,1620-1720,,IRN,IRIB Voice of I.R.Iran,AR,Armenian,Cau,Cau,s,0,,
7255000,1700-1805,,CHN,Xizang RTV,TB,Tibetan / Lhasa Tibetan,CHN,CHN,t,1,,[0122]
7255000,1720-1820,,IRN,IRIB Voice of I.R.Iran,TJ,Tajik,CAs,CAs,s,0,,
7255000,1820-1920,,IRN,IRIB Voice of I.R.Iran,AL,Albanian,Eu,Eu,s,0,,
7255000,2000-2100,,CHN,China Radio Int.,M,Mandarin (Standard Chinese / Beijing dialect),NAf,NAf,ka,0,,
7255000,2050-0200,,CHN,Xizang RTV,TB,Tibetan / Lhasa Tibetan,CHN,CHN,t,1,,[0324]
7255000,2055-0100,,CHN,CNR 2 China Business R.,M,Mandarin (Standard Chinese / Beijing dialect),CHN,CHN,as,4,,[0122]
7260000,0100-0200,,TUR,Voice of Turkey,S,Spanish/Castellano,SAm,SAm,e,0,,
7260000,0158-0557,,VUT,Radio Vanuatu,BSL,Bislama,VUT,VUT,,6,0405,0407[0526]
7260000,0158-0658,,VUT,Radio Vanuatu,BSL,Bislama,VUT,VUT,,1,1408,[0826]
7260000,0158-0757,,VUT,Radio Vanuatu,BSL,Bislama,VUT,VUT,,6,0507,1308[0826]
7260000,0300-0800,,CHN,PBS Xinjiang,M,Mandarin (Standard Chinese / Beijing dialect),CHN,CHN,uc,1,,[1225]
7260000,0557-1105,,VUT,Radio Vanuatu,BSL,Bislama,VUT,VUT,,6,2903,0205[0426]
7260000,0800-1100,We-Mo,CHN,PBS Xinjiang,M,Mandarin (Standard Chinese / Beijing dialect),CHN,CHN,uc,1,,[1225]
7260000,1100-1200,,CHN,PBS Xinjiang,M,Mandarin (Standard Chinese / Beijing dialect),CHN,CHN,uc,1,,
7260000,1200-1400,,CHN,PBS Xinjiang,M,Mandarin (Standard Chinese / Beijing dialect),CHN,CHN,uc,5,,
7260000,1400-1800,,CHN,PBS Xinjiang,M,Mandarin (Standard Chinese / Beijing dialect),CHN,CHN,uc,5,,
7260000,2200-2300,,CHN,China Radio Int.,P,Portuguese,SEu,SEu,u,0,,
7260000,2300-0300,,CHN,PBS Xinjiang,M,Mandarin (Standard Chinese / Beijing dialect),CHN,CHN,uc,5,,[0725]
7260000,2330-0030,,CHN,China Radio Int.,SI,Sinhalese/Sinhala,CLN,CLN,ka,0,,
7265000,0000-2400,,HOL,Radio Europa,NL,Dutch,Eu,Eu,a,6,2903,1408[0626]
7265000,1230-1605,,CHN,CNR 2 China Business R.,M,Mandarin (Standard Chinese / Beijing dialect),CHN,CHN,as,1,,[0125]
7265000,1400-1500,,CHN,China Radio Int.,SI,Sinhalese/Sinhala,CLN,CLN,ka,0,,
7265000,1500-1600,,CHN,China Radio Int.,HI,Hindi,SAs,SAs,ka,0,,
7265000,1600-1700,,CHN,China Radio Int.,HI,Hindi,SAs,SAs,k,0,,
7265000,1700-1800,,CHN,China Radio Int.,R,Russian,EEu,EEu,u,0,,
7265000,1830-1900,,CHN,China Radio Int.,BU,Bulgarian,SEE,SEE,u,0,,
7265000,1930-2030,,CHN,China Radio Int.,EO,Esperanto,Eu,Eu,u,0,,
7265000,2030-2130,,CHN,China Radio Int.,I,Italian,SEu,SEu,u,0,,
7265000,2055-0100,,CHN,CNR 2 China Business R.,M,Mandarin (Standard Chinese / Beijing dialect),CHN,CHN,as,5,,
7265000,2200-2300,,CHN,China Radio Int.,M,Mandarin (Standard Chinese / Beijing dialect),ME,ME,k,0,,
7270000,0600-0950,We-Mo,CHN,PBS Nei Menggu,MO,Mongolian,CHN,CHN,hh,1,,
7270000,0950-1605,,CHN,PBS Nei Menggu,MO,Mongolian,CHN,CHN,hh,1,,[0326]
7270000,1400-1500,,CHN,CNR1 Jammer/Firedrake,M,Mandarin (Standard Chinese / Beijing dialect),CHN,CHN,,1,,[0120]
7270000,2150-0600,,CHN,PBS Nei Menggu,MO,Mongolian,CHN,CHN,hh,1,,
7270000,2300-2400,,CHN,CNR1 Jammer/Firedrake,M,Mandarin (Standard Chinese / Beijing dialect),CHN,CHN,,1,,
7275000,0150-0600,,CHN,China National Radio,M,Mandarin (Standard Chinese / Beijing dialect),CHN,CHN,gy,0,,
7275000,0200-0300,,CHN,PBS Xinjiang,UI,Uighur,CHN,CHN,uc,5,,
7275000,0300-0400,,TUR,Voice of Turkey,E,English,ENA,ENA,e,0,,
7275000,0300-0800,,CHN,PBS Xinjiang,UI,Uighur,CHN,CHN,uc,1,,[0724]
7275000,0800-1100,We-Mo,CHN,PBS Xinjiang,UI,Uighur,CHN,CHN,uc,1,,[0120]
7275000,1100-1200,,CHN,PBS Xinjiang,UI,Uighur,CHN,CHN,uc,1,,
7275000,1100-1805,,CHN,China National Radio 1,M,Mandarin (Standard Chinese / Beijing dialect),CHN,CHN,b,1,,
7275000,1200-1400,,CHN,PBS Xinjiang,UI,Uighur,CHN,CHN,uc,5,,[0522]
7275000,1400-1800,,CHN,PBS Xinjiang,UI,Uighur,CHN,CHN,uc,5,,
7275000,1600-1700,,KOR,KBS World Radio,K,Korean,Eu,Eu,k,1,,
7275000,1730-1830,,CHN,China Radio Int.,M,Mandarin (Standard Chinese / Beijing dialect),ME,ME,u,0,,
7275000,1900-2000,,I,IRRS Milano,E,English,Eu,Eu,/BUL-s,1,,[0125]
7275000,2023-0030,,CHN,China National Radio 1,M,Mandarin (Standard Chinese / Beijing dialect),CHN,CHN,b,4,,[1224]
7275000,2023-2300,,CHN,China National Radio 1,M,Mandarin (Standard Chinese / Beijing dialect),CHN,CHN,b,5,,
7275000,2300-0200,,CHN,PBS Xinjiang,UI,Uighur,CHN,CHN,uc,5,,[0725]
7280000,0000-2400,,CHN,CNR1 Jammer/Firedrake,M,Mandarin (Standard Chinese / Beijing dialect),CHN,CHN,,1,,[0426]
7280000,0000-2400,,HOL,Radio Europa,NL,Dutch,Eu,Eu,a,1,1508,[0826]
7280000,0050-0220,,IRN,IRIB Voice of I.R.Iran,TJ,Tajik,CAs,CAs,s,0,,
7280100,0000-0100,,TWN,Sound of Hope,M,Mandarin (Standard Chinese / Beijing dialect),FE,FE,,1,,
7280100,0100-0200,,TWN,Sound of Hope,M,Mandarin (Standard Chinese / Beijing dialect),FE,FE,,1,,
7280100,0200-1200,,TWN,Sound of Hope,M,Mandarin (Standard Chinese / Beijing dialect),FE,FE,,1,,[0422]
7280100,1200-1300,,TWN,Sound of Hope,M,Mandarin (Standard Chinese / Beijing dialect),FE,FE,,1,,[0822]
7280100,1300-1400,,TWN,Sound of Hope,M,Mandarin (Standard Chinese / Beijing dialect),FE,FE,,1,,
7280100,1400-1500,,TWN,Sound of Hope,M,Mandarin (Standard Chinese / Beijing dialect),FE,FE,,1,,[0324]
7280100,1500-1600,,TWN,Sound of Hope,CA,Cantonese / Yue,FE,FE,,1,,
7280100,1600-1700,,TWN,Sound of Hope,M,Mandarin (Standard Chinese / Beijing dialect),FE,FE,,1,,[0521]
7280100,1700-2000,,TWN,Sound of Hope,M,Mandarin (Standard Chinese / Beijing dialect),FE,FE,,1,,[1123]
7280100,2000-2100,,TWN,Sound of Hope,M,Mandarin (Standard Chinese / Beijing dialect),FE,FE,,1,,
7280100,2100-2130,,TWN,Sound of Hope,M,Mandarin (Standard Chinese / Beijing dialect),FE,FE,,1,,
7280100,2130-2200,,TWN,Sound of Hope,M,Mandarin (Standard Chinese / Beijing dialect),FE,FE,,1,,
7280100,2200-2300,,TWN,Sound of Hope,M,Mandarin (Standard Chinese / Beijing dialect),FE,FE,,1,,
7280100,2300-2400,,TWN,Sound of Hope,M,Mandarin (Standard Chinese / Beijing dialect),FE,FE,,1,,
7285000,1030-1130,,VTN,Voice of Vietnam,LAO,Lao,SEA,SEA,s,1,,[0925]
7285000,1130-1200,,VTN,Voice of Vietnam,F,French,SEA,SEA,s,1,,
7285000,1200-1230,,VTN,Voice of Vietnam,KH,Khmer,SEA,SEA,s,1,,
7285000,1230-1300,,VTN,Voice of Vietnam,F,French,SEA,SEA,s,1,,
7285000,1300-1330,,VTN,Voice of Vietnam,T,Thai,SEA,SEA,s,1,,
7285000,1300-1400,,CHN,China Radio Int.,MO,Mongolian,MNG,MNG,b,0,,
7285000,1500-1600,,CHN,China Radio Int.,UR,Urdu,SAs,SAs,ka,0,,
7285000,2200-2300,,CHN,China Radio Int.,M,Mandarin (Standard Chinese / Beijing dialect),ME,ME,u,0,,
7290000,0600-0955,,INS,RRI Nabire,IN,Indonesian / Bahasa Indonesia,INS,INS,n,1,,[0826]
7290000,0930-1805,,CHN,China National Radio 1,M,Mandarin (Standard Chinese / Beijing dialect),CHN,CHN,b,4,,[0326]
7290000,0955-1300,irr,INS,RRI Nabire,IN,Indonesian / Bahasa Indonesia,INS,INS,n,1,0205,[0626]
7290000,1000-1805,,CHN,China National Radio 1,M,Mandarin (Standard Chinese / Beijing dialect),CHN,CHN,b,5,,[0526]
7290000,1430-1500,,CLA,Furusato no Kaze,J,Japanese,KRE,KRE,/TWN-s,4,,[1222]
7290000,1500-1530,,CLA,Nippon no Kaze,K,Korean,KRE,KRE,/TWN-s,4,,[0326]
7290000,1530-1600,,CLA,Nippon no Kaze,K,Korean,KRE,KRE,/TWN-s,4,,[0125]
7290000,1800-1900,,I,IRRS Milano,E,English,Eu,Eu,/BUL-s,2,,[0425]
7290000,2023-0100,,CHN,China National Radio 1,M,Mandarin (Standard Chinese / Beijing dialect),CHN,CHN,b,5,,
7290000,2023-2400,,CHN,China National Radio 1,M,Mandarin (Standard Chinese / Beijing dialect),CHN,CHN,b,4,,[0125]
7290000,2100-2200,,CHN,China Radio Int.,K,Korean,FE,FE,x,0,,
7290000,2100-2300,,INS,RRI Nabire,IN,Indonesian / Bahasa Indonesia,INS,INS,n,1,,[0826]
7290000,2200-2300,,CHN,China Radio Int.,K,Korean,FE,FE,x,0,,
7295000,0305-0530,,CHN,PBS Xinjiang,KG,Kyrgyz /Kirghiz,CHN,CHN,uc,4,,[1121]
7295000,1005-1230,,CHN,PBS Xinjiang,KG,Kyrgyz /Kirghiz,CHN,CHN,uc,4,,[0220]
7295000,1300-1330,,CLA,Nippon no Kaze,K,Korean,KRE,KRE,/TWN-s,4,,[1125]
7295000,1300-1330,156,J,Shiokaze,J,Japanese,KRE,KRE,y,6,1905,2206
7295000,1300-1400,We,J,Shiokaze,E,English,KRE,KRE,y,6,1905,2206
7295000,1300-1400,Su,J,Shiokaze,J,Japanese,KRE,KRE,y,6,1905,2206
7295000,1300-1400,"Tu,Th",J,Shiokaze,K,Korean,KRE,KRE,y,6,1905,2206
7295000,1330-1357,,CLA,Furusato no Kaze,J,Japanese,KRE,KRE,/TWN-s,4,,[1125]
7295000,1330-1400,156,J,Shiokaze,K,Korean,KRE,KRE,y,6,1905,2206
7295000,1405-1435,,J,Shiokaze,J,Japanese,KRE,KRE,y,6,0704,2604
7295000,1405-1435,,J,Shiokaze,J,Japanese,KRE,KRE,y,6,0107,3107
7295000,1900-2000,,CHN,China Radio Int.,E,English,WAf,WAf,u,0,,
7295000,2000-2100,,CHN,China Radio Int.,E,English,WAf,WAf,u,0,,
7300000,1500-1600,,CHN,CNR1 Jammer/Firedrake,M,Mandarin (Standard Chinese / Beijing dialect),CHN,CHN,a,1,,[0125]
7300000,1500-1600,,TWN,Radio Taiwan Int.,M,Mandarin (Standard Chinese / Beijing dialect),FE,FE,s,1,,
7300000,2100-2115,,AUS,HCJB R.Akhbar Mufriha,TAH,Tachelhit/Sous,NAf,NAf,/G-w,1,,[0725]
7300000,2115-2145,Su,AUS,HCJB R.Akhbar Mufriha,A,Arabic (300m),NAf,NAf,/G-w,1,,[0525]
7305000,0100-0130,,CVA,Radio Vaticana,P,Portuguese,SAm,SAm,,0,,
7305000,0130-0200,,CVA,Radio Vaticana,S,Spanish/Castellano,Car,Car,,0,,
7305000,0530-0600,,G,BBC,HA,Haussa,WAf,WAf,/ASC,0,,
7305000,0600-0630,,G,BBC,F,French,WAf,WAf,/ASC,0,,
7305000,0800-0900,We-Mo,CHN,China National Radio 1,M,Mandarin (Standard Chinese / Beijing dialect),CHN,CHN,s,4,,
7305000,0900-1805,,CHN,China National Radio 1,M,Mandarin (Standard Chinese / Beijing dialect),CHN,CHN,s,4,,[0226]
7305000,1000-1805,,CHN,China National Radio 1,M,Mandarin (Standard Chinese / Beijing dialect),CHN,CHN,s,5,,[0825]
7305000,1300-1330,156,J,Shiokaze,J,Japanese,KRE,KRE,y,6,2903,0604
7305000,1300-1400,We,J,Shiokaze,E,English,KRE,KRE,y,6,2903,0604
7305000,1300-1400,Su,J,Shiokaze,J,Japanese,KRE,KRE,y,6,2903,0604
7305000,1300-1400,"Tu,Th",J,Shiokaze,K,Korean,KRE,KRE,y,6,2903,0604
7305000,1330-1400,156,J,Shiokaze,K,Korean,KRE,KRE,y,6,2903,0604
7305000,1620-1720,,IRN,IRIB Voice of I.R.Iran,AR,Armenian,Cau,Cau,s,0,,
7305000,2000-2100,,CHN,China Radio Int.,PO,Polish,Eu,Eu,u,0,,
7305000,2023-2200,,CHN,China National Radio 1,M,Mandarin (Standard Chinese / Beijing dialect),CHN,CHN,s,1,,[1220]
7310000,0000-0100,,TWN,Sound of Hope,M,Mandarin (Standard Chinese / Beijing dialect),FE,FE,,1,,
7310000,0000-2400,,CHN,CNR1 Jammer/Firedrake,M,Mandarin (Standard Chinese / Beijing dialect),CHN,CHN,,1,,[0925]
7310000,0100-0200,,TWN,Sound of Hope,M,Mandarin (Standard Chinese / Beijing dialect),FE,FE,,1,,
7310000,0200-1200,,TWN,Sound of Hope,M,Mandarin (Standard Chinese / Beijing dialect),FE,FE,,1,,[1224]
7310000,1200-1300,,TWN,Sound of Hope,M,Mandarin (Standard Chinese / Beijing dialect),FE,FE,,1,,[0822]
7310000,1200-1400,,CHN,PBS Xinjiang,M,Mandarin (Standard Chinese / Beijing dialect),CHN,CHN,uc,4,,
7310000,1300-1400,,TWN,Sound of Hope,M,Mandarin (Standard Chinese / Beijing dialect),FE,FE,,1,,
7310000,1400-1500,,TWN,Sound of Hope,M,Mandarin (Standard Chinese / Beijing dialect),FE,FE,,1,,[0925]
7310000,1400-1800,,CHN,PBS Xinjiang,M,Mandarin (Standard Chinese / Beijing dialect),CHN,CHN,uc,1,,[0125]
7310000,1500-1600,,TWN,Sound of Hope,M,Mandarin (Standard Chinese / Beijing dialect),FE,FE,,1,,[0125]
7310000,1600-1700,,TWN,Sound of Hope,M,Mandarin (Standard Chinese / Beijing dialect),FE,FE,,1,,[0822]
7310000,1700-2000,,TWN,Sound of Hope,M,Mandarin (Standard Chinese / Beijing dialect),FE,FE,,1,,[0525]
7310000,1820-1920,,IRN,IRIB Voice of I.R.Iran,AL,Albanian,Eu,Eu,s,0,,
7310000,2000-2100,,TWN,Sound of Hope,M,Mandarin (Standard Chinese / Beijing dialect),FE,FE,,1,,
7310000,2100-2130,,TWN,Sound of Hope,M,Mandarin (Standard Chinese / Beijing dialect),FE,FE,,1,,[0521]
7310000,2130-2200,,TWN,Sound of Hope,M,Mandarin (Standard Chinese / Beijing dialect),FE,FE,,1,,
7310000,2200-2300,,TWN,Sound of Hope,M,Mandarin (Standard Chinese / Beijing dialect),FE,FE,,1,,
7310000,2300-0300,,CHN,PBS Xinjiang,M,Mandarin (Standard Chinese / Beijing dialect),CHN,CHN,uc,5,,[0725]
7310000,2300-2400,,TWN,Sound of Hope,M,Mandarin (Standard Chinese / Beijing dialect),FE,FE,,1,,[1223]
7310000,2310-0300,,CHN,PBS Xinjiang,M,Mandarin (Standard Chinese / Beijing dialect),CHN,CHN,uc,4,,[0324]
7315000,0330-0400,Tu-Fr,HOL,Radio Tamazuj,SUD,Sudanese Arabic,SSD,SSD,/MDG,0,,
7315000,0900-1100,,CHN,CNR 2 China Business R.,M,Mandarin (Standard Chinese / Beijing dialect),CHN,CHN,x,4,,
7315000,1100-1605,,CHN,CNR 2 China Business R.,M,Mandarin (Standard Chinese / Beijing dialect),CHN,CHN,x,1,,[0825]
7315000,1600-1700,,CHN,China Radio Int.,VN,Vietnamese,SEA,SEA,k,0,,
7315000,2000-2030,Su,USA,Follow the Bible Min.,A,Arabic (300m),NAf,NAf,/G-w,4,,[1125]
7315000,2055-0100,,CHN,CNR 2 China Business R.,M,Mandarin (Standard Chinese / Beijing dialect),CHN,CHN,x,1,,
7317000,1900-1910,"Mo,Th",POL,E11 Polish Spy Numbers,E,English,,,p,1,0103,3004[0323]
7317000,1900-1910,"Mo,Th",POL,E11 Polish Spy Numbers,E,English,,,p,1,0109,3110[0924]
7320000,1705-1805,,J,Shiokaze,J,Japanese,KRE,KRE,y,6,0306,3006
7325000,0050-0220,,IRN,IRIB Voice of I.R.Iran,TJ,Tajik,CAs,CAs,s,0,,
7325000,1000-1100,,CHN,China Radio Int.,J,Japanese,FE,FE,j,0,,
7325000,1100-1200,,CHN,China Radio Int.,J,Japanese,FE,FE,j,0,,
7325000,1200-1300,,CHN,China Radio Int.,J,Japanese,FE,FE,j,0,,
7325000,1300-1400,,CHN,China Radio Int.,J,Japanese,FE,FE,x,0,,
7325000,1405-1435,,J,Shiokaze,J,Japanese,KRE,KRE,y,6,2903,0604
7325000,1405-1435,,J,Shiokaze,J,Japanese,KRE,KRE,y,6,2704,0206
7325000,1405-1435,,J,Shiokaze,J,Japanese,KRE,KRE,y,1,0108,
7325000,1430-1500,,CHN,China Radio Int.,TAG,Tagalog,PHL,PHL,n,0,,
7325000,1500-1600,,CHN,China Radio Int.,E,English,SEA,SEA,b,0,,
7325000,1820-1920,,IRN,IRIB Voice of I.R.Iran,AL,Albanian,Eu,Eu,s,0,,
7325000,2000-2030,,CHN,China Radio Int.,SR,Serbian,SEE,SEE,u,0,,
7325000,2100-2130,,CHN,China Radio Int.,SR,Serbian,Eu,Eu,x,0,,
7325000,2100-2200,,CHN,China Radio Int.,E,English,SAf,SAf,b,0,,
7325000,2200-2300,,CHN,China Radio Int.,M,Mandarin (Standard Chinese / Beijing dialect),SEA,SEA,k,0,,
7325000,2300-2400,,CHN,China Radio Int.,CA,Cantonese / Yue,SEA,SEA,k,0,,
7330000,0050-0220,,IRN,IRIB Voice of I.R.Iran,TJ,Tajik,CAs,CAs,s,0,,
7330000,1700-1800,,CHN,China Radio Int.,E,English,EAf,EAf,j,0,,
7335000,1000-1300,,CHN,CNR 2 China Business R.,M,Mandarin (Standard Chinese / Beijing dialect),CHN,CHN,as,4,,
7335000,1000-1400,,USA,Radio Marti,S,Spanish/Castellano,CUB,CUB,g,0,,
7335000,1300-1605,,CHN,CNR 2 China Business R.,M,Mandarin (Standard Chinese / Beijing dialect),CHN,CHN,as,1,,[0825]
7335000,2055-0030,,CHN,CNR 2 China Business R.,M,Mandarin (Standard Chinese / Beijing dialect),CHN,CHN,as,1,,[0126]
7335000,2200-0600,,USA,Radio Marti,S,Spanish/Castellano,CUB,CUB,g,0,,
7340000,0330-0350,,CHN,PBS Xinjiang,KZ,Kazakh,CHN,CHN,uc,4,,
7340000,0350-0800,,CHN,PBS Xinjiang,KZ,Kazakh,CHN,CHN,uc,1,,[1121]
7340000,0800-1100,We-Mo,CHN,PBS Xinjiang,KZ,Kazakh,CHN,CHN,uc,1,,
7340000,1100-1155,,CHN,PBS Xinjiang,KZ,Kazakh,CHN,CHN,uc,1,,
7340000,1155-1800,,CHN,PBS Xinjiang,KZ,Kazakh,CHN,CHN,uc,5,,[1024]
7340000,1200-1500,,KOR,Unification Media Group,K,Korean,KRE,KRE,/TWN-s,5,,[0826]
7340000,1500-1600,,F,Mini Atlantique Weather,"F,E","French, English",NAO,NAO,i,6,0107,0208
7340000,1500-1600,,F,Mini Atlantique Weather,"F,E","French, English",NAO,NAO,i,6,0808,3108
7340000,1800-1900,,CHN,China Radio Int.,I,Italian,SEu,SEu,ka,0,,
7340000,2300-0350,,CHN,PBS Xinjiang,KZ,Kazakh,CHN,CHN,uc,5,,[0725]
7345000,1030-1130,,MYA,Thazin Radio,KOK,Kokang Shan,SEA,SEA,p,1,,[0526]
7345000,1100-1805,,CHN,CNR 7 Greater Bay Area,CA,Cantonese / Yue,CHN,CHN,h,1,,[0526]
7345000,1130-1230,,MYA,Thazin Radio,KYH,Kayah,SEA,SEA,p,1,,[0526]
7345000,1230-1330,,MYA,Thazin Radio,SHA,Shan,SEA,SEA,p,1,,[0226]
7345000,2030-2130,,CHN,China Radio Int.,I,Italian,SEu,SEu,ka,0,,
7345000,2055-2400,,CHN,CNR 7 Greater Bay Area,CA,Cantonese / Yue,CHN,CHN,h,1,,[1023]
7350000,0000-0100,,CHN,China Radio Int.,E,English,Eu,Eu,ka,0,,
7350000,0000-2400,irr,B,Rádio Scalla FM,P,Portuguese,B,B,xx,1,,[0425]
7350000,0930-0950,,J,NHK Radio Japan,R,Russian,FE,FE,y,0,,
7350000,1100-1200,,CHN,China National Radio 11,TB,Tibetan / Lhasa Tibetan,CHN,CHN,as,4,,[1122]
7350000,1200-1300,,CHN,China National Radio 11,TB,Tibetan / Lhasa Tibetan,CHN,CHN,as,4,,[1122]
7350000,1300-1605,,CHN,China National Radio 11,TB,Tibetan / Lhasa Tibetan,CHN,CHN,as,1,,[1221]
7350000,2155-2300,,CHN,China National Radio 11,M,Mandarin (Standard Chinese / Beijing dialect),CHN,CHN,as,5,,
7350000,2300-2400,,CHN,China National Radio 11,TB,Tibetan / Lhasa Tibetan,CHN,CHN,as,5,,
7350000,2300-2400,,CHN,China Radio Int.,E,English,Eu,Eu,ka,0,,
7355000,1200-1300,,ALS,KNLS New Life Station,E,English,FE,FE,ap,0,,
7355000,1630-1700,Mo-Fr,G,BBC,K,Korean,FE,FE,/UZB,0,,
7355000,1730-1800,Mo-Fr,G,BBC,K,Korean,FE,FE,/UZB,0,,
7355000,1950-2050,,J,Shiokaze,J,Japanese,KRE,KRE,y,6,0704,2604
7360000,0000-0200,,TUR,Voice of Turkey,TU,Turkish,FE,FE,e,0,,
7360000,0500-0520,,CVA,Radio Vaticana,R,Russian,EEu,EEu,,4,,
7360000,0520-0540,,CVA,Radio Vaticana,UK,Ukrainian,EEu,EEu,,4,,
7360000,1130-1230,,CHN,China Radio Int.,T,Thai,SEA,SEA,k,0,,
7360000,1230-1330,,CHN,China Radio Int.,LAO,Lao,SEA,SEA,k,0,,
7360000,1330-1430,,CHN,China Radio Int.,T,Thai,SEA,SEA,k,0,,
7360000,1400-1500,,CHN,China Radio Int.,J,Japanese,FE,FE,x,0,,
7360000,1430-1530,,CHN,China Radio Int.,LAO,Lao,SEA,SEA,k,0,,
7360000,1600-1620,,CVA,Radio Vaticana,AR,Armenian,Cau,Cau,,4,,
7360000,1620-1640,,CVA,Radio Vaticana,R,Russian,EEu,EEu,,4,,
7360000,1730-1830,,TUR,Voice of Turkey,F,French,CAf,CAf,e,0,,
7360000,1740-1800,,CVA,Radio Vaticana,UK,Ukrainian,UKR,UKR,,4,,
7360000,2055-2400,,CHN,CNR 2 China Business R.,M,Mandarin (Standard Chinese / Beijing dialect),CHN,CHN,x,5,,
7360000,2155-2300,,CHN,China National Radio 11,M,Mandarin (Standard Chinese / Beijing dialect),CHN,CHN,as,4,,
7360000,2300-2400,,CHN,China National Radio 11,TB,Tibetan / Lhasa Tibetan,CHN,CHN,as,4,,[0125]
7365000,0100-0500,,USA,Radio Marti,S,Spanish/Castellano,CUB,CUB,g,6,3003,3103
7365000,0100-0600,,USA,Radio Marti,S,Spanish/Castellano,CUB,CUB,g,6,0104,2410
7365000,0800-2000,,EQA,HCJB Voice of Andes,R,Russian,EEu,EEu,/D-we,6,2903,3006[0825]
7365000,1000-1805,,CHN,China National Radio 1,M,Mandarin (Standard Chinese / Beijing dialect),CHN,CHN,s,4,,[0226]
7365000,1200-1400,,USA,Radio Marti,S,Spanish/Castellano,CUB,CUB,g,0,,
7365000,1200-1805,,CHN,China National Radio 1,M,Mandarin (Standard Chinese / Beijing dialect),CHN,CHN,s,5,,[0925]
7370000,0700-1300,"Tu,Th",USA,Voice of America,E,English,EEu,EEu,/D-L,6,2306,2510
7370000,0730-1000,5Apr,I,Marconi Radio Int.,I,Italian,Eu,Eu,xx,6,0504,0504
7370000,1100-1200,,CHN,China Radio Int.,CA,Cantonese / Yue,SEA,SEA,n,0,,
7370000,1100-1300,,CHN,CNR 2 China Business R.,M,Mandarin (Standard Chinese / Beijing dialect),CHN,CHN,B,4,,
7370000,1300-1605,,CHN,CNR 2 China Business R.,M,Mandarin (Standard Chinese / Beijing dialect),CHN,CHN,B,1,,[0919]
7370000,2055-2300,,CHN,CNR 2 China Business R.,M,Mandarin (Standard Chinese / Beijing dialect),CHN,CHN,B,5,,
7370000,2055-2400,,CHN,CNR 2 China Business R.,M,Mandarin (Standard Chinese / Beijing dialect),CHN,CHN,B,4,,[0125]
7375000,1030-1200,,CHN,CNR 2 China Business R.,M,Mandarin (Standard Chinese / Beijing dialect),CHN,CHN,B,4,,[0119]
7375000,1200-1605,,CHN,CNR 2 China Business R.,M,Mandarin (Standard Chinese / Beijing dialect),CHN,CHN,B,1,,[1222]
7375000,1600-1630,156,J,Shiokaze,J,Japanese,KRE,KRE,y,6,2903,0604
7375000,1600-1700,We,J,Shiokaze,E,English,KRE,KRE,y,6,2903,0604
7375000,1600-1700,Su,J,Shiokaze,J,Japanese,KRE,KRE,y,6,2903,0604
7375000,1600-1700,"Tu,Th",J,Shiokaze,K,Korean,KRE,KRE,y,6,2903,0604
7375000,1630-1700,156,J,Shiokaze,K,Korean,KRE,KRE,y,6,2903,0604
7375000,1700-1900,,J,NHK Radio Japan,J,Japanese,FE,FE,y,0,,
7375000,1900-2000,,USA,Adventist World Radio,K,Korean,FE,FE,/GUM-a,0,,
7377000,0700-0710,SaSu,POL,E11 Polish Spy Numbers,E,English,,,p,1,0105,3108
7377000,1000-1010,Su,RUS,E06 Russian Spy Numbers,E,English,RUS,RUS,or,1,0112,3112
7377000,1300-1310,Sa,RUS,E06 Russian Spy Numbers,E,English,RUS,RUS,or,1,0101,3101
7380000,0900-1000,Su,D,Radio DARC,D,German,Eu,Eu,/G-w,6,0106,1006
7380000,2000-2030,Su,USA,Follow the Bible Min.,A,Arabic (300m),NAf,NAf,/G-w,1,,[0526]
7385000,0900-1000,,CHN,CNR5 Cross-Strait Radio,M,Mandarin (Standard Chinese / Beijing dialect),TWN,TWN,B,1,,
7385000,0930-1000,We-Mo,CHN,Xizang RTV,TB,Tibetan / Lhasa Tibetan,CHN,CHN,t,1,,
7385000,1000-1600,,CHN,Xizang RTV,TB,Tibetan / Lhasa Tibetan,CHN,CHN,t,1,,[0626]
7385000,1000-1705,,CHN,CNR5 Cross-Strait Radio,M,Mandarin (Standard Chinese / Beijing dialect),TWN,TWN,B,1,,[0326]
7385000,1600-1700,,CHN,Xizang RTV,E,English,CHN,CHN,t,1,,[0426]
7385000,1700-1805,,CHN,Xizang RTV,TB,Tibetan / Lhasa Tibetan,CHN,CHN,t,1,,[0426]
7385000,1900-2000,,CHN,China Radio Int.,AL,Albanian,SEE,SEE,ka,0,,
7385000,2050-0200,,CHN,Xizang RTV,TB,Tibetan / Lhasa Tibetan,CHN,CHN,t,1,,[1225]
7385000,2055-2300,,CHN,CNR5 Cross-Strait Radio,M,Mandarin (Standard Chinese / Beijing dialect),TWN,TWN,B,1,,
7385000,2300-2400,,CHN,CNR5 Cross-Strait Radio,M,Mandarin (Standard Chinese / Beijing dialect),TWN,TWN,B,4,,[1125]
7390000,0630-0700,"Tu,Th",USA,Voice of America,E,English,SEA,SEA,/THA-u,6,1606,2510
7390000,1000-1100,,CHN,China Radio Int.,R,Russian,Sib,Sib,h,0,,
7390000,1100-1200,,CHN,China Radio Int.,MO,Mongolian,MNG,MNG,h,0,,
7390000,2000-2030,,CHN,China Radio Int.,SR,Serbian,Eu,Eu,x,0,,
7390000,2030-2100,,CHN,China Radio Int.,HU,Hungarian,Eu,Eu,j,0,,
7396800,0000-0005,,THA,HSW64 Bangkok Meteo Fax,,,SEA,SEA,u,1,,
7396800,0020-0025,,THA,HSW64 Bangkok Meteo Fax,,,SEA,SEA,u,1,,
7396800,0050-0605,,THA,HSW64 Bangkok Meteo Fax,,,SEA,SEA,u,1,,
7396800,0620-0625,,THA,HSW64 Bangkok Meteo Fax,,,SEA,SEA,u,1,,
7396800,0700-0755,,THA,HSW64 Bangkok Meteo Fax,,,SEA,SEA,u,1,,
7396800,0800-0805,,THA,HSW64 Bangkok Meteo Fax,,,SEA,SEA,u,1,,
7396800,0840-0845,,THA,HSW64 Bangkok Meteo Fax,,,SEA,SEA,u,1,,
7396800,0900-0905,,THA,HSW64 Bangkok Meteo Fax,,,SEA,SEA,u,1,,
7396800,1000-1005,,THA,HSW64 Bangkok Meteo Fax,,,SEA,SEA,u,1,,
7396800,1020-1100,,THA,HSW64 Bangkok Meteo Fax,,,SEA,SEA,u,1,,[0521]
7396800,1100-1105,,THA,HSW64 Bangkok Meteo Fax,,,SEA,SEA,u,1,,
7396800,1120-1125,,THA,HSW64 Bangkok Meteo Fax,,,SEA,SEA,u,1,,
7396800,1200-1205,,THA,HSW64 Bangkok Meteo Fax,,,SEA,SEA,u,1,,
7396800,1220-1225,,THA,HSW64 Bangkok Meteo Fax,,,SEA,SEA,u,1,,
7396800,1230-1245,,THA,HSW64 Bangkok Meteo Fax,,,SEA,SEA,u,1,,
7396800,1300-1320,,THA,HSW64 Bangkok Meteo Fax,,,SEA,SEA,u,1,,
7396800,1400-1405,,THA,HSW64 Bangkok Meteo Fax,,,SEA,SEA,u,1,,
7396800,1420-1425,,THA,HSW64 Bangkok Meteo Fax,,,SEA,SEA,u,1,,
7396800,1440-1445,,THA,HSW64 Bangkok Meteo Fax,,,SEA,SEA,u,1,,
7396800,1500-1505,,THA,HSW64 Bangkok Meteo Fax,,,SEA,SEA,u,1,,
7396800,1520-1525,,THA,HSW64 Bangkok Meteo Fax,,,SEA,SEA,u,1,,
7396800,1700-1705,,THA,HSW64 Bangkok Meteo Fax,,,SEA,SEA,u,1,,[1225]
7396800,1720-1740,,THA,HSW64 Bangkok Meteo Fax,,,SEA,SEA,u,1,,[1225]
7396800,2000-2005,,THA,HSW64 Bangkok Meteo Fax,,,SEA,SEA,u,1,,
7396800,2300-2340,,THA,HSW64 Bangkok Meteo Fax,,,SEA,SEA,u,1,,[0820]
7400000,0000-2400,,FIN,"Radio Hiekka, Kalajoki",FI,Finnish,NEu,NEu,hv,1,1508,
7400000,0000-2400,,HOL,Radio Piepzender,NL,Dutch,Eu,Eu,zw,1,,
7400000,1652-2050,31May,HOL,Free Radio Sce Holland,E,English,Eu,Eu,xx,6,2705,3105
7400000,1900-2100,,HOL,Free Radio Sce Holland,E,English,Eu,Eu,xx,6,2607,2607
7400000,1900-2100,2Aug,HOL,Free Radio Sce Holland,E,English,Eu,Eu,xx,6,2607,0208
7400000,1900-2100,9Aug,HOL,Free Radio Sce Holland,E,English,Eu,Eu,xx,6,2607,0908
7410000,1130-1200,,CHN,China Radio Int.,TAG,Tagalog,PHL,PHL,n,0,,
7410000,1300-1400,,CHN,China Radio Int.,J,Japanese,FE,FE,j,0,,
7410000,1400-1500,,CHN,China Radio Int.,J,Japanese,FE,FE,j,0,,
7410000,1400-1500,,CHN,China Radio Int.,M,Mandarin (Standard Chinese / Beijing dialect),SEA,SEA,b,0,,
7410000,1500-1600,,CHN,China Radio Int.,J,Japanese,FE,FE,j,0,,
7410000,1700-1800,,CHN,China Radio Int.,E,English,SAs,SAs,ka,0,,
7410000,1820-1835,Mo-Fr,SWZ,Trans World Radio,UM,Umbundu,AGL,AGL,,1,,[0825]
7410000,1835-1901,Mo-Fr,SWZ,Trans World Radio,P,Portuguese,AGL,AGL,,1,,[0126]
7410000,1850-1905,Sa,SWZ,Trans World Radio,UM,Umbundu,AGL,AGL,,1,,
7410000,1850-1905,Su,SWZ,Trans World Radio,KWA,Kwanyama/Kuanyama (dialect of OW),AGL,AGL,,1,,
7410000,1905-1920,Su,SWZ,Trans World Radio,P,Portuguese,AGL,AGL,,1,,[0324]
7410000,2200-2230,,CVA,Radio Vaticana,M,Mandarin (Standard Chinese / Beijing dialect),FE,FE,,0,,
7415000,1800-1830,,CHN,China Radio Int.,FS,Farsi / Iranian Persian,IRN,IRN,x,0,,
7415000,1830-1900,,CHN,China Radio Int.,FS,Farsi / Iranian Persian,IRN,IRN,x,0,,
7415000,1900-1930,,CHN,China Radio Int.,CZ,Czech,WEu,WEu,u,0,,
7415000,1930-2000,,CHN,China Radio Int.,CZ,Czech,WEu,WEu,u,0,,
7415000,2000-2100,,CHN,China Radio Int.,E,English,Eu,Eu,ka,0,,
7415000,2100-2200,,CHN,China Radio Int.,E,English,Eu,Eu,ka,0,,
7420000,0600-0950,We-Mo,CHN,PBS Nei Menggu,M,Mandarin (Standard Chinese / Beijing dialect),CHN,CHN,hh,1,,[1118]
7420000,0950-1605,,CHN,PBS Nei Menggu,M,Mandarin (Standard Chinese / Beijing dialect),CHN,CHN,hh,1,,[0825]
7420000,1700-1800,,CHN,China Radio Int.,E,English,SEA,SEA,k,0,,
7420000,1950-2050,,J,Shiokaze,J,Japanese,KRE,KRE,y,6,2704,0206
7420000,1950-2050,,J,Shiokaze,J,Japanese,KRE,KRE,y,1,0108,
7420000,2150-0600,,CHN,PBS Nei Menggu,M,Mandarin (Standard Chinese / Beijing dialect),CHN,CHN,hh,1,,[0626]
7425000,1100-1300,,CHN,CNR 2 China Business R.,M,Mandarin (Standard Chinese / Beijing dialect),CHN,CHN,x,4,,
7425000,1300-1605,,CHN,CNR 2 China Business R.,M,Mandarin (Standard Chinese / Beijing dialect),CHN,CHN,x,1,,[0919]
7425000,1651-1758,Su-Fr,NZL,RNZ Pacific DIGITAL,E,English,Oc,Oc,r,6,0505,2510
7425000,1710-1720,Mo-Fr,NZL,RNZ Pacific DIGITAL,COK,Cook Islands Maori / Rarotongan,Oc,Oc,r,6,0505,2510
7425000,1759-1858,Su-Fr,NZL,RNZ Pacific DIGITAL,E,English,Oc,Oc,r,6,0806,2510
7425000,1840-1850,Su-Th,NZL,RNZ Pacific DIGITAL,SM,Samoan,Oc,Oc,r,6,0806,2510
7425000,1852-1858,Mo-Fr,NZL,RNZ Pacific DIGITAL,NIU,Niuean,Oc,Oc,r,6,0806,2510
7430000,0000-0100,,CHN,China Radio Int.,R,Russian,Sib,Sib,h,0,,
7430000,0900-1000,,CHN,China Radio Int.,M,Mandarin (Standard Chinese / Beijing dialect),FE,FE,j,0,,
7430000,1300-1400,,CHN,CNR1 Jammer/Firedrake,M,Mandarin (Standard Chinese / Beijing dialect),FE,FE,a,1,,
7430000,1300-1400,,TWN,Radio Taiwan Int.,M,Mandarin (Standard Chinese / Beijing dialect),FE,FE,k,1,,
7430000,2200-2300,,CHN,China Radio Int.,M,Mandarin (Standard Chinese / Beijing dialect),EAf,EAf,j,0,,
7430000,2300-2400,,CHN,China Radio Int.,R,Russian,Sib,Sib,h,0,,
7430000,2300-2400,,CHN,China Radio Int.,KH,Khmer,SEA,SEA,n,0,,
7433500,0000-1200,,KOR,HLL Seoul Meteo Fax,,,FE,FE,sg,1,,[0325]
7433500,1200-2400,,KOR,HLL Seoul Meteo Fax,,,FE,FE,sg,1,,[0125]
7435000,0100-0600,,USA,Radio Marti,S,Spanish/Castellano,CUB,CUB,g,0,,
7435000,1100-1200,,CHN,China Radio Int.,M,Mandarin (Standard Chinese / Beijing dialect),FE,FE,b,0,,
7435000,1100-1400,,USA,Radio Farda,FS,Farsi / Iranian Persian,IRN,IRN,/KWT,0,,
7435000,1200-1300,,CHN,China Radio Int.,M,Mandarin (Standard Chinese / Beijing dialect),FE,FE,b,0,,
7435000,1300-1400,,CHN,China Radio Int.,M,Mandarin (Standard Chinese / Beijing dialect),FE,FE,b,0,,
7435000,1400-1500,,CHN,China Radio Int.,M,Mandarin (Standard Chinese / Beijing dialect),FE,FE,b,0,,
7435000,1400-1500,,CHN,China Radio Int.,NE,Nepali/Lhotshampa,FE,FE,k,0,,
7435000,1500-1600,,CHN,China Radio Int.,NE,Nepali/Lhotshampa,FE,FE,k,0,,
7435000,1500-1600,,CHN,China Radio Int.,M,Mandarin (Standard Chinese / Beijing dialect),FE,FE,b,0,,
7435000,1800-1900,,CHN,China Radio Int.,I,Italian,SEu,SEu,j,0,,
7435000,1900-1930,,CHN,China Radio Int.,HU,Hungarian,Eu,Eu,x,0,,
7435000,1930-2000,,CHN,China Radio Int.,RO,Romanian,EEu,EEu,x,0,,
7435000,2145-1030,,VTN,Voice of Vietnam 1,VN,Vietnamese,Oc,Oc,s,1,,[1223]
7440000,1200-1400,,CHN,China Radio Int.,M,Mandarin (Standard Chinese / Beijing dialect),SEA,SEA,n,0,,
7440000,1259-1650,,NZL,RNZ Pacific,E,English,Oc,Oc,r,6,2903,0706
7440000,1330-1340,We,NZL,RNZ Pacific,SLM,Pijin/Solomon Islands Pidgin,Oc,Oc,r,6,2903,0706
7440000,1359-1650,,NZL,RNZ Pacific,E,English,Oc,Oc,r,6,0806,2510
7445000,0030-0100,,G,BBC,DR,Dari / Eastern Farsi,AFG,AFG,/CVA,0,,
7445000,0100-0130,,G,BBC,PS,Pashto / Pushtu,AFG,AFG,/OMA-a,0,,
7445000,0130-0200,,G,BBC,DR,Dari / Eastern Farsi,AFG,AFG,/OMA-a,0,,
7445000,1500-1600,,CHN,China Radio Int.,E,English,PAK,PAK,u,0,,
7445000,1630-1700,Mo-Fr,G,BBC,K,Korean,FE,FE,/UZB,6,2903,1404
7445000,1730-1800,Mo-Fr,G,BBC,K,Korean,FE,FE,/UZB,6,2903,1404
7445000,2100-2130,,CHN,China Radio Int.,SR,Serbian,SEE,SEE,k,0,,
7445000,2130-2200,,CHN,China Radio Int.,HU,Hungarian,Eu,Eu,u,0,,
7450000,0900-1000,We-Mo,CHN,Xizang RTV,M,Mandarin (Standard Chinese / Beijing dialect),CHN,CHN,t,1,,
7450000,1000-1800,,CHN,Xizang RTV,M,Mandarin (Standard Chinese / Beijing dialect),CHN,CHN,t,1,,[0919]
7450000,2000-2100,We-Mo,CHN,Xizang RTV,M,Mandarin (Standard Chinese / Beijing dialect),CHN,CHN,t,1,,[1123]
7450000,2100-0300,,CHN,Xizang RTV,M,Mandarin (Standard Chinese / Beijing dialect),CHN,CHN,t,1,,[0324]
7455000,0000-2400,,PTR,NAU US Navy,-TY,Teletype or other digital Station (RTTY/SITOR/..),NAm,NAm,i,1,,[0725]
7460000,0000-0100,,TWN,Sound of Hope,M,Mandarin (Standard Chinese / Beijing dialect),FE,FE,,1,,
7460000,0000-2400,,USA,Radio Farda,FS,Farsi / Iranian Persian,IRN,IRN,/KWT,0,,
7460000,0100-0200,,TWN,Sound of Hope,M,Mandarin (Standard Chinese / Beijing dialect),FE,FE,,1,,
7460000,0200-1200,,TWN,Sound of Hope,M,Mandarin (Standard Chinese / Beijing dialect),FE,FE,,1,,[0925]
7460000,1200-1300,,TWN,Sound of Hope,M,Mandarin (Standard Chinese / Beijing dialect),FE,FE,,1,,
7460000,1300-1400,,TWN,Sound of Hope,M,Mandarin (Standard Chinese / Beijing dialect),FE,FE,,1,,
7460000,1400-1500,,TWN,Sound of Hope,M,Mandarin (Standard Chinese / Beijing dialect),FE,FE,,1,,
7460000,1500-1600,,TWN,Sound of Hope,M,Mandarin (Standard Chinese / Beijing dialect),FE,FE,,1,,[1123]
7460000,1600-1700,,TWN,Sound of Hope,M,Mandarin (Standard Chinese / Beijing dialect),FE,FE,,1,,[0525]
7460000,1700-2000,,TWN,Sound of Hope,M,Mandarin (Standard Chinese / Beijing dialect),FE,FE,,1,,[0525]
7460000,2130-1700,,CHN,CNR1 Jammer/Firedrake,M,Mandarin (Standard Chinese / Beijing dialect),FE,FE,,1,,[0420]
7460000,2130-2200,,TWN,Sound of Hope,M,Mandarin (Standard Chinese / Beijing dialect),FE,FE,,1,,
7460000,2200-2300,,TWN,Sound of Hope,M,Mandarin (Standard Chinese / Beijing dialect),FE,FE,,1,,
7460000,2300-2400,,TWN,Sound of Hope,M,Mandarin (Standard Chinese / Beijing dialect),FE,FE,,1,,
7469000,0450-0500,Mo,POL,E11 Polish Spy Numbers,E,English,,,p,1,0105,3108[0522]
7469000,0930-0940,"We,Th",POL,E11 Polish Spy Numbers,E,English,,,p,1,0111,2802[0123]
7470000,1100-1300,,CHN,CNR1 Jammer/Firedrake,M,Mandarin (Standard Chinese / Beijing dialect),FE,FE,,0,,
7470000,1100-1300,,USA,Voice of America,M,Mandarin (Standard Chinese / Beijing dialect),FE,FE,/PHL-t,0,,
7470000,2000-2100,,USA,Radio Farda,FS,Farsi / Iranian Persian,IRN,IRN,/UZB,6,0506,2510
7473000,2335-2400,,CLA,Voice of Tibet,TB,Tibetan / Lhasa Tibetan,FE,FE,/TJK,1,,[0423]
7475000,0130-0700,irr,USA,Radio YHWH,E,English,WNA,WNA,xx,1,,[0726]
7475000,2300-2335,,CHN,CNR1 Jammer/Firedrake,M,Mandarin (Standard Chinese / Beijing dialect),FE,FE,,1,,
7475000,2335-2400,,CHN,CNR1 Jammer/Firedrake,M,Mandarin (Standard Chinese / Beijing dialect),FE,FE,,1,,
7477000,2300-2335,,CLA,Voice of Tibet,TB,Tibetan / Lhasa Tibetan,FE,FE,/TJK,1,,[0423]
7480000,1430-2100,,USA,Radio Farda,FS,Farsi / Iranian Persian,IRN,IRN,/UZB,6,3003,2510
7480000,1445-1500,,USA,Trans World Radio,KZ,Kazakh,CAs,CAs,/UZB,6,2903,3107
7483000,2335-2400,,CLA,Voice of Tibet,TB,Tibetan / Lhasa Tibetan,FE,FE,/TJK,1,,[0423]
7485000,2300-2335,,CHN,CNR1 Jammer/Firedrake,M,Mandarin (Standard Chinese / Beijing dialect),FE,FE,,1,,
7485000,2335-2400,,CHN,CNR1 Jammer/Firedrake,M,Mandarin (Standard Chinese / Beijing dialect),FE,FE,,1,,
7487000,2300-2335,,CLA,Voice of Tibet,TB,Tibetan / Lhasa Tibetan,FE,FE,/TJK,1,,[0423]
7490000,1200-1500,,USA,"WWCR 2 Nashville, TN",E,English,NAm,NAm,n,2,,
7490000,1600-0400,,USA,WBCQ The Planet,E,English,NAm,NAm,q,2,,[0626]
7493000,2300-2335,,CLA,Voice of Tibet,TB,Tibetan / Lhasa Tibetan,FE,FE,/TJK,1,,
7495000,0030-0100,,USA,VoA Radio Ashna,PS,Pashto / Pushtu,AFG,AFG,/KWT,0,,
7495000,1430-2100,,USA,Radio Farda,FS,Farsi / Iranian Persian,IRN,IRN,/UZB,6,0106,2510
7495000,1630-1700,,USA,VoA Radio Ashna,PS,Pashto / Pushtu,AFG,AFG,/KWT,0,,
7495000,1700-1730,,USA,VoA Radio Ashna,DR,Dari / Eastern Farsi,AFG,AFG,/KWT,0,,
7495000,2100-2110,Fr,RUS,S06 Russian Spy Numbers,R,Russian,RUS,RUS,xx,1,0110,3110
7495000,2300-2335,,CHN,CNR1 Jammer/Firedrake,M,Mandarin (Standard Chinese / Beijing dialect),FE,FE,,1,,
7500000,1500-2200,Mo-Fr,USA,Voice of America,K,Korean,FE,FE,/PHL-t,6,2808,2510
7503000,2335-2400,,CLA,Voice of Tibet,TB,Tibetan / Lhasa Tibetan,FE,FE,/TJK,1,,
7505000,0100-0300,,USA,WRNO New Orleans,E,English,NAm,NAm,no,2,,[0626]
7505000,0300-0430,irr,USA,WRNO New Orleans,HI,Hindi,NAm,NAm,no,2,,[0425]
7505000,0300-0730,,USA,WRNO New Orleans,E,English,NAm,NAm,no,2,,[0726]
7505000,0300-1000,,USA,WRNO New Orleans,E,English,NAm,NAm,no,6,0507,0507
7505000,2100-2110,Fr,RUS,S06 Russian Spy Numbers,R,Russian,RUS,RUS,xx,1,0110,3110
7505000,2335-2400,,CHN,CNR1 Jammer/Firedrake,M,Mandarin (Standard Chinese / Beijing dialect),FE,FE,,1,,
7508700,0000-2400,,RUS,Channel Marker D,-CW,Morse Station,EEu,EEu,se,1,,[0326]
7508800,0000-2400,,RUS,Channel Marker P,-CW,Morse Station,RUS,RUS,kl,1,,[0523]
7508900,0000-2400,,RUS,Channel Marker S,-CW,Morse Station,RUS,RUS,sm,1,,[0924]
7509000,0000-2400,,RUS,Channel Marker C,-CW,Morse Station,RUS,RUS,m,1,,[0425]
7509100,0000-2400,,RUS,Channel Marker A,-CW,Morse Station,RUS,RUS,as,1,,[0425]
7510000,1430-2100,,USA,Radio Farda,FS,Farsi / Iranian Persian,IRN,IRN,/UZB,6,3003,2510
7515000,1430-2100,,USA,Radio Farda,FS,Farsi / Iranian Persian,IRN,IRN,/UZB,6,3003,2510
7520000,0000-0200,Tu-Sa,USA,"WWCR 4 Nashville, TN",E,English,NAm,NAm,n,5,,
7520000,0100-0300,Tu-Sa,USA,"WWCR 4 Nashville, TN",E,English,NAm,NAm,n,4,,
7525000,1430-2100,,USA,Radio Farda,FS,Farsi / Iranian Persian,IRN,IRN,/UZB,6,3003,2510
7530000,1530-1600,,CLA,Voice of Martyrs,K,Korean,KRE,KRE,/UZB,1,,[0126]
7530000,1930-2000,,CLA,Voice of Martyrs,K,Korean,KRE,KRE,/UZB,1,,[0326]
7530000,2100-2130,,CLA,Voice of Martyrs,K,Korean,FE,FE,/UZB,1,,[0826]
7535000,0015-0225,,AUS,VMW Wiluna Met Fax,,,Oc,Oc,w,1,,[0525]
7535000,0245-0330,,AUS,VMW Wiluna Met Fax,,,Oc,Oc,w,1,,
7535000,0400-0945,,AUS,VMW Wiluna Met Fax,,,Oc,Oc,w,1,,[0721]
7535000,1015-1100,,AUS,VMW Wiluna Met Fax,,,Oc,Oc,w,1,,[0717]
7535000,1100-1730,,AUS,VMW Wiluna Met Fax,,,Oc,Oc,w,1,,[0122]
7535000,1800-1845,,AUS,VMW Wiluna Met Fax,,,Oc,Oc,w,1,,
7535000,1915-2045,,AUS,VMW Wiluna Met Fax,,,Oc,Oc,w,1,,[0420]
7535000,2000-0100,,CHL,RCW Compañía Worldwide,S,Spanish/Castellano,CHL,CHL,gc,1,,[0426]
7535000,2215-2400,,AUS,VMW Wiluna Met Fax,,,Oc,Oc,w,1,,[0918]
7540000,1500-1530,Mo-Fr,USA,Trans World Radio,K,Korean,FE,FE,/UZB,1,,
7540000,1530-1700,,USA,Trans World Radio,K,Korean,FE,FE,/UZB,1,,
7540000,1900-2000,,USA,Trans World Radio,K,Korean,FE,FE,/UZB,4,,[0326]
7570000,0100-1100,,USA,WRMI Radio Miami Int.,E,English,WNA,WNA,o,1,,
7570000,1300-1400,,KRE,Voice of Korea,E,English,Eu,Eu,u,4,,[0224]
7570000,1400-1500,,KRE,Voice of Korea,F,French,Eu,Eu,u,4,,[0226]
7570000,1500-1600,,KRE,Voice of Korea,E,English,Eu,Eu,u,4,,[0226]
7570000,1600-1700,,KRE,Voice of Korea,F,French,Eu,Eu,u,4,,[0126]
7570000,1700-1750,,KRE,Voice of Korea KCBS,K,Korean,Eu,Eu,u,4,,[1224]
7570000,1800-1900,,KRE,Voice of Korea,E,English,Eu,Eu,u,4,,[0326]
7570000,1900-2000,,KRE,Voice of Korea,S,Spanish/Castellano,Eu,Eu,u,4,,[0326]
7570000,2000-2100,,KRE,Voice of Korea,F,French,Eu,Eu,u,4,,[0326]
7570000,2100-2200,,KRE,Voice of Korea,E,English,Eu,Eu,u,4,,
7570000,2200-2300,,KRE,Voice of Korea,S,Spanish/Castellano,Eu,Eu,u,4,,[1222]
7570000,2300-2350,,KRE,Voice of Korea KCBS,K,Korean,Eu,Eu,u,4,,[1223]
7572000,0735-0750,Mo-Fr,E,Ejercito del Aire,S,Spanish/Castellano,E,E,to,2,,[1221]
7580000,0700-0900,,KRE,Voice of Korea,J,Japanese,J,J,u,4,,[1122]
7580000,0900-1300,,KRE,Voice of Korea,J,Japanese,J,J,u,4,,[0326]
7580000,2100-2400,,KRE,Voice of Korea,J,Japanese,J,J,u,4,,[1223]
7585000,0000-2400,irr,B,Rádio Continental,P,Portuguese,B,B,xx,1,,
7590000,1400-1500,,CLA,North Korea Reform R.,K,Korean,KRE,KRE,/UZB,4,,[0226]
7590000,2000-2100,,CLA,North Korea Reform R.,K,Korean,KRE,KRE,/UZB,4,,
7600000,0200-0100,,CHN,CNR1 Jammer/Firedrake,M,Mandarin (Standard Chinese / Beijing dialect),FE,FE,,1,,[0521]
7600000,1900-1910,"Mo,Th",POL,E11 Polish Spy Numbers,E,English,,,p,1,0105,3108[0821]
7600200,0000-0100,,TWN,Sound of Hope,M,Mandarin (Standard Chinese / Beijing dialect),FE,FE,,1,,
7600200,0200-1200,,TWN,Sound of Hope,M,Mandarin (Standard Chinese / Beijing dialect),FE,FE,,1,,[0422]
7600200,1200-1300,,TWN,Sound of Hope,M,Mandarin (Standard Chinese / Beijing dialect),FE,FE,,1,,[0822]
7600200,1300-1400,,TWN,Sound of Hope,M,Mandarin (Standard Chinese / Beijing dialect),FE,FE,,1,,
7600200,1400-1500,,TWN,Sound of Hope,M,Mandarin (Standard Chinese / Beijing dialect),FE,FE,,1,,
7600200,1500-1600,,TWN,Sound of Hope,M,Mandarin (Standard Chinese / Beijing dialect),FE,FE,,1,,
7600200,1600-1700,,TWN,Sound of Hope,M,Mandarin (Standard Chinese / Beijing dialect),FE,FE,,1,,
7600200,1700-2000,,TWN,Sound of Hope,M,Mandarin (Standard Chinese / Beijing dialect),FE,FE,,1,,[0125]
7600200,2000-2100,,TWN,Sound of Hope,M,Mandarin (Standard Chinese / Beijing dialect),FE,FE,,1,,
7600200,2100-2130,,TWN,Sound of Hope,M,Mandarin (Standard Chinese / Beijing dialect),FE,FE,,1,,[0521]
7600200,2130-2200,,TWN,Sound of Hope,M,Mandarin (Standard Chinese / Beijing dialect),FE,FE,,1,,
7600200,2200-2300,,TWN,Sound of Hope,M,Mandarin (Standard Chinese / Beijing dialect),FE,FE,,1,,
7600200,2300-2400,,TWN,Sound of Hope,M,Mandarin (Standard Chinese / Beijing dialect),FE,FE,,1,,
7615000,2000-2100,,CLA,Free North Korea Radio,K,Korean,KRE,KRE,/UZB,1,,[0626]
7645000,0000-0100,,TWN,Sound of Hope,M,Mandarin (Standard Chinese / Beijing dialect),FE,FE,,1,,
7645000,0200-1200,,TWN,Sound of Hope,M,Mandarin (Standard Chinese / Beijing dialect),FE,FE,,1,,[0925]
7645000,1200-1300,,TWN,Sound of Hope,M,Mandarin (Standard Chinese / Beijing dialect),FE,FE,,1,,[0822]
7645000,1300-1400,,TWN,Sound of Hope,M,Mandarin (Standard Chinese / Beijing dialect),FE,FE,,1,,[0523]
7645000,1400-1500,,TWN,Sound of Hope,M,Mandarin (Standard Chinese / Beijing dialect),FE,FE,,1,,[0324]
7645000,1500-1600,,TWN,Sound of Hope,M,Mandarin (Standard Chinese / Beijing dialect),FE,FE,,1,,[0125]
7645000,1600-1700,,TWN,Sound of Hope,M,Mandarin (Standard Chinese / Beijing dialect),FE,FE,,1,,
7645000,1700-2000,,TWN,Sound of Hope,M,Mandarin (Standard Chinese / Beijing dialect),FE,FE,,1,,[0626]
7645000,2000-2100,,TWN,Sound of Hope,M,Mandarin (Standard Chinese / Beijing dialect),FE,FE,,1,,[0626]
7645000,2100-2130,,TWN,Sound of Hope,M,Mandarin (Standard Chinese / Beijing dialect),FE,FE,,1,,[0521]
7645000,2130-2200,,TWN,Sound of Hope,M,Mandarin (Standard Chinese / Beijing dialect),FE,FE,,1,,
7645000,2200-2300,,TWN,Sound of Hope,M,Mandarin (Standard Chinese / Beijing dialect),FE,FE,,1,,
7645000,2300-2400,,TWN,Sound of Hope,M,Mandarin (Standard Chinese / Beijing dialect),FE,FE,,1,,
7646000,0000-2400,,D,DWD 1 Pinneberg RTTY,E,English,Eu,Eu,pi,1,,[0725]
7650000,1500-1530,,CLA,Voice of Martyrs,M,Mandarin (Standard Chinese / Beijing dialect),FE,FE,/UZB,1,,
7650000,2100-2130,,CLA,Voice of Martyrs,M,Mandarin (Standard Chinese / Beijing dialect),FE,FE,/UZB,1,,[0826]
7665000,1140-1150,"Tu,Fr",RUS,E07 Russian Spy Numbers,E,English,RUS,RUS,m,1,0112,3112
7685000,0000-2400,irr,B,Rádio Cidade Oldies,P,Portuguese,SAm,SAm,xx,1,,
7700000,1900-2100,,HOL,Free Radio Sce Holland,E,English,Eu,Eu,xx,6,2607,2607
7700000,1900-2100,2Aug,HOL,Free Radio Sce Holland,E,English,Eu,Eu,xx,6,2607,0208
7700000,1900-2100,9Aug,HOL,Free Radio Sce Holland,E,English,Eu,Eu,xx,6,2607,0908
7700100,1652-2050,31May,HOL,Free Radio Sce Holland,E,English,Eu,Eu,xx,6,2705,3105
7730000,0000-0100,,TWN,Sound of Hope,M,Mandarin (Standard Chinese / Beijing dialect),FE,FE,,1,,
7730000,0000-2400,,CHN,CNR1 Jammer/Firedrake,M,Mandarin (Standard Chinese / Beijing dialect),FE,FE,,1,,[0125]
7730000,0000-2400,,USA,WRMI Radio Miami Int.,E,English,ENA,ENA,o,1,,
7730000,0100-0200,,TWN,Sound of Hope,M,Mandarin (Standard Chinese / Beijing dialect),FE,FE,,1,,
7730000,0200-1200,,TWN,Sound of Hope,M,Mandarin (Standard Chinese / Beijing dialect),FE,FE,,1,,[0925]
7730000,1200-1300,,TWN,Sound of Hope,M,Mandarin (Standard Chinese / Beijing dialect),FE,FE,,1,,
7730000,1300-1400,,TWN,Sound of Hope,M,Mandarin (Standard Chinese / Beijing dialect),FE,FE,,1,,
7730000,1400-1500,,TWN,Sound of Hope,M,Mandarin (Standard Chinese / Beijing dialect),FE,FE,,1,,[0324]
7730000,1500-1600,,TWN,Sound of Hope,CA,Cantonese / Yue,FE,FE,,1,,[0125]
7730000,1600-1700,,TWN,Sound of Hope,M,Mandarin (Standard Chinese / Beijing dialect),FE,FE,,1,,[1225]
7730000,1700-2000,,TWN,Sound of Hope,M,Mandarin (Standard Chinese / Beijing dialect),FE,FE,,1,,
7730000,2000-2100,,TWN,Sound of Hope,M,Mandarin (Standard Chinese / Beijing dialect),FE,FE,,1,,
7730000,2100-2130,,TWN,Sound of Hope,M,Mandarin (Standard Chinese / Beijing dialect),FE,FE,,1,,
7730000,2130-2200,,TWN,Sound of Hope,M,Mandarin (Standard Chinese / Beijing dialect),FE,FE,,1,,
7730000,2200-2300,,TWN,Sound of Hope,M,Mandarin (Standard Chinese / Beijing dialect),FE,FE,,1,,
7730000,2300-2400,,TWN,Sound of Hope,M,Mandarin (Standard Chinese / Beijing dialect),FE,FE,,1,,
7750200,0000-0100,,TWN,Sound of Hope,M,Mandarin (Standard Chinese / Beijing dialect),FE,FE,,1,,
7750200,0100-0200,,TWN,Sound of Hope,M,Mandarin (Standard Chinese / Beijing dialect),FE,FE,,1,,
7750200,0200-1200,,TWN,Sound of Hope,M,Mandarin (Standard Chinese / Beijing dialect),FE,FE,,1,,[0925]
7750200,1200-1300,,TWN,Sound of Hope,M,Mandarin (Standard Chinese / Beijing dialect),FE,FE,,1,,
7750200,1300-1400,,TWN,Sound of Hope,M,Mandarin (Standard Chinese / Beijing dialect),FE,FE,,1,,
7750200,1400-1500,,TWN,Sound of Hope,M,Mandarin (Standard Chinese / Beijing dialect),FE,FE,,1,,
7750200,1500-1600,,TWN,Sound of Hope,CA,Cantonese / Yue,FE,FE,,1,,[0125]
7750200,1600-1700,,TWN,Sound of Hope,M,Mandarin (Standard Chinese / Beijing dialect),FE,FE,,1,,[0525]
7750200,1700-2000,,TWN,Sound of Hope,M,Mandarin (Standard Chinese / Beijing dialect),FE,FE,,1,,[1223]
7750200,2000-2100,,TWN,Sound of Hope,M,Mandarin (Standard Chinese / Beijing dialect),FE,FE,,1,,[0224]
7750200,2100-2130,,TWN,Sound of Hope,M,Mandarin (Standard Chinese / Beijing dialect),FE,FE,,1,,
7750200,2130-2200,,TWN,Sound of Hope,M,Mandarin (Standard Chinese / Beijing dialect),FE,FE,,1,,
7750200,2200-2300,,TWN,Sound of Hope,M,Mandarin (Standard Chinese / Beijing dialect),FE,FE,,1,,
7750200,2300-2400,,TWN,Sound of Hope,M,Mandarin (Standard Chinese / Beijing dialect),FE,FE,,1,,
7780000,0000-1100,,USA,WRMI Radio Miami Int.,E,English,WNA,WNA,o,1,,
7780000,0100-0130,,CZE,Radio Prague,F,French,WNA,WNA,/USA-o,1,,
7780000,0130-0200,,CZE,Radio Prague,E,English,WNA,WNA,/USA-o,1,,
7780000,0200-0230,,CZE,Radio Prague,S,Spanish/Castellano,WNA,WNA,/USA-o,1,,
7780000,0230-0300,,CZE,Radio Prague,D,German,WNA,WNA,/USA-o,1,,
7780000,0300-0330,,SVK,Radio Slovakia Int.,S,Spanish/Castellano,WNA,WNA,/USA-o,1,,[0426]
7780000,0900-1000,,INS,Voice of Indonesia,E,English,WNA,WNA,/USA-o,1,,[0526]
7795000,0000-2400,,J,JMH Japan Meteo Fax,,,FE,FE,k,1,,[0226]
7810100,0000-0100,,TWN,Sound of Hope,M,Mandarin (Standard Chinese / Beijing dialect),FE,FE,,1,,
7810100,0100-0200,,TWN,Sound of Hope,M,Mandarin (Standard Chinese / Beijing dialect),FE,FE,,1,,
7810100,0200-1200,,TWN,Sound of Hope,M,Mandarin (Standard Chinese / Beijing dialect),FE,FE,,1,,
7810100,1200-1300,,TWN,Sound of Hope,M,Mandarin (Standard Chinese / Beijing dialect),FE,FE,,1,,
7810100,1300-1400,,TWN,Sound of Hope,M,Mandarin (Standard Chinese / Beijing dialect),FE,FE,,1,,
7810100,1400-1500,,TWN,Sound of Hope,M,Mandarin (Standard Chinese / Beijing dialect),FE,FE,,1,,
7810100,1500-1600,,TWN,Sound of Hope,CA,Cantonese / Yue,FE,FE,,1,,
7810100,1600-1700,,TWN,Sound of Hope,M,Mandarin (Standard Chinese / Beijing dialect),FE,FE,,1,,[1225]
7810100,1700-2000,,TWN,Sound of Hope,M,Mandarin (Standard Chinese / Beijing dialect),FE,FE,,1,,[0526]
7810100,2000-2100,,TWN,Sound of Hope,M,Mandarin (Standard Chinese / Beijing dialect),FE,FE,,1,,
7810100,2100-2130,,TWN,Sound of Hope,M,Mandarin (Standard Chinese / Beijing dialect),FE,FE,,1,,[0626]
7810100,2130-2200,,TWN,Sound of Hope,M,Mandarin (Standard Chinese / Beijing dialect),FE,FE,,1,,[0426]
7810100,2200-2300,,TWN,Sound of Hope,M,Mandarin (Standard Chinese / Beijing dialect),FE,FE,,1,,[0226]
7810100,2300-2400,,TWN,Sound of Hope,M,Mandarin (Standard Chinese / Beijing dialect),FE,FE,,1,,
7830000,0000-2400,,PTR,NAU US Navy,-TY,Teletype or other digital Station (RTTY/SITOR/..),NAm,NAm,i,1,,
7840000,0645-0655,"Tu,Th",POL,E11 Polish Spy Numbers,E,English,,,p,1,0111,2802[1124]
7842000,0200-0330,,CLA,V32 Iranian Spy Numbers,FS,Farsi / Iranian Persian,IRN,IRN,/D-bb,6,3003,3103[0326]
7842000,1800-1930,,CLA,V32 Iranian Spy Numbers,FS,Farsi / Iranian Persian,IRN,IRN,/D-bb,6,3003,3103[0326]
7850000,0000-1410,22Jun,CAN,CHU Ottawa,-TS,Time Signal Station,NAm,NAm,o,6,1306,2206
7850000,0000-2400,,CAN,CHU Ottawa,-TS,Time Signal Station,NAm,NAm,o,6,2903,2106[0626]
7850000,0600-0610,"Fr,Su",POL,E11 Polish Spy Numbers,E,English,,,p,1,0111,2802[1221]
7863000,1715-1725,"We,Fr",POL,E11 Polish Spy Numbers,E,English,,,p,1,0105,3108[0723]
7864000,1730-1740,Th,POL,E11 Polish Spy Numbers,E,English,,,p,1,0103,3004[0321]
7864000,1730-1740,Th,POL,E11 Polish Spy Numbers,E,English,,,p,1,0109,3110[0922]
7880000,0430-0545,,D,DWD Pinneberg Met Fax,,,Eu,Eu,pi,1,,
7880000,0638-1155,,D,DWD Pinneberg Met Fax,,,Eu,Eu,pi,1,,[0923]
7880000,1236-1551,,D,DWD Pinneberg Met Fax,,,Eu,Eu,pi,1,,[0725]
7880000,1636-1655,,D,DWD Pinneberg Met Fax,,,Eu,Eu,pi,1,,
7880000,1800-1947,,D,DWD Pinneberg Met Fax,,,Eu,Eu,pi,1,,[1124]
7880000,2035-2300,,D,DWD Pinneberg Met Fax,,,Eu,Eu,pi,1,,[0822]
7906000,0005-0015,,VTN,Hai Phong Radio XVG,VN,Vietnamese,SEA,SEA,hp,1,,
7906000,0020-0030,,VTN,Vung Tau Radio,VN,Vietnamese,SEA,SEA,vt,1,,
7906000,0035-0045,,VTN,Da Nang Radio XVT,VN,Vietnamese,SEA,SEA,dn,1,,
7906000,0050-0100,,VTN,Ben Thuy Radio,VN,Vietnamese,SEA,SEA,bt,1,,
7906000,0105-0115,,VTN,Ho Chi Minh City R.XVS,E,English,SEA,SEA,vt,1,,
7906000,0120-0130,,VTN,Mong Cai Radio XVM,VN,Vietnamese,SEA,SEA,mc,1,,
7906000,0135-0145,,VTN,Phan Rang Radio,VN,Vietnamese,SEA,SEA,pr,1,,
7906000,0150-0200,,VTN,Phan Tiet Radio,VN,Vietnamese,SEA,SEA,pt,1,,
7906000,0205-0215,,VTN,Can Tho Radio,VN,Vietnamese,SEA,SEA,ct,1,,
7906000,0220-0230,,VTN,Kien Giang Radio,VN,Vietnamese,SEA,SEA,kg,1,,
7906000,0235-0245,,VTN,Quy Nhon Radio,VN,Vietnamese,SEA,SEA,qn,1,,
7906000,0250-0300,,VTN,Hue Radio,VN,Vietnamese,SEA,SEA,hu,1,,
7906000,0305-0315,,VTN,Hon Gai Radio,VN,Vietnamese,SEA,SEA,hg,1,,
7906000,0320-0330,,VTN,Phu Yen Radio,VN,Vietnamese,SEA,SEA,py,1,,
7906000,0335-0345,,VTN,Ca Mau Radio,VN,Vietnamese,SEA,SEA,cm,1,,
7906000,0350-0400,,VTN,Nha Trang Radio XVN,VN,Vietnamese,SEA,SEA,nt,1,,
7906000,0405-0415,,VTN,Hai Phong Radio XVG,VN,Vietnamese,SEA,SEA,hp,1,,
7906000,0420-0430,,VTN,Vung Tau Radio,VN,Vietnamese,SEA,SEA,vt,1,,
7906000,0435-0445,,VTN,Da Nang Radio XVT,VN,Vietnamese,SEA,SEA,dn,1,,
7906000,0450-0500,,VTN,Ben Thuy Radio,VN,Vietnamese,SEA,SEA,bt,1,,
7906000,0505-0515,,VTN,Ho Chi Minh City R.XVS,E,English,SEA,SEA,vt,1,,
7906000,0520-0530,,VTN,Mong Cai Radio XVM,VN,Vietnamese,SEA,SEA,mc,1,,
7906000,0535-0545,,VTN,Phan Rang Radio,VN,Vietnamese,SEA,SEA,pr,1,,
7906000,0550-0600,,VTN,Phan Tiet Radio,VN,Vietnamese,SEA,SEA,pt,1,,
7906000,0605-0615,,VTN,Can Tho Radio,VN,Vietnamese,SEA,SEA,ct,1,,
7906000,0620-0630,,VTN,Kien Giang Radio,VN,Vietnamese,SEA,SEA,kg,1,,
7906000,0635-0645,,VTN,Quy Nhon Radio,VN,Vietnamese,SEA,SEA,qn,1,,
7906000,0650-0700,,VTN,Hue Radio,VN,Vietnamese,SEA,SEA,hu,1,,
7906000,0705-0715,,VTN,Hon Gai Radio,VN,Vietnamese,SEA,SEA,hg,1,,
7906000,0720-0730,,VTN,Phu Yen Radio,VN,Vietnamese,SEA,SEA,py,1,,
7906000,0735-0745,,VTN,Ca Mau Radio,VN,Vietnamese,SEA,SEA,cm,1,,
7906000,0750-0800,,VTN,Nha Trang Radio XVN,VN,Vietnamese,SEA,SEA,nt,1,,
7906000,0805-0815,,VTN,Hai Phong Radio XVG,VN,Vietnamese,SEA,SEA,hp,1,,
7906000,0820-0830,,VTN,Vung Tau Radio,VN,Vietnamese,SEA,SEA,vt,1,,
7906000,0835-0845,,VTN,Da Nang Radio XVT,VN,Vietnamese,SEA,SEA,dn,1,,
7906000,0850-0900,,VTN,Ben Thuy Radio,VN,Vietnamese,SEA,SEA,bt,1,,
7906000,0905-0915,,VTN,Ho Chi Minh City R.XVS,E,English,SEA,SEA,vt,1,,
7906000,0920-0930,,VTN,Mong Cai Radio XVM,VN,Vietnamese,SEA,SEA,mc,1,,
7906000,0935-0945,,VTN,Phan Rang Radio,VN,Vietnamese,SEA,SEA,pr,1,,
7906000,0950-1000,,VTN,Phan Tiet Radio,VN,Vietnamese,SEA,SEA,pt,1,,
7906000,1005-1015,,VTN,Can Tho Radio,VN,Vietnamese,SEA,SEA,ct,1,,
7906000,1020-1030,,VTN,Kien Giang Radio,VN,Vietnamese,SEA,SEA,kg,1,,
7906000,1035-1045,,VTN,Quy Nhon Radio,VN,Vietnamese,SEA,SEA,qn,1,,[0318]
7906000,1050-1100,,VTN,Hue Radio,VN,Vietnamese,SEA,SEA,hu,1,,[0318]
7906000,1105-1115,,VTN,Hon Gai Radio,VN,Vietnamese,SEA,SEA,hg,1,,[0318]
7906000,1120-1130,,VTN,Phu Yen Radio,VN,Vietnamese,SEA,SEA,py,1,,[0318]
7906000,1135-1140,,VTN,Ca Mau Radio,VN,Vietnamese,SEA,SEA,cm,1,,[0318]
7906000,1150-1200,,VTN,Nha Trang Radio XVN,VN,Vietnamese,SEA,SEA,nt,1,,[0318]
7906000,1205-1215,,VTN,Hai Phong Radio XVG,VN,Vietnamese,SEA,SEA,hp,1,,[1119]
7906000,1220-1230,,VTN,Vung Tau Radio,VN,Vietnamese,SEA,SEA,vt,1,,[0318]
7906000,1235-1245,,VTN,Da Nang Radio XVT,VN,Vietnamese,SEA,SEA,dn,1,,[1214]
7906000,1250-1300,,VTN,Ben Thuy Radio,VN,Vietnamese,SEA,SEA,bt,1,,[0923]
7906000,1305-1310,,VTN,Ho Chi Minh City R.XVS,VN,Vietnamese,SEA,SEA,vt,1,,[1220]
7906000,1310-1315,,VTN,Ho Chi Minh City R.XVS,VN,Vietnamese,SEA,SEA,vt,1,,[0725]
7906000,1320-1330,,VTN,Mong Cai Radio XVM,VN,Vietnamese,SEA,SEA,mc,1,,[0725]
7906000,1335-1345,,VTN,Phan Rang Radio,VN,Vietnamese,SEA,SEA,pr,1,,[0725]
7906000,1350-1400,,VTN,Phan Tiet Radio,VN,Vietnamese,SEA,SEA,pt,1,,[1214]
7906000,1405-1415,,VTN,Can Tho Radio,VN,Vietnamese,SEA,SEA,ct,1,,[1214]
7906000,1420-1430,,VTN,Kien Giang Radio,VN,Vietnamese,SEA,SEA,kg,1,,
7906000,1435-1445,,VTN,Quy Nhon Radio,VN,Vietnamese,SEA,SEA,qn,1,,
7906000,1450-1500,,VTN,Hue Radio,VN,Vietnamese,SEA,SEA,hu,1,,
7906000,1505-1515,,VTN,Hon Gai Radio,VN,Vietnamese,SEA,SEA,hg,1,,
7906000,1520-1530,,VTN,Phu Yen Radio,VN,Vietnamese,SEA,SEA,py,1,,
7906000,1535-1545,,VTN,Ca Mau Radio,VN,Vietnamese,SEA,SEA,cm,1,,
7906000,1550-1600,,VTN,Nha Trang Radio XVN,VN,Vietnamese,SEA,SEA,nt,1,,[0120]
7906000,1605-1615,,VTN,Hai Phong Radio XVG,VN,Vietnamese,SEA,SEA,hp,1,,
7906000,1620-1630,,VTN,Vung Tau Radio,VN,Vietnamese,SEA,SEA,vt,1,,
7906000,1635-1645,,VTN,Da Nang Radio XVT,VN,Vietnamese,SEA,SEA,dn,1,,
7906000,1650-1700,,VTN,Ben Thuy Radio,VN,Vietnamese,SEA,SEA,bt,1,,
7906000,1705-1715,,VTN,Ho Chi Minh City R.XVS,E,English,SEA,SEA,vt,1,,
7906000,1720-1730,,VTN,Mong Cai Radio XVM,VN,Vietnamese,SEA,SEA,mc,1,,
7906000,1735-1745,,VTN,Phan Rang Radio,VN,Vietnamese,SEA,SEA,pr,1,,
7906000,1750-1800,,VTN,Phan Tiet Radio,VN,Vietnamese,SEA,SEA,pt,1,,
7906000,1805-1815,,VTN,Can Tho Radio,VN,Vietnamese,SEA,SEA,ct,1,,
7906000,1820-1830,,VTN,Kien Giang Radio,VN,Vietnamese,SEA,SEA,kg,1,,
7906000,1835-1845,,VTN,Quy Nhon Radio,VN,Vietnamese,SEA,SEA,qn,1,,
7906000,1850-1900,,VTN,Hue Radio,VN,Vietnamese,SEA,SEA,hu,1,,
7906000,1905-1915,,VTN,Hon Gai Radio,VN,Vietnamese,SEA,SEA,hg,1,,
7906000,1920-1930,,VTN,Phu Yen Radio,VN,Vietnamese,SEA,SEA,py,1,,
7906000,1935-1945,,VTN,Ca Mau Radio,VN,Vietnamese,SEA,SEA,cm,1,,
7906000,1950-2000,,VTN,Nha Trang Radio XVN,VN,Vietnamese,SEA,SEA,nt,1,,
7906000,2005-2015,,VTN,Hai Phong Radio XVG,VN,Vietnamese,SEA,SEA,hp,1,,
7906000,2020-2030,,VTN,Vung Tau Radio,VN,Vietnamese,SEA,SEA,vt,1,,
7906000,2035-2045,,VTN,Da Nang Radio XVT,VN,Vietnamese,SEA,SEA,dn,1,,
7906000,2050-2100,,VTN,Ben Thuy Radio,VN,Vietnamese,SEA,SEA,bt,1,,
7906000,2105-2115,,VTN,Ho Chi Minh City R.XVS,E,English,SEA,SEA,vt,1,,
7906000,2120-2130,,VTN,Mong Cai Radio XVM,VN,Vietnamese,SEA,SEA,mc,1,,
7906000,2135-2145,,VTN,Phan Rang Radio,VN,Vietnamese,SEA,SEA,pr,1,,
7906000,2150-2200,,VTN,Phan Tiet Radio,VN,Vietnamese,SEA,SEA,pt,1,,
7906000,2205-2215,,VTN,Can Tho Radio,VN,Vietnamese,SEA,SEA,ct,1,,
7906000,2220-2230,,VTN,Kien Giang Radio,VN,Vietnamese,SEA,SEA,kg,1,,[0526]
7906000,2235-2245,,VTN,Quy Nhon Radio,VN,Vietnamese,SEA,SEA,qn,1,,[0526]
7906000,2250-2300,,VTN,Hue Radio,VN,Vietnamese,SEA,SEA,hu,1,,[0326]
7906000,2305-2315,,VTN,Hon Gai Radio,VN,Vietnamese,SEA,SEA,hg,1,,[0326]
7906000,2320-2330,,VTN,Phu Yen Radio,VN,Vietnamese,SEA,SEA,py,1,,[1225]
7906000,2335-2345,,VTN,Ca Mau Radio,VN,Vietnamese,SEA,SEA,cm,1,,[1225]
7906000,2350-2400,,VTN,Nha Trang Radio XVN,VN,Vietnamese,SEA,SEA,nt,1,,[1225]
7910000,0200-0330,,CLA,V32 Iranian Spy Numbers,FS,Farsi / Iranian Persian,IRN,IRN,/D-bb,6,3003,3103
7910000,1800-1930,,CLA,V32 Iranian Spy Numbers,FS,Farsi / Iranian Persian,IRN,IRN,/D-bb,6,3003,3103[0326]
7923000,1900-1910,Fr,RUS,S06 Russian Spy Numbers,R,Russian,RUS,RUS,xx,1,0102,2802
7923000,1900-1910,Fr,RUS,S06 Russian Spy Numbers,R,Russian,RUS,RUS,xx,1,0112,3112
7923000,2000-2010,Fr,RUS,S06 Russian Spy Numbers,R,Russian,RUS,RUS,xx,1,0101,3101
7923000,2000-2010,Fr,RUS,S06 Russian Spy Numbers,R,Russian,RUS,RUS,xx,1,0111,3011
8000000,0000-2400,,B,Rádio Casa AM,P,Portuguese,B,B,am,1,,[0826]
8006000,0000-2400,,J,JG2XA Propag.Studies,-CW,Morse Station,FE,FE,f,6,2903,0207[0925]
8029000,0000-2400,,RUS,Channel Marker G,-CW,Morse Station,FE,FE,xx,1,0103,3004
8029000,0000-2400,,RUS,Channel Marker W,-CW,Morse Station,EEu,EEu,xx,1,0103,3004[0417]
8040000,0500-0600,,G,GYA Northwood Meteo Fax,,,WEu,WEu,nw,1,,[0426]
8040000,0600-2000,,G,GYA Northwood Meteo Fax,,,WEu,WEu,nw,1,,
8040000,2000-2200,,G,GYA Northwood Meteo Fax,,,WEu,WEu,nw,1,,
8040000,2200-0500,,G,GYA Northwood Meteo Fax,,,WEu,WEu,nw,1,,
8070000,1015-2325,,BOL,La Paz Volmet x15,S,Spanish/Castellano,BOL,BOL,p,1,,
8088000,1730-1740,Th,POL,E11 Polish Spy Numbers,E,English,,,p,1,0105,3108[0719]
8091000,0645-0655,"Tu,Th",POL,E11 Polish Spy Numbers,E,English,,,p,1,0105,3108[0521]
8095000,1000-1010,Su,RUS,E06 Russian Spy Numbers,E,English,RUS,RUS,or,1,0101,3101
8101000,1215-1230,,VTN,Duyen Hai Information,T,Thai,SEA,SEA,,1,,[1225]
8105000,0845-1100,,GRC,SWA18 Athens Meteo Fax,,,SEE,SEE,o,1,,[0217]
8113000,1000-2300,,AUS,VMW Wiluna WA,E,English,AUS,AUS,w,1,,[0626]
8113000,2300-1000,,AUS,VMW Wiluna WA,E,English,AUS,AUS,w,1,,[0526]
8116000,1300-1310,Sa,RUS,E06 Russian Spy Numbers,E,English,RUS,RUS,or,1,0102,2802
8117000,0000-2400,,TWN,Central Weather Bureau,M,Mandarin (Standard Chinese / Beijing dialect),FE,FE,q,1,,[0725]
8120000,0000-2400,,CHN,BAF Beijing Meteo Fax,,,FE,FE,bm,1,,
8126000,1450-1500,"Th,Sa",RUS,E07 Russian Spy Numbers,E,English,RUS,RUS,m,1,0112,3112[1219]
8131000,1140-1150,"Tu,Fr",RUS,E07 Russian Spy Numbers,E,English,RUS,RUS,m,1,0101,3101
8153000,1140-1150,"Tu,Fr",RUS,E07 Russian Spy Numbers,E,English,RUS,RUS,m,1,0111,3011
8165000,1120-1130,"Tu,Fr",RUS,E07 Russian Spy Numbers,E,English,RUS,RUS,m,1,0112,3112
8167000,1000-1010,Su,RUS,E06 Russian Spy Numbers,E,English,RUS,RUS,or,1,0102,28021
8169000,0200-0300,,TWN,Star-Star Bc.Station,M,Mandarin (Standard Chinese / Beijing dialect),CHN,CHN,y,1,,
8169000,0300-0400,,TWN,Star-Star Bc.Station,M,Mandarin (Standard Chinese / Beijing dialect),CHN,CHN,y,1,,
8176000,0800-2100,,AUS,VMC Charleville QL,E,English,AUS,AUS,c,1,,[0626]
8176000,2100-0800,,AUS,VMC Charleville QL,E,English,AUS,AUS,c,1,,[0626]
8180000,0700-0710,"Tu,Fr",POL,E11 Polish Spy Numbers,E,English,,,p,1,0103,3004
8180000,0700-0710,"Tu,Fr",POL,E11 Polish Spy Numbers,E,English,,,p,1,0109,3110[0924]
8291000,0000-2400,,CAN,VFF Iqaluit Radio,E,English,NAm,NAm,i,1,1505,2012
8291000,1400-1410,,CYM,Cayman Isl.Coastguard,E,English,Car,Car,,1,,[0725]
8294000,0005-0015,,VTN,Hai Phong Radio XVG,VN,Vietnamese,SEA,SEA,hp,1,,
8294000,0035-0045,,VTN,Da Nang Radio XVT,VN,Vietnamese,SEA,SEA,dn,1,,
8294000,0105-0115,,VTN,Ho Chi Minh City R.XVS,E,English,SEA,SEA,vt,1,,
8294000,0405-0415,,VTN,Hai Phong Radio XVG,VN,Vietnamese,SEA,SEA,hp,1,,
8294000,0435-0445,,VTN,Da Nang Radio XVT,VN,Vietnamese,SEA,SEA,dn,1,,
8294000,0505-0515,,VTN,Ho Chi Minh City R.XVS,E,English,SEA,SEA,vt,1,,
8294000,0805-0815,,VTN,Hai Phong Radio XVG,VN,Vietnamese,SEA,SEA,hp,1,,
8294000,0835-0845,,VTN,Da Nang Radio XVT,VN,Vietnamese,SEA,SEA,dn,1,,
8294000,0905-0915,,VTN,Ho Chi Minh City R.XVS,VN,Vietnamese,SEA,SEA,vt,1,,[0815]
8294000,1205-1215,,VTN,Hai Phong Radio XVG,VN,Vietnamese,SEA,SEA,hp,1,,[0318]
8294000,1235-1245,,VTN,Da Nang Radio XVT,VN,Vietnamese,SEA,SEA,dn,1,,[1214]
8294000,1305-1310,,VTN,Ho Chi Minh City R.XVS,VN,Vietnamese,SEA,SEA,vt,1,,[0725]
8294000,1605-1615,,VTN,Hai Phong Radio XVG,VN,Vietnamese,SEA,SEA,hp,1,,
8294000,1635-1645,,VTN,Da Nang Radio XVT,VN,Vietnamese,SEA,SEA,dn,1,,
8294000,1705-1715,,VTN,Ho Chi Minh City R.XVS,E,English,SEA,SEA,vt,1,,
8294000,2005-2015,,VTN,Hai Phong Radio XVG,VN,Vietnamese,SEA,SEA,hp,1,,
8294000,2035-2045,,VTN,Da Nang Radio XVT,VN,Vietnamese,SEA,SEA,dn,1,,
8294000,2105-2115,,VTN,Ho Chi Minh City R.XVS,E,English,SEA,SEA,vt,1,,
8297000,0333-0410,,NZL,ZLM Taupo Maritime R.,E,English,Oc,Oc,t,1,,
8297000,1003-1040,,NZL,ZLM Taupo Maritime R.,E,English,Oc,Oc,t,1,,[1225]
8297000,1533-1610,,NZL,ZLM Taupo Maritime R.,E,English,Oc,Oc,t,1,,[1221]
8297000,2203-2245,,NZL,ZLM Taupo Maritime R.,E,English,Oc,Oc,t,1,,
8300000,0000-0100,,TWN,Star-Star Bc.Station,M,Mandarin (Standard Chinese / Beijing dialect),CHN,CHN,y,1,,
8300000,0100-0200,,TWN,Star-Star Bc.Station,M,Mandarin (Standard Chinese / Beijing dialect),CHN,CHN,y,1,,
8300000,0200-0300,,TWN,Star-Star Bc.Station,M,Mandarin (Standard Chinese / Beijing dialect),CHN,CHN,y,1,,
8300000,1500-1600,,TWN,Star-Star Bc.Station,M,Mandarin (Standard Chinese / Beijing dialect),CHN,CHN,y,1,,
8302000,0000-0155,,CHN,XSG Shanghai Radio Fax,M,Mandarin (Standard Chinese / Beijing dialect),FE,FE,sh,1,,
8302000,0230-0655,,CHN,XSG Shanghai Radio Fax,M,Mandarin (Standard Chinese / Beijing dialect),FE,FE,sh,1,,
8302000,0730-1030,,CHN,XSG Shanghai Radio Fax,M,Mandarin (Standard Chinese / Beijing dialect),FE,FE,sh,1,,[0721]
8302000,1425-1450,,CHN,XSG Shanghai Radio Fax,M,Mandarin (Standard Chinese / Beijing dialect),FE,FE,sh,1,,
8302000,2025-2050,,CHN,XSG Shanghai Radio Fax,M,Mandarin (Standard Chinese / Beijing dialect),FE,FE,sh,1,,
8310500,0000-0540,,CHN,XSQ Guangzhou Meteo Fax,E,English,FE,FE,gx,1,,
8310500,0815-0840,irr,CHN,XSQ Guangzhou Meteo Fax,E,English,FE,FE,gx,1,,
8310500,1225-1715,,CHN,XSQ Guangzhou Meteo Fax,E,English,FE,FE,gx,1,,[0623]
8310500,2015-2040,irr,CHN,XSQ Guangzhou Meteo Fax,E,English,FE,FE,gx,1,,
8376500,0000-2400,,CAN,VFF Iqaluit Radio,-TY,Teletype or other digital Station (RTTY/SITOR/..),NAm,NAm,i,1,1505,2012
8416500,0330-0350,,CAN,VFF Iqaluit Meteo,-TY,Teletype or other digital Station (RTTY/SITOR/..),NAm,NAm,i,1,1505,2012[0726]
8416500,1530-1540,,CAN,VFF Iqaluit Meteo,-TY,Teletype or other digital Station (RTTY/SITOR/..),NAm,NAm,i,1,1505,2012
8417500,0000-2400,,CHN,XSV Tianjin Radio,-TY,Teletype or other digital Station (RTTY/SITOR/..),FE,FE,tj,1,,
8418500,0000-2400,,CHN,XSV Tianjin Radio,-TY,Teletype or other digital Station (RTTY/SITOR/..),FE,FE,tj,1,,
8421000,0000-2400,,CHN,XSQ Guangzhou Meteo Fax,-TY,Teletype or other digital Station (RTTY/SITOR/..),FE,FE,gx,1,,[0525]
8421000,0000-2400,,CHN,XSV Tianjin Radio,-TY,Teletype or other digital Station (RTTY/SITOR/..),FE,FE,tj,1,,
8424000,0000-2400,,GRC,SVO Olimpia Radio,-CW,Morse Station,SEu,SEu,o,1,,[0826]
8425500,0000-2400,,CHN,XSG Shanghai Radio,-TY,Teletype or other digital Station (RTTY/SITOR/..),FE,FE,sh,1,,[0425]
8431000,0000-2400,,TUR,TAH Turk Radio Istanbul,-CW,Morse Station,ME,ME,is,1,,[0425]
8431000,0000-2400,,CHN,XSQ Guangzhou Radio,-TY,Teletype or other digital Station (RTTY/SITOR/..),FE,FE,gx,1,,[0219]
8433000,0000-2400,,CHN,XSG Shanghai Radio,-TY,Teletype or other digital Station (RTTY/SITOR/..),FE,FE,sh,1,,[0222]
8434000,0000-2400,,TUR,TAH Turk Radio Istanbul,-CW,Morse Station,ME,ME,is,1,,[1216]
8435000,0000-2400,,CHN,XSQ Guangzhou Radio,-TY,Teletype or other digital Station (RTTY/SITOR/..),FE,FE,gx,1,,[0222]
8444000,0330-0355,,RUS,RBW Murmansk Meteo Fax,,,NEu,NEu,mm,1,,[1220]
8444000,1030-1055,,RUS,RBW Murmansk Meteo Fax,,,NEu,NEu,mm,1,,
8444000,1330-1355,,RUS,RBW Murmansk Meteo Fax,,,NEu,NEu,mm,1,,[1220]
8444000,1445-1510,,RUS,RBW Murmansk Meteo Fax,,,NEu,NEu,mm,1,,
8444000,2000-2025,,RUS,RBW Murmansk Meteo Fax,,,NEu,NEu,mm,1,,[1024]
8456000,0315-0325,"Mo,We",POL,E11 Polish Spy Numbers,E,English,,,p,1,0111,2802
8459000,0340-0610,,ALS,NOJ Fax Kodiak,,,WNA,WNA,k,1,,[0621]
8459000,0950-1210,,ALS,NOJ Fax Kodiak,,,WNA,WNA,k,1,,[0921]
8459000,1540-1820,,ALS,NOJ Fax Kodiak,,,WNA,WNA,k,1,,
8459000,2150-0030,,ALS,NOJ Fax Kodiak,,,WNA,WNA,k,1,,[0416]
8484000,0900-2400,,KOR,HLG Seoul Radio,-CW,Morse Station,FE,FE,,1,,[0321]
8484500,0000-2400,,RUS,Channel Marker P,-CW,Morse Station,RUS,RUS,kl,1,,[0321]
8494700,0000-2400,,RUS,Channel Marker D,-CW,Morse Station,EEu,EEu,se,1,,[0326]
8494800,0000-2400,,RUS,Channel Marker P,-CW,Morse Station,RUS,RUS,kl,1,,[0222]
8494900,0000-2400,,RUS,Channel Marker S,-CW,Morse Station,RUS,RUS,sm,1,,[0425]
8495000,0000-2400,,RUS,Channel Marker C,-CW,Morse Station,RUS,RUS,m,1,,[0421]
8495100,0000-2400,,RUS,Channel Marker A,-CW,Morse Station,RUS,RUS,as,1,,[0425]
8495200,0000-2400,,RUS,Channel Marker F,-CW,Morse Station,FE,FE,vl,1,,[0421]
8495300,0000-2400,,RUS,Channel Marker K,-CW,Morse Station,FE,FE,pk,1,,[0421]
8495400,0000-2400,,RUS,Channel Marker M,-CW,Morse Station,FE,FE,mg,1,,[0521]
8497800,0000-2400,,RUS,Channel Marker L,-CW,Morse Station,RUS,RUS,pt,1,,[0425]
8502000,0330-0410,,USA,NMG USCG New Orleans,E,English,NAm,NAm,nm,1,,[0423]
8502000,0515-0550,,USA,NMG USCG New Orleans,E,English,NAm,NAm,nm,1,,[0523]
8502000,0930-1015,,USA,NMG USCG New Orleans,E,English,NAm,NAm,nm,1,,[0726]
8502000,1115-1150,,USA,NMG USCG New Orleans,E,English,NAm,NAm,nm,1,,[0314]
8502000,1530-1605,,USA,NMG USCG New Orleans,E,English,NAm,NAm,nm,1,,[0322]
8502000,1715-1750,,USA,NMG USCG New Orleans,E,English,NAm,NAm,nm,1,,[1122]
8502000,2130-2245,,USA,NMG USCG New Orleans,E,English,NAm,NAm,nm,1,,[0824]
8502000,2315-2350,,USA,NMG USCG New Orleans,E,English,NAm,NAm,nm,1,,[1120]
8503900,0000-0305,,USA,NMG Fax New Orleans,,,Car,Car,nm,1,,[0122]
8503900,0600-0855,,USA,NMG Fax New Orleans,,,Car,Car,nm,1,,
8503900,1200-1505,,USA,NMG Fax New Orleans,,,Car,Car,nm,1,,[0422]
8503900,1800-2105,,USA,NMG Fax New Orleans,,,Car,Car,nm,1,,[0922]
8514000,0000-2400,,CHN,XSQ Guangzhou Radio x30,M,Mandarin (Standard Chinese / Beijing dialect),FE,FE,gx,1,,
8530000,1910-1920,"Fr,Su",POL,E11 Polish Spy Numbers,E,English,,,p,1,0103,3004[0421]
8530000,1910-1920,"Fr,Su",POL,E11 Polish Spy Numbers,E,English,,,p,1,0109,3110[0924]
8597000,0700-0710,"Mo,Th",POL,S11a Polish Spy Numbers,R,Russian,,,p,1,0103,3004
8597000,0700-0710,"Mo,Th",POL,S11a Polish Spy Numbers,R,Russian,,,p,1,0109,3110
8617000,0000-2400,,CHN,XSV Tianjin Radio,-TY,Teletype or other digital Station (RTTY/SITOR/..),FE,FE,tj,1,,
8636000,0900-2400,,KOR,HLW Seoul Radio,-CW,Morse Station,FE,FE,,1,,[1020]
8658000,0020-0035,,J,JFX Kagoshima Fish.Fax,,,WOc,WOc,m,1,,
8658000,0110-0125,Mo,J,JFX Kagoshima Fish.Fax,,,WOc,WOc,m,1,,
8658000,0330-0345,,J,JFX Kagoshima Fish.Fax,,,WOc,WOc,m,1,,
8658000,0400-0415,,J,JFX Kagoshima Fish.Fax,,,WOc,WOc,m,1,,
8658000,0440-0455,irr,J,JFX Kagoshima Fish.Fax,,,WOc,WOc,m,1,,
8658000,0830-0845,,J,JFX Kagoshima Fish.Fax,,,WOc,WOc,m,1,,
8658000,0930-0945,,J,JFX Kagoshima Fish.Fax,,,WOc,WOc,m,1,,
8658000,1100-1115,,J,JFX Kagoshima Fish.Fax,,,WOc,WOc,m,1,,
8658000,1800-1815,,J,JFX Kagoshima Fish.Fax,,,WOc,WOc,m,1,,[0220]
8658000,2200-2215,,J,JFX Kagoshima Fish.Fax,,,WOc,WOc,m,1,,
8658000,2240-2255,,J,JFX Kagoshima Fish.Fax,,,WOc,WOc,m,1,,
8677000,1115-1200,,CHL,CBV Valparaiso Met Fax,,,SAm,SAm,v,1,,
8677000,1630-1715,,CHL,CBV Valparaiso Met Fax,,,SAm,SAm,v,1,,
8677000,1915-2100,,CHL,CBV Valparaiso Met Fax,,,SAm,SAm,v,1,,
8677000,2200-2355,,CHL,CBV Valparaiso Met Fax,,,SAm,SAm,v,1,,[0123]
8680000,0600-0610,"Fr,Su",POL,E11 Polish Spy Numbers,E,English,,,p,1,0103,3004[0424]
8680000,0600-0610,"Fr,Su",POL,E11 Polish Spy Numbers,E,English,,,p,1,0109,3110[0924]
8680000,0700-0710,"Tu,Fr",POL,E11 Polish Spy Numbers,E,English,,,p,1,0105,3108
8682000,0140-0415,,USA,NMC Fax Pt Reyes CA,,,WNA,WNA,pr,1,,[0826]
8682000,0655-1015,,USA,NMC Fax Pt Reyes CA,,,WNA,WNA,pr,1,,[0425]
8682000,1120-1235,,USA,NMC Fax Pt Reyes CA,,,WNA,WNA,pr,1,,[0717]
8682000,1400-1615,,USA,NMC Fax Pt Reyes CA,,,WNA,WNA,pr,1,,[0521]
8682000,1820-1840,,USA,NMC Fax Pt Reyes CA,,,WNA,WNA,pr,1,,
8682000,1840-2220,,USA,NMC Fax Pt Reyes CA,,,WNA,WNA,pr,1,,[0124]
8682000,2320-2400,,USA,NMC Fax Pt Reyes CA,,,WNA,WNA,pr,1,,
8728000,0000-2400,,USA,"KLB Seattle, WA x15,x45",E,English,WNA,WNA,sk,1,,[1024]
8740000,1815-1845,,AFS,ZSC Cape Town Radio,E,English,SAf,SAf,ct,1,,[0526]
8743000,0000-0200,,THA,Bangkok Meterolog.Radio,"E,T","English, Thai",SEA,SEA,bv,1,,
8743000,0300-0500,,THA,Bangkok Meterolog.Radio,"E,T","English, Thai",SEA,SEA,bv,1,,
8743000,0600-0800,,THA,Bangkok Meterolog.Radio,"E,T","English, Thai",SEA,SEA,bv,1,,
8743000,0900-1100,,THA,Bangkok Meterolog.Radio,"E,T","English, Thai",SEA,SEA,bv,1,,[0925]
8743000,1200-1400,,THA,Bangkok Meterolog.Radio,"E,T","English, Thai",SEA,SEA,bv,1,,[0626]
8743000,1500-1700,,THA,Bangkok Meterolog.Radio,"E,T","English, Thai",SEA,SEA,bv,1,,[0526]
8743000,1800-2000,,THA,Bangkok Meterolog.Radio,"E,T","English, Thai",SEA,SEA,bv,1,,[0626]
8743000,2100-2300,,THA,Bangkok Meterolog.Radio,"E,T","English, Thai",SEA,SEA,bv,1,,[0726]
8746000,0000-2400,,TUR,TAH Turk Radio Istanbul,E,English,ME,ME,is,1,,
8749000,0000-2400,,TUR,TAH Turk Radio Istanbul,E,English,ME,ME,is,1,,
8752000,0000-2400,,CAN,VFF Iqaluit Radio,E,English,NAm,NAm,ch,1,0107,3110
8752000,0000-2400,,CAN,VFF Iqaluit Radio,E,English,NAm,NAm,i,1,1505,2012
8752000,0000-2400,,CAN,VFF Iqaluit Radio,E,English,NAm,NAm,r,1,1507,3110
8755000,0000-2400,,CHN,XSV Tianjin Radio,M,Mandarin (Standard Chinese / Beijing dialect),FE,FE,tj,1,,
8755000,1400-1405,,CHN,XSV Tianjin Radio,M,Mandarin (Standard Chinese / Beijing dialect),NAs,NAs,tj,1,0107,3110
8764000,0005-0040,,HWA,NMO USCG Honolulu,E,English,Oc,Oc,nm,1,,
8764000,0330-0430,,USA,NMN USCG Chesapeake,E,English,NAm,NAm,ch,1,,[0820]
8764000,0430-0505,,USA,NMC USCG Point Reyes,E,English,NAm,NAm,pr,1,,[0321]
8764000,0515-0615,,USA,NMN USCG Chesapeake,E,English,NAm,NAm,ch,1,,[0719]
8764000,0600-0635,,HWA,NMO USCG Honolulu,E,English,Oc,Oc,nm,1,,[0722]
8764000,0930-1030,,USA,NMN USCG Chesapeake,E,English,NAm,NAm,ch,1,,[0825]
8764000,1030-1105,,USA,NMC USCG Point Reyes,E,English,NAm,NAm,pr,1,,[0421]
8764000,1115-1215,,USA,NMN USCG Chesapeake,E,English,NAm,NAm,ch,1,,[0314]
8764000,1200-1235,,HWA,NMO USCG Honolulu,E,English,Oc,Oc,nm,1,,[0815]
8764000,1530-1630,,USA,NMN USCG Chesapeake,E,English,NAm,NAm,ch,1,,[0420]
8764000,1630-1705,,USA,NMC USCG Point Reyes,E,English,NAm,NAm,pr,1,,
8764000,1715-1815,,USA,NMN USCG Chesapeake,E,English,NAm,NAm,ch,1,,
8764000,1800-1835,,HWA,NMO USCG Honolulu,E,English,Oc,Oc,nm,1,,
8764000,2130-2156,,USA,NMN USCG Chesapeake,E,English,NAm,NAm,ch,1,,[0726]
8764000,2230-2305,,USA,NMC USCG Point Reyes,E,English,NAm,NAm,pr,1,,[1217]
8764000,2315-0015,,USA,NMN USCG Chesapeake,E,English,NAm,NAm,ch,1,,[0920]
8776000,1145-1245,,GRC,SVO Olimpia Radio,GR,Greek,SEu,SEu,o,1,,[1219]
8776000,1945-2005,,GRC,SVO Olimpia Radio,GR,Greek,SEu,SEu,o,1,,[0626]
8779000,0000-2400,,I,Romaradio IAR,I,Italian,SEu,SEu,r,1,,
8782000,0000-2400,,USA,"KFS Rio Vista, CA",E,English,WNA,WNA,rv,1,,[0425]
8782000,0000-2400,,CHN,XSQ Guangzhou Radio,M,Mandarin (Standard Chinese / Beijing dialect),FE,FE,gx,1,,
8785000,1000-1015,,J,JFE Itoman Marine R.,J,Japanese,FE,FE,it,1,,[0921]
8788000,0000-2400,,USA,WLO Mobile Radio,E,English,Car,Car,mo,1,,[0124]
8794000,0000-2400,,CAN,VFF Iqaluit Radio,E,English,NAm,NAm,cb,1,0107,1510
8794000,0000-2400,,CAN,VFF Iqaluit Radio,E,English,NAm,NAm,hr,1,1505,3110
8794000,0000-2400,,CAN,VFF Iqaluit Radio,E,English,NAm,NAm,in,1,1505,3110
8806000,0000-2400,,CHN,XSG Shanghai Radio,M,Mandarin (Standard Chinese / Beijing dialect),FE,FE,sh,1,,[0319]
8809000,0000-2400,,TUR,TAH Turk Radio Istanbul,E,English,ME,ME,is,1,,
8812000,0915-0935,,TUR,TAH Turk Radio Istanbul,TU,Turkish,ME,ME,is,1,,[1116]
8812000,0955-1020,,TUR,TAH Turk Radio Istanbul,TU,Turkish,ME,ME,is,1,,[0125]
8812000,1020-1030,,TUR,TAH Turk Radio Istanbul,E,English,ME,ME,is,1,,[0221]
8812000,1239-1242,,VTN,Ho Chi Minh City R.XVS,E,English,SEA,SEA,vt,1,,[0224]
8812000,1246-1248,,VTN,Ho Chi Minh City R.XVS,VN,Vietnamese,SEA,SEA,vt,1,,[0420]
8812000,1248-1250,,VTN,Ho Chi Minh City R.XVS,E,English,SEA,SEA,vt,1,,[0420]
8812000,1700-1730,,TUR,TAH Turk Radio Istanbul,TU,Turkish,ME,ME,is,1,,[1116]
8812000,1755-1820,,TUR,TAH Turk Radio Istanbul,TU,Turkish,ME,ME,is,1,,[0726]
8812000,1820-1840,,TUR,TAH Turk Radio Istanbul,E,English,ME,ME,is,1,,[0526]
8812000,2030-2040,,VTN,Ho Chi Minh City R.XVS,E,English,SEA,SEA,vt,1,,[0216]
8819000,0000-2400,,UZB,"Tashkent Volmet x20,x50",R,Russian,CAs,CAs,a,1,,[0817]
8825000,0000-2400,,THA,Hat Yai HFDL (ID6),-HF,HFDL Squitter (Aircraft comms station),SEA,SEA,hy,1,,
8825000,0000-2400,,USA,New York Radio,E,English,NAO,NAO,bg,1,,[0223]
8825000,0000-2400,,AZR,Santa Maria Radio E,E,English,NAO,NAO,sm,1,,[1119]
8828000,0000-2400,,NZL,"Auckland Volmet x20,x50",E,English,FE,FE,a,1,,[0526]
8828000,0000-2400,,HKG,"Hongkong Volmet x15,x45",E,English,FE,FE,a,1,,[0526]
8828000,0000-2400,,J,"Tokyo Volmet x10,x40",E,English,FE,FE,tv,1,,[0226]
8831000,0000-2400,,AUS,Brisbane Radio,E,English,AUS,AUS,,1,,[0918]
8831000,0000-2400,,CAN,Gander Radio F,E,English,NAO,NAO,g,1,,[0123]
8831000,1000-1800,,IRL,Shannon Aeradio F,E,English,NAO,NAO,s,1,,
8834000,0000-2400,,AFS,Johannesburg HFDL (ID8),-HF,HFDL Squitter (Aircraft comms station),SAf,SAf,j,1,,
8843000,0000-2400,,USA,San Francisco Radio CEP,E,English,EOc,EOc,dx,1,,[0824]
8843000,0000-2400,,IRL,Shannon HFDL (ID7),-HF,HFDL Squitter (Aircraft comms station),NAO,NAO,s,1,,
8846000,0000-2400,,USA,New York Radio,E,English,Car,Car,bg,1,,[0724]
8849000,0000-0745,USB,CHN,"Guangzhou Volmet x00,30",E,English,FE,FE,,1,,
8849000,0000-2400,LSB,CHN,"Beijing Volmet x15,x45",E,English,FE,FE,,1,,[1221]
8861000,0000-2400,,CNR,Las Palmas Radio,E,English,WAf,WAf,,1,,[1125]
8864000,0000-2400,,CAN,Gander Radio B,E,English,NAO,NAO,g,1,,[0724]
8864000,0000-2400,,ISL,Iceland Radio B,E,English,NAO,NAO,,1,,[0416]
8864000,0900-2100,,IRL,Shannon Aeradio B,E,English,NAO,NAO,s,1,,
8867000,0000-2400,,NZL,Auckland Radio,E,English,Oc,Oc,a,1,,[1118]
8867000,0000-2400,,USA,San Francisco Radio SP,E,English,Oc,Oc,/HWA-m,1,,[0815]
8870000,0000-2400,,USA,San Francisco Radio CWP,E,English,WOc,WOc,/GUM-b,1,,
8879000,0000-2400,,CAN,Gander Radio C,E,English,NAO,NAO,g,1,,
8879000,0000-2400,,ISL,Iceland Radio C,E,English,NAO,NAO,,1,,
8879000,0000-2400,,IND,Mumbai Radio,E,English,SAs,SAs,,1,,[0826]
8879000,0900-2100,,IRL,Shannon Aeradio C,E,English,NAO,NAO,s,1,,[0325]
8885000,0000-2400,,BHR,Al Muharraq HFDL (ID15),-HF,HFDL Squitter (Aircraft comms station),ME,ME,m,1,,[0424]
8888000,0000-2400,,RUS,"Novosibir Volmet x07,37",R,Russian,CIS,CIS,nv,1,,[0425]
8888000,0000-2400,,RUS,"Samara Volmet x15,45",R,Russian,CIS,CIS,sv,1,,[1124]
8888000,0000-2400,,RUS,"Syktyvkar Volmet x00,30",R,Russian,CIS,CIS,sy,1,,[0525]
8891000,0000-2400,,NOR,Bodo Radio,E,English,NAO,NAO,bo,1,,[1221]
8891000,0000-2400,,CAN,Gander Radio,E,English,NAO,NAO,g,1,,[0526]
8891000,0000-2400,,ISL,Iceland Radio B,E,English,NAO,NAO,,1,,[1121]
8891000,0000-2400,,IRL,Shannon Aeradio D,E,English,NAO,NAO,s,1,,[0123]
8894000,0000-2400,,PNR,Albrook HFDL (ID11),-HF,HFDL Squitter (Aircraft comms station),CAm,CAm,al,1,,
8903000,0000-2400,,USA,San Francisco Radio CWP,E,English,WOc,WOc,/HWA-m,1,,
8906000,0000-2400,,CAN,Gander Radio A,E,English,NAO,NAO,g,1,,
8906000,0000-2400,,USA,New York Radio,E,English,NAO,NAO,bg,1,,[0723]
8906000,0000-2400,,AZR,Santa Maria Radio A,E,English,NAO,NAO,sm,1,,[1125]
8906000,0900-2100,,IRL,Shannon Aeradio A,E,English,NAO,NAO,s,1,,
8912000,0000-2400,,HWA,Moloka'i HFDL (ID2),-HF,HFDL Squitter (Aircraft comms station),Oc,Oc,m,1,,
8912000,0000-2400,,USA,Riverhead HFDL (ID4),-HF,HFDL Squitter (Aircraft comms station),ENA,ENA,rh,1,,
8915000,0000-2400,,USA,San Francisco Radio CEP,E,English,EOc,EOc,dx,1,,
8918000,0000-2400,,CAN,Gander Radio,E,English,NAO,NAO,g,1,,[0815]
8918000,0000-2400,,USA,New York Radio,E,English,Car,Car,bg,1,,[0925]
8918000,0000-2400,,TRD,Piarco Radio CAR-B,E,English,Car,Car,,1,,
8921000,0000-2400,,NZL,Auckland HFDL (ID5),-HF,HFDL Squitter (Aircraft comms station),SOc,SOc,a,1,,
8927000,0000-2400,,GUM,Agana Guam HFDL (ID16),-HF,HFDL Squitter (Aircraft comms station),WOc,WOc,h,1,,[0122]
8927000,0000-2400,,ALS,Barrow HFDL (ID9),-HF,HFDL Squitter (Aircraft comms station),NOc,NOc,ba,1,,
8927000,0000-2400,,USA,San Francisco HFDL(ID1),-HF,HFDL Squitter (Aircraft comms station),WNA,WNA,dx,1,,
8933000,0000-2400,,USA,New York Radio,E,English,NAO,NAO,bg,1,,[0222]
8933000,0000-2400,,USA,San Francisco R. LDOC,E,English,Oc,Oc,dx,1,,[0815]
8936000,0000-2400,,ALS,Barrow HFDL (ID9),-HF,HFDL Squitter (Aircraft comms station),NOc,NOc,ba,1,,
8936000,0000-2400,,HWA,Moloka'i HFDL (ID2),-HF,HFDL Squitter (Aircraft comms station),Oc,Oc,m,1,,
8939000,0000-2400,,RUS,"Rostov Volmet x25,55",R,Russian,CIS,CIS,rv,1,,[0226]
8939000,0000-2400,,KOR,Seoul Muan HFDL (ID10),-HF,HFDL Squitter (Aircraft comms station),FE,FE,m,1,,
8939000,0000-2400,,RUS,"StPeterbg Volmet x05,35",R,Russian,CIS,CIS,pv,1,,[0226]
8942000,0000-2400,,IRL,Shannon HFDL (ID7),-HF,HFDL Squitter (Aircraft comms station),NAO,NAO,s,1,,[0725]
8948000,0000-2400,,CNR,Canarias HFDL (ID17),-HF,HFDL Squitter (Aircraft comms station),WAf,WAf,gc,1,,[1219]
8948000,0000-2400,,IND,Mumbai Radio,E,English,SAs,SAs,,1,,[1219]
8951000,0000-2400,,USA,San Francisco Radio NP,E,English,NOc,NOc,/HWA-m,1,,
8954000,0000-2400,,IRL,Shannon Aeradio J,E,English,NAO,NAO,s,1,,
8957000,0000-2400,,BOL,Santa Cruz HFDL (ID13),-HF,HFDL Squitter (Aircraft comms station),SAm,SAm,sz,1,,[0419]
8957000,0000-2400,,IRL,Shannon Volmet,E,English,Eu,Eu,s,1,,[0326]
8977000,0000-2400,,ISL,Reykjavik HFDL (ID3),-HF,HFDL Squitter (Aircraft comms station),NAO,NAO,r,1,,[0521]
8989000,2130-2400,irr,NCG,Pescador Preacher,S,Spanish/Castellano,CAm,CAm,,1,,[0725]
8992000,0000-2400,,USA,US Air Force Messages,E,English,NAm,NAm,,1,,[0526]
9025000,1500-2100,,USA,Presidential Pirate,E,English,NAm,NAm,xx,1,,[0326]
9050000,0700-0710,"Mo,Th",POL,S11a Polish Spy Numbers,R,Russian,,,p,1,0111,2802
9052000,0900-0915,"Mo,We",POL,E11 Polish Spy Numbers,E,English,,,p,1,0105,3108[0522]
9073000,1030-1040,We,RUS,E06 Russian Spy Numbers,E,English,RUS,RUS,or,1,0112,3101
9073000,1330-1340,Sa,RUS,E06 Russian Spy Numbers,E,English,RUS,RUS,or,1,0103,3103
9079000,0700-0710,SaSu,POL,E11 Polish Spy Numbers,E,English,,,p,1,0103,3004
9079000,0700-0710,SaSu,POL,E11 Polish Spy Numbers,E,English,,,p,1,0109,3110[0924]
9079000,1000-1010,"Tu,Fr",POL,E11 Polish Spy Numbers,E,English,,,p,1,0111,2802[1121]
9110000,0230-0505,,USA,NMF Fax Boston MA,,,ENA,ENA,bo,1,,[0526]
9110000,0745-1040,,USA,NMF Fax Boston MA,,,ENA,ENA,bo,1,,[1021]
9110000,1400-1600,,USA,NMF Fax Boston MA,,,ENA,ENA,bo,1,,[0223]
9110000,1720-2251,,USA,NMF Fax Boston MA,,,ENA,ENA,bo,1,,[1123]
9116800,0000-2400,,RUS,Channel Marker M,-CW,Morse Station,FE,FE,mg,1,,[0417]
9120000,0000-0100,,TWN,Sound of Hope,M,Mandarin (Standard Chinese / Beijing dialect),FE,FE,,1,,[1223]
9120000,0100-0200,,TWN,Sound of Hope,M,Mandarin (Standard Chinese / Beijing dialect),FE,FE,,1,,
9120000,0200-1200,,TWN,Sound of Hope,M,Mandarin (Standard Chinese / Beijing dialect),FE,FE,,1,,[0925]
9120000,1200-1300,,TWN,Sound of Hope,M,Mandarin (Standard Chinese / Beijing dialect),FE,FE,,1,,[1224]
9120000,1300-1400,,TWN,Sound of Hope,M,Mandarin (Standard Chinese / Beijing dialect),FE,FE,,1,,[0523]
9120000,1400-1500,,TWN,Sound of Hope,M,Mandarin (Standard Chinese / Beijing dialect),FE,FE,,1,,[0525]
9120000,1500-1600,,TWN,Sound of Hope,M,Mandarin (Standard Chinese / Beijing dialect),FE,FE,,1,,[0125]
9120000,1600-1700,,TWN,Sound of Hope,M,Mandarin (Standard Chinese / Beijing dialect),FE,FE,,1,,
9120000,2100-1700,,CHN,CNR1 Jammer/Firedrake,M,Mandarin (Standard Chinese / Beijing dialect),FE,FE,,1,,[1123]
9120000,2100-2130,,TWN,Sound of Hope,M,Mandarin (Standard Chinese / Beijing dialect),FE,FE,,1,,[0626]
9120000,2130-2200,,TWN,Sound of Hope,M,Mandarin (Standard Chinese / Beijing dialect),FE,FE,,1,,[0726]
9120000,2200-2300,,TWN,Sound of Hope,M,Mandarin (Standard Chinese / Beijing dialect),FE,FE,,1,,[0226]
9120000,2300-2400,,TWN,Sound of Hope,M,Mandarin (Standard Chinese / Beijing dialect),FE,FE,,1,,[0125]
9130000,0715-0725,"Tu,Fr",POL,E11 Polish Spy Numbers,E,English,,,p,1,0111,2802[1221]
9150000,0600-0610,"Fr,Su",POL,E11 Polish Spy Numbers,E,English,,,p,1,0105,3108
9155000,0000-2400,,CHN,CNR1 Jammer/Firedrake,M,Mandarin (Standard Chinese / Beijing dialect),FE,FE,,1,,[0326]
9155100,0000-0100,,TWN,Sound of Hope,M,Mandarin (Standard Chinese / Beijing dialect),FE,FE,,1,,[0223]
9155100,0100-0200,,TWN,Sound of Hope,M,Mandarin (Standard Chinese / Beijing dialect),FE,FE,,1,,
9155100,0200-1200,,TWN,Sound of Hope,M,Mandarin (Standard Chinese / Beijing dialect),FE,FE,,1,,[0925]
9155100,1200-1300,,TWN,Sound of Hope,M,Mandarin (Standard Chinese / Beijing dialect),FE,FE,,1,,[1224]
9155100,1300-1400,,TWN,Sound of Hope,M,Mandarin (Standard Chinese / Beijing dialect),FE,FE,,1,,[0125]
9155100,1400-1500,,TWN,Sound of Hope,M,Mandarin (Standard Chinese / Beijing dialect),FE,FE,,1,,[0525]
9155100,1500-1600,,TWN,Sound of Hope,M,Mandarin (Standard Chinese / Beijing dialect),FE,FE,,1,,[1123]
9155100,1600-1700,,TWN,Sound of Hope,M,Mandarin (Standard Chinese / Beijing dialect),FE,FE,,1,,
9155100,1700-2000,,TWN,Sound of Hope,M,Mandarin (Standard Chinese / Beijing dialect),FE,FE,,1,,[0724]
9155100,2000-2100,,TWN,Sound of Hope,M,Mandarin (Standard Chinese / Beijing dialect),FE,FE,,1,,
9155100,2100-2130,,TWN,Sound of Hope,M,Mandarin (Standard Chinese / Beijing dialect),FE,FE,,1,,
9155100,2130-2200,,TWN,Sound of Hope,M,Mandarin (Standard Chinese / Beijing dialect),FE,FE,,1,,[0521]
9155100,2200-2300,,TWN,Sound of Hope,M,Mandarin (Standard Chinese / Beijing dialect),FE,FE,,1,,
9155100,2300-2400,,TWN,Sound of Hope,M,Mandarin (Standard Chinese / Beijing dialect),FE,FE,,1,,
9165000,0000-1200,,KOR,HLL Seoul Meteo Fax,,,FE,FE,sg,1,,[1223]
9165000,1200-2400,,KOR,HLL Seoul Meteo Fax,,,FE,FE,sg,1,,[0421]
9180000,0000-0100,,TWN,Sound of Hope,M,Mandarin (Standard Chinese / Beijing dialect),FE,FE,,1,,[1223]
9180000,0100-0200,,TWN,Sound of Hope,M,Mandarin (Standard Chinese / Beijing dialect),FE,FE,,1,,
9180000,0200-1200,,TWN,Sound of Hope,M,Mandarin (Standard Chinese / Beijing dialect),FE,FE,,1,,[0326]
9180000,1200-1300,,TWN,Sound of Hope,M,Mandarin (Standard Chinese / Beijing dialect),FE,FE,,1,,[1224]
9180000,1300-1400,,TWN,Sound of Hope,M,Mandarin (Standard Chinese / Beijing dialect),FE,FE,,1,,[0523]
9180000,1400-1500,,TWN,Sound of Hope,M,Mandarin (Standard Chinese / Beijing dialect),FE,FE,,1,,
9180000,1500-1600,,TWN,Sound of Hope,M,Mandarin (Standard Chinese / Beijing dialect),FE,FE,,1,,[0525]
9180000,1600-1700,,TWN,Sound of Hope,M,Mandarin (Standard Chinese / Beijing dialect),FE,FE,,1,,
9180000,2130-1700,,CHN,CNR1 Jammer/Firedrake,M,Mandarin (Standard Chinese / Beijing dialect),FE,FE,u,1,,[0121]
9180000,2130-2200,,TWN,Sound of Hope,M,Mandarin (Standard Chinese / Beijing dialect),FE,FE,,1,,[0521]
9180000,2200-2300,,TWN,Sound of Hope,M,Mandarin (Standard Chinese / Beijing dialect),FE,FE,,1,,
9180000,2300-2400,,TWN,Sound of Hope,M,Mandarin (Standard Chinese / Beijing dialect),FE,FE,,1,,
9200000,0000-0100,,TWN,Sound of Hope,M,Mandarin (Standard Chinese / Beijing dialect),FE,FE,,1,,
9200000,0100-0200,,TWN,Sound of Hope,M,Mandarin (Standard Chinese / Beijing dialect),FE,FE,,1,,
9200000,0200-1200,,TWN,Sound of Hope,M,Mandarin (Standard Chinese / Beijing dialect),FE,FE,,1,,
9200000,1200-1300,,TWN,Sound of Hope,M,Mandarin (Standard Chinese / Beijing dialect),FE,FE,,1,,
9200000,1300-1400,,TWN,Sound of Hope,M,Mandarin (Standard Chinese / Beijing dialect),FE,FE,,1,,
9200000,1400-1500,,TWN,Sound of Hope,M,Mandarin (Standard Chinese / Beijing dialect),FE,FE,,1,,
9200000,1500-1600,,TWN,Sound of Hope,M,Mandarin (Standard Chinese / Beijing dialect),FE,FE,,1,,
9200000,2130-2200,,TWN,Sound of Hope,M,Mandarin (Standard Chinese / Beijing dialect),FE,FE,,1,,
9200000,2200-2300,,TWN,Sound of Hope,M,Mandarin (Standard Chinese / Beijing dialect),FE,FE,,1,,
9200000,2300-2400,,TWN,Sound of Hope,M,Mandarin (Standard Chinese / Beijing dialect),FE,FE,,1,,
9215000,0000-0100,,TWN,Sound of Hope,M,Mandarin (Standard Chinese / Beijing dialect),FE,FE,,1,,[1223]
9215000,0100-0200,,TWN,Sound of Hope,M,Mandarin (Standard Chinese / Beijing dialect),FE,FE,,1,,
9215000,0200-1200,,TWN,Sound of Hope,M,Mandarin (Standard Chinese / Beijing dialect),FE,FE,,1,,[0326]
9215000,1200-1300,,TWN,Sound of Hope,M,Mandarin (Standard Chinese / Beijing dialect),FE,FE,,1,,[0125]
9215000,1300-1400,,TWN,Sound of Hope,M,Mandarin (Standard Chinese / Beijing dialect),FE,FE,,1,,[0523]
9215000,1400-1500,,TWN,Sound of Hope,M,Mandarin (Standard Chinese / Beijing dialect),FE,FE,,1,,
9215000,1500-1600,,TWN,Sound of Hope,M,Mandarin (Standard Chinese / Beijing dialect),FE,FE,,1,,[0525]
9215000,1600-1700,,TWN,Sound of Hope,M,Mandarin (Standard Chinese / Beijing dialect),FE,FE,,1,,
9215000,1700-2000,,TWN,Sound of Hope,M,Mandarin (Standard Chinese / Beijing dialect),FE,FE,,1,,
9215000,2000-2100,,TWN,Sound of Hope,M,Mandarin (Standard Chinese / Beijing dialect),FE,FE,,1,,
9215000,2100-2130,,TWN,Sound of Hope,M,Mandarin (Standard Chinese / Beijing dialect),FE,FE,,1,,
9215000,2130-2200,,TWN,Sound of Hope,M,Mandarin (Standard Chinese / Beijing dialect),FE,FE,,1,,
9215000,2200-2300,,TWN,Sound of Hope,M,Mandarin (Standard Chinese / Beijing dialect),FE,FE,,1,,
9215000,2300-2400,,TWN,Sound of Hope,M,Mandarin (Standard Chinese / Beijing dialect),FE,FE,,1,,
9220000,0000-2400,irr,B,Rádio Fronteira,P,Portuguese,B,B,xx,1,,
9226000,1430-1440,"Th,Sa",RUS,E07 Russian Spy Numbers,E,English,RUS,RUS,m,1,0112,3112[1219]
9230000,0000-0100,,TWN,Sound of Hope,M,Mandarin (Standard Chinese / Beijing dialect),FE,FE,,1,,[1223]
9230000,0100-0200,,TWN,Sound of Hope,M,Mandarin (Standard Chinese / Beijing dialect),FE,FE,,1,,
9230000,0200-1200,,TWN,Sound of Hope,M,Mandarin (Standard Chinese / Beijing dialect),FE,FE,,1,,[0925]
9230000,1200-1300,,TWN,Sound of Hope,M,Mandarin (Standard Chinese / Beijing dialect),FE,FE,,1,,[1224]
9230000,1300-1400,,TWN,Sound of Hope,M,Mandarin (Standard Chinese / Beijing dialect),FE,FE,,1,,[0523]
9230000,1400-1500,,TWN,Sound of Hope,M,Mandarin (Standard Chinese / Beijing dialect),FE,FE,,1,,
9230000,1500-1600,,TWN,Sound of Hope,M,Mandarin (Standard Chinese / Beijing dialect),FE,FE,,1,,[0125]
9230000,2100-1600,,CHN,CNR1 Jammer/Firedrake,M,Mandarin (Standard Chinese / Beijing dialect),FE,FE,,1,,[1220]
9230000,2100-2130,,TWN,Sound of Hope,M,Mandarin (Standard Chinese / Beijing dialect),FE,FE,,1,,
9230000,2130-2200,,TWN,Sound of Hope,M,Mandarin (Standard Chinese / Beijing dialect),FE,FE,,1,,[0521]
9230000,2200-2300,,TWN,Sound of Hope,M,Mandarin (Standard Chinese / Beijing dialect),FE,FE,,1,,
9230000,2300-2400,,TWN,Sound of Hope,M,Mandarin (Standard Chinese / Beijing dialect),FE,FE,,1,,
9247000,1140-1150,"Tu,Fr",RUS,E07 Russian Spy Numbers,E,English,RUS,RUS,m,1,0102,2802
9255000,2130-1600,,CHN,CNR1 Jammer/Firedrake,M,Mandarin (Standard Chinese / Beijing dialect),FE,FE,,1,,[0526]
9255200,0000-0100,,TWN,Sound of Hope,M,Mandarin (Standard Chinese / Beijing dialect),FE,FE,,1,,
9255200,0100-0200,,TWN,Sound of Hope,M,Mandarin (Standard Chinese / Beijing dialect),FE,FE,,1,,[0223]
9255200,0200-1200,,TWN,Sound of Hope,M,Mandarin (Standard Chinese / Beijing dialect),FE,FE,,1,,[0925]
9255200,1200-1300,,TWN,Sound of Hope,M,Mandarin (Standard Chinese / Beijing dialect),FE,FE,,1,,[1224]
9255200,1300-1400,,TWN,Sound of Hope,M,Mandarin (Standard Chinese / Beijing dialect),FE,FE,,1,,[0125]
9255200,1400-1500,,TWN,Sound of Hope,M,Mandarin (Standard Chinese / Beijing dialect),FE,FE,,1,,
9255200,1500-1600,,TWN,Sound of Hope,M,Mandarin (Standard Chinese / Beijing dialect),FE,FE,,1,,[0525]
9255200,2130-2200,,TWN,Sound of Hope,M,Mandarin (Standard Chinese / Beijing dialect),FE,FE,,1,,[0521]
9255200,2200-2300,,TWN,Sound of Hope,M,Mandarin (Standard Chinese / Beijing dialect),FE,FE,,1,,[0226]
9255200,2300-2400,,TWN,Sound of Hope,M,Mandarin (Standard Chinese / Beijing dialect),FE,FE,,1,,
9265000,1100-1110,"Tu,Fr",RUS,E07 Russian Spy Numbers,E,English,RUS,RUS,m,1,0112,3112
9265000,1200-1900,Su,USA,WINB,E,English,NAm,NAm,rl,2,,
9265000,1500-1600,Su,USA,WINB,S,Spanish/Castellano,NAm,NAm,rl,2,,
9265000,1500-1900,Sa,USA,WINB,E,English,NAm,NAm,rl,2,,
9265000,1900-0400,,USA,WINB,E,English,NAm,NAm,rl,2,,[0626]
9265000,2000-2030,We,USA,WINB,S,Spanish/Castellano,NAm,NAm,rl,2,,
9265000,2100-2130,We,USA,WINB,S,Spanish/Castellano,NAm,NAm,rl,2,,
9274000,1450-1500,"Th,Sa",RUS,E07 Russian Spy Numbers,E,English,RUS,RUS,m,1,0111,3011
9275000,1000-1600,,HKG,FEBC i-Radio Liangyou,M,Mandarin (Standard Chinese / Beijing dialect),FE,FE,/PHL-b,1,,[0325]
9275000,2300-0400,Su-Fr,USA,"WMLK Bethel, PA",E,English,NAm,NAm,bt,1,,[0726]
9276000,0300-0400,,TWN,Star-Star Bc.Station,M,Mandarin (Standard Chinese / Beijing dialect),CHN,CHN,y,1,,
9276000,0800-0830,,TWN,Star-Star Bc.Station,M,Mandarin (Standard Chinese / Beijing dialect),CHN,CHN,y,1,,
9280000,2100-1700,,CHN,CNR1 Jammer/Firedrake,M,Mandarin (Standard Chinese / Beijing dialect),FE,FE,,1,,[1220]
9280100,0000-0100,,TWN,Sound of Hope,M,Mandarin (Standard Chinese / Beijing dialect),FE,FE,,1,,
9280100,0100-0200,,TWN,Sound of Hope,M,Mandarin (Standard Chinese / Beijing dialect),FE,FE,,1,,
9280100,0200-1200,,TWN,Sound of Hope,M,Mandarin (Standard Chinese / Beijing dialect),FE,FE,,1,,[1225]
9280100,1200-1300,,TWN,Sound of Hope,M,Mandarin (Standard Chinese / Beijing dialect),FE,FE,,1,,[1224]
9280100,1300-1400,,TWN,Sound of Hope,M,Mandarin (Standard Chinese / Beijing dialect),FE,FE,,1,,[0125]
9280100,1400-1500,,TWN,Sound of Hope,M,Mandarin (Standard Chinese / Beijing dialect),FE,FE,,1,,
9280100,1500-1600,,TWN,Sound of Hope,M,Mandarin (Standard Chinese / Beijing dialect),FE,FE,,1,,[0525]
9280100,1600-1700,,TWN,Sound of Hope,M,Mandarin (Standard Chinese / Beijing dialect),FE,FE,,1,,[1225]
9280100,1700-2000,,TWN,Sound of Hope,M,Mandarin (Standard Chinese / Beijing dialect),FE,FE,,1,,
9280100,2000-2100,,TWN,Sound of Hope,M,Mandarin (Standard Chinese / Beijing dialect),FE,FE,,1,,
9280100,2100-2130,,TWN,Sound of Hope,M,Mandarin (Standard Chinese / Beijing dialect),FE,FE,,1,,
9280100,2130-2200,,TWN,Sound of Hope,M,Mandarin (Standard Chinese / Beijing dialect),FE,FE,,1,,[0521]
9280100,2200-2300,,TWN,Sound of Hope,M,Mandarin (Standard Chinese / Beijing dialect),FE,FE,,1,,
9280100,2300-2400,,TWN,Sound of Hope,M,Mandarin (Standard Chinese / Beijing dialect),FE,FE,,1,,
9290000,0900-2330,irr,B,Rádio Araucária,P,Portuguese,B,B,xx,1,,[0325]
9293000,1450-1500,"Th,Sa",RUS,E07 Russian Spy Numbers,E,English,RUS,RUS,m,1,0101,3101[0125]
9300000,0000-0100,,TWN,Sound of Hope,M,Mandarin (Standard Chinese / Beijing dialect),FE,FE,,1,,[1223]
9300000,0100-0200,,TWN,Sound of Hope,M,Mandarin (Standard Chinese / Beijing dialect),FE,FE,,1,,
9300000,0200-1200,,TWN,Sound of Hope,M,Mandarin (Standard Chinese / Beijing dialect),FE,FE,,1,,[1225]
9300000,1200-1300,,TWN,Sound of Hope,M,Mandarin (Standard Chinese / Beijing dialect),FE,FE,,1,,[1224]
9300000,1300-1400,,TWN,Sound of Hope,M,Mandarin (Standard Chinese / Beijing dialect),FE,FE,,1,,[0523]
9300000,1400-1500,,TWN,Sound of Hope,M,Mandarin (Standard Chinese / Beijing dialect),FE,FE,,1,,[0125]
9300000,1400-2400,,USA,Radio Farda,FS,Farsi / Iranian Persian,IRN,IRN,/UZB,6,0106,2510
9300000,1500-1600,,TWN,Sound of Hope,M,Mandarin (Standard Chinese / Beijing dialect),FE,FE,,1,,
9300000,1600-1700,,TWN,Sound of Hope,M,Mandarin (Standard Chinese / Beijing dialect),FE,FE,,1,,[1123]
9300000,1652-2050,31May,HOL,Free Radio Sce Holland,E,English,Eu,Eu,xx,6,2705,3105
9300000,2130-1700,,CHN,CNR1 Jammer/Firedrake,M,Mandarin (Standard Chinese / Beijing dialect),FE,FE,,1,,[0523]
9300000,2130-2200,,TWN,Sound of Hope,M,Mandarin (Standard Chinese / Beijing dialect),FE,FE,,1,,[0521]
9300000,2200-2300,,TWN,Sound of Hope,M,Mandarin (Standard Chinese / Beijing dialect),FE,FE,,1,,
9300000,2300-2400,,TWN,Sound of Hope,M,Mandarin (Standard Chinese / Beijing dialect),FE,FE,,1,,
9310000,1130-1500,,USA,Voice of America,K,Korean,FE,FE,/PHL-t,6,1706,1706
9310000,1300-1400,,USA,Voice of America,K,Korean,FE,FE,/PHL-t,6,1906,1906
9310000,1300-1600,,USA,Voice of America,K,Korean,FE,FE,/PHL-t,6,0807,0807
9310000,1530-1600,Mo-Fr,USA,Voice of America,K,Korean,FE,FE,/PHL-t,6,2903,1904
9310000,1530-1630,Mo-Fr,USA,Voice of America,K,Korean,FE,FE,/KWT,6,2206,2606
9310000,1530-1830,Mo-Fr,USA,Voice of America,K,Korean,FE,FE,/PHL-t,6,2004,2905
9310000,1700-1730,,CLA,Radio Mojahedin,FS,Farsi / Iranian Persian,IRN,IRN,/XUU,1,0107,[0726]
9310000,1730-1930,,CLA,Radio Payam,FS,Farsi / Iranian Persian,IRN,IRN,/XUU,1,0107,[0726]
9310000,1730-2330,Mo-Fr,USA,Voice of America,K,Korean,FE,FE,/KWT,6,2206,2606
9310000,1830-2030,Mo-Fr,USA,Voice of America,K,Korean,FE,FE,/PHL-t,6,2704,2905
9320000,0000-0030,SaSu,CHN,CNR1 Jammer/Firedrake,M,Mandarin (Standard Chinese / Beijing dialect),FE,FE,,0,,
9320000,0000-0030,SaSu,USA,Voice of America,TB,Tibetan / Lhasa Tibetan,FE,FE,/KWT,0,,
9320000,0000-0100,,TWN,Sound of Hope,M,Mandarin (Standard Chinese / Beijing dialect),FE,FE,,1,,
9320000,0000-1700,,CHN,CNR1 Jammer/Firedrake,M,Mandarin (Standard Chinese / Beijing dialect),FE,FE,,1,,[0224]
9320000,0100-0130,Mo-Fr,CHN,CNR1 Jammer/Firedrake,M,Mandarin (Standard Chinese / Beijing dialect),FE,FE,,0,,
9320000,0100-0130,Mo-Fr,USA,Radio Free Asia,TB,Tibetan / Lhasa Tibetan,FE,FE,/KWT,0,,
9320000,0100-0200,,TWN,Sound of Hope,M,Mandarin (Standard Chinese / Beijing dialect),FE,FE,,1,,
9320000,0200-1200,,TWN,Sound of Hope,M,Mandarin (Standard Chinese / Beijing dialect),FE,FE,,1,,
9320000,1200-1300,,TWN,Sound of Hope,M,Mandarin (Standard Chinese / Beijing dialect),FE,FE,,1,,
9320000,1300-1400,,TWN,Sound of Hope,M,Mandarin (Standard Chinese / Beijing dialect),FE,FE,,1,,
9320000,1400-1500,,TWN,Sound of Hope,M,Mandarin (Standard Chinese / Beijing dialect),FE,FE,,1,,
9320000,1400-2400,,USA,Radio Farda,FS,Farsi / Iranian Persian,IRN,IRN,/UZB,6,0106,2510
9320000,1500-1600,,TWN,Sound of Hope,M,Mandarin (Standard Chinese / Beijing dialect),FE,FE,,1,,
9320000,1600-1700,,TWN,Sound of Hope,M,Mandarin (Standard Chinese / Beijing dialect),FE,FE,,1,,
9320000,1700-1730,,CLA,Radio Mojahedin,FS,Farsi / Iranian Persian,IRN,IRN,/XUU,1,0107,[0726]
9320000,1900-2000,,USA,Trans World Radio,K,Korean,FE,FE,/UZB,5,,
9322000,0420-0430,Mo-Fr,RUS,S06 Russian Spy Numbers,R,Russian,FE,FE,kh,1,,
9330000,1400-1530,,CLA,CMI Voice of Wilderness,K,Korean,KRE,KRE,/UZB,1,,[0225]
9330000,1730-1930,,CLA,Radio Payam,FS,Farsi / Iranian Persian,IRN,IRN,/XUU,6,1205,2510[0626]
9331000,1120-1130,"Tu,Fr",RUS,E07 Russian Spy Numbers,E,English,RUS,RUS,m,1,0101,3101
9335000,1400-1530,,CLA,CMI Voice of Wilderness,K,Korean,KRE,KRE,/UZB,1,,[0726]
9339000,0700-0710,"Mo,Th",POL,S11a Polish Spy Numbers,R,Russian,,,p,1,0105,3108[0822]
9340000,0000-0100,,TWN,Sound of Hope,M,Mandarin (Standard Chinese / Beijing dialect),FE,FE,,1,,
9340000,0100-0200,,TWN,Sound of Hope,M,Mandarin (Standard Chinese / Beijing dialect),FE,FE,,1,,[0223]
9340000,0200-1200,,TWN,Sound of Hope,M,Mandarin (Standard Chinese / Beijing dialect),FE,FE,,1,,[0822]
9340000,1200-1300,,TWN,Sound of Hope,M,Mandarin (Standard Chinese / Beijing dialect),FE,FE,,1,,[0422]
9340000,1300-1330,Mo,CAN,Bible Voice,E,English,FE,FE,/UZB,0,,
9340000,1300-1330,SaSu,CAN,Bible Voice,K,Korean,FE,FE,/UZB,0,,
9340000,1300-1330,,CLA,Voice of Martyrs,K,Korean,KRE,KRE,/UZB,1,,[0326]
9340000,1300-1400,,TWN,Sound of Hope,M,Mandarin (Standard Chinese / Beijing dialect),FE,FE,,1,,[0125]
9340000,1315-1330,Fr,CAN,Bible Voice,K,Korean,FE,FE,/UZB,0,,
9340000,1400-1500,,TWN,Sound of Hope,M,Mandarin (Standard Chinese / Beijing dialect),FE,FE,,1,,
9340000,1500-1600,,TWN,Sound of Hope,M,Mandarin (Standard Chinese / Beijing dialect),FE,FE,,1,,
9340000,1700-1730,,CLA,Radio Mojahedin,FS,Farsi / Iranian Persian,IRN,IRN,/XUU,1,0107,[0726]
9340000,2100-1600,,CHN,CNR1 Jammer/Firedrake,M,Mandarin (Standard Chinese / Beijing dialect),FE,FE,,1,,[0121]
9340000,2100-2130,,TWN,Sound of Hope,M,Mandarin (Standard Chinese / Beijing dialect),FE,FE,,1,,
9340000,2130-2200,,TWN,Sound of Hope,M,Mandarin (Standard Chinese / Beijing dialect),FE,FE,,1,,[0521]
9340000,2200-2300,,TWN,Sound of Hope,M,Mandarin (Standard Chinese / Beijing dialect),FE,FE,,1,,
9340000,2300-2400,,TWN,Sound of Hope,M,Mandarin (Standard Chinese / Beijing dialect),FE,FE,,1,,
9345000,1600-1700,,CHN,CNR1 Jammer/Firedrake,M,Mandarin (Standard Chinese / Beijing dialect),FE,FE,,0,,
9345000,1600-1700,,USA,Voice of America,TB,Tibetan / Lhasa Tibetan,FE,FE,/KWT,0,,
9349000,0210-0220,Mo,RUS,E06 Russian Spy Numbers,E,English,RUS,RUS,c,1,0101,3101
9350000,0000-0100,,CHN,CNR1 Jammer/Firedrake,M,Mandarin (Standard Chinese / Beijing dialect),FE,FE,,0,,
9350000,0000-0100,,USA,Voice of America,M,Mandarin (Standard Chinese / Beijing dialect),FE,FE,/PHL-t,0,,
9350000,1130-1500,,USA,Voice of America,M,Mandarin (Standard Chinese / Beijing dialect),FE,FE,/PHL-t,6,1706,1706
9350000,1300-1400,,USA,Voice of America,M,Mandarin (Standard Chinese / Beijing dialect),FE,FE,/PHL-t,6,1906,1906
9350000,1400-2400,,USA,Radio Farda,FS,Farsi / Iranian Persian,IRN,IRN,/UZB,6,0106,2510
9350000,1730-1930,,CLA,Radio Payam,FS,Farsi / Iranian Persian,IRN,IRN,/XUU,1,0107,[0726]
9350000,2000-2400,,USA,"WWCR 2 Nashville, TN",E,English,NAm,NAm,n,5,,
9350000,2100-2300,,USA,"WWCR 2 Nashville, TN",E,English,NAm,NAm,n,4,,
9353000,1120-1130,"Tu,Fr",RUS,E07 Russian Spy Numbers,E,English,RUS,RUS,m,1,0111,3011
9360000,0000-1400,,USA,Radio Farda,FS,Farsi / Iranian Persian,IRN,IRN,/KWT,0,,
9360000,1400-2400,,USA,Radio Farda,FS,Farsi / Iranian Persian,IRN,IRN,/PHL-t,6,2903,2604
9360000,1400-2400,,USA,Radio Farda,FS,Farsi / Iranian Persian,IRN,IRN,/KWT,6,2704,2510
9370000,0000-0030,SaSu,CHN,CNR1 Jammer/Firedrake,M,Mandarin (Standard Chinese / Beijing dialect),FE,FE,,0,,
9370000,0000-0030,SaSu,USA,Voice of America,TB,Tibetan / Lhasa Tibetan,FE,FE,/KWT,0,,
9370000,0100-0130,Mo-Fr,CHN,CNR1 Jammer/Firedrake,M,Mandarin (Standard Chinese / Beijing dialect),FE,FE,,0,,
9370000,0100-0130,Mo-Fr,USA,Radio Free Asia,TB,Tibetan / Lhasa Tibetan,FE,FE,/KWT,0,,
9370000,0300-1230,,USA,Radio Farda,FS,Farsi / Iranian Persian,IRN,IRN,/KWT,0,,
9370000,1400-2400,,USA,Radio Farda,FS,Farsi / Iranian Persian,IRN,IRN,/UZB,6,0106,2510
9370000,1500-1530,,USA,VoA Radio Ashna,DR,Dari / Eastern Farsi,AFG,AFG,/KWT,0,,
9370000,1530-1600,,USA,VoA Radio Ashna,PS,Pashto / Pushtu,AFG,AFG,/KWT,0,,
9370000,1600-1630,,USA,VoA Radio Ashna,DR,Dari / Eastern Farsi,AFG,AFG,/KWT,0,,
9370000,1630-2000,,USA,Radio Farda,FS,Farsi / Iranian Persian,IRN,IRN,/KWT,6,2903,1206
9375000,0300-1400,,USA,Radio Farda,FS,Farsi / Iranian Persian,IRN,IRN,/KWT,6,2808,2510
9380000,0130-0500,,USA,Radio Farda,FS,Farsi / Iranian Persian,IRN,IRN,/KWT,6,0507,0507
9380000,1400-2400,,USA,Radio Farda,FS,Farsi / Iranian Persian,IRN,IRN,/UZB,6,0106,2510
9380000,1630-1700,,USA,Voice of America,PS,Pashto / Pushtu,AFG,AFG,/KWT,6,2206,2410
9380000,1700-1730,,USA,Voice of America,DR,Dari / Eastern Farsi,AFG,AFG,/KWT,6,2206,2410
9380000,1744-1759,Sa,SWZ,Trans World Radio,TUR,Turkana,EAf,EAf,,1,,
9380000,1800-1830,Su,CAN,Bible Voice,R,Russian,EEu,EEu,/UZB,0,,
9380000,1830-1900,Su,CAN,Bible Voice,UD,Udmurt,EEu,EEu,/UZB,0,,
9382000,0210-0220,Mo,RUS,E06 Russian Spy Numbers,E,English,RUS,RUS,c,1,0112,3112
9385000,1200-1230,,CLA,Voice of Martyrs,K,Korean,KRE,KRE,/UZB,4,,
9385000,1330-1400,,CLA,Voice of Martyrs,K,Korean,KRE,KRE,/UZB,1,,[0226]
9390000,1430-1500,Mo-Fr,G,BBC,K,Korean,FE,FE,/TJK,0,,
9390000,1530-1600,Mo-Fr,G,BBC,K,Korean,FE,FE,/TJK,0,,
9390000,1630-1700,Mo-Fr,G,BBC,K,Korean,FE,FE,/TJK,0,,
9390000,1730-1800,Mo-Fr,G,BBC,K,Korean,FE,FE,/TJK,0,,
9395000,0000-0100,Su,USA,America250 DueDiligence,E,English,ENA,ENA,o,6,0806,3112
9395000,0000-2400,,USA,WRMI Radio Miami Int.,E,English,ENA,ENA,o,1,,
9395000,0400-0500,,USA,America250 DueDiligence,E,English,ENA,ENA,o,6,0706,0706
9395000,1100-1130,,USA,WRMI Radio Miami Int.,M,Mandarin (Standard Chinese / Beijing dialect),ENA,ENA,o,1,,
9395000,1130-1200,,SVK,Radio Slovakia Int.,E,English,ENA,ENA,/USA-o,1,,
9395000,2300-2400,,USA,America250 DueDiligence,E,English,ENA,ENA,o,6,0706,0706
9399000,1205-1215,"Tu,We",POL,E11 Polish Spy Numbers,E,English,,,p,1,0103,3004
9399000,1205-1215,"Tu,We",POL,E11 Polish Spy Numbers,E,English,,,p,1,0109,3110[0924]
9400000,0900-1000,,TWN,Radio Taiwan Int.,AM,Amoy,FE,FE,p,1,,[0326]
9400000,1000-1030,,HKG,FEBC Radio Liangyou,HUI,Hui / Huizhou,FE,FE,/PHL-i,1,,
9400000,1030-1100,,HKG,FEBC Radio Liangyou,CA,Cantonese / Yue,FE,FE,/PHL-i,1,,[0226]
9400000,1100-1400,,HKG,FEBC Radio Liangyou 1,M,Mandarin (Standard Chinese / Beijing dialect),FE,FE,/PHL-i,1,,[0426]
9400000,1600-1900,,USA,Brother Stair,E,English,ME,ME,/BUL-s,1,,[0726]
9400000,1800-1830,Th-Fr,CAN,Bible Voice,FS,Farsi / Iranian Persian,ME,ME,/BUL-s,0,,
9400000,1945-2000,,CAN,Bible Voice Dardasha-7,A,Arabic (300m),NAf,NAf,/BUL-s,1,,[0725]
9405000,1400-1415,,USA,Radio Free Asia,K,Korean,FE,FE,/PHL-t,6,2706,2510
9405000,1600-1700,,TWN,Radio Taiwan Int.,E,English,SAs,SAs,s,1,,[0526]
9405000,2230-0030,,HKG,FEBC Radio Liangyou 3,M,Mandarin (Standard Chinese / Beijing dialect),FE,FE,/PHL-b,1,,[0826]
9410000,0000-0200,,G,BBC,E,English,SAs,SAs,/UZB,6,2903,0604
9410000,0200-0230,,G,BBC,PS,Pashto / Pushtu,AFG,AFG,/OMA-a,0,,
9410000,0230-0300,,G,BBC,DR,Dari / Eastern Farsi,AFG,AFG,/OMA-a,0,,
9410000,0500-0600,,G,BBC,E,English,WAf,WAf,/ASC,6,0204,0106
9410000,0500-0600,,G,BBC,E,English,WAf,WAf,w,6,0206,0806
9410000,0500-0600,,G,BBC,E,English,WAf,WAf,/ASC,6,0906,2510
9410000,0500-0700,,G,BBC,E,English,WAf,WAf,/ASC,6,2903,0104
9410000,0600-0700,,G,BBC,E,English,WAf,WAf,w,6,0204,2510
9410000,0600-1100,Mo-Fr,TWN,Fu Hsing Bc.Sta.,M,Mandarin (Standard Chinese / Beijing dialect),FE,FE,y,1,,[0125]
9410000,1000-1705,,CHN,CNR5 Cross-Strait Radio,M,Mandarin (Standard Chinese / Beijing dialect),TWN,TWN,B,4,,[0326]
9410000,1100-1500,,USA,Radio Marti,S,Spanish/Castellano,CUB,CUB,g,0,,
9410000,1400-1600,,USA,Radio Farda,FS,Farsi / Iranian Persian,IRN,IRN,/KWT,6,2808,2510
9410000,1700-1800,,CHN,China Radio Int.,HR,Croatian/Hrvatski,SEu,SEu,ka,0,,
9410000,1900-2000,,EGY,Radio Cairo,D,German,WEu,WEu,a,0,,
9410000,2000-2030,Su,USA,Follow the Bible Min.,A,Arabic (300m),ME,ME,/ASC,5,,[0526]
9410000,2200-2300,,CHN,China Radio Int.,P,Portuguese,SAm,SAm,ka,0,,
9412000,1330-1340,Sa,RUS,E06 Russian Spy Numbers,E,English,RUS,RUS,or,1,0104,3004
9420000,0000-0100,,CHN,China National Radio 6,AM,Amoy,TWN,TWN,B,5,,
9420000,0900-1100,,CHN,China National Radio 6,HK,Hakka,TWN,TWN,B,5,,
9420000,1100-1200,,CHN,China National Radio 6,M,Mandarin (Standard Chinese / Beijing dialect),TWN,TWN,B,5,,[0625]
9420000,1100-1400,,CHN,China National Radio 13,UI,Uighur,CHN,CHN,L,1,,[0125]
9420000,1200-1605,,CHN,China National Radio 6,M,Mandarin (Standard Chinese / Beijing dialect),TWN,TWN,B,5,,[0526]
9420000,1400-1500,,CHN,China National Radio 13,UI,Uighur,CHN,CHN,L,1,,
9420000,1500-1600,,CHN,China National Radio 13,M,Mandarin (Standard Chinese / Beijing dialect),CHN,CHN,L,1,,
9420000,1600-1805,,CHN,China National Radio 13,UI,Uighur,CHN,CHN,L,1,,[0825]
9420000,2155-2400,,CHN,China National Radio 6,AM,Amoy,TWN,TWN,B,5,,
9425000,0000-0400,,USA,Brother Stair,E,English,IRN,IRN,/BUL-s,6,2905,2905
9425000,1400-1600,,KRE,Voice of Korea,R,Russian,Eu,Eu,u,1,,[0326]
9425000,1600-1700,,KRE,Voice of Korea,D,German,Eu,Eu,u,1,,[0125]
9425000,1700-1800,,KRE,Voice of Korea,R,Russian,Eu,Eu,u,1,,[0426]
9425000,1800-1900,,KRE,Voice of Korea,D,German,Eu,Eu,u,1,,[0726]
9425000,1900-2000,,KRE,Voice of Korea,D,German,Eu,Eu,u,1,,[0626]
9425000,2000-0400,,CLA,Iran International TV,FS,Farsi / Iranian Persian,IRN,IRN,/BUL-s,1,2705,[0526]
9425000,2000-2050,,KRE,Voice of Korea KCBS,K,Korean,Eu,Eu,u,1,,[0826]
9425000,2200-2400,,USA,Brother Stair,E,English,IRN,IRN,/BUL-s,6,2805,2805
9435000,1000-1100,,KRE,Voice of Korea,E,English,LAm,LAm,u,4,,
9435000,1100-1200,,KRE,Voice of Korea,F,French,LAm,LAm,u,4,,
9435000,1200-1250,,KRE,Voice of Korea KCBS,K,Korean,LAm,LAm,u,4,,[0225]
9435000,1300-1400,,KRE,Voice of Korea,E,English,NAm,NAm,u,1,,[0626]
9435000,1400-1500,,KRE,Voice of Korea,F,French,NAm,NAm,u,1,,[0125]
9435000,1500-1600,,KRE,Voice of Korea,E,English,NAm,NAm,u,1,,[0726]
9435000,1600-1700,,KRE,Voice of Korea,F,French,NAm,NAm,u,1,,[0326]
9435000,1700-1750,,KRE,Voice of Korea KCBS,K,Korean,NAm,NAm,u,1,,[0426]
9440000,0100-0300,,J,NHK Radio Japan,J,Japanese,ME,ME,/D-n,0,,
9440000,0600-0630,,G,BBC,F,French,CAf,CAf,/ASC,0,,
9440000,0630-0700,,G,BBC,HA,Haussa,WAf,WAf,/ASC,0,,
9440000,1100-1200,,CHN,China Radio Int.,AM,Amoy,SEA,SEA,k,0,,
9440000,1200-1300,,CHN,China Radio Int.,KH,Khmer,SEA,SEA,k,0,,
9440000,1300-1400,,CHN,China Radio Int.,EO,Esperanto,SEA,SEA,n,0,,
9440000,1600-1620,,J,NHK Radio Japan,UR,Urdu,PAK,PAK,y,0,,
9440000,1900-2000,,CHN,China Radio Int.,E,English,ME,ME,k,0,,
9440000,2000-2100,,CHN,China Radio Int.,E,English,ME,ME,k,0,,
9445000,0000-0100,,CHN,China Radio Int.,R,Russian,Sib,Sib,h,0,,
9445000,0400-0500,,KRE,Voice of Korea,E,English,FE,FE,u,1,,
9445000,0500-0600,,KRE,Voice of Korea,M,Mandarin (Standard Chinese / Beijing dialect),FE,FE,u,1,,
9445000,0600-0700,,KRE,Voice of Korea,E,English,FE,FE,u,1,,
9445000,0700-0800,,KRE,Voice of Korea,K,Korean,FE,FE,u,1,,[0226]
9445000,0800-0900,,KRE,Voice of Korea,M,Mandarin (Standard Chinese / Beijing dialect),FE,FE,u,1,,[0626]
9445000,0900-0950,,KRE,Voice of Korea KCBS,K,Korean,FE,FE,u,1,,[1223]
9445000,1100-1200,,KRE,Voice of Korea,M,Mandarin (Standard Chinese / Beijing dialect),FE,FE,u,1,,[0822]
9445000,2100-2200,,KRE,Voice of Korea,M,Mandarin (Standard Chinese / Beijing dialect),FE,FE,u,1,,
9445000,2200-2300,,KRE,Voice of Korea,M,Mandarin (Standard Chinese / Beijing dialect),FE,FE,u,1,,
9445000,2300-2350,,KRE,Voice of Korea KCBS,K,Korean,FE,FE,u,1,,[0323]
9445000,2300-2400,,CHN,China Radio Int.,R,Russian,Sib,Sib,h,0,,
9448000,1400-1410,"Tu,Fr",POL,S11a Polish Spy Numbers,R,Russian,,,p,1,0105,3108
9450000,0200-0300,,CHN,China Radio Int.,UR,Urdu,SAs,SAs,ka,0,,
9450000,0300-0400,,CHN,China Radio Int.,M,Mandarin (Standard Chinese / Beijing dialect),SAs,SAs,ka,0,,
9450000,1300-1400,,CHN,China Radio Int.,HI,Hindi,SAs,SAs,ka,0,,
9455000,1300-1330,,CLA,Nippon no Kaze,K,Korean,KRE,KRE,/TWN-p,5,,[0426]
9455000,1330-1400,,CLA,Furusato no Kaze,J,Japanese,KRE,KRE,/TWN-p,5,,[0726]
9455000,1500-1600,,CHN,China Radio Int.,M,Mandarin (Standard Chinese / Beijing dialect),SEA,SEA,k,0,,
9455000,2300-0400,,USA,WRMI Radio Miami Int.,E,English,CAm,CAm,o,1,,
9455000,2300-2400,irr,ARG,R.Argentina al Exterior,P,Portuguese,CAm,CAm,/USA-o,1,,[0726]
9460000,0000-0100,,CHN,China Radio Int.,HK,Hakka,INS,INS,k,0,,
9460000,0100-0200,,CHN,China Radio Int.,AM,Amoy,INS,INS,k,0,,
9460000,0900-1100,,CHN,China Radio Int.,M,Mandarin (Standard Chinese / Beijing dialect),SEA,SEA,n,0,,
9460000,1100-1200,,CHN,CNR1 Jammer/Firedrake,M,Mandarin (Standard Chinese / Beijing dialect),FE,FE,,0,,
9460000,1100-1200,,USA,Voice of America,M,Mandarin (Standard Chinese / Beijing dialect),FE,FE,/PHL-t,0,,
9460000,1200-1300,,CHN,China Radio Int.,E,English,SAs,SAs,ka,0,,
9460000,1600-2100,,TUR,Voice of Turkey,TU,Turkish,Eu,Eu,e,0,,
9460000,2130-2145,14Jun,G,BBC,E,English,ATA,ATA,w,6,1406,1406
9460000,2130-2200,21Jun,G,BBC,E,English,ATA,ATA,w,6,1406,2106
9460000,2300-2400,,CHN,China Radio Int.,CA,Cantonese / Yue,SEA,SEA,k,0,,
9463000,0930-0940,We,RUS,E06 Russian Spy Numbers,E,English,RUS,RUS,or,1,0112,3101
9463000,0930-0940,Su,RUS,E06 Russian Spy Numbers,E,English,RUS,RUS,or,1,0112,3112
9465000,0200-0300,,TUR,Voice of Turkey,UI,Uighur,FE,FE,e,0,,
9465000,1300-1400,,ALS,KNLS New Life Station,K,Korean,FE,FE,ap,0,,
9465000,1400-1500,,ALS,KNLS New Life Station,M,Mandarin (Standard Chinese / Beijing dialect),FE,FE,ap,6,2903,2104
9470000,0000-0100,,CHN,China Radio Int.,MO,Mongolian,MNG,MNG,x,0,,
9470000,0330-0350,,CHN,PBS Xinjiang,KZ,Kazakh,CHN,CHN,uc,4,,
9470000,0350-0800,,CHN,PBS Xinjiang,KZ,Kazakh,CHN,CHN,uc,1,,[0226]
9470000,0800-1100,We-Mo,CHN,PBS Xinjiang,KZ,Kazakh,CHN,CHN,uc,1,,[0822]
9470000,1100-1155,,CHN,PBS Xinjiang,KZ,Kazakh,CHN,CHN,uc,1,,[0221]
9470000,1400-1428,246,KOR,New Korea Hope Bcing,K,Korean,KRE,KRE,/TWN,1,0404,[0826]
9470000,1400-1428,357,USA,RBS V.o.Korean Revival,K,Korean,KRE,KRE,/TWN-s,1,0404,[0826]
9470000,1500-1600,,USA,Voice of America,M,Mandarin (Standard Chinese / Beijing dialect),FE,FE,/PHL-t,6,0407,0407
9470000,1700-1800,,CHN,China Radio Int.,R,Russian,CAs,CAs,x,0,,
9470000,1800-1900,,EGY,Radio Cairo,I,Italian,Eu,Eu,a,0,,
9470000,2025-2400,,CHN,China National Radio 1,M,Mandarin (Standard Chinese / Beijing dialect),CHN,CHN,b,4,,
9470000,2300-2400,,CHN,China Radio Int.,MO,Mongolian,MNG,MNG,x,0,,
9475000,2000-2400,,USA,"WTWW Lebanon, TN",E,English,NAm,NAm,L,1,,[0525]
9480000,0000-0100,,CHN,China National Radio 11,TB,Tibetan / Lhasa Tibetan,CHN,CHN,d,4,,
9480000,1100-1300,,CHN,China National Radio 11,TB,Tibetan / Lhasa Tibetan,CHN,CHN,d,1,,[0526]
9480000,1300-1605,,CHN,China National Radio 11,TB,Tibetan / Lhasa Tibetan,CHN,CHN,d,1,,[0426]
9480000,1800-2000,,CHN,China Radio Int.,F,French,Eu,Eu,x,0,,
9480000,2000-2100,,J,NHK Radio Japan,J,Japanese,Oc,Oc,y,0,,
9480000,2155-2300,,CHN,China National Radio 11,M,Mandarin (Standard Chinese / Beijing dialect),CHN,CHN,d,1,,[0826]
9480000,2300-2400,,CHN,China National Radio 11,TB,Tibetan / Lhasa Tibetan,CHN,CHN,d,1,,[0626]
9490000,0000-0100,,CHN,CNR1 Jammer/Firedrake,M,Mandarin (Standard Chinese / Beijing dialect),FE,FE,,1,,
9490000,0000-0100,,TWN,Radio Taiwan Int.,M,Mandarin (Standard Chinese / Beijing dialect),FE,FE,s,1,,
9490000,0100-0300,,CLA,Radio Republica,S,Spanish/Castellano,CUB,CUB,/F-i,1,,[0726]
9490000,0200-0700,,CHN,Xizang RTV,TB,Tibetan / Lhasa Tibetan,CHN,CHN,t,1,,[0521]
9490000,0300-0400,Mo,CLA,Radio Republica,S,Spanish/Castellano,CUB,CUB,/F-i,1,,[0726]
9490000,0700-0800,We-Mo,CHN,Xizang RTV,E,English,CHN,CHN,t,1,,[0123]
9490000,0800-1000,We-Mo,CHN,Xizang RTV,TB,Tibetan / Lhasa Tibetan,CHN,CHN,t,1,,[0820]
9490000,1030-1130,,CHN,China Radio Int.,KH,Khmer,SEA,SEA,k,0,,
9490000,1100-1200,,TWN,Radio Taiwan Int.,R,Russian,Sib,Sib,s,1,,[0426]
9490000,1200-1300,,ROU,Radio Romania Int.,RO,Romanian,CEu,CEu,s,0,,
9490000,1300-1400,,CHN,China Radio Int.,BE,Bengali/Bangla,SAs,SAs,k,0,,
9490000,1400-1500,,CHN,China Radio Int.,BE,Bengali/Bangla,SAs,SAs,k,0,,
9490000,1500-1600,,CHN,China Radio Int.,BE,Bengali/Bangla,SAs,SAs,k,0,,
9490000,1730-1745,,CAN,Bible Voice,A,Arabic (300m),ME,ME,/BUL-s,0,,
9490000,1745-1750,"Mo,We",CAN,Bible Voice,A,Arabic (300m),ME,ME,/BUL-s,0,,
9490000,1830-2130,Th,G,BBC,HA,Haussa,NIG,NIG,/ASC,6,1106,1606
9490000,2200-2300,,CHN,China Radio Int.,M,Mandarin (Standard Chinese / Beijing dialect),SAf,SAf,b,0,,
9490000,2330-0030,,CHN,China Radio Int.,SI,Sinhalese/Sinhala,CLN,CLN,k,0,,
9500000,0300-0700,,ALG,Ifrikya FM,A,Arabic (300m),CAf,CAf,b,0,,
9500000,0400-0500,,ROU,Radio Romania Int.,RO,Romanian,WEu,WEu,g,0,,
9500000,0600-0900,We-Mo,CHN,China National Radio 1,M,Mandarin (Standard Chinese / Beijing dialect),CHN,CHN,s,1,,[1122]
9500000,0900-1805,,CHN,China National Radio 1,M,Mandarin (Standard Chinese / Beijing dialect),CHN,CHN,s,1,,[0326]
9500000,1100-1300,,CHN,China Radio Int.,E,English,SAs,SAs,ka,0,,
9500000,1300-1400,,CHN,China Radio Int.,E,English,SAs,SAs,ka,0,,
9500000,1530-1600,Sa,EQA,HCJB Voice of Andes,R,Russian,Cau,Cau,/D-n,4,,[0225]
9500000,1600-1630,Sa,EQA,HCJB Voice of Andes,CHE,Chechen,Cau,Cau,/D-n,4,,[0125]
9500000,1630-1645,SaSu,SWZ,Trans World Radio,KAM,Kambaata,ETH,ETH,,5,,
9500000,1630-1715,Mo-Fr,SWZ,Trans World Radio,AH,Amharic,ETH,ETH,,5,,[0726]
9500000,1645-1730,Su,SWZ,Trans World Radio,OO,Oromo,ETH,ETH,,5,,
9500000,1715-1800,Mo-Fr,SWZ,Trans World Radio,OO,Oromo,ETH,ETH,,5,,
9500000,1800-1900,,ROU,Radio Romania Int.,RO,Romanian,WEu,WEu,g,0,,
9500000,1802-1832,Su,SWZ,Trans World Radio,E,English,EAf,EAf,,1,,[1025]
9500000,1900-2000,,ROU,Radio Romania Int.,RO,Romanian,WEu,WEu,g,0,,
9500000,2023-0600,,CHN,China National Radio 1,M,Mandarin (Standard Chinese / Beijing dialect),CHN,CHN,s,1,,[0324]
9510000,0100-0130,,CHN,CRI DIGITAL,M,Mandarin (Standard Chinese / Beijing dialect),Oc,Oc,k,0,,
9510000,0230-0300,,CHN,CRI DIGITAL,M,Mandarin (Standard Chinese / Beijing dialect),Oc,Oc,k,0,,
9510000,0430-0500,,ROU,Radio Romania Int.,R,Russian,EEu,EEu,t,0,,
9510000,0500-1030,,CHN,PBS Xinjiang,MO,Mongolian,CHN,CHN,uc,1,,[0423]
9510000,0800-0900,Sa,I,IRRS Milano,E,English,Eu,Eu,/ROU-s,2,,[1125]
9510000,0930-1200,Su,I,IRRS Milano,E,English,Eu,Eu,/ROU-s,2,,[0626]
9510000,2130-2145,14Jun,G,BBC,E,English,ATA,ATA,/ASC,6,1406,1406
9510000,2130-2200,21Jun,G,BBC,E,English,ATA,ATA,/ASC,6,1406,2106
9515000,0900-1605,,CHN,CNR 2 China Business R.,M,Mandarin (Standard Chinese / Beijing dialect),CHN,CHN,B,1,,[0423]
9515000,1500-1700,,KOR,KBS World Radio,E,English,Eu,Eu,k,1,,[0226]
9515000,1700-1800,,KOR,KBS World Radio,K,Korean,Eu,Eu,k,1,,[0626]
9515000,1900-1930,,CHN,China Radio Int.,CZ,Czech,WEu,WEu,s,0,,
9515000,2055-2400,,CHN,CNR 2 China Business R.,M,Mandarin (Standard Chinese / Beijing dialect),CHN,CHN,B,1,,[0324]
9520000,0600-0950,We-Mo,CHN,PBS Nei Menggu,M,Mandarin (Standard Chinese / Beijing dialect),CHN,CHN,hh,1,,[1222]
9520000,0950-1605,,CHN,PBS Nei Menggu,M,Mandarin (Standard Chinese / Beijing dialect),CHN,CHN,hh,1,,[0325]
9520000,1400-1430,,ROU,Radio Romania Int.,I,Italian,I,I,s,0,,
9520000,1500-1530,,ROU,Radio Romania Int.,UK,Ukrainian,UKR,UKR,,6,0408,0408
9520000,1600-1630,,ROU,Radio Romania Int.,I,Italian,I,I,,6,0408,0408
9520000,1730-1800,,ROU,Radio Romania Int.,SR,Serbian,UKR,UKR,,6,0408,0408
9520000,2150-0600,,CHN,PBS Nei Menggu,M,Mandarin (Standard Chinese / Beijing dialect),CHN,CHN,hh,1,,[0626]
9525000,1300-1400,,TWN,Radio Taiwan Int.,T,Thai,SEA,SEA,p,1,,[0526]
9525000,1600-1630,,G,BBC,DR,Dari / Eastern Farsi,AFG,AFG,/OMA-a,0,,
9525000,1630-1700,Mo-Fr,G,BBC,PS,Pashto / Pushtu,AFG,AFG,/OMA-a,0,,
9525000,1630-1700,SaSu,G,BBC,DR,Dari / Eastern Farsi,AFG,AFG,/OMA-a,0,,
9525000,1700-1800,,G,BBC,DR,Dari / Eastern Farsi,AFG,AFG,/OMA-a,0,,
9525000,1800-1900,,G,BBC,PS,Pashto / Pushtu,AFG,AFG,/OMA-a,0,,
9525000,1900-2000,,CHN,China Radio Int.,R,Russian,EEu,EEu,b,0,,
9525000,2000-0400,,CLA,Iran International TV,FS,Farsi / Iranian Persian,IRN,IRN,/BUL-s,6,2903,2605[0426]
9525000,2000-2100,,CHN,China Radio Int.,R,Russian,EEu,EEu,b,0,,
9530000,0000-0100,,TWN,Sound of Hope,M,Mandarin (Standard Chinese / Beijing dialect),FE,FE,,1,,
9530000,0000-0600,,CHN,China National Radio 11,TB,Tibetan / Lhasa Tibetan,CHN,CHN,as,1,,[0423]
9530000,0100-0200,,TWN,Sound of Hope,M,Mandarin (Standard Chinese / Beijing dialect),FE,FE,,1,,
9530000,0200-1200,,TWN,Sound of Hope,M,Mandarin (Standard Chinese / Beijing dialect),FE,FE,,1,,[0822]
9530000,0600-0700,Th-Tu,CHN,China National Radio 11,TB,Tibetan / Lhasa Tibetan,CHN,CHN,as,1,,
9530000,0700-0800,Th-Tu,CHN,China National Radio 11,M,Mandarin (Standard Chinese / Beijing dialect),CHN,CHN,as,1,,
9530000,0800-0900,Th-Tu,CHN,China National Radio 11,TB,Tibetan / Lhasa Tibetan,CHN,CHN,as,1,,
9530000,0900-1030,,CHN,China National Radio 11,TB,Tibetan / Lhasa Tibetan,CHN,CHN,as,4,,[1121]
9530000,0900-1100,,CHN,China National Radio 11,TB,Tibetan / Lhasa Tibetan,CHN,CHN,as,5,,
9530000,1000-1600,Su,G,"Radio Nova Int,",E,English,WEu,WEu,/LUX-j,1,0504,[0426]
9530000,1100-1300,,CHN,China National Radio 11,TB,Tibetan / Lhasa Tibetan,CHN,CHN,as,5,,
9530000,1200-1300,,TWN,Sound of Hope,M,Mandarin (Standard Chinese / Beijing dialect),FE,FE,,1,,
9530000,1300-1400,,TWN,Sound of Hope,M,Mandarin (Standard Chinese / Beijing dialect),FE,FE,,1,,
9530000,1400-1500,,TWN,Sound of Hope,M,Mandarin (Standard Chinese / Beijing dialect),FE,FE,,1,,
9530000,2200-2300,,TWN,Sound of Hope,M,Mandarin (Standard Chinese / Beijing dialect),FE,FE,,1,,
9530000,2300-2400,,TWN,Sound of Hope,M,Mandarin (Standard Chinese / Beijing dialect),FE,FE,,1,,
9535000,0100-0200,,CHN,China Radio Int.,E,English,SAs,SAs,ka,0,,
9535000,1330-1430,,CHN,China Radio Int.,IN,Indonesian / Bahasa Indonesia,INS,INS,k,0,,
9535000,1500-1600,,CHN,China Radio Int.,UR,Urdu,SAs,SAs,ka,0,,
9535000,1600-1800,,CHN,China Radio Int.,D,German,Eu,Eu,a,0,,
9535000,1900-2000,,CHN,China Radio Int.,P,Portuguese,SAf,SAf,a,0,,
9535000,2100-2400,,CHN,CNR1 Jammer/Firedrake,M,Mandarin (Standard Chinese / Beijing dialect),FE,FE,,6,0405,2510
9535000,2100-2400,,USA,Voice of America,M,Mandarin (Standard Chinese / Beijing dialect),FE,FE,/PHL-t,6,0405,2510
9540000,0000-0100,,TWN,Sound of Hope,M,Mandarin (Standard Chinese / Beijing dialect),FE,FE,,1,,
9540000,0100-0200,,TWN,Sound of Hope,M,Mandarin (Standard Chinese / Beijing dialect),FE,FE,,1,,
9540000,0200-0230,,PHL,FEBC Manila,UR,Urdu,SAs,SAs,/UAE,0,,[0726]
9540000,0200-1200,,TWN,Sound of Hope,M,Mandarin (Standard Chinese / Beijing dialect),FE,FE,,1,,[1023]
9540000,0230-0300,Fr,PHL,FEBC Manila,UR,Urdu,SAs,SAs,/UAE,0,,
9540000,0500-0600,,TCD,Radio Ndarason Int.,KNU,Kanuri,WAf,WAf,/G-w,0,,
9540000,1100-1200,,CHN,China Radio Int.,CA,Cantonese / Yue,Oc,Oc,b,0,,
9540000,1200-1300,,TWN,Sound of Hope,M,Mandarin (Standard Chinese / Beijing dialect),FE,FE,,1,,
9540000,1200-1400,,CHN,China Radio Int.,M,Mandarin (Standard Chinese / Beijing dialect),SAs,SAs,k,0,,
9540000,1300-1400,,TWN,Sound of Hope,M,Mandarin (Standard Chinese / Beijing dialect),FE,FE,,1,,
9540000,1400-1500,,TWN,Sound of Hope,M,Mandarin (Standard Chinese / Beijing dialect),FE,FE,,1,,
9540000,1400-1500,,TUR,Voice of Turkey,A,Arabic (300m),ME,ME,e,0,,
9540000,1430-1500,We-Fr,PHL,FEBC Manila,HI,Hindi,SAs,SAs,/UZB,1,,
9540000,1500-1530,,CHN,CNR1 Jammer/Firedrake,M,Mandarin (Standard Chinese / Beijing dialect),FE,FE,j,1,,
9540000,1500-1530,,TWN,Radio Taiwan Int.,CA,Cantonese / Yue,CHN,CHN,p,1,,[1023]
9540000,1500-1600,,TWN,Sound of Hope,M,Mandarin (Standard Chinese / Beijing dialect),FE,FE,,1,,
9540000,1530-1600,,TWN,Radio Taiwan Int.,HK,Hakka,CHN,CHN,p,1,,
9540000,1600-1700,,TWN,Sound of Hope,M,Mandarin (Standard Chinese / Beijing dialect),FE,FE,,1,,
9540000,1700-2000,,TWN,Sound of Hope,M,Mandarin (Standard Chinese / Beijing dialect),FE,FE,,1,,[0623]
9540000,2000-2100,,TWN,Sound of Hope,M,Mandarin (Standard Chinese / Beijing dialect),FE,FE,,1,,
9540000,2100-2130,,TWN,Sound of Hope,M,Mandarin (Standard Chinese / Beijing dialect),FE,FE,,1,,
9540000,2300-2400,,TWN,Sound of Hope,M,Mandarin (Standard Chinese / Beijing dialect),FE,FE,,1,,
9540100,1600-1615,,S,IBRA Radio,AH,Amharic,EAf,EAf,/UAE,1,,
9540100,1615-1630,Th-Su,S,IBRA Radio Ibrahim,AH,Amharic,EAf,EAf,/UAE,1,,[1124]
9540100,1615-1630,Mo-We,S,IBRA Radio Ibrahim,GUR,Gurage/Guragena,EAf,EAf,/UAE,1,,
9540100,1630-1700,,S,IBRA Radio Ibrahim,AH,Amharic,EAf,EAf,/UAE,1,,[0724]
9540100,1700-1730,,S,IBRA Radio,OO,Oromo,EAf,EAf,/UAE,1,,
9540100,1730-1800,,S,IBRA Radio,TIG,Tigrinya/Tigray,EAf,EAf,/UAE,1,,[1123]
9540100,1800-1830,,S,IBRA Radio,TIG,Tigrinya/Tigray,EAf,EAf,/UAE,1,,
9545000,0900-1000,,ALS,KNLS New Life Station,R,Russian,FE,FE,ap,0,,
9545000,1745-1755,20Jun,TWN,Radio Taiwan Int.,D,German,Eu,Eu,s,6,1406,2106
9545000,1745-1755,21Jun,TWN,Radio Taiwan Int.,F,French,Eu,Eu,s,6,1406,2106
9550000,0000-0100,,CHN,China Radio Int.,HK,Hakka,INS,INS,k,0,,
9550000,0100-0200,,CHN,China Radio Int.,AM,Amoy,SEA,SEA,k,0,,
9550000,0100-0200,,ROU,Radio Romania Int.,F,French,ENA,ENA,t,0,,
9550000,0330-0430,,G,BBC,FS,Farsi / Iranian Persian,IRN,IRN,/OMA-a,6,2903,0608
9550000,1100-1200,,CHN,China Radio Int.,VN,Vietnamese,SEA,SEA,b,0,,
9550000,1200-1300,,CHN,China Radio Int.,VN,Vietnamese,SEA,SEA,b,0,,
9550000,1300-1400,,CHN,China Radio Int.,VN,Vietnamese,SEA,SEA,b,0,,
9550000,1400-1500,,CHN,China Radio Int.,VN,Vietnamese,SEA,SEA,b,0,,
9550000,1500-1600,,CHN,China Radio Int.,VN,Vietnamese,SEA,SEA,b,0,,
9550000,1600-1700,,CHN,China Radio Int.,VN,Vietnamese,SEA,SEA,b,0,,
9550000,1800-1900,,USA,Adventist World Radio,K,Korean,FE,FE,/GUM-a,0,,
9555000,1000-1100,,TWN,Radio Taiwan Int.,M,Mandarin (Standard Chinese / Beijing dialect),FE,FE,s,1,,
9555000,1000-1300,,CHN,CNR1 Jammer/Firedrake,M,Mandarin (Standard Chinese / Beijing dialect),FE,FE,qq,1,,[0426]
9555000,1100-1200,,TWN,Radio Taiwan Int.,M,Mandarin (Standard Chinese / Beijing dialect),FE,FE,s,1,,[0426]
9555000,1200-1300,,TWN,Radio Taiwan Int.,M,Mandarin (Standard Chinese / Beijing dialect),FE,FE,s,1,,[0125]
9560000,0100-0200,,CHN,China Radio Int.,M,Mandarin (Standard Chinese / Beijing dialect),SAs,SAs,ka,0,,
9560000,0300-0800,,CHN,PBS Xinjiang,UI,Uighur,CHN,CHN,uc,1,,[0925]
9560000,0800-1100,We-Mo,CHN,PBS Xinjiang,UI,Uighur,CHN,CHN,uc,1,,[1122]
9560000,1100-1200,,CHN,PBS Xinjiang,UI,Uighur,CHN,CHN,uc,1,,[0221]
9560000,1400-1420,,J,NHK Radio Japan,M,Mandarin (Standard Chinese / Beijing dialect),FE,FE,y,0,,
9560000,1430-1500,,CLA,Furusato no Kaze,J,Japanese,KRE,KRE,/TWN-p,4,,[0326]
9560000,1500-1600,,CHN,China Radio Int.,M,Mandarin (Standard Chinese / Beijing dialect),SAs,SAs,ka,0,,
9560000,1800-1900,,CHN,China Radio Int.,R,Russian,CAs,CAs,b,0,,
9560000,1900-1930,,CHN,China Radio Int.,HU,Hungarian,Eu,Eu,u,0,,
9570000,0100-0600,,CHN,CNR 2 China Business R.,M,Mandarin (Standard Chinese / Beijing dialect),CHN,CHN,q,5,,[0621]
9570000,0300-0600,,CHN,CNR 2 China Business R.,M,Mandarin (Standard Chinese / Beijing dialect),CHN,CHN,q,4,,
9570000,0600-0900,Th-Tu,CHN,CNR 2 China Business R.,M,Mandarin (Standard Chinese / Beijing dialect),CHN,CHN,q,1,,
9570000,0800-0900,,KOR,KBS World Radio,K,Korean,SEA,SEA,k,1,,
9570000,0900-1000,,CHN,CNR 2 China Business R.,M,Mandarin (Standard Chinese / Beijing dialect),CHN,CHN,q,1,,[0820]
9570000,0900-1000,,KOR,KBS World Radio,K,Korean,SEA,SEA,k,1,,
9570000,1000-1100,,CHN,CNR 2 China Business R.,M,Mandarin (Standard Chinese / Beijing dialect),CHN,CHN,q,5,,[0925]
9570000,1000-1100,,KOR,KBS World Radio,E,English,SAm,SAm,k,4,,[0925]
9570000,1100-1200,,CHN,China Radio Int.,CA,Cantonese / Yue,Oc,Oc,k,0,,
9570000,1200-1250,,CHN,China Radio Int.,CA,Cantonese / Yue,ENA,ENA,/CUB,0,,
9570000,1200-1300,,KOR,KBS World Radio,IN,Indonesian / Bahasa Indonesia,SEA,SEA,k,1,,
9570000,1300-1400,,KOR,KBS World Radio,E,English,SEA,SEA,k,1,,[0626]
9570000,1400-1500,,KOR,KBS World Radio,IN,Indonesian / Bahasa Indonesia,SEA,SEA,k,1,,
9570000,1500-1530,,CHN,China Radio Int.,FS,Farsi / Iranian Persian,IRN,IRN,u,0,,
9570000,1530-1600,,CHN,China Radio Int.,PS,Pashto / Pushtu,AFG,AFG,u,0,,
9570000,1600-1700,,CHN,China Radio Int.,E,English,SAf,SAf,b,0,,
9570000,1700-1800,,CHN,China Radio Int.,E,English,SAf,SAf,b,0,,
9570000,1800-1900,,ROU,Radio Romania DIGITAL,D,German,CEu,CEu,t,0,,
9570000,2055-0030,,CHN,China National Radio 1,M,Mandarin (Standard Chinese / Beijing dialect),CHN,CHN,n,1,,[0324]
9575000,1900-2000,,CHN,China Radio Int.,CA,Cantonese / Yue,Eu,Eu,b,0,,
9575000,2000-2030,,ROU,Radio Romania Int.,F,French,WEu,WEu,g,0,,
9580000,0100-0200,,CHN,China Radio Int.,E,English,ENA,ENA,/CUB,0,,
9580000,0200-0300,,CHN,China Radio Int.,M,Mandarin (Standard Chinese / Beijing dialect),ENA,ENA,/CUB,0,,
9580000,0200-0700,,CHN,Xizang RTV,TB,Tibetan / Lhasa Tibetan,CHN,CHN,t,1,,[1225]
9580000,0700-0800,We-Mo,CHN,Xizang RTV,E,English,CHN,CHN,t,1,,[0123]
9580000,0800-0930,We-Mo,CHN,Xizang RTV,TB,Tibetan / Lhasa Tibetan,CHN,CHN,t,1,,[0820]
9580000,1000-1100,,ALS,KNLS New Life Station,E,English,FE,FE,ap,0,,
9580000,1100-1200,,ALS,KNLS New Life Station,R,Russian,FE,FE,ap,0,,
9580000,1400-1500,,ALS,KNLS New Life Station,E,English,FE,FE,ap,0,,
9580000,1600-1700,,ALS,KNLS New Life Station,R,Russian,FE,FE,ap,0,,
9580000,1700-1800,,ALS,KNLS New Life Station,R,Russian,FE,FE,ap,0,,
9580000,2200-2230,,CVA,Radio Vaticana,M,Mandarin (Standard Chinese / Beijing dialect),FE,FE,,0,,
9580000,2315-2350,,CVA,Radio Vaticana,VN,Vietnamese,SEA,SEA,,0,,
9585000,1420-1435,Sa,SWZ,Trans World Radio,MKU,Makua / Makhuwa,MOZ,MOZ,,1,,[1024]
9585000,1428-1443,Mo-Fr,SWZ,Trans World Radio,LO,Lomwe / Ngulu,MOZ,MOZ,,1,,[0623]
9585000,1455-1525,Mo-Fr,SWZ,Trans World Radio,MSY,Malagasy,MDG,MDG,,1,,[0626]
9585000,1500-1600,,CHN,China Radio Int.,J,Japanese,FE,FE,x,0,,
9585000,1645-1715,Fr,CAN,Bible Voice,E,English,ME,ME,/BUL-s,0,,
9585000,1645-1800,Sa,CAN,Bible Voice,E,English,ME,ME,/BUL-s,0,,
9585000,1700-1730,Mo,CAN,Bible Voice,E,English,ME,ME,/BUL-s,0,,
9585000,1700-1815,Su,CAN,Bible Voice,E,English,ME,ME,/BUL-s,0,,
9585000,1830-1900,Su,USA,Follow the Bible Min.,A,Arabic (300m),ME,ME,/CVA,5,,[0824]
9585000,1830-1900,Su,USA,Follow the Bible Min.,A,Arabic (300m),ME,ME,/G-w,4,,[0126]
9585000,1900-1930,Su,USA,Follow the Bible Min.,E,English,SAf,SAf,/ASC,5,,[0724]
9585000,2000-2030,,CHN,China Radio Int.,SR,Serbian,SEE,SEE,ka,0,,
9585000,2030-2100,,CHN,China Radio Int.,HU,Hungarian,Eu,Eu,ka,0,,
9590000,0000-0200,Su-We,G,BBC,E,English,SAs,SAs,/UZB,6,0904,1504
9590000,0000-0200,,G,BBC,E,English,SAs,SAs,/UZB,6,1604,2510
9590000,0530-0630,,MYA,Thazin Radio,POR,Po,SEA,SEA,p,1,,[1124]
9590000,0630-0730,,MYA,Thazin Radio,KYH,Kayah,SEA,SEA,p,1,,[0418]
9590000,0730-0830,,MYA,Thazin Radio,SHA,Shan,SEA,SEA,p,1,,[0221]
9590000,0830-0930,,MYA,Thazin Radio,,,SEA,SEA,p,1,,[0924]
9590000,1100-1200,,CHN,China Radio Int.,CA,Cantonese / Yue,SEA,SEA,k,0,,
9590000,2200-2300,,CHN,China Radio Int.,E,English,FE,FE,b,0,,
9595000,0900-1000,,TWN,Radio Taiwan Int.,M,Mandarin (Standard Chinese / Beijing dialect),FE,FE,p,1,,[0424]
9595000,0900-1100,,CHN,CNR1 Jammer/Firedrake,M,Mandarin (Standard Chinese / Beijing dialect),CHN,CHN,k,1,,
9595000,1000-1100,,TWN,Radio Taiwan Int.,M,Mandarin (Standard Chinese / Beijing dialect),FE,FE,p,1,,
9600000,0000-0030,SaSu,CHN,CNR1 Jammer/Firedrake,M,Mandarin (Standard Chinese / Beijing dialect),FE,FE,,0,,
9600000,0000-0030,SaSu,USA,Voice of America,TB,Tibetan / Lhasa Tibetan,FE,FE,/KWT,0,,
9600000,0100-0130,Mo-Fr,CHN,CNR1 Jammer/Firedrake,M,Mandarin (Standard Chinese / Beijing dialect),FE,FE,,0,,
9600000,0100-0130,Mo-Fr,USA,Radio Free Asia,TB,Tibetan / Lhasa Tibetan,FE,FE,/KWT,0,,
9600000,0300-0800,,CHN,PBS Xinjiang,M,Mandarin (Standard Chinese / Beijing dialect),CHN,CHN,uc,1,,[0925]
9600000,0800-1100,We-Mo,CHN,PBS Xinjiang,M,Mandarin (Standard Chinese / Beijing dialect),CHN,CHN,uc,1,,[1224]
9600000,1100-1200,,CHN,PBS Xinjiang,M,Mandarin (Standard Chinese / Beijing dialect),CHN,CHN,uc,1,,[1025]
9600000,1200-1300,,CHN,China Radio Int.,E,English,SEA,SEA,k,0,,
9600000,1200-1400,,CHN,PBS Xinjiang,M,Mandarin (Standard Chinese / Beijing dialect),CHN,CHN,uc,5,,
9600000,1300-1400,,CHN,China Radio Int.,BE,Bengali/Bangla,SAs,SAs,a,0,,
9600000,1500-1530,,CHN,China Radio Int.,FS,Farsi / Iranian Persian,IRN,IRN,ka,0,,
9600000,1800-1900,,CHN,China Radio Int.,E,English,Eu,Eu,b,0,,
9600000,2000-2100,,CHN,China Radio Int.,E,English,Eu,Eu,ka,0,,
9600000,2100-2200,,CHN,China Radio Int.,E,English,Eu,Eu,ka,0,,
9605000,1600-1700,,CHN,China Radio Int.,R,Russian,EEu,EEu,b,0,,
9605000,1700-1800,,CHN,China Radio Int.,R,Russian,EEu,EEu,s,0,,
9610000,0000-0100,,CHN,China Radio Int.,HK,Hakka,SEA,SEA,k,0,,
9610000,0100-0200,,CHN,China National Radio 8,M,Mandarin (Standard Chinese / Beijing dialect),CHN,CHN,B,1,,[1125]
9610000,0100-0200,,CHN,China Radio Int.,AM,Amoy,SEA,SEA,k,0,,
9610000,0200-0500,,CHN,China National Radio 8,MO,Mongolian,CHN,CHN,B,1,,[1225]
9610000,0500-0600,,CHN,China National Radio 8,M,Mandarin (Standard Chinese / Beijing dialect),CHN,CHN,B,1,,
9610000,0745-0755,Mo,POL,E11 Polish Spy Numbers,E,English,,,p,1,0105,3108[0822]
9610000,1000-1100,,CHN,CNR1 Jammer/Firedrake,M,Mandarin (Standard Chinese / Beijing dialect),FE,FE,f,1,,
9610000,1000-1100,,TWN,Radio Taiwan Int.,M,Mandarin (Standard Chinese / Beijing dialect),FE,FE,s,1,,
9610000,1100-1200,,CHN,China Radio Int.,M,Mandarin (Standard Chinese / Beijing dialect),Oc,Oc,k,0,,
9610000,1200-1230,Su-Th,USA,Adventist World Radio,AM,Amoy,FE,FE,/GUM-a,0,,
9610000,1200-1230,Fr-Sa,USA,Adventist World Radio,M,Mandarin (Standard Chinese / Beijing dialect),FE,FE,/GUM-a,0,,
9610000,1230-1300,Sa-Th,USA,Adventist World Radio,CA,Cantonese / Yue,FE,FE,/GUM-a,0,,
9610000,1230-1300,Fr,USA,Adventist World Radio,M,Mandarin (Standard Chinese / Beijing dialect),FE,FE,/GUM-a,0,,
9610000,1500-1600,,CHN,China Radio Int.,BE,Bengali/Bangla,SAs,SAs,k,0,,
9610000,1700-1730,135,ETH,Noise Jammer,,,EAf,EAf,,4,,[0122]
9610000,1700-1730,135,CLA,V.o.Oromo Liberation,OO,Oromo,EAf,EAf,/D-n,4,,[0224]
9610000,1910-1920,"Fr,Su",POL,E11 Polish Spy Numbers,E,English,,,p,1,0105,3108[0525]
9610000,2055-0100,,CHN,China National Radio 8,MO,Mongolian,CHN,CHN,B,1,,[0426]
9615000,1400-1500,,ALS,KNLS New Life Station,M,Mandarin (Standard Chinese / Beijing dialect),FE,FE,ap,6,2204,2510
9620000,0000-0600,,CHN,CNR 2 China Business R.,M,Mandarin (Standard Chinese / Beijing dialect),CHN,CHN,B,5,,[0621]
9620000,0100-0600,,CHN,CNR 2 China Business R.,M,Mandarin (Standard Chinese / Beijing dialect),CHN,CHN,B,4,,
9620000,0600-0900,Th-Tu,CHN,CNR 2 China Business R.,M,Mandarin (Standard Chinese / Beijing dialect),CHN,CHN,B,1,,[0222]
9620000,0900-1300,,CHN,CNR 2 China Business R.,M,Mandarin (Standard Chinese / Beijing dialect),CHN,CHN,B,1,,[0423]
9620000,1300-1605,,CHN,CNR 2 China Business R.,M,Mandarin (Standard Chinese / Beijing dialect),CHN,CHN,B,4,,
9620000,1600-1730,,IND,AIR Akashvani Ext.Sce,FS,Farsi / Iranian Persian,IRN,IRN,b,1,,
9620000,1635-1650,irr,IND,AIR Akashvani Ext.Sce,E,English,IRN,IRN,b,1,,
9620000,1730-1930,,IND,AIR Akashvani Ext.Sce,A,Arabic (300m),ME,ME,b,1,,[0726]
9620000,1820-1835,irr,IND,AIR Akashvani Ext.Sce,E,English,ME,ME,b,1,,
9620000,1930-2030,,IND,AIR Akashvani Ext.Sce,F,French,Eu,Eu,b,1,,
9620000,2000-2015,irr,IND,AIR Akashvani Ext.Sce,E,English,Eu,Eu,b,1,,
9620000,2300-2400,,CHN,CNR 2 China Business R.,M,Mandarin (Standard Chinese / Beijing dialect),CHN,CHN,B,5,,
9625000,2200-2300,,CHN,CNR1 Jammer/Firedrake,M,Mandarin (Standard Chinese / Beijing dialect),FE,FE,,6,2903,2604
9625000,2200-2300,,USA,Voice of America,M,Mandarin (Standard Chinese / Beijing dialect),FE,FE,/PHL-t,6,2903,2604
9630000,0000-0600,,CHN,China National Radio 1,M,Mandarin (Standard Chinese / Beijing dialect),CHN,CHN,q,5,,[0725]
9630000,0100-0600,,CHN,China National Radio 1,M,Mandarin (Standard Chinese / Beijing dialect),CHN,CHN,q,4,,[1125]
9630000,0600-0900,We-Mo,CHN,China National Radio 1,M,Mandarin (Standard Chinese / Beijing dialect),CHN,CHN,q,1,,
9630000,0900-1100,,CHN,China National Radio 1,M,Mandarin (Standard Chinese / Beijing dialect),CHN,CHN,q,5,,[0820]
9630000,0900-1200,,CHN,China National Radio 1,M,Mandarin (Standard Chinese / Beijing dialect),CHN,CHN,q,4,,
9630000,1200-1500,,CHN,China National Radio 17,KZ,Kazakh,CHN,CHN,L,1,,[0126]
9630000,1400-1600,,KOR,KBS World Radio,E,English,SAs,SAs,k,4,,[0326]
9630000,1500-1600,,CHN,China National Radio 17,M,Mandarin (Standard Chinese / Beijing dialect),CHN,CHN,L,1,,
9630000,1600-1805,,CHN,China National Radio 17,KZ,Kazakh,CHN,CHN,L,1,,[0825]
9635000,0000-0100,,TWN,Sound of Hope,M,Mandarin (Standard Chinese / Beijing dialect),FE,FE,,1,,
9635000,0100-0200,,TWN,Sound of Hope,M,Mandarin (Standard Chinese / Beijing dialect),FE,FE,,1,,
9635000,0200-1200,,TWN,Sound of Hope,M,Mandarin (Standard Chinese / Beijing dialect),FE,FE,,1,,
9635000,0800-1800,,MLI,Radio Mali,BM,Bambara/Bamanankan/Mandenkan,WAf,WAf,k,1,,[0826]
9635000,1030-1530,,VTN,Voice of Vietnam 1,VN,Vietnamese,Oc,Oc,s,1,,[0726]
9635000,1200-1300,,TWN,Sound of Hope,M,Mandarin (Standard Chinese / Beijing dialect),FE,FE,,1,,[0222]
9635000,1300-1400,,TWN,Sound of Hope,M,Mandarin (Standard Chinese / Beijing dialect),FE,FE,,1,,
9635000,1400-1500,,TWN,Sound of Hope,M,Mandarin (Standard Chinese / Beijing dialect),FE,FE,,1,,
9635000,1500-1600,,TWN,Sound of Hope,M,Mandarin (Standard Chinese / Beijing dialect),FE,FE,,1,,
9635000,1815-1830,Su,CAN,Bible Voice,E,English,ME,ME,/D-n,0,,
9635000,2130-1600,,CHN,CNR1 Jammer/Firedrake,M,Mandarin (Standard Chinese / Beijing dialect),FE,FE,,1,,[0222]
9635000,2130-2200,,TWN,Sound of Hope,M,Mandarin (Standard Chinese / Beijing dialect),FE,FE,,1,,[0521]
9635000,2200-1030,,VTN,Voice of Vietnam 1,VN,Vietnamese,Oc,Oc,s,1,,[1125]
9635000,2200-2300,,TWN,Sound of Hope,M,Mandarin (Standard Chinese / Beijing dialect),FE,FE,,1,,
9635000,2300-2400,,TWN,Sound of Hope,M,Mandarin (Standard Chinese / Beijing dialect),FE,FE,,1,,
9640000,1530-1600,,KOR,KBS World Radio,VN,Vietnamese,SEA,SEA,k,1,,[0525]
9640000,1600-1700,,KOR,KBS World Radio,E,English,SEA,SEA,k,1,,[0126]
9640000,2100-2300,,CHN,China Radio Int.,S,Spanish/Castellano,SEu,SEu,ka,0,,
9645000,0100-0600,,CHN,China National Radio 1,M,Mandarin (Standard Chinese / Beijing dialect),CHN,CHN,b,4,,
9645000,0600-0800,We-Mo,CHN,China National Radio 1,M,Mandarin (Standard Chinese / Beijing dialect),CHN,CHN,b,4,,[0222]
9645000,0600-0900,We-Mo,CHN,China National Radio 1,M,Mandarin (Standard Chinese / Beijing dialect),CHN,CHN,b,5,,
9645000,0900-1100,,CHN,China National Radio 1,M,Mandarin (Standard Chinese / Beijing dialect),CHN,CHN,b,5,,
9645000,1100-1200,,CHN,China Radio Int.,CA,Cantonese / Yue,SEA,SEA,b,0,,
9645000,1200-1300,,CHN,China Radio Int.,E,English,SEA,SEA,b,0,,
9645000,1300-1400,,KOR,KBS World Radio,R,Russian,Sib,Sib,k,1,,
9645000,1830-2030,,CHN,China Radio Int.,F,French,WAf,WAf,k,0,,
9645000,2330-0600,,CHN,China National Radio 1,M,Mandarin (Standard Chinese / Beijing dialect),CHN,CHN,b,5,,
9650000,0600-0630,,ROU,Radio Romania Int.,D,German,CEu,CEu,t,0,,
9650000,0700-0900,,KRE,Voice of Korea,J,Japanese,J,J,u,1,,[0226]
9650000,0900-1300,,KRE,Voice of Korea,J,Japanese,J,J,u,1,,[0726]
9650000,1300-1400,Su,F,Radio France Int.,VN,Vietnamese,SEA,SEA,/TWN-p,1,,[0226]
9650000,2100-2400,,KRE,Voice of Korea,J,Japanese,J,J,u,1,,[0724]
9650000,2300-2400,,CUB,Radio Habana Cuba,S,Spanish/Castellano,Car,Car,b,5,,[0725]
9655000,0100-0200,,CHN,China Radio Int.,M,Mandarin (Standard Chinese / Beijing dialect),SEA,SEA,n,0,,
9655000,0200-0300,,CHN,China Radio Int.,BE,Bengali/Bangla,SAs,SAs,k,0,,
9655000,0800-0830,,TUR,Voice of Turkey,GE,Georgian,Cau,Cau,e,0,,
9655000,0800-1200,,CHN,CNR1 DIGITAL,M,Mandarin (Standard Chinese / Beijing dialect),CHN,CHN,u,0,,
9655000,1400-1500,,CHN,China Radio Int.,AM,Amoy,SEA,SEA,k,0,,
9655000,1900-2000,,CHN,China Radio Int.,TU,Turkish,ME,ME,k,0,,
9655000,2000-2100,,KOR,KBS World Radio,F,French,WAf,WAf,/ASC,0,,
9655000,2200-0100,,CHN,CNR1 DIGITAL,M,Mandarin (Standard Chinese / Beijing dialect),CHN,CHN,u,0,,[0626]
9655100,0330-0345,Su-Mo,SWZ,Trans World Radio,AH,Amharic,ETH,ETH,/UAE,1,,[0726]
9655100,0330-0345,Tu,SWZ,Trans World Radio,OO,Oromo,ETH,ETH,/UAE,1,,
9655100,0330-0345,Th,SWZ,Trans World Radio,SID,Sidamo/Sidama,ETH,ETH,/UAE,1,,
9660000,1000-1100,,TWN,Radio Taiwan Int.,M,Mandarin (Standard Chinese / Beijing dialect),FE,FE,k,1,,
9660000,1000-1600,,CHN,CNR1 Jammer/Firedrake,M,Mandarin (Standard Chinese / Beijing dialect),FE,FE,k,1,,[0626]
9660000,1100-1200,,TWN,Radio Taiwan Int.,M,Mandarin (Standard Chinese / Beijing dialect),FE,FE,k,1,,[0426]
9660000,1200-1300,,TWN,Radio Taiwan Int.,M,Mandarin (Standard Chinese / Beijing dialect),FE,FE,k,1,,[0125]
9660000,1300-1400,,TWN,Radio Taiwan Int.,M,Mandarin (Standard Chinese / Beijing dialect),FE,FE,k,1,,
9660000,1400-1500,,TWN,Radio Taiwan Int.,M,Mandarin (Standard Chinese / Beijing dialect),FE,FE,k,1,,
9660000,1500-1600,,TWN,Radio Taiwan Int.,M,Mandarin (Standard Chinese / Beijing dialect),FE,FE,k,1,,
9665000,1000-1705,,CHN,CNR5 Cross-Strait Radio,M,Mandarin (Standard Chinese / Beijing dialect),TWN,TWN,B,5,,
9665000,1500-1530,,CHN,China Radio Int.,PS,Pashto / Pushtu,AFG,AFG,ka,0,,
9665000,1530-1600,,CHN,China Radio Int.,PS,Pashto / Pushtu,AFG,AFG,ka,0,,
9665000,2055-2300,,CHN,CNR5 Cross-Strait Radio,M,Mandarin (Standard Chinese / Beijing dialect),TWN,TWN,B,1,,
9665000,2300-2400,,CHN,CNR5 Cross-Strait Radio,M,Mandarin (Standard Chinese / Beijing dialect),TWN,TWN,B,1,,
9670000,0000-2400,,D,Channel 292,"D,E","German, English",Eu,Eu,r,1,,[0526]
9670000,0800-0900,,D,SM Radio Dessau,D,German,Eu,Eu,/G-w,6,0105,0105
9670000,0900-1000,Su,D,Radio DARC,D,German,Eu,Eu,r,2,2704,[0626]
9670000,1230-1300,,CLA,Radio Dáp Lòi Sông Núi,VN,Vietnamese,SEA,SEA,/TWN-p,1,,[0526]
9670000,1800-1830,,CHN,China Radio Int.,FS,Farsi / Iranian Persian,IRN,IRN,b,0,,
9670000,1830-1900,,CHN,China Radio Int.,FS,Farsi / Iranian Persian,IRN,IRN,b,0,,
9675000,0600-0900,We-Mo,CHN,China National Radio 1,M,Mandarin (Standard Chinese / Beijing dialect),CHN,CHN,b,1,,[1225]
9675000,0900-1000,,CHN,China National Radio 1,M,Mandarin (Standard Chinese / Beijing dialect),CHN,CHN,b,1,,
9675000,1300-1400,,CHN,China Radio Int.,R,Russian,FE,FE,s,0,,
9675000,1400-1500,,CHN,China Radio Int.,R,Russian,FE,FE,s,0,,
9675000,1500-1600,,CHN,China Radio Int.,E,English,SAs,SAs,j,0,,
9675000,2200-2300,,CHN,China Radio Int.,M,Mandarin (Standard Chinese / Beijing dialect),FE,FE,b,0,,
9675000,2300-0600,,CHN,China National Radio 1,M,Mandarin (Standard Chinese / Beijing dialect),CHN,CHN,b,1,,[0126]
9680000,1100-1200,,TWN,Radio Taiwan Int.,M,Mandarin (Standard Chinese / Beijing dialect),FE,FE,s,1,,[0822]
9680000,1100-1400,,CHN,CNR1 Jammer/Firedrake,M,Mandarin (Standard Chinese / Beijing dialect),FE,FE,a,1,,[0626]
9680000,1200-1300,,TWN,Radio Taiwan Int.,M,Mandarin (Standard Chinese / Beijing dialect),FE,FE,s,1,,
9680000,1300-1400,,TWN,Radio Taiwan Int.,M,Mandarin (Standard Chinese / Beijing dialect),FE,FE,s,1,,
9680000,1630-1730,,USA,Adventist World Radio,K,Korean,FE,FE,/GUM-a,0,,
9680000,1830-1930,,USA,Adventist World Radio,K,Korean,FE,FE,/GUM-a,0,,
9680000,1900-2000,Su,TWN,Radio Taiwan Int.,F,French,WAf,WAf,/F-i,4,,
9685000,0000-0600,,CHN,CNR5 Cross-Strait Radio,M,Mandarin (Standard Chinese / Beijing dialect),TWN,TWN,B,1,,
9685000,0600-0900,Th-Tu,CHN,CNR5 Cross-Strait Radio,M,Mandarin (Standard Chinese / Beijing dialect),TWN,TWN,B,1,,
9685000,0900-1000,,CHN,CNR5 Cross-Strait Radio,M,Mandarin (Standard Chinese / Beijing dialect),TWN,TWN,B,1,,[1025]
9685000,1000-1100,,ALS,KNLS New Life Station,M,Mandarin (Standard Chinese / Beijing dialect),FE,FE,ap,0,,
9685000,1300-1400,,CHN,China Radio Int.,VN,Vietnamese,SEA,SEA,x,0,,
9685000,1430-1500,,CLA,Furusato no Kaze,J,Japanese,KRE,KRE,/TWN-p,5,,[0826]
9685000,1500-1530,,CLA,Nippon no Kaze,K,Korean,KRE,KRE,/TWN-p,1,,[0826]
9685000,1730-1830,,CHN,China Radio Int.,M,Mandarin (Standard Chinese / Beijing dialect),Eu,Eu,u,0,,
9685000,2200-2300,,CHN,China Radio Int.,P,Portuguese,SAm,SAm,ka,0,,
9690000,0000-0300,Tu-Sa,E,Radio Exterior España,S,Spanish/Castellano,NAm,NAm,n,4,,
9690000,0100-0400,,INS,Voice of Indonesia,E,English,INS,INS,j,1,2007,[0925]
9690000,0500-0700,,INS,Voice of Indonesia,E,English,INS,INS,j,1,2007,[0925]
9690000,0900-1000,,INS,Voice of Indonesia,E,English,INS,INS,j,1,2007,[1025]
9690000,1000-1100,,INS,Voice of Indonesia,E,English,INS,INS,j,1,2007,[0726]
9690000,1100-1200,,INS,Voice of Indonesia,M,Mandarin (Standard Chinese / Beijing dialect),INS,INS,j,1,2007,[1025]
9690000,1200-1300,,INS,Voice of Indonesia,J,Japanese,INS,INS,j,1,2007,[0726]
9690000,1300-1400,,INS,Voice of Indonesia,E,English,INS,INS,j,1,2007,
9690000,1400-1500,,INS,Voice of Indonesia,IN,Indonesian / Bahasa Indonesia,INS,INS,j,1,2007,[0726]
9690000,1500-1600,,CHN,China Radio Int.,TAM,Tamil,SAs,SAs,ka,0,,
9690000,1500-1600,,INS,Voice of Indonesia,M,Mandarin (Standard Chinese / Beijing dialect),INS,INS,j,1,2007,[0726]
9690000,1500-2300,SaSu,E,Radio Exterior España,S,Spanish/Castellano,NAm,NAm,n,4,,
9690000,1600-1700,,INS,Voice of Indonesia,A,Arabic (300m),INS,INS,j,1,2007,[0925]
9690000,1700-1800,,INS,Voice of Indonesia,S,Spanish/Castellano,INS,INS,j,1,2007,
9690000,1800-1900,,INS,Voice of Indonesia,D,German,INS,INS,j,1,2007,
9690000,1900-2000,,INS,Voice of Indonesia,NL,Dutch,INS,INS,j,1,2007,[0925]
9690000,1900-2100,Mo-Fr,E,Radio Exterior España,S,Spanish/Castellano,NAm,NAm,n,4,,
9690000,2000-2100,,USA,PanAmerican Broadc.,E,English,Oc,Oc,/F-i,1,,[0726]
9690000,2100-2130,Tu-Th,E,Radio Exterior España,S,Spanish/Castellano,NAm,NAm,n,4,,
9690000,2100-2130,Mo,E,Radio Exterior España,SEF,Sefardi/Judeo Spanish/Ladino,NAm,NAm,n,4,,
9690000,2100-2200,Fr,E,Radio Exterior España,A,Arabic (300m),NAm,NAm,n,4,,
9690000,2130-2200,Mo,E,Radio Exterior España,M,Mandarin (Standard Chinese / Beijing dialect),NAm,NAm,n,4,,
9690000,2130-2200,Tu-Th,E,Radio Exterior España,S,Spanish/Castellano,NAm,NAm,n,4,,
9690000,2200-2300,Mo-Fr,E,Radio Exterior España,S,Spanish/Castellano,NAm,NAm,n,4,,
9690000,2300-2330,Sa,E,Radio Exterior España,R,Russian,NAm,NAm,n,4,,
9690000,2300-2330,157,E,Radio Exterior España,S,Spanish/Castellano,NAm,NAm,n,4,,
9690000,2300-2400,We,E,Radio Exterior España,E,English,NAm,NAm,n,4,,
9690000,2300-2400,Tu,E,Radio Exterior España,F,French,NAm,NAm,n,4,,
9690000,2300-2400,Th,E,Radio Exterior España,P,Portuguese,NAm,NAm,n,4,,
9690000,2330-2400,Fr-Mo,E,Radio Exterior España,S,Spanish/Castellano,NAm,NAm,n,4,,
9695000,0100-0200,,CHN,China Radio Int.,UR,Urdu,SAs,SAs,ka,0,,
9695000,0800-0900,,ALS,KNLS New Life Station,E,English,FE,FE,ap,0,,
9695000,1100-1200,,TWN,Radio Taiwan Int.,VN,Vietnamese,SEA,SEA,p,1,,[0223]
9695000,1730-1830,,CHN,China Radio Int.,M,Mandarin (Standard Chinese / Beijing dialect),ME,ME,k,0,,
9700000,0000-0100,,CHN,China Radio Int.,E,English,SAs,SAs,ka,0,,
9700000,0600-0630,,ROU,Radio Romania Int.,D,German,CEu,CEu,t,0,,
9700000,0659-1058,,NZL,RNZ Pacific,E,English,Oc,Oc,r,6,0806,2510
9700000,0725-0735,Mo-Fr,NZL,RNZ Pacific,SLM,Pijin/Solomon Islands Pidgin,Oc,Oc,r,6,0806,2510
9700000,0800-0830,Mo-Fr,AUS,ABC Wantok,TP,Tok Pisin,Oc,Oc,/NZL-r,6,0806,2510
9700000,0830-0840,Th,NZL,RNZ Pacific,F,French,Oc,Oc,r,6,0806,2510
9700000,1059-1258,Mo-Fr,NZL,RNZ Pacific,E,English,WOc,WOc,r,6,2903,0706
9700000,1059-1258,SaSu,NZL,RNZ Pacific,E,English,Oc,Oc,r,6,2903,0706
9700000,1128-1135,Mo-Fr,NZL,RNZ Pacific,SLM,Pijin/Solomon Islands Pidgin,WOc,WOc,r,6,2903,0706
9700000,1228-1258,Mo-Fr,AUS,ABC Wantok,TP,Tok Pisin,WOc,WOc,/NZL-r,6,2903,0706
9700000,1500-1600,,ALS,KNLS New Life Station,M,Mandarin (Standard Chinese / Beijing dialect),FE,FE,ap,0,,
9700000,1651-1858,,NZL,RNZ Pacific,E,English,Oc,Oc,r,6,2903,0405
9700000,1710-1720,Mo-Fr,NZL,RNZ Pacific,COK,Cook Islands Maori / Rarotongan,Oc,Oc,r,6,2903,0405
9700000,1759-1858,,NZL,RNZ Pacific,E,English,Oc,Oc,r,6,0505,2510
9700000,1840-1850,Su-Th,NZL,RNZ Pacific,SM,Samoan,Oc,Oc,r,0,,
9700000,1852-1858,Mo-Fr,NZL,RNZ Pacific,NIU,Niuean,Oc,Oc,r,0,,
9700000,2200-0700,,ALG,Ifrikya FM,A,Arabic (300m),WAf,WAf,o,0,,
9705000,0305-0530,,CHN,PBS Xinjiang,KG,Kyrgyz /Kirghiz,CHN,CHN,uc,1,,[0925]
9705000,0900-1000,Th,USA,VoRW,E,English,As,As,/TWN-p,6,2903,1406[0626]
9705000,1005-1230,,CHN,PBS Xinjiang,KG,Kyrgyz /Kirghiz,CHN,CHN,uc,1,,[0221]
9705000,1300-1330,,CLA,Nippon no Kaze,K,Korean,KRE,KRE,/TWN-p,4,,[0226]
9705000,1330-1357,,CLA,Furusato no Kaze,J,Japanese,KRE,KRE,/TWN-p,1,,[0726]
9705000,1430-1500,,CLA,Furusato no Kaze,J,Japanese,KRE,KRE,/TWN-p,5,,[0826]
9705000,1800-1900,Fr,CLA,Radio Mellat Iran,FS,Farsi / Iranian Persian,ME,ME,/F-i,4,,[0126]
9705000,1830-1930,Th,CLA,Radio Zaman-e Bidari,FS,Farsi / Iranian Persian,IRN,IRN,/F-i,1,,
9705000,1850-2145,4Apr,CVA,Radio Vaticana,F,French,WAf,WAf,,6,0104,0404
9705000,1905-2045,3Apr,CVA,Radio Vaticana,F,French,WAf,WAf,,6,0104,0304
9705000,1940-2000,,CVA,Radio Vaticana,Ros,Rosary session of Vatican Radio,CAf,CAf,,4,,
9705000,2000-2030,,CVA,Radio Vaticana,E,English,CAf,CAf,,1,,
9705000,2030-2100,,CVA,Radio Vaticana,F,French,CAf,CAf,,1,,
9710000,0000-0100,,CHN,China Radio Int.,P,Portuguese,SAm,SAm,ka,0,,
9710000,0000-0100,,CUB,Radio Habana Cuba,E,English,ENA,ENA,,2,,[0526]
9710000,0100-0200,,CUB,Radio Habana Cuba,F,French,ENA,ENA,,2,,[0526]
9710000,0200-0300,,CUB,Radio Habana Cuba,E,English,ENA,ENA,,2,,[0526]
9710000,0200-0300,,CUB,Radio Habana Cuba,P,Portuguese,ENA,ENA,,2,,[0426]
9710000,0300-0400,,CUB,Radio Habana Cuba,E,English,ENA,ENA,,2,,[0626]
9710000,0400-0430,,CUB,Radio Habana Cuba,CR,Creole / Haitian,ENA,ENA,,2,,[0626]
9710000,0430-0500,,CUB,Radio Habana Cuba,P,Portuguese,ENA,ENA,,2,,[0526]
9710000,0440-0500,,CVA,Radio Vaticana,UK,Ukrainian,EEu,EEu,,5,,
9710000,0500-0520,,CVA,Radio Vaticana,R,Russian,EEu,EEu,,1,,
9710000,0500-0700,,CUB,Radio Habana Cuba,S,Spanish/Castellano,ENA,ENA,,2,,[0326]
9710000,0500-0700,,CUB,Radio Habana Cuba,E,English,ENA,ENA,,2,,[0426]
9710000,0520-0540,,CVA,Radio Vaticana,UK,Ukrainian,EEu,EEu,,4,,
9710000,0600-0630,Su,CUB,Radio Habana Cuba,EO,Esperanto,ENA,ENA,,2,,[0426]
9710000,0605-0700,Su,CVA,Radio Vaticana,UK,Ukrainian,EEu,EEu,,2,,
9710000,0710-0820,Su,CVA,Radio Vaticana,RO,Romanian,EEu,EEu,,2,,
9710000,1100-1300,,CUB,Radio Habana Cuba,S,Spanish/Castellano,Car,Car,b,2,,
9710000,1100-1805,,CHN,China National Radio 1,M,Mandarin (Standard Chinese / Beijing dialect),CHN,CHN,s,1,,[0724]
9710000,1300-1400,,CUB,Radio Habana Cuba,S,Spanish/Castellano,Car,Car,b,5,,[0725]
9710000,1400-1500,,CUB,Radio Habana Cuba,S,Spanish/Castellano,Car,Car,b,5,,[0725]
9710000,1600-1620,,CVA,Radio Vaticana,AR,Armenian,Cau,Cau,,1,,
9710000,1620-1640,,CVA,Radio Vaticana,R,Russian,CAs,CAs,,1,,
9710000,1640-1700,,CVA,Radio Vaticana,UK,Ukrainian,EEu,EEu,,5,,
9710000,1700-1720,,CVA,Radio Vaticana,BY,Byelorussian / Belarusian,EEu,EEu,,1,,
9710000,1740-1800,,CVA,Radio Vaticana,UK,Ukrainian,UKR,UKR,,4,,
9710000,2023-2330,,CHN,China National Radio 1,M,Mandarin (Standard Chinese / Beijing dialect),CHN,CHN,s,1,,[1023]
9710000,2300-2400,,CUB,Radio Habana Cuba,S,Spanish/Castellano,Car,Car,b,5,,[1025]
9715000,1030-1100,,TWN,Radio Taiwan Int.,K,Korean,FE,FE,p,1,,[0726]
9715000,1320-1420,,IRN,IRIB Voice of I.R.Iran,KU,Kurdish,ME,ME,s,0,,
9720000,0000-0600,,CHN,CNR 2 China Business R.,M,Mandarin (Standard Chinese / Beijing dialect),CHN,CHN,a,1,,[0822]
9720000,0600-0900,Th-Tu,CHN,CNR 2 China Business R.,M,Mandarin (Standard Chinese / Beijing dialect),CHN,CHN,a,1,,
9720000,0900-1000,,CHN,CNR 2 China Business R.,M,Mandarin (Standard Chinese / Beijing dialect),CHN,CHN,a,1,,[1122]
9720000,1430-1500,We-Fr,PHL,FEBC Manila,HI,Hindi,SAs,SAs,/UZB,6,2903,1605
9720000,1500-1545,,S,IBRA Radio,PS,Pashto / Pushtu,AFG,AFG,/UAE,0,,
9720000,1630-1700,,G,BBC,FS,Farsi / Iranian Persian,IRN,IRN,/OMA-a,0,,
9720000,1730-1800,,CLA,Nippon no Kaze,K,Korean,KRE,KRE,/UZB,5,,
9720000,1800-1830,,CLA,Furusato no Kaze,J,Japanese,KRE,KRE,/UZB,5,,[0825]
9720000,1830-1900,Sa,CAN,Bible Voice,S,Spanish/Castellano,E,E,/D-n,6,1104,1104
9720000,1830-1900,Su,CAN,Bible Voice,S,Spanish/Castellano,E,E,/D-n,0,,
9720000,2030-2100,,CHN,China Radio Int.,BU,Bulgarian,SEE,SEE,u,0,,
9720000,2200-2300,,CHN,China Radio Int.,M,Mandarin (Standard Chinese / Beijing dialect),SEA,SEA,k,0,,
9725000,1000-1100,,CHN,China Radio Int.,R,Russian,Sib,Sib,h,0,,
9725000,1100-1200,,CHN,China Radio Int.,R,Russian,Sib,Sib,h,0,,
9730000,0000-0100,,CHN,China National Radio 6,AM,Amoy,TWN,TWN,B,4,,
9730000,0000-0100,,TWN,Sound of Hope,M,Mandarin (Standard Chinese / Beijing dialect),FE,FE,,1,,
9730000,0100-0200,,ROU,Radio Romania Int.,RO,Romanian,ENA,ENA,g,0,,
9730000,0100-0200,,TWN,Sound of Hope,M,Mandarin (Standard Chinese / Beijing dialect),FE,FE,,1,,
9730000,0130-1145,,MYA,Myanma Radio,BR,Burmese / Barma / Myanmar,SEA,SEA,y,1,,[0626]
9730000,0200-1200,,TWN,Sound of Hope,M,Mandarin (Standard Chinese / Beijing dialect),FE,FE,,1,,
9730000,0330-0700,,CHN,Xizang RTV,TB,Tibetan / Lhasa Tibetan,CHN,CHN,t,1,,
9730000,0400-0500,,KRE,Voice of Korea,E,English,FE,FE,u,1,,[0924]
9730000,0500-0600,,KRE,Voice of Korea,M,Mandarin (Standard Chinese / Beijing dialect),FE,FE,u,1,,
9730000,0600-0700,,KRE,Voice of Korea,E,English,FE,FE,u,1,,[1024]
9730000,0700-0800,We-Mo,CHN,Xizang RTV,E,English,CHN,CHN,t,1,,
9730000,0800-1000,We-Mo,CHN,Xizang RTV,TB,Tibetan / Lhasa Tibetan,CHN,CHN,t,1,,[0325]
9730000,1000-1100,,CHN,Xizang RTV,TB,Tibetan / Lhasa Tibetan,CHN,CHN,t,1,,
9730000,1200-1300,,CHN,China Radio Int.,E,English,SEA,SEA,k,0,,
9730000,1200-1300,,TWN,Sound of Hope,M,Mandarin (Standard Chinese / Beijing dialect),FE,FE,,1,,
9730000,1300-1400,,CHN,China Radio Int.,E,English,PHL,PHL,n,0,,
9730000,1300-1400,,TWN,Sound of Hope,M,Mandarin (Standard Chinese / Beijing dialect),FE,FE,,1,,
9730000,1400-1500,,CHN,China Radio Int.,M,Mandarin (Standard Chinese / Beijing dialect),SAs,SAs,ka,0,,
9730000,1400-1500,,TWN,Sound of Hope,M,Mandarin (Standard Chinese / Beijing dialect),FE,FE,,1,,
9730000,1500-1600,,TWN,Sound of Hope,M,Mandarin (Standard Chinese / Beijing dialect),FE,FE,,1,,
9730000,1600-1630,,VTN,Voice of Vietnam,E,English,Eu,Eu,s,6,2903,3105[0425]
9730000,1600-1700,,CHN,China Radio Int.,R,Russian,EEu,EEu,s,0,,
9730000,1600-1700,,TWN,Sound of Hope,M,Mandarin (Standard Chinese / Beijing dialect),FE,FE,,1,,
9730000,1630-1700,,VTN,Voice of Vietnam,R,Russian,Eu,Eu,s,6,2903,3105
9730000,1700-1800,,VTN,Voice of Vietnam,VN,Vietnamese,Eu,Eu,s,6,2903,3105[0125]
9730000,1800-1830,,VTN,Voice of Vietnam,S,Spanish/Castellano,Eu,Eu,s,6,2903,3105[0426]
9730000,1830-1900,,VTN,Voice of Vietnam,D,German,Eu,Eu,s,6,2903,3105[0825]
9730000,1900-1930,,VTN,Voice of Vietnam,E,English,Eu,Eu,s,6,2903,3105[0326]
9730000,1900-2000,,CHN,China Radio Int.,P,Portuguese,SEu,SEu,ka,0,,
9730000,1930-2000,,VTN,Voice of Vietnam,F,French,Eu,Eu,s,6,2903,3105[0326]
9730000,2000-2030,,VTN,Voice of Vietnam,D,German,Eu,Eu,s,6,2903,3105[0426]
9730000,2030-2100,,VTN,Voice of Vietnam,F,French,Eu,Eu,s,6,2903,3105[0725]
9730000,2100-2130,,TWN,Sound of Hope,M,Mandarin (Standard Chinese / Beijing dialect),FE,FE,,1,,
9730000,2100-2130,,VTN,Voice of Vietnam,S,Spanish/Castellano,Eu,Eu,s,6,2903,3105[0725]
9730000,2130-2200,,TWN,Sound of Hope,M,Mandarin (Standard Chinese / Beijing dialect),FE,FE,,1,,
9730000,2130-2200,,VTN,Voice of Vietnam,E,English,Eu,Eu,s,6,2903,3105[0126]
9730000,2155-2400,,CHN,China National Radio 6,AM,Amoy,TWN,TWN,B,4,,
9730000,2200-2300,,TWN,Sound of Hope,M,Mandarin (Standard Chinese / Beijing dialect),FE,FE,,1,,
9730000,2200-2400,,CHN,CNR1 Jammer/Firedrake,M,Mandarin (Standard Chinese / Beijing dialect),FE,FE,,6,2704,0305
9730000,2200-2400,,USA,Voice of America,M,Mandarin (Standard Chinese / Beijing dialect),FE,FE,/PHL-t,6,2704,0305
9730000,2300-2400,,TWN,Sound of Hope,M,Mandarin (Standard Chinese / Beijing dialect),FE,FE,,1,,
9735000,1200-1230,,CHN,CNR1 Jammer/Firedrake,M,Mandarin (Standard Chinese / Beijing dialect),FE,FE,qq,1,,
9735000,1200-1230,,TWN,Radio Taiwan Int.,CA,Cantonese / Yue,INS,INS,p,1,,
9735000,1230-1300,,TWN,Radio Taiwan Int.,HK,Hakka,INS,INS,p,1,,
9740000,0300-0430,,IND,AIR Akashvani Ext.Sce,BC,Baluchi,PAK,PAK,d,1,,
9740000,0400-0500,,ROU,Radio Romania Int.,RO,Romanian,WEu,WEu,g,0,,
9740000,0430-0600,,IND,AIR Akashvani Ext.Sce,DR,Dari / Eastern Farsi,AFG,AFG,d,1,,
9740000,0900-1000,Th,USA,VoRW,E,English,As,As,/TWN-p,1,,[0826]
9740000,1100-1200,,TWN,Radio Taiwan Int.,J,Japanese,J,J,p,1,,[0426]
9740000,1400-1500,,CHN,China Radio Int.,SI,Sinhalese/Sinhala,CLN,CLN,j,0,,
9740000,1600-1700,,KOR,KBS World Radio,K,Korean,ME,ME,k,1,,
9740000,1700-1800,,KOR,KBS World Radio,S,Spanish/Castellano,Eu,Eu,k,1,,[0825]
9740000,1820-1920,,IRN,IRIB Voice of I.R.Iran,HA,Haussa,WAf,WAf,s,0,,
9740000,2030-2100,,ROU,Radio Romania Int.,E,English,WEu,WEu,g,0,,
9740000,2200-2300,,ROU,Radio Romania Int.,E,English,WEu,WEu,g,0,,
9745000,0000-0100,,CHN,CNR 7 Greater Bay Area,CA,Cantonese / Yue,CHN,CHN,ka,1,,[0126]
9745000,1930-2030,,CHN,China Radio Int.,EO,Esperanto,Eu,Eu,ka,0,,
9745000,2055-2400,,CHN,CNR 7 Greater Bay Area,CA,Cantonese / Yue,CHN,CHN,ka,1,,[0126]
9750000,0000-0100,Th-Sa,G,BBC,E,English,SAs,SAs,/UZB,6,0904,1604
9750000,0000-0200,,G,BBC,E,English,SAs,SAs,/UZB,6,2903,0804
9750000,0100-0200,Fr-Su,G,BBC,E,English,SAs,SAs,/UZB,6,0904,1604
9750000,0600-0950,We-Mo,CHN,PBS Nei Menggu,MO,Mongolian,CHN,CHN,hh,1,,[0822]
9750000,0950-1605,,CHN,PBS Nei Menggu,MO,Mongolian,CHN,CHN,hh,1,,[0326]
9750000,1000-1350,,J,NHK Radio Japan,J,Japanese,FE,FE,y,0,,
9750000,1730-1800,,S,IBRA Radio,SLT,Silte / East Gurage / xst,EAf,EAf,/UAE,1,,
9750000,1830-1930,,TUR,Voice of Turkey,E,English,Eu,Eu,e,0,,
9750000,2150-0600,,CHN,PBS Nei Menggu,MO,Mongolian,CHN,CHN,hh,1,,
9755000,0200-0400,,MDG,MWV La Voz Alegre,S,Spanish/Castellano,SAm,SAm,m,1,,[0526]
9755000,1000-1605,,CHN,CNR 2 China Business R.,M,Mandarin (Standard Chinese / Beijing dialect),CHN,CHN,as,1,,[0423]
9755000,2055-0200,,CHN,CNR 2 China Business R.,M,Mandarin (Standard Chinese / Beijing dialect),CHN,CHN,as,4,,[1220]
9755000,2055-2400,,CHN,CNR 2 China Business R.,M,Mandarin (Standard Chinese / Beijing dialect),CHN,CHN,as,5,,
9760000,1200-1300,,CHN,China Radio Int.,E,English,Oc,Oc,k,0,,
9760000,1630-1700,,G,BBC,FS,Farsi / Iranian Persian,IRN,IRN,/OMA-a,0,,
9765000,0000-0100,,CHN,China Radio Int.,KH,Khmer,SEA,SEA,n,0,,
9765000,0200-0230,,CHN,China Radio Int.,PS,Pashto / Pushtu,AFG,AFG,ka,0,,
9765000,0600-0630,,G,BBC,F,French,NAf,NAf,w,6,0708,2510
9765000,1045-1215,,CHN,CNR1 Jammer/Firedrake,M,Mandarin (Standard Chinese / Beijing dialect),FE,FE,,1,,
9765000,1300-1400,,CHN,China Radio Int.,E,English,CAs,CAs,a,0,,
9765000,1400-1500,,CHN,China Radio Int.,E,English,CAs,CAs,a,0,,
9765000,1500-1600,,TUR,Voice of Turkey,FS,Farsi / Iranian Persian,IRN,IRN,e,0,,
9765000,1800-1900,,CHN,China Radio Int.,R,Russian,EEu,EEu,s,0,,
9765000,2100-2300,,MDG,MWV Palavra Alegre,P,Portuguese,SAm,SAm,m,1,,[0826]
9765000,2300-2400,,CHN,China Radio Int.,KH,Khmer,SEA,SEA,n,0,,
9770000,0400-0600,,TUR,Voice of Turkey,TU,Turkish,Eu,Eu,e,0,,
9770000,0800-1030,,KOR,KBS World Radio,E,English,SEA,SEA,k,1,,[0925]
9770000,0830-0930,,F,Radio for Peace Int.,FS,Farsi / Iranian Persian,IRN,IRN,/UZB,6,2704,0205
9770000,1030-1100,,KOR,KBS World Radio,VN,Vietnamese,SEA,SEA,k,1,,
9770000,1130-1230,,KOR,KBS World Radio,M,Mandarin (Standard Chinese / Beijing dialect),SEA,SEA,k,1,,
9770000,1600-1700,,CHN,China Radio Int.,HK,Hakka,SAf,SAf,u,0,,
9770000,1700-1800,,CHN,China Radio Int.,CA,Cantonese / Yue,SAf,SAf,x,0,,
9770000,1930-2030,,F,Radio for Peace Int.,FS,Farsi / Iranian Persian,IRN,IRN,/UZB,1,2704,[0626]
9774000,0600-1100,Mo-Fr,TWN,Fu Hsing Bc.Sta.,M,Mandarin (Standard Chinese / Beijing dialect),FE,FE,y,1,,
9775000,0900-1605,,CHN,CNR 2 China Business R.,M,Mandarin (Standard Chinese / Beijing dialect),CHN,CHN,B,4,,[1122]
9775000,1100-1605,,CHN,CNR 2 China Business R.,M,Mandarin (Standard Chinese / Beijing dialect),CHN,CHN,B,5,,
9775000,2055-0200,,CHN,CNR 2 China Business R.,M,Mandarin (Standard Chinese / Beijing dialect),CHN,CHN,B,4,,[1023]
9775000,2055-2400,,CHN,CNR 2 China Business R.,M,Mandarin (Standard Chinese / Beijing dialect),CHN,CHN,B,5,,
9780000,0600-0900,We-Mo,CHN,PBS Qinghai,M,Mandarin (Standard Chinese / Beijing dialect),CHN,CHN,xg,1,,[0822]
9780000,0900-1600,,CHN,PBS Qinghai,M,Mandarin (Standard Chinese / Beijing dialect),CHN,CHN,xg,1,,[1024]
9780000,1130-1605,,CHN,China National Radio 1,M,Mandarin (Standard Chinese / Beijing dialect),CHN,CHN,n,1,,
9780000,1651-1858,Su-Fr,NZL,RNZ Pacific DIGITAL,E,English,Oc,Oc,r,6,2903,0405
9780000,1710-1720,Mo-Fr,NZL,RNZ Pacific DIGITAL,COK,Cook Islands Maori / Rarotongan,Oc,Oc,r,6,2903,0405
9780000,1730-1750,Mo-Fr,G,BBC,AH,Amharic,EAf,EAf,/OMA-a,0,,
9780000,1750-1810,Mo-Fr,G,BBC,OO,Oromo,EAf,EAf,/OMA-a,0,,
9780000,1759-1858,Su-Fr,NZL,RNZ Pacific DIGITAL,E,English,Oc,Oc,r,6,0505,0706
9780000,1810-1830,Mo-Fr,G,BBC,TIG,Tigrinya/Tigray,EAf,EAf,/OMA-a,0,,
9780000,1830-1850,Mo-Fr,G,BBC,AH,Amharic,EAf,EAf,/OMA-a,0,,
9780000,1840-1850,Su-Th,NZL,RNZ Pacific DIGITAL,SM,Samoan,Oc,Oc,r,6,2903,0706
9780000,1850-1910,Mo-Fr,G,BBC,OO,Oromo,EAf,EAf,/OMA-a,0,,
9780000,1852-1858,Mo-Fr,NZL,RNZ Pacific DIGITAL,NIU,Niuean,Oc,Oc,r,6,2903,0706
9780000,1859-1958,Su-Fr,NZL,RNZ Pacific DIGITAL,E,English,Oc,Oc,r,6,0806,2510
9780000,1910-1930,Mo-Fr,G,BBC,TIG,Tigrinya/Tigray,EAf,EAf,/OMA-a,0,,
9780000,1940-1950,Su-Th,NZL,RNZ Pacific DIGITAL,TO,Tongan,Oc,Oc,r,6,0806,2510
9780000,2200-0600,,CHN,PBS Qinghai,M,Mandarin (Standard Chinese / Beijing dialect),CHN,CHN,xg,1,,[0826]
9785000,0600-0800,Th-Tu,CHN,China National Radio 8,K,Korean,CHN,CHN,B,1,,
9785000,0800-0900,Th-Tu,CHN,China National Radio 8,M,Mandarin (Standard Chinese / Beijing dialect),CHN,CHN,B,1,,[1124]
9785000,0900-1400,,CHN,China National Radio 8,K,Korean,CHN,CHN,B,5,,[0824]
9785000,1130-1230,,CHN,China Radio Int.,T,Thai,SEA,SEA,k,0,,
9785000,1230-1330,,CHN,China Radio Int.,LAO,Lao,SEA,SEA,k,0,,
9785000,1330-1430,,CHN,China Radio Int.,T,Thai,SEA,SEA,k,0,,
9785000,1400-1505,,CHN,China National Radio 8,M,Mandarin (Standard Chinese / Beijing dialect),CHN,CHN,B,5,,[0725]
9785000,1400-1600,,KOR,KBS World Radio,E,English,SAs,SAs,k,5,,[0326]
9785000,1430-1530,,CHN,China Radio Int.,LAO,Lao,SEA,SEA,k,0,,
9790000,0050-0220,,IRN,IRIB Voice of I.R.Iran,TJ,Tajik,CAs,CAs,s,0,,
9790000,0050-0220,,IRN,IRIB Voice of I.R.Iran,TJ,Tajik,CAs,CAs,s,0,,
9790000,0300-0400,,CHN,China Radio Int.,E,English,WNA,WNA,/CUB,0,,
9790000,0400-0500,,CHN,China Radio Int.,CA,Cantonese / Yue,WNA,WNA,/CUB,0,,
9790000,1220-1320,,IRN,IRIB Voice of I.R.Iran,PS,Pashto / Pushtu,CAs,CAs,s,0,,
9790000,1320-1420,,IRN,IRIB Voice of I.R.Iran,KU,Kurdish,ME,ME,s,0,,
9790000,1700-1730,,TWN,Radio Taiwan Int.,R,Russian,EEu,EEu,/BUL-s,1,,[0226]
9790000,2000-2100,,F,Radio France Int.,F,French,WAf,WAf,i,0,,
9790000,2100-2200,,F,Radio France Int.,F,French,WAf,WAf,i,0,,
9795000,1100-1200,,PHL,FEBC Manila,VN,Vietnamese,SEA,SEA,i,1,,[0626]
9795000,1200-1300,,ALS,KNLS New Life Station,E,English,FE,FE,ap,0,,
9795000,1220-1320,,IRN,IRIB Voice of I.R.Iran,PS,Pashto / Pushtu,CAs,CAs,s,0,,
9795000,2300-2330,,PHL,FEBC Manila,MON,Mon,SEA,SEA,i,1,,[0726]
9795000,2330-2400,,PHL,FEBC Manila,LAO,Lao,SEA,SEA,i,1,,[0726]
9800000,1300-1400,,CHN,China Radio Int.,E,English,Oc,Oc,k,0,,
9800000,1400-1500,,CHN,China Radio Int.,UR,Urdu,SAs,SAs,ka,0,,
9800000,1500-1600,,ALS,KNLS New Life Station,R,Russian,FE,FE,ap,0,,
9800000,1700-1800,,CHN,China Radio Int.,CA,Cantonese / Yue,SAf,SAf,u,0,,
9805000,1000-1300,,USA,Radio Marti,S,Spanish/Castellano,CUB,CUB,g,0,,
9810000,0100-0600,,CHN,CNR 2 China Business R.,M,Mandarin (Standard Chinese / Beijing dialect),CHN,CHN,as,1,,
9810000,0600-0900,Th-Tu,CHN,CNR 2 China Business R.,M,Mandarin (Standard Chinese / Beijing dialect),CHN,CHN,as,1,,
9810000,0900-1230,,CHN,CNR 2 China Business R.,M,Mandarin (Standard Chinese / Beijing dialect),CHN,CHN,as,1,,[1122]
9810000,1300-1805,,CHN,China National Radio 1,M,Mandarin (Standard Chinese / Beijing dialect),CHN,CHN,n,1,,[0824]
9810000,2023-2300,,CHN,China National Radio 1,M,Mandarin (Standard Chinese / Beijing dialect),CHN,CHN,n,1,,[0925]
9820000,0000-0005,We,CHN,Beibu Bay Radio,BR,Burmese / Barma / Myanmar,FE,FE,n,1,,
9820000,0000-0005,"Mo,Sa",CHN,Beibu Bay Radio,KH,Khmer,FE,FE,n,1,,
9820000,0000-0005,Tu,CHN,Beibu Bay Radio,LAO,Lao,FE,FE,n,1,,
9820000,0000-0005,Th,CHN,Beibu Bay Radio,T,Thai,FE,FE,n,1,,
9820000,0000-0005,Fr,CHN,Beibu Bay Radio,VN,Vietnamese,FE,FE,n,1,,
9820000,0000-0100,,CHN,CNR 2 China Business R.,M,Mandarin (Standard Chinese / Beijing dialect),CHN,CHN,x,4,,[1125]
9820000,0005-0100,,CHN,Beibu Bay Radio,T,Thai,FE,FE,n,1,,
9820000,0100-0102,,CHN,Beibu Bay Radio,M,Mandarin (Standard Chinese / Beijing dialect),FE,FE,n,1,,
9820000,0900-1100,,CHN,CNR 2 China Business R.,M,Mandarin (Standard Chinese / Beijing dialect),CHN,CHN,x,4,,[1122]
9820000,0945-1100,,CHN,Beibu Bay Radio,M,Mandarin (Standard Chinese / Beijing dialect),FE,FE,n,1,,
9820000,1000-1100,,CHN,China Radio Int.,M,Mandarin (Standard Chinese / Beijing dialect),Sib,Sib,b,0,,
9820000,1100-1200,,CHN,China Radio Int.,VN,Vietnamese,FE,FE,n,1,,[0126]
9820000,1100-1605,,CHN,CNR 2 China Business R.,M,Mandarin (Standard Chinese / Beijing dialect),CHN,CHN,x,1,,[0126]
9820000,1200-1300,,CHN,Beibu Bay Radio,VN,Vietnamese,FE,FE,n,1,,
9820000,1300-1530,,CHN,Beibu Bay Radio,M,Mandarin (Standard Chinese / Beijing dialect),FE,FE,n,1,,
9820000,1330-1340,We,CHN,Beibu Bay Radio,BR,Burmese / Barma / Myanmar,FE,FE,n,1,,
9820000,1330-1340,Mo,CHN,Beibu Bay Radio,KH,Khmer,FE,FE,n,1,,
9820000,1330-1340,Tu,CHN,Beibu Bay Radio,LAO,Lao,FE,FE,n,1,,
9820000,1330-1340,Th,CHN,Beibu Bay Radio,T,Thai,FE,FE,n,1,,
9820000,1330-1340,Fr,CHN,Beibu Bay Radio,VN,Vietnamese,FE,FE,n,1,,
9820000,1515-1518,,CHN,Beibu Bay Radio,E,English,FE,FE,n,1,,
9820000,1530-1545,,CHN,Beibu Bay Radio,T,Thai,FE,FE,n,1,,
9820000,1545-1603,,CHN,Beibu Bay Radio,M,Mandarin (Standard Chinese / Beijing dialect),FE,FE,n,1,,
9820000,1700-1730,Su,G,BBC,R,Russian,EEu,EEu,/UAE,1,,
9820000,1700-1730,Mo,E,Radio Exterior España,R,Russian,EEu,EEu,/UAE,1,,
9820000,1700-1730,We,CZE,Radio Prague,R,Russian,EEu,EEu,/UAE,1,,
9820000,1700-1800,Sa,G,BBC,R,Russian,EEu,EEu,/UAE,1,,
9820000,1700-2000,,RUS,WRN Vsemirnaya Radioset,R,Russian,EEu,EEu,/UAE,1,,[0626]
9820000,1730-1800,Mo,UN,United Nations Radio,R,Russian,EEu,EEu,/UAE,1,,
9820000,1800-1830,Su,UN,United Nations Radio,R,Russian,EEu,EEu,/UAE,1,,
9820000,1900-1930,Sa,E,Radio Exterior España,R,Russian,EEu,EEu,/UAE,1,,
9820000,1900-1930,Fr,CZE,Radio Prague,R,Russian,EEu,EEu,/UAE,1,,
9820000,1930-2000,,SVK,Radio Slovakia Int.,R,Russian,EEu,EEu,/UAE,1,,
9820000,2055-2400,,CHN,CNR 2 China Business R.,M,Mandarin (Standard Chinese / Beijing dialect),CHN,CHN,x,1,,[1225]
9820000,2243-0005,,CHN,Beibu Bay Radio,M,Mandarin (Standard Chinese / Beijing dialect),FE,FE,n,1,,
9825000,0200-0300,,CHN,China Radio Int.,M,Mandarin (Standard Chinese / Beijing dialect),SAs,SAs,u,0,,
9830000,0000-2400,,USA,NSS US Navy,-TY,Teletype or other digital Station (RTTY/SITOR/..),NAm,NAm,a,1,,
9830000,0730-0900,We-Mo,CHN,China National Radio 1,M,Mandarin (Standard Chinese / Beijing dialect),CHN,CHN,h,1,,
9830000,0900-1805,,CHN,China National Radio 1,M,Mandarin (Standard Chinese / Beijing dialect),CHN,CHN,h,1,,[0824]
9830000,1920-2020,,IRN,IRIB Voice of I.R.Iran,E,English,SAf,SAf,s,0,,
9830000,2023-0100,,CHN,China National Radio 1,M,Mandarin (Standard Chinese / Beijing dialect),CHN,CHN,h,1,,[1023]
9830000,2215-2330,,EGY,Radio Cairo,P,Portuguese,SAm,SAm,a,0,,
9835000,0300-0800,,CHN,PBS Xinjiang,M,Mandarin (Standard Chinese / Beijing dialect),CHN,CHN,uc,5,,[0925]
9835000,0800-1100,We-Mo,CHN,PBS Xinjiang,M,Mandarin (Standard Chinese / Beijing dialect),CHN,CHN,uc,5,,[1025]
9835000,1100-1200,,CHN,PBS Xinjiang,M,Mandarin (Standard Chinese / Beijing dialect),CHN,CHN,uc,5,,[1025]
9835000,1600-1630,Test,VTN,Voice of Vietnam,E,English,Eu,Eu,s,6,2703,3103
9835000,1600-1630,,VTN,Voice of Vietnam,E,English,Eu,Eu,s,1,3105,
9835000,1630-1700,Test,VTN,Voice of Vietnam,R,Russian,Eu,Eu,s,6,2703,3103
9835000,1630-1700,,VTN,Voice of Vietnam,R,Russian,Eu,Eu,s,1,3105,
9835000,1700-1800,Test,VTN,Voice of Vietnam,VN,Vietnamese,Eu,Eu,s,6,2703,3103
9835000,1700-1800,,VTN,Voice of Vietnam,VN,Vietnamese,Eu,Eu,s,1,3105,
9835000,1800-1830,Test,VTN,Voice of Vietnam,S,Spanish/Castellano,Eu,Eu,s,6,2703,3103
9835000,1800-1830,,VTN,Voice of Vietnam,S,Spanish/Castellano,Eu,Eu,s,1,3105,
9835000,1830-1900,Test,VTN,Voice of Vietnam,D,German,Eu,Eu,s,6,2703,3103
9835000,1830-1900,,VTN,Voice of Vietnam,D,German,Eu,Eu,s,1,3105,
9835000,1900-1930,Test,VTN,Voice of Vietnam,E,English,Eu,Eu,s,6,2703,3103
9835000,1900-1930,,VTN,Voice of Vietnam,E,English,Eu,Eu,s,1,3105,[0626]
9835000,1920-2020,,IRN,IRIB Voice of I.R.Iran,E,English,SAf,SAf,s,0,,
9835000,1930-2000,Test,VTN,Voice of Vietnam,F,French,Eu,Eu,s,6,2703,3103
9835000,1930-2000,,VTN,Voice of Vietnam,F,French,Eu,Eu,s,1,3105,
9835000,2000-2030,Test,VTN,Voice of Vietnam,D,German,Eu,Eu,s,6,2703,3103
9835000,2000-2030,,VTN,Voice of Vietnam,D,German,Eu,Eu,s,1,3105,[0626]
9835000,2030-2100,Test,VTN,Voice of Vietnam,F,French,Eu,Eu,s,6,2703,3103
9835000,2030-2100,,VTN,Voice of Vietnam,F,French,Eu,Eu,s,1,3105,[0626]
9835000,2100-2130,Test,VTN,Voice of Vietnam,S,Spanish/Castellano,Eu,Eu,s,6,2703,3103
9835000,2100-2130,,VTN,Voice of Vietnam,S,Spanish/Castellano,Eu,Eu,s,1,3105,
9835000,2130-2200,Test,VTN,Voice of Vietnam,E,English,Eu,Eu,s,6,2703,3103
9835000,2130-2200,,VTN,Voice of Vietnam,E,English,Eu,Eu,s,1,3105,[0626]
9840000,1000-1030,,VTN,Voice of Vietnam,E,English,INS,INS,s,1,,[0126]
9840000,1030-1100,,VTN,Voice of Vietnam,IN,Indonesian / Bahasa Indonesia,INS,INS,s,1,,[0923]
9840000,1100-1130,,VTN,Voice of Vietnam,J,Japanese,FE,FE,s,1,,[0923]
9840000,1130-1200,,VTN,Voice of Vietnam,E,English,FE,FE,s,1,,[0626]
9840000,1200-1230,,VTN,Voice of Vietnam,J,Japanese,FE,FE,s,1,,[0222]
9840000,1230-1300,,VTN,Voice of Vietnam,E,English,INS,INS,s,1,,[1125]
9840000,1300-1330,,VTN,Voice of Vietnam,IN,Indonesian / Bahasa Indonesia,INS,INS,s,1,,[0226]
9840000,1330-1400,,VTN,Voice of Vietnam,E,English,FE,FE,s,1,,[0626]
9840000,1400-1430,,VTN,Voice of Vietnam,J,Japanese,FE,FE,s,1,,[0125]
9840000,1430-1500,,VTN,Voice of Vietnam,IN,Indonesian / Bahasa Indonesia,INS,INS,s,1,,[0423]
9840000,1430-1730,,IRN,IRIB Voice of I.R.Iran,A,Arabic (300m),ME,ME,s,0,,
9840000,1500-1530,,VTN,Voice of Vietnam,E,English,INS,INS,s,1,,[0326]
9840000,1730-1830,,TUR,Voice of Turkey,D,German,CEu,CEu,e,0,,
9840000,2300-2330,,VTN,Voice of Vietnam,IN,Indonesian / Bahasa Indonesia,INS,INS,s,1,,[1121]
9840000,2330-2400,,VTN,Voice of Vietnam,E,English,INS,INS,s,1,,
9845000,1030-1805,,CHN,China National Radio 1,M,Mandarin (Standard Chinese / Beijing dialect),CHN,CHN,b,4,,[0222]
9845000,1200-1805,,CHN,China National Radio 1,M,Mandarin (Standard Chinese / Beijing dialect),CHN,CHN,b,5,,[0824]
9845000,1900-2000,,MDG,MWV New Life Station,R,Russian,EEu,EEu,m,1,,[0726]
9845000,2023-0100,,CHN,China National Radio 1,M,Mandarin (Standard Chinese / Beijing dialect),CHN,CHN,b,4,,[1023]
9845000,2023-2400,,CHN,China National Radio 1,M,Mandarin (Standard Chinese / Beijing dialect),CHN,CHN,b,5,,[0426]
9850000,0000-0100,,TWN,Sound of Hope,M,Mandarin (Standard Chinese / Beijing dialect),FE,FE,,1,,
9850000,0100-0200,,TWN,Sound of Hope,M,Mandarin (Standard Chinese / Beijing dialect),FE,FE,,1,,[0223]
9850000,0200-1200,,TWN,Sound of Hope,M,Mandarin (Standard Chinese / Beijing dialect),FE,FE,,1,,[0822]
9850000,0600-0855,We-Mo,CHN,PBS Qinghai,TB,Tibetan / Lhasa Tibetan,CHN,CHN,xg,1,,[0423]
9850000,0855-1600,,CHN,PBS Qinghai,TB,Tibetan / Lhasa Tibetan,CHN,CHN,xg,1,,[0825]
9850000,1000-1100,,KRE,Voice of Korea,E,English,SEA,SEA,u,4,,
9850000,1100-1200,,KRE,Voice of Korea,F,French,SEA,SEA,u,4,,[0224]
9850000,1200-1250,,KRE,Voice of Korea KCBS,K,Korean,SEA,SEA,u,4,,
9850000,1200-1300,,TWN,Sound of Hope,M,Mandarin (Standard Chinese / Beijing dialect),FE,FE,,1,,
9850000,1300-1400,,TWN,Sound of Hope,M,Mandarin (Standard Chinese / Beijing dialect),FE,FE,,1,,[0523]
9850000,1300-1400,,KRE,Voice of Korea,M,Mandarin (Standard Chinese / Beijing dialect),SEA,SEA,u,4,,
9850000,1400-1450,,KRE,Voice of Korea KCBS,K,Korean,SEA,SEA,u,4,,[0125]
9850000,1400-1500,,TWN,Sound of Hope,M,Mandarin (Standard Chinese / Beijing dialect),FE,FE,,1,,
9850000,1500-1600,,TWN,Sound of Hope,M,Mandarin (Standard Chinese / Beijing dialect),FE,FE,,1,,[1224]
9850000,1600-1700,,TWN,Sound of Hope,M,Mandarin (Standard Chinese / Beijing dialect),FE,FE,,1,,
9850000,2000-2115,,EGY,Radio Cairo,F,French,WEu,WEu,a,0,,
9850000,2100-2130,,TWN,Sound of Hope,M,Mandarin (Standard Chinese / Beijing dialect),FE,FE,,1,,
9850000,2130-1600,,CHN,CNR1 Jammer/Firedrake,M,Mandarin (Standard Chinese / Beijing dialect),FE,FE,,1,,[0925]
9850000,2130-2200,,TWN,Sound of Hope,M,Mandarin (Standard Chinese / Beijing dialect),FE,FE,,1,,[1121]
9850000,2200-2300,,TWN,Sound of Hope,M,Mandarin (Standard Chinese / Beijing dialect),FE,FE,,1,,
9850000,2250-0600,,CHN,PBS Qinghai,TB,Tibetan / Lhasa Tibetan,CHN,CHN,xg,1,,[0325]
9850000,2300-2400,,TWN,Sound of Hope,M,Mandarin (Standard Chinese / Beijing dialect),FE,FE,,1,,
9855000,1200-1400,,CHN,China Radio Int.,M,Mandarin (Standard Chinese / Beijing dialect),SEA,SEA,b,0,,
9860000,0730-0800,,CHN,CRI DIGITAL,M,Mandarin (Standard Chinese / Beijing dialect),Oc,Oc,k,0,,
9860000,0830-0900,,CHN,CRI DIGITAL,M,Mandarin (Standard Chinese / Beijing dialect),Oc,Oc,k,0,,
9860000,1045-1215,,CHN,CNR1 Jammer/Firedrake,M,Mandarin (Standard Chinese / Beijing dialect),FE,FE,,1,,[1124]
9860000,1100-1805,,CHN,China National Radio 1,M,Mandarin (Standard Chinese / Beijing dialect),CHN,CHN,b,4,,[0224]
9860000,1200-1805,,CHN,China National Radio 1,M,Mandarin (Standard Chinese / Beijing dialect),CHN,CHN,b,5,,[0724]
9860000,2023-2300,,CHN,China National Radio 1,M,Mandarin (Standard Chinese / Beijing dialect),CHN,CHN,b,5,,[0419]
9864000,1300-1306,,CLA,Voice of Tibet,TB,Tibetan / Lhasa Tibetan,FE,FE,/UZB,1,,[1125]
9864000,1335-1400,,CLA,Voice of Tibet,TB,Tibetan / Lhasa Tibetan,FE,FE,/UZB,1,,[0325]
9865000,2000-2100,,CHN,China Radio Int.,M,Mandarin (Standard Chinese / Beijing dialect),ME,ME,k,0,,
9865000,2300-2400,,CHN,China Radio Int.,M,Mandarin (Standard Chinese / Beijing dialect),Eu,Eu,u,0,,
9870000,0000-0200,,TUR,Voice of Turkey,S,Spanish/Castellano,SAm,SAm,e,0,,
9870000,0100-0130,,IND,AIR Akashvani Ext.Sce,SD,Sindhi,PAK,PAK,b,1,,[0726]
9870000,1100-1200,,ALS,KNLS New Life Station,K,Korean,FE,FE,ap,0,,
9870000,1230-1330,,IND,AIR Akashvani Ext.Sce,BC,Baluchi,PAK,PAK,d,1,,
9870000,1300-1400,,CHN,China Radio Int.,E,English,SEA,SEA,x,0,,
9870000,1330-1500,,IND,AIR Akashvani Ext.Sce,DR,Dari / Eastern Farsi,AFG,AFG,b,1,,
9870000,1400-1415,irr,IND,AIR Akashvani Ext.Sce,E,English,AFG,AFG,b,1,,
9870000,1400-1500,,CHN,China Radio Int.,E,English,SEA,SEA,x,0,,
9870000,1500-1600,,CHN,China Radio Int.,E,English,SEA,SEA,x,0,,
9870000,1500-1600,,EGY,Radio Cairo,AL,Albanian,Eu,Eu,a,0,,
9870000,1650-1820,,IRN,IRIB Voice of I.R.Iran,TU,Turkish,ME,ME,s,0,,
9870000,1820-1920,,IRN,IRIB Voice of I.R.Iran,HA,Haussa,WAf,WAf,s,0,,
9875000,0330-0430,,G,BBC,FS,Farsi / Iranian Persian,IRN,IRN,/OMA-a,6,2903,0608
9875000,0700-0900,,KRE,Voice of Korea,R,Russian,FE,FE,u,1,,[0226]
9875000,1300-1330,,CHN,CNR1 Jammer/Firedrake,M,Mandarin (Standard Chinese / Beijing dialect),FE,FE,,1,,
9875000,1800-1900,,KRE,Voice of Korea,F,French,ME,ME,u,1,,[0526]
9875000,1900-2000,,KRE,Voice of Korea,E,English,ME,ME,u,1,,[0726]
9875000,2000-2050,,KRE,Voice of Korea KCBS,K,Korean,ME,ME,u,1,,[1123]
9875000,2030-2130,,TUR,Voice of Turkey,E,English,SAs,SAs,e,0,,
9875000,2100-2200,,KRE,Voice of Korea,M,Mandarin (Standard Chinese / Beijing dialect),FE,FE,u,1,,
9875000,2200-2300,,KRE,Voice of Korea,M,Mandarin (Standard Chinese / Beijing dialect),FE,FE,u,1,,
9875000,2300-2330,,PHL,FEBC Manila,MIE,Mien / Iu Mien,SEA,SEA,b,1,,[0826]
9875000,2300-2350,,KRE,Voice of Korea KCBS,K,Korean,FE,FE,u,1,,
9875000,2330-2400,Su-Th,PHL,FEBC Manila,MIE,Mien / Iu Mien,SEA,SEA,b,6,2903,2108
9875000,2330-2400,Fr-Su,PHL,FEBC Manila,RAK,Rakhine/Arakanese,SEA,SEA,b,1,2208,
9877000,1306-1312,,CLA,Voice of Tibet,TB,Tibetan / Lhasa Tibetan,FE,FE,/TJK,1,,[1225]
9880000,0000-0100,,CHN,China Radio Int.,M,Mandarin (Standard Chinese / Beijing dialect),INS,INS,k,0,,
9880000,0800-0900,,CHN,China Radio Int.,M,Mandarin (Standard Chinese / Beijing dialect),FE,FE,b,0,,
9880000,0900-1000,,CHN,China Radio Int.,M,Mandarin (Standard Chinese / Beijing dialect),FE,FE,b,0,,
9880000,0900-1000,,CHN,China Radio Int.,M,Mandarin (Standard Chinese / Beijing dialect),PHL,PHL,n,0,,
9880000,1000-1100,,CHN,China Radio Int.,M,Mandarin (Standard Chinese / Beijing dialect),FE,FE,b,0,,
9880000,1100-1200,,CHN,China Radio Int.,BR,Burmese / Barma / Myanmar,SEA,SEA,k,0,,
9880000,1300-1400,,CHN,China Radio Int.,BR,Burmese / Barma / Myanmar,SEA,SEA,k,0,,
9880000,1400-1500,,CHN,China Radio Int.,KH,Khmer,SEA,SEA,n,0,,
9880000,1500-1600,,CHN,China Radio Int.,R,Russian,CAs,CAs,x,0,,
9880000,1500-1600,,CHN,China Radio Int.,E,English,SEA,SEA,n,0,,
9880000,1600-1700,,CHN,China Radio Int.,E,English,SEA,SEA,n,0,,
9880000,1700-1800,,CHN,China Radio Int.,E,English,SEA,SEA,n,0,,
9880000,1930-2030,,TUR,Voice of Turkey,F,French,WAf,WAf,e,0,,
9880000,2200-2300,,CHN,China Radio Int.,EO,Esperanto,SAm,SAm,ka,0,,
9883000,1312-1330,,CLA,Voice of Tibet,TB,Tibetan / Lhasa Tibetan,FE,FE,/UZB,1,,[0325]
9885000,1000-1100,,TWN,Radio Taiwan Int.,M,Mandarin (Standard Chinese / Beijing dialect),FE,FE,s,1,,
9885000,1000-1300,,CHN,CNR1 Jammer/Firedrake,M,Mandarin (Standard Chinese / Beijing dialect),FE,FE,d,1,,[0626]
9885000,1100-1200,,TWN,Radio Taiwan Int.,M,Mandarin (Standard Chinese / Beijing dialect),FE,FE,s,1,,
9885000,1200-1300,,TWN,Radio Taiwan Int.,M,Mandarin (Standard Chinese / Beijing dialect),FE,FE,s,1,,[0626]
9885000,1330-1400,,CHN,CNR1 Jammer/Firedrake,M,Mandarin (Standard Chinese / Beijing dialect),FE,FE,,1,,
9885000,1800-1900,,MDG,MWV New Life Station,R,Russian,EEu,EEu,m,1,,[0626]
9885000,2330-0045,,EGY,Radio Cairo,A,Arabic (300m),SAm,SAm,a,0,,
9887000,1300-1308,,CLA,Voice of Tibet,TB,Tibetan / Lhasa Tibetan,FE,FE,/UZB,1,,[1225]
9887000,1335-1400,,CLA,Voice of Tibet,TB,Tibetan / Lhasa Tibetan,FE,FE,/UZB,1,,[0925]
9890000,0100-0200,,CHN,China National Radio 13,UI,Uighur,CHN,CHN,b,4,,[0126]
9890000,0430-0500,,ROU,Radio Romania Int.,R,Russian,EEu,EEu,t,0,,
9890000,1000-1100,,CHN,China National Radio 13,UI,Uighur,CHN,CHN,b,4,,
9890000,1000-1100,,CHN,China Radio Int.,M,Mandarin (Standard Chinese / Beijing dialect),Sib,Sib,x,0,,
9890000,1100-1400,,CHN,China National Radio 13,UI,Uighur,CHN,CHN,b,4,,
9890000,1300-1330,,CHN,CNR1 Jammer/Firedrake,M,Mandarin (Standard Chinese / Beijing dialect),FE,FE,,1,,
9890000,1330-1400,,CHN,CNR1 Jammer/Firedrake,M,Mandarin (Standard Chinese / Beijing dialect),FE,FE,,1,,
9890000,1400-1500,,CHN,China National Radio 13,UI,Uighur,CHN,CHN,b,1,,[0126]
9890000,1500-1600,,CHN,China National Radio 13,M,Mandarin (Standard Chinese / Beijing dialect),CHN,CHN,b,1,,
9890000,1500-1600,,KRE,Voice of Korea,A,Arabic (300m),ME,ME,u,1,,[0326]
9890000,1600-1700,,KRE,Voice of Korea,E,English,ME,ME,u,1,,[1123]
9890000,1600-1805,,CHN,China National Radio 13,UI,Uighur,CHN,CHN,b,1,,
9890000,1700-1800,,KRE,Voice of Korea,A,Arabic (300m),ME,ME,u,1,,[0724]
9890000,1900-2000,,EGY,Radio Cairo,R,Russian,EEu,EEu,a,0,,
9890000,2115-2215,,EGY,Radio Cairo,E,English,WEu,WEu,a,0,,
9890000,2355-0100,,CHN,China National Radio 13,UI,Uighur,CHN,CHN,b,4,,[0126]
9893000,1306-1312,,CLA,Voice of Tibet,TB,Tibetan / Lhasa Tibetan,FE,FE,/UZB,1,,[1025]
9893000,1335-1400,,CLA,Voice of Tibet,TB,Tibetan / Lhasa Tibetan,FE,FE,/TJK,1,,[0624]
9895000,0230-0300,,S,IBRA Radio,DR,Dari / Eastern Farsi,AFG,AFG,/UAE,0,,
9895000,2000-2100,,USA,Adventist World Radio,K,Korean,FE,FE,/GUM-a,0,,
9900000,0045-0200,,EGY,Radio Cairo,S,Spanish/Castellano,SAm,SAm,a,0,,
9900000,1300-1330,,GUM,Living Water Ministry,K,Korean,FE,FE,/TWN,1,2005,[0526]
9900000,1330-1345,"Tu,Th",USA,Radio Free Asia,K,Korean,FE,FE,/TWN-p,6,2903,1904
9900000,1330-1345,,USA,Radio Free Asia,K,Korean,FE,FE,/TWN-p,6,2004,2510
9900000,1500-1600,,GUM,Living Water Ministry,K,Korean,FE,FE,/TWN,1,,[0726]
9900000,1700-1900,,EGY,Radio Cairo,TU,Turkish,ME,ME,a,0,,
9900000,2200-2400,,CHN,CNR1 Jammer/Firedrake,M,Mandarin (Standard Chinese / Beijing dialect),CHN,CHN,d,1,,[1225]
9900000,2200-2400,,TWN,Radio Taiwan Int.,M,Mandarin (Standard Chinese / Beijing dialect),FE,FE,s,1,,
9910000,1130-1145,Su,USA,Trans World Radio,E,English,FE,FE,/TJK,4,,
9910000,1145-1245,Su,USA,Trans World Radio,M,Mandarin (Standard Chinese / Beijing dialect),CHN,CHN,/TJK,4,,
9910000,1230-1245,Mo-Fr,USA,Trans World Radio,YUN,Dialects/languages of Yunnan (China),CHN,CHN,/TJK,4,,
9910000,1245-1300,,USA,Trans World Radio,HUI,Hui / Huizhou,CHN,CHN,/TJK,4,,
9910000,1400-1500,,CHN,CNR1 Jammer/Firedrake,M,Mandarin (Standard Chinese / Beijing dialect),FE,FE,,0,,
9910000,1400-1500,,USA,Voice of America,M,Mandarin (Standard Chinese / Beijing dialect),FE,FE,/PHL-t,0,,
9910000,1600-1700,,CHN,CNR1 Jammer/Firedrake,M,Mandarin (Standard Chinese / Beijing dialect),FE,FE,,0,,
9910000,1600-1700,,USA,Voice of America,TB,Tibetan / Lhasa Tibetan,FE,FE,/KWT,0,,
9915000,0000-0030,SaSu,CHN,CNR1 Jammer/Firedrake,M,Mandarin (Standard Chinese / Beijing dialect),FE,FE,,0,,
9915000,0000-0030,SaSu,USA,Voice of America,TB,Tibetan / Lhasa Tibetan,FE,FE,/KWT,0,,
9915000,0100-0130,Mo-Fr,CHN,CNR1 Jammer/Firedrake,M,Mandarin (Standard Chinese / Beijing dialect),FE,FE,,0,,
9915000,0100-0130,Mo-Fr,USA,Radio Free Asia,TB,Tibetan / Lhasa Tibetan,FE,FE,/KWT,0,,
9915000,0600-0700,,G,BBC,E,English,CAf,CAf,/ASC,0,,
9915000,2000-2100,,F,Mystery for Joy,E,English,NAm,NAm,/G-w,6,1507,1507
9920000,1200-1230,Th-Sa,PHL,FEBC Manila,JR,Jarai / Giarai / Jra,SEA,SEA,i,1,,[0524]
9920000,1200-1230,Su-We,PHL,FEBC Manila,RAD,Rade/Ede,SEA,SEA,i,1,,[0826]
9920000,1230-1300,135,PHL,FEBC Manila,BHN,Bahnar,SEA,SEA,i,1,,[0626]
9920000,1230-1300,2467,PHL,FEBC Manila,HRE,Hre,SEA,SEA,i,1,,[0724]
9920000,1300-1330,,PHL,FEBC Manila,KOH,Koho/Kohor,SEA,SEA,i,1,,[0626]
9920000,1730-2030,,PHL,Radyo Pilipinas,TAG,Tagalog,ME,ME,t,0,,
9926000,0000-2400,irr,B,Free Radio Minas Gerais,P,Portuguese,B,B,xx,1,,
9930000,0510-0605,Sa,USA,Hope Radio 3,E,English,FE,FE,/PLW,1,,
9930000,0955-1305,Mo-Fr,USA,Hope Radio 3,E,English,FE,FE,/PLW,1,,[0626]
9930000,1000-1030,Th,USA,Hope Radio 3,J,Japanese,FE,FE,/PLW,1,,
9930000,1030-1100,Th,USA,Hope Radio 3,M,Mandarin (Standard Chinese / Beijing dialect),FE,FE,/PLW,1,,
9930000,1115-1130,Tu,USA,Hope Radio 3,J,Japanese,FE,FE,/PLW,1,,[0626]
9930000,1145-1200,Mo-Fr,USA,Hope Radio 3,M,Mandarin (Standard Chinese / Beijing dialect),FE,FE,/PLW,1,,[0626]
9930000,1200-1230,Tu,USA,Hope Radio 3,M,Mandarin (Standard Chinese / Beijing dialect),FE,FE,/PLW,1,,
9930000,1215-1230,Mo,USA,Hope Radio 3,M,Mandarin (Standard Chinese / Beijing dialect),FE,FE,/PLW,1,,
9930000,1300-0130,,USA,"WTWW Lebanon, TN",E,English,NAm,NAm,L,1,,[0726]
9930000,1330-1400,,CLA,Voice of Martyrs,K,Korean,KRE,KRE,/UZB,1,,
9940000,0000-0030,SaSu,CHN,CNR1 Jammer/Firedrake,M,Mandarin (Standard Chinese / Beijing dialect),FE,FE,,0,,
9940000,0000-0030,SaSu,USA,Voice of America,TB,Tibetan / Lhasa Tibetan,FE,FE,/KWT,0,,
9940000,0100-0130,Mo-Fr,CHN,CNR1 Jammer/Firedrake,M,Mandarin (Standard Chinese / Beijing dialect),FE,FE,,0,,
9940000,0100-0130,Mo-Fr,USA,Radio Free Asia,TB,Tibetan / Lhasa Tibetan,FE,FE,/KWT,0,,
9940000,1300-1330,,CLA,Nippon no Kaze,K,Korean,KRE,KRE,/TWN-p,5,,[0526]
9940000,1430-1500,,CHN,CNR1 Jammer/Firedrake,M,Mandarin (Standard Chinese / Beijing dialect),FE,FE,,1,,
9940000,1430-1500,,HKG,FEBC Radio Liangyou,UI,Uighur,FE,FE,/PHL-b,1,,[0325]
9940000,1530-2030,Mo-Fr,USA,Voice of America,K,Korean,FE,FE,/PHL-t,6,2506,1007
9940000,1530-2130,,USA,Voice of America,K,Korean,FE,FE,/PHL-t,6,2405,0106
9940000,1530-2330,,USA,Voice of America,K,Korean,FE,FE,/PHL-t,6,0206,2406
9946000,0930-0940,Su,RUS,E06 Russian Spy Numbers,E,English,RUS,RUS,or,1,0101,3101
9950000,0700-1300,"Tu,Th",USA,Voice of America,E,English,EEu,EEu,/D-L,6,2306,2510
9950000,1445-1500,,USA,Trans World Radio,KZ,Kazakh,CAs,CAs,/UZB,1,2806,
9950000,1500-2200,Mo-Fr,USA,Voice of America,K,Korean,FE,FE,/PHL-t,6,2407,2410
9950000,1530-2130,Mo-Fr,USA,Voice of America,K,Korean,FE,FE,/PHL-t,6,1307,2307
9951000,1000-1010,"Tu,Fr",POL,E11 Polish Spy Numbers,E,English,,,p,1,0103,3004[0422]
9951000,1000-1010,"Tu,Fr",POL,E11 Polish Spy Numbers,E,English,,,p,1,0109,3110[0924]
9955000,0200-0230,,CZE,Radio Prague,S,Spanish/Castellano,LAm,LAm,/USA-o,2,,[0426]
9955000,0230-0300,,SVK,Radio Slovakia Int.,S,Spanish/Castellano,LAm,LAm,/USA-o,2,,
9955000,0300-0330,,CZE,Radio Prague,E,English,LAm,LAm,/USA-o,2,,
9955000,0330-0400,,CZE,Radio Prague,F,French,LAm,LAm,/USA-o,2,,
9955000,1100-1600,,USA,WRMI Radio Miami Int.,E,English,LAm,LAm,o,2,,
9955000,2100-0200,,USA,WRMI Radio Miami Int.,E,English,LAm,LAm,o,2,,
9960000,1300-1400,,CLA,Free North Korea Radio,K,Korean,KRE,KRE,/UZB,4,,[0226]
9960000,2000-0158,,VUT,Radio Vanuatu,BSL,Bislama,VUT,VUT,,1,0305,[0526]
9960000,2000-0557,,VUT,Radio Vanuatu,BSL,Bislama,VUT,VUT,,6,2903,0205[0426]
9963000,0000-2400,,ISR,4XZ Israeli Navy Haifa,-CW,Morse Station,,,,1,,[0725]
9965000,0807-0835,Th,USA,Hope Radio 5,E,English,FE,FE,/PLW,1,,
9965000,0807-0850,We,USA,Hope Radio 5,E,English,FE,FE,/PLW,1,,
9965000,0807-0905,"Mo,Fr",USA,Hope Radio 5,E,English,FE,FE,/PLW,1,,
9965000,0807-0950,Tu,USA,Hope Radio 5,E,English,FE,FE,/PLW,1,,
9965000,0810-1150,Su,USA,Hope Radio 5,E,English,FE,FE,/PLW,1,,[0826]
9965000,0830-0845,Fr,USA,Hope Radio 5,M,Mandarin (Standard Chinese / Beijing dialect),FE,FE,/PLW,1,,[0123]
9965000,0840-1015,Sa,USA,Hope Radio 5,E,English,FE,FE,/PLW,1,,[0626]
9965000,0845-0945,Tu,USA,Hope Radio 5,J,Japanese,FE,FE,/PLW,1,,
9965000,1015-1100,Sa,USA,Hope Radio 5,K,Korean,FE,FE,/PLW,1,,
9965000,1100-1105,Sa,USA,Hope Radio 5,E,English,FE,FE,/PLW,1,,
9968000,0445-0455,"Tu,Th",POL,S11a Polish Spy Numbers,R,Russian,,,p,1,0105,3108[0722]
9970000,0000-0100,,TWN,Sound of Hope,M,Mandarin (Standard Chinese / Beijing dialect),FE,FE,,1,,[1223]
9970000,0000-2400,,B,Rádio Casa AM,P,Portuguese,B,B,am,1,,[1224]
9970000,0100-0200,,TWN,Sound of Hope,M,Mandarin (Standard Chinese / Beijing dialect),FE,FE,,1,,[0223]
9970000,0200-1200,,TWN,Sound of Hope,M,Mandarin (Standard Chinese / Beijing dialect),FE,FE,,1,,[0626]
9970000,1200-1300,,TWN,Sound of Hope,M,Mandarin (Standard Chinese / Beijing dialect),FE,FE,,1,,[0222]
9970000,1300-1400,,TWN,Sound of Hope,M,Mandarin (Standard Chinese / Beijing dialect),FE,FE,,1,,[0125]
9970000,1400-1500,,TWN,Sound of Hope,M,Mandarin (Standard Chinese / Beijing dialect),FE,FE,,1,,[1123]
9970000,1500-1600,,TWN,Sound of Hope,M,Mandarin (Standard Chinese / Beijing dialect),FE,FE,,1,,[1224]
9970000,1600-1700,,TWN,Sound of Hope,M,Mandarin (Standard Chinese / Beijing dialect),FE,FE,,1,,
9970000,2100-2130,,TWN,Sound of Hope,M,Mandarin (Standard Chinese / Beijing dialect),FE,FE,,1,,
9970000,2130-1700,,CHN,CNR1 Jammer/Firedrake,M,Mandarin (Standard Chinese / Beijing dialect),FE,FE,,1,,[1023]
9970000,2130-2200,,TWN,Sound of Hope,M,Mandarin (Standard Chinese / Beijing dialect),FE,FE,,1,,[1121]
9970000,2200-2300,,TWN,Sound of Hope,M,Mandarin (Standard Chinese / Beijing dialect),FE,FE,,1,,
9970000,2300-2400,,TWN,Sound of Hope,M,Mandarin (Standard Chinese / Beijing dialect),FE,FE,,1,,
9975000,1300-1325,Su,USA,Trans World Radio,M,Mandarin (Standard Chinese / Beijing dialect),CHN,CHN,/TJK,4,,
9975000,1300-1340,Mo-Sa,USA,Trans World Radio,M,Mandarin (Standard Chinese / Beijing dialect),CHN,CHN,/TJK,4,,
9975000,1345-1430,Su,USA,Trans World Radio,BR,Burmese / Barma / Myanmar,SEA,SEA,/UZB,6,2903,2706
9975000,1400-1430,Su,USA,Trans World Radio,BR,Burmese / Barma / Myanmar,SEA,SEA,/UZB,1,2806,
9975000,1430-1445,Su,USA,Trans World Radio,K-S,K-S,SEA,SEA,/UZB,1,,
9975000,1445-1500,Su,USA,Trans World R. DIGITAL,E,English,SAs,SAs,/UZB,1,,
9975000,1500-1505,Su,USA,Trans World R. DIGITAL,E,English,SEA,SEA,/UZB,1,,
9982500,0519-1600,,HWA,KVM70 Fax Honolulu,,,Oc,Oc,nm,1,,[0425]
9985000,0000-0100,,TWN,Sound of Hope,M,Mandarin (Standard Chinese / Beijing dialect),FE,FE,,1,,
9985000,0000-2400,,CHN,CNR1 Jammer/Firedrake,M,Mandarin (Standard Chinese / Beijing dialect),FE,FE,,1,,[0526]
9985000,0100-0200,,TWN,Sound of Hope,M,Mandarin (Standard Chinese / Beijing dialect),FE,FE,,1,,
9985000,0200-1200,,TWN,Sound of Hope,M,Mandarin (Standard Chinese / Beijing dialect),FE,FE,,1,,
9985000,1200-1300,,TWN,Sound of Hope,M,Mandarin (Standard Chinese / Beijing dialect),FE,FE,,1,,
9985000,1300-1400,,TWN,Sound of Hope,M,Mandarin (Standard Chinese / Beijing dialect),FE,FE,,1,,
9985000,1400-1500,,TWN,Sound of Hope,M,Mandarin (Standard Chinese / Beijing dialect),FE,FE,,1,,
9985000,1500-1600,,TWN,Sound of Hope,M,Mandarin (Standard Chinese / Beijing dialect),FE,FE,,1,,
9985000,2100-2130,,TWN,Sound of Hope,M,Mandarin (Standard Chinese / Beijing dialect),FE,FE,,1,,
9985000,2130-2200,,TWN,Sound of Hope,M,Mandarin (Standard Chinese / Beijing dialect),FE,FE,,1,,
9985000,2200-2300,,TWN,Sound of Hope,M,Mandarin (Standard Chinese / Beijing dialect),FE,FE,,1,,
9985000,2300-2400,,TWN,Sound of Hope,M,Mandarin (Standard Chinese / Beijing dialect),FE,FE,,1,,
9991000,2000-0030,irr,B,"R.Voz Evangélica, Ceará",P,Portuguese,B,B,xx,1,,[1224]
9996000,0000-2400,,RUS,RWM Moscow,-TS,Time Signal Station,RUS,RUS,t,1,,[0626]
10000000,0000-2400,,CHN,BPM Xian,-TS,Time Signal Station,CHN,CHN,p,1,,[0326]
10000000,0000-2400,,I,ItalCable,-TS,Time Signal Station,SEu,SEu,v,1,,[0425]
10000000,0000-2400,,B,PPE Observatorio Nac.,-TS,Time Signal Station,B,B,ro,1,,[1021]
10000000,0000-2400,,USA,WWV Colorado (m.ann.),-TS,Time Signal Station,USA,USA,fc,1,,[0426]
10000000,0000-2400,,HWA,WWVH Hawaii (f.ann.),-TS,Time Signal Station,USA,USA,c,1,,[0826]
10000000,1400-1500,Mo-Fr,ARG,LOL Buenos Aires,-TS,Time Signal Station,ARG,ARG,b,1,,[1121]
10018000,0000-2400,,IND,Mumbai Radio,E,English,SAs,SAs,,1,,[1219]
10021000,0000-2400,,IRL,Shannon Aeradio H,E,English,NAO,NAO,s,1,,[0918]
10027000,0000-2400,,ALS,Barrow HFDL (ID9),-HF,HFDL Squitter (Aircraft comms station),NOc,NOc,ba,1,,
10027000,0000-2400,,HWA,Moloka'i HFDL (ID2),-HF,HFDL Squitter (Aircraft comms station),Oc,Oc,m,1,,[0521]
10030000,0000-2400,,BHR,Al Muharraq HFDL (ID15),-HF,HFDL Squitter (Aircraft comms station),ME,ME,m,1,,[0424]
10036000,0000-2400,,IRL,Shannon Aeradio H,E,English,NAO,NAO,s,1,,
10048000,0000-2400,,USA,San Francisco Radio NP,E,English,NOc,NOc,/ALS-ba,1,,[0518]
10048000,0000-2400,,USA,San Francisco Radio NP,E,English,NOc,NOc,/HWA-m,1,,
10048000,0000-2400,,J,Tokyo Radio,E,English,FE,FE,,1,,
10057000,0000-2400,,MDG,"Antanan.Volmet x25,x50",E,English,EAf,EAf,,1,,[0921]
10057000,0000-2400,,USA,San Francisco Radio CEP,E,English,EOc,EOc,dx,1,,[0818]
10060000,0000-2400,,KOR,Seoul Muan HFDL (ID10),-HF,HFDL Squitter (Aircraft comms station),FE,FE,m,1,,[0122]
10063000,0000-2400,,PNR,Albrook HFDL (ID11),-HF,HFDL Squitter (Aircraft comms station),CAm,CAm,al,1,,
10066000,0000-2400,,THA,Hat Yai HFDL (ID6),-HF,HFDL Squitter (Aircraft comms station),SEA,SEA,hy,1,,
10066000,0000-2400,,IND,Kolkata Radio,E,English,SAs,SAs,,1,,
10066000,0000-2400,,IRL,Shannon Aeradio I,E,English,NAO,NAO,s,1,,
10081000,0000-2400,,USA,San Francisco HFDL(ID1),-HF,HFDL Squitter (Aircraft comms station),WNA,WNA,dx,1,,
10081000,0000-2400,,IRL,Shannon HFDL (ID7),-HF,HFDL Squitter (Aircraft comms station),NAO,NAO,s,1,,[0120]
10084000,0000-2400,,NZL,Auckland HFDL (ID5),-HF,HFDL Squitter (Aircraft comms station),SOc,SOc,a,1,,[0721]
10084000,0000-2400,,IND,Delhi Radio,E,English,SAs,SAs,,1,,
10084000,0000-2400,,IND,Mumbai Radio,E,English,SAs,SAs,,1,,
10093000,0000-2400,,ALS,Barrow HFDL (ID9),-HF,HFDL Squitter (Aircraft comms station),NOc,NOc,ba,1,,[0521]
10100800,0000-2400,,D,DWD 1 Pinneberg RTTY,E,English,Eu,Eu,pi,1,,[0826]
10115000,0000-2400,,CHN,BAF Beijing Meteo Fax,,,FE,FE,bm,1,,
10153000,0000-2400,,PTR,NAU US Navy,-TY,Teletype or other digital Station (RTTY/SITOR/..),NAm,NAm,i,1,,[0826]
10156000,0000-2400,,ISR,4XZ Israeli Navy Haifa,-CW,Morse Station,,,,1,,[0826]
10160000,0000-0100,,TWN,Sound of Hope,M,Mandarin (Standard Chinese / Beijing dialect),FE,FE,,1,,[1223]
10160000,0100-0200,,TWN,Sound of Hope,M,Mandarin (Standard Chinese / Beijing dialect),FE,FE,,1,,[0223]
10160000,0200-1200,,TWN,Sound of Hope,M,Mandarin (Standard Chinese / Beijing dialect),FE,FE,,1,,[1224]
10160000,1200-1300,,TWN,Sound of Hope,M,Mandarin (Standard Chinese / Beijing dialect),FE,FE,,1,,[0423]
10160000,1300-1400,,TWN,Sound of Hope,M,Mandarin (Standard Chinese / Beijing dialect),FE,FE,,1,,[0222]
10160000,1400-1500,,TWN,Sound of Hope,M,Mandarin (Standard Chinese / Beijing dialect),FE,FE,,1,,[1123]
10160000,1500-1600,,TWN,Sound of Hope,M,Mandarin (Standard Chinese / Beijing dialect),FE,FE,,1,,
10160000,1600-1700,,TWN,Sound of Hope,M,Mandarin (Standard Chinese / Beijing dialect),FE,FE,,1,,
10160000,2100-1700,,CHN,CNR1 Jammer/Firedrake,M,Mandarin (Standard Chinese / Beijing dialect),FE,FE,,1,,[1220]
10160000,2100-2130,,TWN,Sound of Hope,M,Mandarin (Standard Chinese / Beijing dialect),FE,FE,,1,,
10160000,2130-2200,,TWN,Sound of Hope,M,Mandarin (Standard Chinese / Beijing dialect),FE,FE,,1,,
10160000,2200-2300,,TWN,Sound of Hope,M,Mandarin (Standard Chinese / Beijing dialect),FE,FE,,1,,
10160000,2300-2400,,TWN,Sound of Hope,M,Mandarin (Standard Chinese / Beijing dialect),FE,FE,,1,,
10212000,1000-1010,Su,RUS,E06 Russian Spy Numbers,E,English,RUS,RUS,or,1,0103,3103
10213000,0745-0755,Mo,POL,E11 Polish Spy Numbers,E,English,,,p,1,0103,3004[0418]
10213000,0745-0755,Mo,POL,E11 Polish Spy Numbers,E,English,,,p,1,0109,3110
10213000,0745-0755,Mo,POL,E11 Polish Spy Numbers,E,English,,,p,1,0111,2802
10213000,1850-1900,"We,Sa",POL,S11a Polish Spy Numbers,R,Russian,,,p,1,0103,3004[0323]
10213000,1850-1900,"We,Sa",POL,S11a Polish Spy Numbers,R,Russian,,,p,1,0109,3110[0922]
10226000,1410-1420,"Th,Sa",RUS,E07 Russian Spy Numbers,E,English,RUS,RUS,m,1,0112,3112[1219]
10231000,0000-2400,,ISR,4XZ Israeli Navy Haifa,-CW,Morse Station,,,,1,,[0825]
10231000,1100-1110,"Tu,Fr",RUS,E07 Russian Spy Numbers,E,English,RUS,RUS,m,1,0101,3101
10239000,1540-1550,"Tu,Fr",RUS,E07 Russian Spy Numbers,E,English,RUS,RUS,m,1,0112,3112
10274000,1430-1440,"Th,Sa",RUS,E07 Russian Spy Numbers,E,English,RUS,RUS,m,1,0111,3011
10293000,1430-1440,"Th,Sa",RUS,E07 Russian Spy Numbers,E,English,RUS,RUS,m,1,0101,3101[0120]
10330000,1530-1540,Th,POL,E11 Polish Spy Numbers,E,English,,,p,1,0103,3004[0421]
10330000,1530-1540,Th,POL,E11 Polish Spy Numbers,E,English,,,p,1,0109,3110[0922]
10347000,1120-1130,"Tu,Fr",RUS,E07 Russian Spy Numbers,E,English,RUS,RUS,m,1,0102,2802
10356000,1530-1540,Th,POL,E11 Polish Spy Numbers,E,English,,,p,1,0105,3108[0821]
10375000,1540-1550,"Tu,Fr",RUS,E07 Russian Spy Numbers,E,English,RUS,RUS,m,1,0101,3101[0123]
10387000,1140-1150,"Tu,Fr",RUS,E07 Russian Spy Numbers,E,English,RUS,RUS,m,1,0108,3108
10423000,0930-0940,Su,RUS,E06 Russian Spy Numbers,E,English,RUS,RUS,or,1,0102,2802
10429000,0715-0725,"Tu,Fr",POL,E11 Polish Spy Numbers,E,English,,,p,1,0105,3108[0518]
10448000,1400-1410,"Tu,Fr",POL,S11a Polish Spy Numbers,R,Russian,,,p,1,0111,2802
10463000,1030-1040,We,RUS,E06 Russian Spy Numbers,E,English,RUS,RUS,or,1,0103,3103
10487000,1910-1920,"Fr,Su",POL,E11 Polish Spy Numbers,E,English,,,p,1,0111,2802[0221]
10536000,1000-2200,,CAN,CFH Halifax Radio,-TY,Teletype or other digital Station (RTTY/SITOR/..),NAm,NAm,hx,1,,
10536000,2200-1000,,CAN,CFH Halifax Radio,-TY,Teletype or other digital Station (RTTY/SITOR/..),NAm,NAm,hx,1,,
10555000,0015-0225,,AUS,VMW Wiluna Met Fax,,,Oc,Oc,w,1,,
10555000,0245-0330,,AUS,VMW Wiluna Met Fax,,,Oc,Oc,w,1,,[0721]
10555000,0400-0945,,AUS,VMW Wiluna Met Fax,,,Oc,Oc,w,1,,[0518]
10555000,1015-1100,,AUS,VMW Wiluna Met Fax,,,Oc,Oc,w,1,,[1218]
10555000,1100-1730,,AUS,VMW Wiluna Met Fax,,,Oc,Oc,w,1,,[0922]
10555000,1800-1845,,AUS,VMW Wiluna Met Fax,,,Oc,Oc,w,1,,[0416]
10555000,1915-2045,,AUS,VMW Wiluna Met Fax,,,Oc,Oc,w,1,,[0817]
10555000,2215-2400,,AUS,VMW Wiluna Met Fax,,,Oc,Oc,w,1,,[0316]
10628000,0210-0220,Mo,RUS,E06 Russian Spy Numbers,E,English,RUS,RUS,c,1,0102,2802
10653000,1100-1110,"Tu,Fr",RUS,E07 Russian Spy Numbers,E,English,RUS,RUS,m,1,0111,3011
10673000,0210-0220,Mo,RUS,E06 Russian Spy Numbers,E,English,RUS,RUS,c,1,0111,3011
10728000,0445-0455,"Tu,Th",POL,S11a Polish Spy Numbers,R,Russian,,,p,1,0103,3004
10728000,0445-0455,"Tu,Th",POL,S11a Polish Spy Numbers,R,Russian,,,p,1,0109,3110
10737000,1140-1150,"Tu,Fr",RUS,E07 Russian Spy Numbers,E,English,RUS,RUS,m,1,0110,3110
10755000,0930-0940,We,RUS,E06 Russian Spy Numbers,E,English,RUS,RUS,or,1,0102,2802
10755000,1300-1310,Sa,RUS,E06 Russian Spy Numbers,E,English,RUS,RUS,or,1,0103,3103
10819900,0000-0100,,TWN,Sound of Hope,M,Mandarin (Standard Chinese / Beijing dialect),FE,FE,,1,,[1223]
10819900,0100-0200,,TWN,Sound of Hope,M,Mandarin (Standard Chinese / Beijing dialect),FE,FE,,1,,
10819900,0200-1200,,TWN,Sound of Hope,M,Mandarin (Standard Chinese / Beijing dialect),FE,FE,,1,,[0925]
10819900,1200-1300,,TWN,Sound of Hope,M,Mandarin (Standard Chinese / Beijing dialect),FE,FE,,1,,[1122]
10819900,1300-1400,,TWN,Sound of Hope,M,Mandarin (Standard Chinese / Beijing dialect),FE,FE,,1,,[0125]
10819900,1400-1500,,TWN,Sound of Hope,M,Mandarin (Standard Chinese / Beijing dialect),FE,FE,,1,,[0525]
10819900,1500-1600,,TWN,Sound of Hope,M,Mandarin (Standard Chinese / Beijing dialect),FE,FE,,1,,
10819900,1600-1700,,TWN,Sound of Hope,M,Mandarin (Standard Chinese / Beijing dialect),FE,FE,,1,,[0822]
10819900,2130-2200,,TWN,Sound of Hope,M,Mandarin (Standard Chinese / Beijing dialect),FE,FE,,1,,
10819900,2200-2300,,TWN,Sound of Hope,M,Mandarin (Standard Chinese / Beijing dialect),FE,FE,,1,,
10819900,2300-2400,,TWN,Sound of Hope,M,Mandarin (Standard Chinese / Beijing dialect),FE,FE,,1,,
10820000,2130-1700,,CHN,CNR1 Jammer/Firedrake,M,Mandarin (Standard Chinese / Beijing dialect),FE,FE,,1,,[0524]
10870000,0000-0100,,TWN,Sound of Hope,M,Mandarin (Standard Chinese / Beijing dialect),FE,FE,,1,,[1223]
10870000,0100-0200,,TWN,Sound of Hope,M,Mandarin (Standard Chinese / Beijing dialect),FE,FE,,1,,
10870000,0200-1200,,TWN,Sound of Hope,M,Mandarin (Standard Chinese / Beijing dialect),FE,FE,,1,,[0925]
10870000,1200-1300,,TWN,Sound of Hope,M,Mandarin (Standard Chinese / Beijing dialect),FE,FE,,1,,[0423]
10870000,1300-1400,,TWN,Sound of Hope,M,Mandarin (Standard Chinese / Beijing dialect),FE,FE,,1,,[0125]
10870000,1400-1500,,TWN,Sound of Hope,M,Mandarin (Standard Chinese / Beijing dialect),FE,FE,,1,,[0525]
10870000,1500-1600,,TWN,Sound of Hope,M,Mandarin (Standard Chinese / Beijing dialect),FE,FE,,1,,
10870000,1600-1700,,TWN,Sound of Hope,M,Mandarin (Standard Chinese / Beijing dialect),FE,FE,,1,,[0822]
10870000,2100-1700,,CHN,CNR1 Jammer/Firedrake,M,Mandarin (Standard Chinese / Beijing dialect),FE,FE,,1,,[0524]
10870000,2100-2130,,TWN,Sound of Hope,M,Mandarin (Standard Chinese / Beijing dialect),FE,FE,,1,,
10870000,2130-2200,,TWN,Sound of Hope,M,Mandarin (Standard Chinese / Beijing dialect),FE,FE,,1,,
10870000,2200-2300,,TWN,Sound of Hope,M,Mandarin (Standard Chinese / Beijing dialect),FE,FE,,1,,
10870000,2300-2400,,TWN,Sound of Hope,M,Mandarin (Standard Chinese / Beijing dialect),FE,FE,,1,,
10871700,0000-2400,,RUS,Channel Marker D,-CW,Morse Station,EEu,EEu,se,1,,[0425]
10871800,0000-2400,,RUS,Channel Marker P,-CW,Morse Station,RUS,RUS,kl,1,,[0226]
10871900,0000-2400,,RUS,Channel Marker S,-CW,Morse Station,RUS,RUS,sm,1,,[0226]
10872000,0000-2400,,RUS,Channel Marker C,-CW,Morse Station,RUS,RUS,m,1,,[0120]
10872100,0000-2400,,RUS,Channel Marker A,-CW,Morse Station,RUS,RUS,as,1,,[1122]
10872200,0000-2400,,RUS,Channel Marker F,-CW,Morse Station,FE,FE,vl,1,,[0222]
10872300,0000-2400,,RUS,Channel Marker K,-CW,Morse Station,FE,FE,pk,1,,[1025]
10872400,0000-2400,,RUS,Channel Marker M,-CW,Morse Station,FE,FE,mg,1,,[0423]
10920000,2130-1700,,CHN,CNR1 Jammer/Firedrake,M,Mandarin (Standard Chinese / Beijing dialect),FE,FE,,1,,[0720]
10920100,0000-0100,,TWN,Sound of Hope,M,Mandarin (Standard Chinese / Beijing dialect),FE,FE,,1,,
10920100,0100-0200,,TWN,Sound of Hope,M,Mandarin (Standard Chinese / Beijing dialect),FE,FE,,1,,
10920100,0200-1200,,TWN,Sound of Hope,M,Mandarin (Standard Chinese / Beijing dialect),FE,FE,,1,,[0422]
10920100,1200-1300,,TWN,Sound of Hope,M,Mandarin (Standard Chinese / Beijing dialect),FE,FE,,1,,[0222]
10920100,1300-1400,,TWN,Sound of Hope,M,Mandarin (Standard Chinese / Beijing dialect),FE,FE,,1,,
10920100,1400-1500,,TWN,Sound of Hope,M,Mandarin (Standard Chinese / Beijing dialect),FE,FE,,1,,
10920100,1500-1600,,TWN,Sound of Hope,M,Mandarin (Standard Chinese / Beijing dialect),FE,FE,,1,,
10920100,1600-1700,,TWN,Sound of Hope,M,Mandarin (Standard Chinese / Beijing dialect),FE,FE,,1,,
10920100,2130-2200,,TWN,Sound of Hope,M,Mandarin (Standard Chinese / Beijing dialect),FE,FE,,1,,
10920100,2200-2300,,TWN,Sound of Hope,M,Mandarin (Standard Chinese / Beijing dialect),FE,FE,,1,,
10920100,2300-2400,,TWN,Sound of Hope,M,Mandarin (Standard Chinese / Beijing dialect),FE,FE,,1,,
10940000,0000-0100,,TWN,Sound of Hope,M,Mandarin (Standard Chinese / Beijing dialect),FE,FE,,1,,[1223]
10940000,0100-0200,,TWN,Sound of Hope,M,Mandarin (Standard Chinese / Beijing dialect),FE,FE,,1,,[0223]
10940000,0200-1200,,TWN,Sound of Hope,M,Mandarin (Standard Chinese / Beijing dialect),FE,FE,,1,,[1025]
10940000,1200-1300,,TWN,Sound of Hope,M,Mandarin (Standard Chinese / Beijing dialect),FE,FE,,1,,[1122]
10940000,1300-1400,,TWN,Sound of Hope,M,Mandarin (Standard Chinese / Beijing dialect),FE,FE,,1,,[0125]
10940000,1400-1500,,TWN,Sound of Hope,M,Mandarin (Standard Chinese / Beijing dialect),FE,FE,,1,,[0125]
10940000,1500-1600,,TWN,Sound of Hope,M,Mandarin (Standard Chinese / Beijing dialect),FE,FE,,1,,
10940000,2200-1700,,CHN,CNR1 Jammer/Firedrake,M,Mandarin (Standard Chinese / Beijing dialect),FE,FE,,1,,[0524]
10940000,2200-2300,,TWN,Sound of Hope,M,Mandarin (Standard Chinese / Beijing dialect),FE,FE,,1,,
10940000,2300-2400,,TWN,Sound of Hope,M,Mandarin (Standard Chinese / Beijing dialect),FE,FE,,1,,
10959700,0000-0100,,TWN,Sound of Hope,M,Mandarin (Standard Chinese / Beijing dialect),FE,FE,,1,,[1223]
10959700,0100-0200,,TWN,Sound of Hope,M,Mandarin (Standard Chinese / Beijing dialect),FE,FE,,1,,
10959700,0200-1200,,TWN,Sound of Hope,M,Mandarin (Standard Chinese / Beijing dialect),FE,FE,,1,,[0326]
10959700,1200-1300,,TWN,Sound of Hope,M,Mandarin (Standard Chinese / Beijing dialect),FE,FE,,1,,[1122]
10959700,1300-1400,,TWN,Sound of Hope,M,Mandarin (Standard Chinese / Beijing dialect),FE,FE,,1,,[0125]
10959700,1400-1500,,TWN,Sound of Hope,M,Mandarin (Standard Chinese / Beijing dialect),FE,FE,,1,,[0525]
10959700,1500-1600,,TWN,Sound of Hope,M,Mandarin (Standard Chinese / Beijing dialect),FE,FE,,1,,
10959700,1600-1700,,TWN,Sound of Hope,M,Mandarin (Standard Chinese / Beijing dialect),FE,FE,,1,,[0822]
10959700,2130-2200,,TWN,Sound of Hope,M,Mandarin (Standard Chinese / Beijing dialect),FE,FE,,1,,
10959700,2200-2300,,TWN,Sound of Hope,M,Mandarin (Standard Chinese / Beijing dialect),FE,FE,,1,,
10959700,2300-2400,,TWN,Sound of Hope,M,Mandarin (Standard Chinese / Beijing dialect),FE,FE,,1,,
10960000,2130-1700,,CHN,CNR1 Jammer/Firedrake,M,Mandarin (Standard Chinese / Beijing dialect),FE,FE,,1,,[0422]
11030000,0000-0015,,AUS,VMC Charleville Met Fax,,,Tas,Tas,c,1,,
11030000,0015-0225,,AUS,VMC Charleville Met Fax,,,Oc,Oc,c,1,,
11030000,0245-0330,,AUS,VMC Charleville Met Fax,,,Oc,Oc,c,1,,
11030000,0345-0400,,AUS,VMC Charleville Met Fax,,,Tas,Tas,c,1,,
11030000,0400-0500,,AUS,VMC Charleville Met Fax,,,Oc,Oc,c,1,,[0616]
11030000,0500-0600,,AUS,VMC Charleville Met Fax,,,Tas,Tas,c,1,,[0518]
11030000,0600-0855,,AUS,VMC Charleville Met Fax,,,Oc,Oc,c,1,,[0417]
11030000,0900-0955,,AUS,VMC Charleville Met Fax,,,Oc,Oc,c,1,,[0521]
11030000,1015-1715,,AUS,VMC Charleville Met Fax,,,Oc,Oc,c,1,,[0922]
11030000,1800-1845,,AUS,VMC Charleville Met Fax,,,Oc,Oc,c,1,,
11030000,1915-2045,,AUS,VMC Charleville Met Fax,,,Oc,Oc,c,1,,
11030000,2215-2400,,AUS,VMC Charleville Met Fax,,,Oc,Oc,c,1,,
11039000,0000-2400,,D,DWD 2 Pinneberg RTTY,E,English,Eu,Eu,pi,1,,[0826]
11073000,1030-1040,We,RUS,E06 Russian Spy Numbers,E,English,RUS,RUS,or,1,0104,3004
11086500,0600-2000,,G,GYA Northwood Meteo Fax,,,WEu,WEu,nw,1,,
11090000,0519-1600,,HWA,KVM70 Fax Honolulu,,,Oc,Oc,nm,1,,[0222]
11090000,1719-0400,,HWA,KVM70 Fax Honolulu,,,Oc,Oc,nm,1,,[0826]
11092000,0315-0325,"Mo,We",POL,E11 Polish Spy Numbers,E,English,,,p,1,0109,3110
11092000,0900-0915,"Mo,We",POL,E11 Polish Spy Numbers,E,English,,,p,1,0111,2802
11100000,0000-0100,,TWN,Sound of Hope,M,Mandarin (Standard Chinese / Beijing dialect),FE,FE,,1,,[1223]
11100000,0000-2400,,CHN,CNR1 Jammer/Firedrake,M,Mandarin (Standard Chinese / Beijing dialect),FE,FE,,1,,[1124]
11100000,0100-0200,,TWN,Sound of Hope,M,Mandarin (Standard Chinese / Beijing dialect),FE,FE,,1,,[0223]
11100000,0200-1200,,TWN,Sound of Hope,M,Mandarin (Standard Chinese / Beijing dialect),FE,FE,,1,,[0626]
11100000,1045-1055,"Mo,We",POL,E11 Polish Spy Numbers,E,English,,,p,1,0111,2802[1122]
11100000,1200-1300,,TWN,Sound of Hope,M,Mandarin (Standard Chinese / Beijing dialect),FE,FE,,1,,[0125]
11100000,1300-1400,,TWN,Sound of Hope,M,Mandarin (Standard Chinese / Beijing dialect),FE,FE,,1,,[0224]
11100000,1400-1500,,TWN,Sound of Hope,M,Mandarin (Standard Chinese / Beijing dialect),FE,FE,,1,,[0125]
11100000,1500-1600,,TWN,Sound of Hope,M,Mandarin (Standard Chinese / Beijing dialect),FE,FE,,1,,
11100000,2200-2300,,TWN,Sound of Hope,M,Mandarin (Standard Chinese / Beijing dialect),FE,FE,,1,,
11100000,2300-2400,,TWN,Sound of Hope,M,Mandarin (Standard Chinese / Beijing dialect),FE,FE,,1,,
11104000,0715-0725,"Mo,We",POL,E11 Polish Spy Numbers,E,English,,,p,1,0111,2802
11116000,1815-1825,"Fr,Su",POL,E11 Polish Spy Numbers,E,English,,,p,1,0103,3004[0423]
11116000,1815-1825,"Fr,Su",POL,E11 Polish Spy Numbers,E,English,,,p,1,0109,3110[0924]
11120000,0000-0100,,TWN,Sound of Hope,M,Mandarin (Standard Chinese / Beijing dialect),FE,FE,,1,,
11120000,0100-0200,,TWN,Sound of Hope,M,Mandarin (Standard Chinese / Beijing dialect),FE,FE,,1,,[0223]
11120000,0200-1200,,TWN,Sound of Hope,M,Mandarin (Standard Chinese / Beijing dialect),FE,FE,,1,,[0925]
11120000,1200-1300,,TWN,Sound of Hope,M,Mandarin (Standard Chinese / Beijing dialect),FE,FE,,1,,[0125]
11120000,1300-1400,,TWN,Sound of Hope,M,Mandarin (Standard Chinese / Beijing dialect),FE,FE,,1,,
11120000,1400-1500,,TWN,Sound of Hope,M,Mandarin (Standard Chinese / Beijing dialect),FE,FE,,1,,[1123]
11120000,1500-1600,,TWN,Sound of Hope,M,Mandarin (Standard Chinese / Beijing dialect),FE,FE,,1,,
11120000,1600-1700,,TWN,Sound of Hope,M,Mandarin (Standard Chinese / Beijing dialect),FE,FE,,1,,
11120000,2200-1700,,CHN,CNR1 Jammer/Firedrake,M,Mandarin (Standard Chinese / Beijing dialect),FE,FE,,1,,[1220]
11120000,2200-2300,,TWN,Sound of Hope,M,Mandarin (Standard Chinese / Beijing dialect),FE,FE,,1,,
11120000,2300-2400,,TWN,Sound of Hope,M,Mandarin (Standard Chinese / Beijing dialect),FE,FE,,1,,
11128000,1000-1010,Su,RUS,E06 Russian Spy Numbers,E,English,RUS,RUS,or,1,0104,3004
11128000,1330-1340,Sa,RUS,E06 Russian Spy Numbers,E,English,RUS,RUS,or,1,0105,3105
11150000,0000-0100,,TWN,Sound of Hope,M,Mandarin (Standard Chinese / Beijing dialect),FE,FE,,1,,[1223]
11150000,0100-0200,,TWN,Sound of Hope,M,Mandarin (Standard Chinese / Beijing dialect),FE,FE,,1,,[0223]
11150000,0200-1200,,TWN,Sound of Hope,M,Mandarin (Standard Chinese / Beijing dialect),FE,FE,,1,,[0925]
11150000,1200-1300,,TWN,Sound of Hope,M,Mandarin (Standard Chinese / Beijing dialect),FE,FE,,1,,[0125]
11150000,1300-1400,,TWN,Sound of Hope,M,Mandarin (Standard Chinese / Beijing dialect),FE,FE,,1,,
11150000,1400-1500,,TWN,Sound of Hope,M,Mandarin (Standard Chinese / Beijing dialect),FE,FE,,1,,[0525]
11150000,1500-1600,,TWN,Sound of Hope,M,Mandarin (Standard Chinese / Beijing dialect),FE,FE,,1,,
11150000,1600-1700,,TWN,Sound of Hope,M,Mandarin (Standard Chinese / Beijing dialect),FE,FE,,1,,[1225]
11150000,2200-1700,,CHN,CNR1 Jammer/Firedrake,M,Mandarin (Standard Chinese / Beijing dialect),FE,FE,,1,,[1220]
11150000,2200-2300,,TWN,Sound of Hope,M,Mandarin (Standard Chinese / Beijing dialect),FE,FE,,1,,[0226]
11150000,2300-2400,,TWN,Sound of Hope,M,Mandarin (Standard Chinese / Beijing dialect),FE,FE,,1,,
11168000,1450-1500,"Th,Sa",RUS,E07 Russian Spy Numbers,E,English,RUS,RUS,m,1,0102,2802
11175000,0000-2400,,USA,US Air Force Messages,E,English,NAm,NAm,,1,,[0726]
11184000,0000-2400,,ISL,Reykjavik HFDL (ID3),-HF,HFDL Squitter (Aircraft comms station),NAO,NAO,r,1,,
11232000,0000-2400,,CAN,Trenton Military,E,English,NAm,NAm,tr,1,,[0223]
11253000,0000-2400,,G,RAF Volmet Military 1,E,English,Eu,Eu,ic,1,,[0726]
11276000,0000-2400,,IRL,Shannon Aeradio J,E,English,NAO,NAO,s,1,,
11279000,0000-2400,,CAN,Gander Radio,E,English,NAO,NAO,g,1,,[0525]
11279000,0000-2400,,IRL,Shannon Aeradio D,E,English,NAO,NAO,s,1,,
11279000,0000-2400,,UZB,"Tashkent Volmet x20,x50",R,Russian,CAs,CAs,a,1,,[0517]
11282000,0000-2400,,USA,San Francisco Radio CEP,E,English,EOc,EOc,dx,1,,[1124]
11285000,0000-2400,,IND,Chennai Radio,E,English,SAs,SAs,,1,,[0918]
11285000,0000-2400,,CLN,Colombo Radio,E,English,SAs,SAs,,1,,[1118]
11297000,0300-1500,,RUS,"Rostov Volmet x25,55",R,Russian,CIS,CIS,rv,1,,[0924]
11300000,0000-0100,,TWN,Sound of Hope,M,Mandarin (Standard Chinese / Beijing dialect),FE,FE,,1,,
11300000,0000-2400,,SEY,Seychelles Control,E,English,SEY,SEY,mh,1,,[0626]
11300000,0100-0200,,TWN,Sound of Hope,M,Mandarin (Standard Chinese / Beijing dialect),FE,FE,,1,,
11300000,0200-1200,,TWN,Sound of Hope,M,Mandarin (Standard Chinese / Beijing dialect),FE,FE,,1,,
11300000,1200-1300,,TWN,Sound of Hope,M,Mandarin (Standard Chinese / Beijing dialect),FE,FE,,1,,
11300000,1300-1400,,TWN,Sound of Hope,M,Mandarin (Standard Chinese / Beijing dialect),FE,FE,,1,,
11300000,1400-1500,,TWN,Sound of Hope,M,Mandarin (Standard Chinese / Beijing dialect),FE,FE,,1,,
11300000,1500-1600,,TWN,Sound of Hope,M,Mandarin (Standard Chinese / Beijing dialect),FE,FE,,1,,
11300000,1600-1700,,TWN,Sound of Hope,M,Mandarin (Standard Chinese / Beijing dialect),FE,FE,,1,,
11300000,2100-2130,,TWN,Sound of Hope,M,Mandarin (Standard Chinese / Beijing dialect),FE,FE,,1,,
11300000,2130-2200,,TWN,Sound of Hope,M,Mandarin (Standard Chinese / Beijing dialect),FE,FE,,1,,
11300000,2200-2300,,TWN,Sound of Hope,M,Mandarin (Standard Chinese / Beijing dialect),FE,FE,,1,,
11300000,2300-2400,,TWN,Sound of Hope,M,Mandarin (Standard Chinese / Beijing dialect),FE,FE,,1,,
11306000,0000-2400,,GUM,Agana Guam HFDL (ID16),-HF,HFDL Squitter (Aircraft comms station),WOc,WOc,h,1,,
11309000,0000-2400,,USA,New York Radio,E,English,NAO,NAO,bg,1,,[0918]
11309000,0000-2400,,AZR,Santa Maria Radio E,E,English,NAO,NAO,sm,1,,[0525]
11312000,0000-2400,,HWA,Moloka'i HFDL (ID2),-HF,HFDL Squitter (Aircraft comms station),Oc,Oc,m,1,,[1021]
11318000,0000-2400,,BOL,Santa Cruz HFDL (ID13),-HF,HFDL Squitter (Aircraft comms station),SAm,SAm,sz,1,,
11318000,0200-1400,,RUS,"Samara Volmet x15,45",R,Russian,CIS,CIS,sv,1,,[0326]
11318000,0300-1500,,RUS,"Syktyvkar Volmet x00,30",R,Russian,CIS,CIS,sy,1,,[0518]
11318000,2300-1100,,RUS,"Novosibir Volmet x07,37",R,Russian,CIS,CIS,nv,1,,[0822]
11321000,0000-2400,,AFS,Johannesburg HFDL (ID8),-HF,HFDL Squitter (Aircraft comms station),SAf,SAf,j,1,,[0420]
11327000,0000-2400,,USA,San Francisco HFDL(ID1),-HF,HFDL Squitter (Aircraft comms station),WNA,WNA,dx,1,,
11330000,0000-2400,,USA,New York Radio,E,English,Car,Car,bg,1,,[0323]
11336000,0000-2400,,CAN,Gander Radio C,E,English,NAO,NAO,g,1,,[1019]
11336000,0000-2400,,ISL,Iceland Radio C,E,English,NAO,NAO,,1,,
11336000,0000-2400,,IRL,Shannon Aeradio C,E,English,NAO,NAO,s,1,,
11342000,0000-2400,,USA,New York Radio,E,English,NAO,NAO,bg,1,,
11342000,0000-2400,,USA,San Francisco R. LDOC,E,English,Oc,Oc,dx,1,,
11348000,0000-2400,,CNR,Canarias HFDL (ID17),-HF,HFDL Squitter (Aircraft comms station),WAf,WAf,gc,1,,[1119]
11348000,0000-2400,,HWA,Moloka'i HFDL (ID2),-HF,HFDL Squitter (Aircraft comms station),Oc,Oc,m,1,,
11354000,0000-2400,,ALS,Barrow HFDL (ID9),-HF,HFDL Squitter (Aircraft comms station),NOc,NOc,ba,1,,
11360000,0000-2400,,RUS,AF Transport Davlenie,R,Russian,EEu,EEu,tc,1,,
11360000,0000-2400,,RUS,AF Transport Kasta,R,Russian,EEu,EEu,to,1,,
11360000,0000-2400,,RUS,AF Transport Klarnetist,R,Russian,EEu,EEu,to,1,,
11360000,0000-2400,,RUS,AF Transport Korsar,R,Russian,EEu,EEu,m,1,,
11360000,0000-2400,,RUS,AF Transport Magnetron,R,Russian,EEu,EEu,sc,1,,
11360000,0000-2400,,RUS,AF Transport Polis,R,Russian,EEu,EEu,o2,1,,
11360000,0000-2400,,RUS,AF Transport Proselok,R,Russian,EEu,EEu,ps,1,,
11363000,0000-2400,,IRL,Shannon Aeradio H,E,English,NAO,NAO,s,1,,
11369000,0000-2400,,ARG,Ezeiza Volmet x01,S,Spanish/Castellano,SAm,SAm,e,1,,
11384000,0000-2400,,J,Naha Radio CWP,E,English,WOc,WOc,nh,1,,[0117]
11384000,0000-2400,,USA,San Francisco Radio CWP,E,English,WOc,WOc,/GUM-b,1,,
11384000,0000-2400,,USA,San Francisco Radio CWP,E,English,WOc,WOc,/HWA-m,1,,
11384000,0000-2400,,IRL,Shannon HFDL (ID7),-HF,HFDL Squitter (Aircraft comms station),NAO,NAO,s,1,,
11387000,0000-2400,,AUS,"Australia Volmet x00,30",E,English,Oc,Oc,at,1,,[0726]
11387000,0000-2400,,USA,Riverhead HFDL (ID4),-HF,HFDL Squitter (Aircraft comms station),ENA,ENA,rh,1,,
11387000,0010-1045,,THA,"Bangkok Volmet x10,x40",E,English,SAs,SAs,bv,1,,[0526]
11387000,0305-1240,,IND,"Kolkata Volmet x05,x35",E,English,SAs,SAs,kv,1,,[0314]
11387000,0325-1300,,IND,"Mumbai Volmet x25,x55",E,English,SAs,SAs,mv,1,,[0122]
11387000,2250-1225,,SNG,"SingaporeVolmet x20,x50",E,English,SAs,SAs,v,1,,[0125]
11396000,0000-2400,,USA,New York Radio,E,English,NAO,NAO,bg,1,,[1225]
11404000,0210-0220,Mo,RUS,E06 Russian Spy Numbers,E,English,RUS,RUS,c,1,0105,3105
11410000,0000-0100,,TWN,Sound of Hope,M,Mandarin (Standard Chinese / Beijing dialect),FE,FE,,1,,[1223]
11410000,0100-0200,,TWN,Sound of Hope,M,Mandarin (Standard Chinese / Beijing dialect),FE,FE,,1,,
11410000,0200-1200,,TWN,Sound of Hope,M,Mandarin (Standard Chinese / Beijing dialect),FE,FE,,1,,[1225]
11410000,1200-1300,,TWN,Sound of Hope,M,Mandarin (Standard Chinese / Beijing dialect),FE,FE,,1,,[1122]
11410000,1300-1400,,TWN,Sound of Hope,M,Mandarin (Standard Chinese / Beijing dialect),FE,FE,,1,,
11410000,1400-1500,,TWN,Sound of Hope,M,Mandarin (Standard Chinese / Beijing dialect),FE,FE,,1,,
11410000,1500-1600,,TWN,Sound of Hope,M,Mandarin (Standard Chinese / Beijing dialect),FE,FE,,1,,
11410000,1600-1700,,TWN,Sound of Hope,M,Mandarin (Standard Chinese / Beijing dialect),FE,FE,,1,,
11410000,2100-1700,,CHN,CNR1 Jammer/Firedrake,M,Mandarin (Standard Chinese / Beijing dialect),FE,FE,,1,,[0222]
11410000,2100-2130,,TWN,Sound of Hope,M,Mandarin (Standard Chinese / Beijing dialect),FE,FE,,1,,
11410000,2130-2200,,TWN,Sound of Hope,M,Mandarin (Standard Chinese / Beijing dialect),FE,FE,,1,,
11410000,2200-2300,,TWN,Sound of Hope,M,Mandarin (Standard Chinese / Beijing dialect),FE,FE,,1,,
11410000,2300-2400,,TWN,Sound of Hope,M,Mandarin (Standard Chinese / Beijing dialect),FE,FE,,1,,
11420000,1400-1410,"Tu,Fr",POL,S11a Polish Spy Numbers,R,Russian,,,p,1,0103,3004[0425]
11420000,1400-1410,"Tu,Fr",POL,S11a Polish Spy Numbers,R,Russian,,,p,1,0109,3110
11426000,0210-0220,Mo,RUS,E06 Russian Spy Numbers,E,English,RUS,RUS,c,1,0109,3009
11430000,1300-1400,,TWN,Star-Star Bc.Station,M,Mandarin (Standard Chinese / Beijing dialect),CHN,CHN,y,1,,[0825]
11431000,1140-1150,"Tu,Fr",RUS,E07 Russian Spy Numbers,E,English,RUS,RUS,m,1,0109,3009
11440000,0000-0100,,TWN,Sound of Hope,M,Mandarin (Standard Chinese / Beijing dialect),FE,FE,,1,,
11440000,0100-0200,,TWN,Sound of Hope,M,Mandarin (Standard Chinese / Beijing dialect),FE,FE,,1,,
11440000,0200-1200,,TWN,Sound of Hope,M,Mandarin (Standard Chinese / Beijing dialect),FE,FE,,1,,[0925]
11440000,1200-1300,,TWN,Sound of Hope,M,Mandarin (Standard Chinese / Beijing dialect),FE,FE,,1,,[0222]
11440000,1300-1400,,TWN,Sound of Hope,M,Mandarin (Standard Chinese / Beijing dialect),FE,FE,,1,,[0222]
11440000,1400-1500,,TWN,Sound of Hope,M,Mandarin (Standard Chinese / Beijing dialect),FE,FE,,1,,[0621]
11440000,1500-1600,,TWN,Sound of Hope,M,Mandarin (Standard Chinese / Beijing dialect),FE,FE,,1,,
11440000,1600-1700,,TWN,Sound of Hope,M,Mandarin (Standard Chinese / Beijing dialect),FE,FE,,1,,
11440000,2000-1700,,CHN,CNR1 Jammer/Firedrake,M,Mandarin (Standard Chinese / Beijing dialect),FE,FE,,1,,[0422]
11440000,2000-2100,,TWN,Sound of Hope,M,Mandarin (Standard Chinese / Beijing dialect),FE,FE,,1,,
11440000,2100-2130,,TWN,Sound of Hope,M,Mandarin (Standard Chinese / Beijing dialect),FE,FE,,1,,
11440000,2130-2200,,TWN,Sound of Hope,M,Mandarin (Standard Chinese / Beijing dialect),FE,FE,,1,,
11440000,2200-2300,,TWN,Sound of Hope,M,Mandarin (Standard Chinese / Beijing dialect),FE,FE,,1,,
11440000,2300-2400,,TWN,Sound of Hope,M,Mandarin (Standard Chinese / Beijing dialect),FE,FE,,1,,
11454000,0210-0220,Mo,RUS,E06 Russian Spy Numbers,E,English,RUS,RUS,c,1,0104,3004
11460000,0000-0100,,TWN,Sound of Hope,M,Mandarin (Standard Chinese / Beijing dialect),FE,FE,,1,,[1223]
11460000,0100-0200,,TWN,Sound of Hope,M,Mandarin (Standard Chinese / Beijing dialect),FE,FE,,1,,
11460000,0200-1200,,TWN,Sound of Hope,M,Mandarin (Standard Chinese / Beijing dialect),FE,FE,,1,,[1224]
11460000,1200-1300,,TWN,Sound of Hope,M,Mandarin (Standard Chinese / Beijing dialect),FE,FE,,1,,[0125]
11460000,1300-1400,,TWN,Sound of Hope,M,Mandarin (Standard Chinese / Beijing dialect),FE,FE,,1,,[0222]
11460000,1400-1500,,TWN,Sound of Hope,M,Mandarin (Standard Chinese / Beijing dialect),FE,FE,,1,,[0125]
11460000,1500-1600,,TWN,Sound of Hope,M,Mandarin (Standard Chinese / Beijing dialect),FE,FE,,1,,[1123]
11460000,1600-1700,,TWN,Sound of Hope,M,Mandarin (Standard Chinese / Beijing dialect),FE,FE,,1,,[0822]
11460000,2100-1700,,CHN,CNR1 Jammer/Firedrake,M,Mandarin (Standard Chinese / Beijing dialect),FE,FE,,1,,[0125]
11460000,2100-2130,,TWN,Sound of Hope,M,Mandarin (Standard Chinese / Beijing dialect),FE,FE,,1,,
11460000,2130-2200,,TWN,Sound of Hope,M,Mandarin (Standard Chinese / Beijing dialect),FE,FE,,1,,
11460000,2200-2300,,TWN,Sound of Hope,M,Mandarin (Standard Chinese / Beijing dialect),FE,FE,,1,,
11460000,2300-2400,,TWN,Sound of Hope,M,Mandarin (Standard Chinese / Beijing dialect),FE,FE,,1,,
11472000,0210-0220,Mo,RUS,E06 Russian Spy Numbers,E,English,RUS,RUS,c,1,0108,3108
11486000,1850-1900,"We,Sa",POL,S11a Polish Spy Numbers,R,Russian,,,p,1,0111,2802[0223]
11487000,1300-1310,Sa,RUS,E06 Russian Spy Numbers,E,English,RUS,RUS,or,1,0104,3004
11500000,0000-0100,,TWN,Sound of Hope,M,Mandarin (Standard Chinese / Beijing dialect),FE,FE,,1,,[1223]
11500000,0100-0200,,TWN,Sound of Hope,M,Mandarin (Standard Chinese / Beijing dialect),FE,FE,,1,,
11500000,0200-1200,,TWN,Sound of Hope,M,Mandarin (Standard Chinese / Beijing dialect),FE,FE,,1,,[0925]
11500000,1200-1300,,TWN,Sound of Hope,M,Mandarin (Standard Chinese / Beijing dialect),FE,FE,,1,,[0525]
11500000,1300-1400,,TWN,Sound of Hope,M,Mandarin (Standard Chinese / Beijing dialect),FE,FE,,1,,
11500000,1400-1500,,TWN,Sound of Hope,M,Mandarin (Standard Chinese / Beijing dialect),FE,FE,,1,,[0223]
11500000,1500-1600,,TWN,Sound of Hope,M,Mandarin (Standard Chinese / Beijing dialect),FE,FE,,1,,[1123]
11500000,1600-1700,,TWN,Sound of Hope,M,Mandarin (Standard Chinese / Beijing dialect),FE,FE,,1,,[0822]
11500000,2000-1700,,CHN,CNR1 Jammer/Firedrake,M,Mandarin (Standard Chinese / Beijing dialect),FE,FE,,1,,[1123]
11500000,2000-2100,,TWN,Sound of Hope,M,Mandarin (Standard Chinese / Beijing dialect),FE,FE,,1,,
11500000,2100-2130,,TWN,Sound of Hope,M,Mandarin (Standard Chinese / Beijing dialect),FE,FE,,1,,
11500000,2130-2200,,TWN,Sound of Hope,M,Mandarin (Standard Chinese / Beijing dialect),FE,FE,,1,,
11500000,2200-2300,,TWN,Sound of Hope,M,Mandarin (Standard Chinese / Beijing dialect),FE,FE,,1,,
11500000,2300-2400,,TWN,Sound of Hope,M,Mandarin (Standard Chinese / Beijing dialect),FE,FE,,1,,
11508000,0740-0750,Su,RUS,V07 Russian Spy Numbers,S,Spanish/Castellano,FE,FE,kh,1,0108,3108
11510000,1300-1400,,CLA,Free North Korea Radio,K,Korean,KRE,KRE,/UZB,5,,[0826]
11520000,0000-0100,,TWN,Sound of Hope,M,Mandarin (Standard Chinese / Beijing dialect),FE,FE,,1,,
11520000,0100-0200,,TWN,Sound of Hope,M,Mandarin (Standard Chinese / Beijing dialect),FE,FE,,1,,
11520000,0200-1200,,TWN,Sound of Hope,M,Mandarin (Standard Chinese / Beijing dialect),FE,FE,,1,,[1224]
11520000,1200-1300,,TWN,Sound of Hope,M,Mandarin (Standard Chinese / Beijing dialect),FE,FE,,1,,[0125]
11520000,1300-1400,,TWN,Sound of Hope,M,Mandarin (Standard Chinese / Beijing dialect),FE,FE,,1,,[0824]
11520000,1400-1500,,TWN,Sound of Hope,M,Mandarin (Standard Chinese / Beijing dialect),FE,FE,,1,,[0125]
11520000,1500-1600,,TWN,Sound of Hope,M,Mandarin (Standard Chinese / Beijing dialect),FE,FE,,1,,
11520000,1600-1700,,TWN,Sound of Hope,M,Mandarin (Standard Chinese / Beijing dialect),FE,FE,,1,,
11520000,2000-1600,,CHN,CNR1 Jammer/Firedrake,M,Mandarin (Standard Chinese / Beijing dialect),CHN,CHN,,1,,[0321]
11520000,2100-2130,,TWN,Sound of Hope,M,Mandarin (Standard Chinese / Beijing dialect),FE,FE,,1,,
11520000,2130-2200,,TWN,Sound of Hope,M,Mandarin (Standard Chinese / Beijing dialect),FE,FE,,1,,
11520000,2200-2300,,TWN,Sound of Hope,M,Mandarin (Standard Chinese / Beijing dialect),FE,FE,,1,,
11520000,2300-2400,,TWN,Sound of Hope,M,Mandarin (Standard Chinese / Beijing dialect),FE,FE,,1,,
11521000,0400-0410,Th,RUS,E06 Russian Spy Numbers,E,English,RUS,RUS,c,1,0109,3009
11528000,0210-0220,Mo,RUS,E06 Russian Spy Numbers,E,English,RUS,RUS,c,1,0110,3110
11530000,1400-1500,Mo-Fr,USA,Trans World Radio,K,Korean,FE,FE,/UZB,1,2806,
11535000,0000-0100,,TWN,Sound of Hope,M,Mandarin (Standard Chinese / Beijing dialect),FE,FE,,1,,
11535000,0100-0200,,TWN,Sound of Hope,M,Mandarin (Standard Chinese / Beijing dialect),FE,FE,,1,,
11535000,0200-1200,,TWN,Sound of Hope,M,Mandarin (Standard Chinese / Beijing dialect),FE,FE,,1,,[0724]
11535000,1200-1300,,TWN,Sound of Hope,M,Mandarin (Standard Chinese / Beijing dialect),FE,FE,,1,,[1122]
11535000,1300-1400,,TWN,Sound of Hope,M,Mandarin (Standard Chinese / Beijing dialect),FE,FE,,1,,
11535000,1400-1500,,TWN,Sound of Hope,M,Mandarin (Standard Chinese / Beijing dialect),FE,FE,,1,,
11535000,1500-1600,,TWN,Sound of Hope,M,Mandarin (Standard Chinese / Beijing dialect),FE,FE,,1,,
11535000,2000-1600,,CHN,CNR1 Jammer/Firedrake,M,Mandarin (Standard Chinese / Beijing dialect),CHN,CHN,,1,,[0424]
11535000,2000-2100,,TWN,Sound of Hope,M,Mandarin (Standard Chinese / Beijing dialect),FE,FE,,1,,
11535000,2100-2130,,TWN,Sound of Hope,M,Mandarin (Standard Chinese / Beijing dialect),FE,FE,,1,,
11535000,2130-2200,,TWN,Sound of Hope,M,Mandarin (Standard Chinese / Beijing dialect),FE,FE,,1,,
11535000,2200-2300,,TWN,Sound of Hope,M,Mandarin (Standard Chinese / Beijing dialect),FE,FE,,1,,
11535000,2300-2400,,TWN,Sound of Hope,M,Mandarin (Standard Chinese / Beijing dialect),FE,FE,,1,,
11540000,0500-1400,,USA,Radio Farda,FS,Farsi / Iranian Persian,IRN,IRN,/KWT,6,2808,2510
11540000,1230-1330,,USA,VoA Radio Ashna,DR,Dari / Eastern Farsi,AFG,AFG,/KWT,6,0807,0807
11540000,1330-1400,,USA,VoA Radio Ashna,DR,Dari / Eastern Farsi,AFG,AFG,/KWT,6,2805,2510
11540000,1400-1430,,USA,VoA Radio Ashna,DR,Dari / Eastern Farsi,AFG,AFG,/KWT,0,,
11540000,1430-1500,,USA,VoA Radio Ashna,PS,Pashto / Pushtu,AFG,AFG,/KWT,0,,
11540000,1500-1530,,USA,VoA Radio Ashna,DR,Dari / Eastern Farsi,AFG,AFG,/KWT,0,,
11540000,1530-1600,,USA,VoA Radio Ashna,PS,Pashto / Pushtu,AFG,AFG,/KWT,0,,
11540000,1600-1630,,USA,VoA Radio Ashna,DR,Dari / Eastern Farsi,AFG,AFG,/KWT,0,,
11540000,1630-1700,,USA,VoA Radio Ashna,PS,Pashto / Pushtu,AFG,AFG,/KWT,0,,
11540000,1700-1730,,USA,VoA Radio Ashna,DR,Dari / Eastern Farsi,AFG,AFG,/KWT,0,,
11550000,0000-0100,,TWN,Sound of Hope,M,Mandarin (Standard Chinese / Beijing dialect),FE,FE,,1,,[1223]
11550000,0100-0200,,TWN,Sound of Hope,M,Mandarin (Standard Chinese / Beijing dialect),FE,FE,,1,,
11550000,0200-1200,,TWN,Sound of Hope,M,Mandarin (Standard Chinese / Beijing dialect),FE,FE,,1,,[0925]
11550000,1200-1300,,TWN,Sound of Hope,M,Mandarin (Standard Chinese / Beijing dialect),FE,FE,,1,,[0525]
11550000,1300-1400,,TWN,Sound of Hope,M,Mandarin (Standard Chinese / Beijing dialect),FE,FE,,1,,[0824]
11550000,1330-1415,Sa,USA,Trans World Radio,VN,Vietnamese,SEA,SEA,/PHL-i,1,,[0126]
11550000,1400-1500,,TWN,Sound of Hope,M,Mandarin (Standard Chinese / Beijing dialect),FE,FE,,1,,[0223]
11550000,2100-2130,,TWN,Sound of Hope,M,Mandarin (Standard Chinese / Beijing dialect),FE,FE,,1,,
11550000,2130-2200,,TWN,Sound of Hope,M,Mandarin (Standard Chinese / Beijing dialect),FE,FE,,1,,
11550000,2200-2300,,TWN,Sound of Hope,M,Mandarin (Standard Chinese / Beijing dialect),FE,FE,,1,,
11550000,2300-2400,,TWN,Sound of Hope,M,Mandarin (Standard Chinese / Beijing dialect),FE,FE,,1,,
11557000,0210-0220,Mo,RUS,E06 Russian Spy Numbers,E,English,RUS,RUS,c,1,0106,3006
11559000,0445-0455,"Tu,Th",POL,S11a Polish Spy Numbers,R,Russian,,,p,1,0111,2802
11559000,1205-1215,"Tu,We",POL,E11 Polish Spy Numbers,E,English,,,p,1,0111,2802
11560000,1400-1500,,CLA,North Korea Reform R.,K,Korean,KRE,KRE,/UZB,5,,[0526]
11560000,1500-1530,Su-Th,USA,Trans World Radio,K,Korean,FE,FE,/UZB,0,,
11560000,1530-1700,,USA,Trans World Radio,K,Korean,FE,FE,/UZB,0,,
11560000,2000-2100,,CLA,North Korea Reform R.,K,Korean,KRE,KRE,/UZB,5,,[0625]
11567000,0210-0220,Mo,RUS,E06 Russian Spy Numbers,E,English,RUS,RUS,c,1,0103,3103
11570000,1700-1800,,D,SM Radio Dessau,D,German,Eu,Eu,/ARM,6,0908,0908
11574000,1410-1420,"Th,Sa",RUS,E07 Russian Spy Numbers,E,English,RUS,RUS,m,1,0111,3011
11575000,0600-0630,"Tu,Th",USA,Voice of America,E,English,SEA,SEA,/THA-u,6,1606,2510
11575000,1130-1400,,USA,Radio Farda,FS,Farsi / Iranian Persian,IRN,IRN,/KWT,6,1706,1706
11575000,1400-1430,,USA,VoA Radio Ashna,DR,Dari / Eastern Farsi,AFG,AFG,/KWT,0,,
11575000,1430-1500,,USA,VoA Radio Ashna,PS,Pashto / Pushtu,AFG,AFG,/KWT,0,,
11575000,1500-1530,,USA,VoA Radio Ashna,DR,Dari / Eastern Farsi,AFG,AFG,/KWT,0,,
11575000,1530-1600,,USA,VoA Radio Ashna,PS,Pashto / Pushtu,AFG,AFG,/KWT,0,,
11575000,1600-1630,,USA,VoA Radio Ashna,DR,Dari / Eastern Farsi,AFG,AFG,/KWT,0,,
11575000,1630-1700,,USA,VoA Radio Ashna,PS,Pashto / Pushtu,AFG,AFG,/KWT,0,,
11575000,1700-1730,,USA,VoA Radio Ashna,DR,Dari / Eastern Farsi,AFG,AFG,/KWT,0,,
11575000,1730-1800,,USA,VoA Radio Ashna,PS,Pashto / Pushtu,AFG,AFG,/KWT,0,,
11580000,0000-0100,,TWN,Sound of Hope,M,Mandarin (Standard Chinese / Beijing dialect),FE,FE,,1,,[1123]
11580000,0100-0200,,TWN,Sound of Hope,M,Mandarin (Standard Chinese / Beijing dialect),FE,FE,,1,,
11580000,0200-1200,,TWN,Sound of Hope,M,Mandarin (Standard Chinese / Beijing dialect),FE,FE,,1,,[1025]
11580000,1200-1300,,TWN,Sound of Hope,M,Mandarin (Standard Chinese / Beijing dialect),FE,FE,,1,,[0125]
11580000,1300-1400,,TWN,Sound of Hope,M,Mandarin (Standard Chinese / Beijing dialect),FE,FE,,1,,[0824]
11580000,1400-1500,,TWN,Sound of Hope,M,Mandarin (Standard Chinese / Beijing dialect),FE,FE,,1,,[0125]
11580000,1500-1600,,TWN,Sound of Hope,CA,Cantonese / Yue,FE,FE,,1,,
11580000,2100-1600,,CHN,CNR1 Jammer/Firedrake,M,Mandarin (Standard Chinese / Beijing dialect),FE,FE,,1,,[1220]
11580000,2100-2130,,TWN,Sound of Hope,M,Mandarin (Standard Chinese / Beijing dialect),FE,FE,,1,,
11580000,2130-2200,,TWN,Sound of Hope,M,Mandarin (Standard Chinese / Beijing dialect),FE,FE,,1,,
11580000,2200-2300,,TWN,Sound of Hope,M,Mandarin (Standard Chinese / Beijing dialect),FE,FE,,1,,
11580000,2300-2400,,TWN,Sound of Hope,M,Mandarin (Standard Chinese / Beijing dialect),FE,FE,,1,,
11581000,0315-0325,"Mo,We",POL,E11 Polish Spy Numbers,E,English,,,p,1,0103,3004
11585000,0900-1100,,CHN,CNR1 Jammer/Firedrake,M,Mandarin (Standard Chinese / Beijing dialect),FE,FE,,0,,
11585000,0900-1100,,USA,Voice of America,M,Mandarin (Standard Chinese / Beijing dialect),FE,FE,/PHL-t,0,,
11590000,1130-1500,,USA,Voice of America,M,Mandarin (Standard Chinese / Beijing dialect),FE,FE,/PHL-t,6,1706,1706
11590000,1300-1400,,USA,Voice of America,M,Mandarin (Standard Chinese / Beijing dialect),FE,FE,/KWT,6,1906,1906
11590000,1500-1600,,USA,Voice of America,M,Mandarin (Standard Chinese / Beijing dialect),FE,FE,/KWT,6,0407,0407
11590000,2100-2400,,CHN,CNR1 Jammer/Firedrake,M,Mandarin (Standard Chinese / Beijing dialect),FE,FE,,6,0405,2510
11590000,2100-2400,,USA,Voice of America,M,Mandarin (Standard Chinese / Beijing dialect),FE,FE,/KWT,6,0405,2510
11590000,2200-2230,,CHN,CNR1 Jammer/Firedrake,M,Mandarin (Standard Chinese / Beijing dialect),FE,FE,,6,2903,2604
11590000,2200-2230,,USA,Voice of America,M,Mandarin (Standard Chinese / Beijing dialect),FE,FE,/KWT,6,2903,2604
11590000,2200-2400,,CHN,CNR1 Jammer/Firedrake,M,Mandarin (Standard Chinese / Beijing dialect),FE,FE,,6,2704,0305
11590000,2200-2400,,USA,Voice of America,M,Mandarin (Standard Chinese / Beijing dialect),FE,FE,/KWT,6,2704,0305
11593000,1410-1420,"Th,Sa",RUS,E07 Russian Spy Numbers,E,English,RUS,RUS,m,1,0101,3101[0120]
11600000,0000-0600,,CHN,CNR 2 China Business R.,M,Mandarin (Standard Chinese / Beijing dialect),CHN,CHN,x,4,,
11600000,0400-0500,,USA,Brother Stair,E,English,Eu,Eu,/BUL-s,1,,[0925]
11600000,0600-0900,Th-Tu,CHN,CNR 2 China Business R.,M,Mandarin (Standard Chinese / Beijing dialect),CHN,CHN,x,4,,[0321]
11600000,0900-1100,,CHN,CNR 2 China Business R.,M,Mandarin (Standard Chinese / Beijing dialect),CHN,CHN,x,4,,[0324]
11600000,1300-1400,,PHL,FEBC Manila,M,Mandarin (Standard Chinese / Beijing dialect),FE,FE,b,1,,[0626]
11600000,1400-1600,,PHL,FEBC Manila,M,Mandarin (Standard Chinese / Beijing dialect),FE,FE,i,1,,[0826]
11600000,1545-1600,,CAN,Bible Voice,A,Arabic (300m),ME,ME,/BUL-s,0,,
11600000,1600-1615,Fr,CAN,Bible Voice,A,Arabic (300m),ME,ME,/BUL-s,0,,
11600000,1600-1700,,USA,Brother Stair,E,English,Eu,Eu,/BUL-s,1,,[0726]
11600000,2100-1600,,CHN,CNR1 Jammer/Firedrake,M,Mandarin (Standard Chinese / Beijing dialect),CHN,CHN,,1,,[0125]
11600100,0000-0100,,TWN,Sound of Hope,M,Mandarin (Standard Chinese / Beijing dialect),FE,FE,,1,,[1223]
11600100,0100-0200,,TWN,Sound of Hope,M,Mandarin (Standard Chinese / Beijing dialect),FE,FE,,1,,
11600100,0200-1200,,TWN,Sound of Hope,M,Mandarin (Standard Chinese / Beijing dialect),FE,FE,,1,,[0125]
11600100,1200-1300,,TWN,Sound of Hope,M,Mandarin (Standard Chinese / Beijing dialect),FE,FE,,1,,[0521]
11600100,1300-1400,,TWN,Sound of Hope,M,Mandarin (Standard Chinese / Beijing dialect),FE,FE,,1,,
11600100,1400-1500,,TWN,Sound of Hope,M,Mandarin (Standard Chinese / Beijing dialect),FE,FE,,1,,
11600100,1500-1600,,TWN,Sound of Hope,CA,Cantonese / Yue,FE,FE,,1,,
11600100,2100-2130,,TWN,Sound of Hope,M,Mandarin (Standard Chinese / Beijing dialect),FE,FE,,1,,
11600100,2130-2200,,TWN,Sound of Hope,M,Mandarin (Standard Chinese / Beijing dialect),FE,FE,,1,,
11600100,2200-2300,,TWN,Sound of Hope,M,Mandarin (Standard Chinese / Beijing dialect),FE,FE,,1,,
11600100,2300-2400,,TWN,Sound of Hope,M,Mandarin (Standard Chinese / Beijing dialect),FE,FE,,1,,
11605000,1100-1200,,CHN,China National Radio,M,Mandarin (Standard Chinese / Beijing dialect),CHN,CHN,d,5,,
11605000,1100-1200,,TWN,Radio Taiwan Int.,M,Mandarin (Standard Chinese / Beijing dialect),FE,FE,p,5,,
11610000,0000-0600,,CHN,CNR 2 China Business R.,M,Mandarin (Standard Chinese / Beijing dialect),CHN,CHN,B,4,,
11610000,0600-0900,Th-Tu,CHN,CNR 2 China Business R.,M,Mandarin (Standard Chinese / Beijing dialect),CHN,CHN,B,1,,[0222]
11610000,0900-1100,,CHN,CNR 2 China Business R.,M,Mandarin (Standard Chinese / Beijing dialect),CHN,CHN,B,4,,
11610000,0900-1300,,CHN,CNR 2 China Business R.,M,Mandarin (Standard Chinese / Beijing dialect),CHN,CHN,B,5,,[0521]
11610000,1300-1400,,CHN,China Radio Int.,BE,Bengali/Bangla,SAs,SAs,k,0,,
11610000,1400-1500,,CHN,China Radio Int.,BE,Bengali/Bangla,SAs,SAs,k,0,,
11610000,1500-1600,,CHN,China Radio Int.,E,English,NAf,NAf,ka,0,,
11610000,1600-1700,,CHN,CNR1 Jammer/Firedrake,M,Mandarin (Standard Chinese / Beijing dialect),FE,FE,,0,,
11610000,1600-1700,,USA,Voice of America,TB,Tibetan / Lhasa Tibetan,FE,FE,/KWT,0,,
11610000,1900-2000,Su,USA,Follow the Bible Min.,F,French,Af,Af,/G-w,6,0106,2510[0626]
11610000,2100-2200,,MDG,MWV The Light of Life,M,Mandarin (Standard Chinese / Beijing dialect),WEu,WEu,m,1,,[0826]
11610000,2200-2300,,MDG,MWV Radio Feda,A,Arabic (300m),NAf,NAf,m,1,,[0126]
11610000,2300-0600,,CHN,CNR 2 China Business R.,M,Mandarin (Standard Chinese / Beijing dialect),CHN,CHN,B,5,,
11615000,1100-1200,,TWN,Radio Taiwan Int.,M,Mandarin (Standard Chinese / Beijing dialect),FE,FE,,6,2406,2406
11615000,2000-2100,"Tu,Th",D,Music 4 Joy DIGITAL,,,WAf,WAf,n,0,,
11616000,0400-0410,Mo-Fr,RUS,S06 Russian Spy Numbers,R,Russian,FE,FE,kh,1,,
11620000,0000-0100,,ROU,Radio Romania Int.,E,English,ENA,ENA,t,0,,
11620000,0000-0600,,CHN,CNR5 Cross-Strait Radio,M,Mandarin (Standard Chinese / Beijing dialect),TWN,TWN,B,1,,[0225]
11620000,0100-0200,,ROU,Radio Romania Int.,F,French,ENA,ENA,t,0,,
11620000,0300-0400,,ROU,Radio Romania Int.,E,English,WNA,WNA,t,0,,
11620000,0600-0900,Th-Tu,CHN,CNR5 Cross-Strait Radio,M,Mandarin (Standard Chinese / Beijing dialect),TWN,TWN,B,1,,[1124]
11620000,0900-1000,,CHN,CNR5 Cross-Strait Radio,M,Mandarin (Standard Chinese / Beijing dialect),TWN,TWN,B,1,,
11620000,1000-1100,,CHN,China Radio Int.,J,Japanese,FE,FE,x,0,,
11620000,1100-1200,,CHN,China Radio Int.,J,Japanese,FE,FE,x,0,,
11620000,1200-1300,,CHN,China Radio Int.,J,Japanese,FE,FE,x,0,,
11620000,1300-1605,,CHN,CNR 2 China Business R.,M,Mandarin (Standard Chinese / Beijing dialect),CHN,CHN,k,6,1105,1505
11620000,2055-2300,,CHN,CNR 2 China Business R.,M,Mandarin (Standard Chinese / Beijing dialect),CHN,CHN,k,6,1105,1505
11620000,2300-2400,,CHN,China Radio Int.,VN,Vietnamese,SEA,SEA,b,0,,
11625000,1900-2200,,J,NHK Radio Japan,J,Japanese,ME,ME,y,6,2903,3107
11630000,0600-0800,We-Mo,CHN,China National Radio 17,KZ,Kazakh,CHN,CHN,L,1,,
11630000,0800-0900,We-Mo,CHN,China National Radio 17,M,Mandarin (Standard Chinese / Beijing dialect),CHN,CHN,L,1,,
11630000,0900-1200,,CHN,China National Radio 17,KZ,Kazakh,CHN,CHN,L,1,,[0425]
11630000,1200-1500,,CHN,China National Radio 17,KZ,Kazakh,CHN,CHN,L,5,,[0526]
11630000,1400-1430,,S,IBRA Radio,TIG,Tigrinya/Tigray,EAf,EAf,/UAE,0,,
11630000,1500-1600,,CHN,China National Radio 17,M,Mandarin (Standard Chinese / Beijing dialect),CHN,CHN,L,5,,
11630000,1600-1805,,CHN,China National Radio 17,KZ,Kazakh,CHN,CHN,L,5,,[0526]
11630000,2355-0600,,CHN,China National Radio 17,KZ,Kazakh,CHN,CHN,L,1,,[0526]
11632000,0210-0220,Mo,RUS,E06 Russian Spy Numbers,E,English,RUS,RUS,c,1,0107,3107
11635000,1000-1100,,CHN,China Radio Int.,E,English,Sib,Sib,b,0,,
11635000,1800-1900,,KRE,Voice of Korea,F,French,ME,ME,u,1,,[1024]
11635000,1900-2000,,KRE,Voice of Korea,E,English,ME,ME,u,1,,[0726]
11635000,2000-2050,,KRE,Voice of Korea KCBS,K,Korean,ME,ME,u,1,,[0625]
11635000,2100-2200,,KRE,Voice of Korea,M,Mandarin (Standard Chinese / Beijing dialect),FE,FE,u,1,,[0623]
11635000,2200-2300,,KRE,Voice of Korea,M,Mandarin (Standard Chinese / Beijing dialect),FE,FE,u,1,,[0522]
11635000,2300-2350,,KRE,Voice of Korea KCBS,K,Korean,FE,FE,u,1,,
11638000,0000-2400,irr,D,DWD Polarstern Fax/RTTY,,,Eu,Eu,pi,1,,[1016]
11640000,0200-0300,,CHN,China Radio Int.,BE,Bengali/Bangla,SAs,SAs,k,0,,
11640000,0300-0400,,CHN,China Radio Int.,HI,Hindi,SAs,SAs,ka,0,,
11640000,0400-0430,Tu-Fr,HOL,Radio Tamazuj,SUD,Sudanese Arabic,SSD,SSD,/CVA,6,1606,2510
11640000,0430-0500,,HOL,Radio Dabanga,SUD,Sudanese Arabic,SDN,SDN,/MDG,0,,
11640000,0600-0630,,CHN,CRI DIGITAL,M,Mandarin (Standard Chinese / Beijing dialect),Oc,Oc,k,0,,
11640000,0700-0800,,CHN,China Radio Int.,CA,Cantonese / Yue,FE,FE,j,0,,
11640000,0800-0900,,CHN,China Radio Int.,M,Mandarin (Standard Chinese / Beijing dialect),FE,FE,j,0,,
11640000,1200-1300,,CHN,China Radio Int.,VN,Vietnamese,SEA,SEA,x,0,,
11640000,1420-1520,,IRN,IRIB Voice of I.R.Iran,HI,Hindi,SAs,SAs,s,0,,
11640000,1430-1500,,CHN,China Radio Int.,TAG,Tagalog,PHL,PHL,n,0,,
11640000,1520-1620,,IRN,IRIB Voice of I.R.Iran,E,English,SAs,SAs,s,0,,
11640000,1620-1650,,IRN,IRIB Voice of I.R.Iran,BE,Bengali/Bangla,SAs,SAs,s,0,,
11640000,1700-1800,Test,XUU,Unknown Station,TIG,Tigrinya/Tigray,EAf,EAf,/MDG,6,1505,2410
11640000,1800-1830,,CHN,China Radio Int.,HA,Haussa,NIG,NIG,/MLI,0,,
11640000,1830-1930,,CHN,China Radio Int.,A,Arabic (300m),EAf,EAf,/MLI,0,,
11640000,1930-2000,,CHN,China Radio Int.,P,Portuguese,EAf,EAf,/MLI,0,,
11640000,2000-2100,,CHN,China Radio Int.,E,English,EAf,EAf,/MLI,0,,
11640000,2100-2130,,CHN,China Radio Int.,E,English,EAf,EAf,/MLI,0,,
11645000,1500-1600,,KRE,Voice of Korea,A,Arabic (300m),ME,ME,u,1,,[0226]
11645000,1520-1620,,IRN,IRIB Voice of I.R.Iran,E,English,SAs,SAs,s,0,,
11645000,1600-1700,,KRE,Voice of Korea,E,English,ME,ME,u,1,,[1025]
11645000,1700-1800,,KRE,Voice of Korea,A,Arabic (300m),ME,ME,u,1,,[0425]
11650000,0100-0200,,CHN,China Radio Int.,M,Mandarin (Standard Chinese / Beijing dialect),PAK,PAK,u,0,,
11650000,0200-0300,,CHN,China Radio Int.,UR,Urdu,SAs,SAs,ka,0,,
11650000,0400-0500,,CHN,China Radio Int.,VN,Vietnamese,SEA,SEA,k,0,,
11650000,0500-0600,,CHN,China Radio Int.,VN,Vietnamese,SEA,SEA,k,0,,
11650000,0530-0600,,ROU,Radio Romania Int.,E,English,WEu,WEu,t,0,,
11650000,1030-1045,Tu-Th,AUS,Reach Beyond Australia,K,Korean,FE,FE,ku,0,,
11650000,1030-1100,Fr-Mo,AUS,Reach Beyond Australia,K,Korean,FE,FE,ku,0,,
11650000,1045-1100,Tu-Th,AUS,Reach Beyond Australia,E,English,FE,FE,ku,0,,
11650000,1100-1300,,CHN,China Radio Int.,E,English,PAK,PAK,u,0,,
11650000,1300-1400,,CHN,China Radio Int.,EO,Esperanto,SEA,SEA,b,0,,
11650000,1400-1500,,CHN,China Radio Int.,AM,Amoy,SEA,SEA,k,0,,
11650000,1700-1800,,CHN,China Radio Int.,EO,Esperanto,Eu,Eu,x,0,,
11650000,1800-2000,,CHN,China Radio Int.,D,German,WEu,WEu,u,0,,
11650000,2200-2300,,ROU,Radio Romania Int.,E,English,FE,FE,t,0,,
11655000,0600-0615,,CAN,Bible Voice,A,Arabic (300m),NAf,NAf,/D-n,0,,
11655000,1500-1520,,J,NHK Radio Japan,BE,Bengali/Bangla,SAs,SAs,y,0,,
11655000,1530-1550,,J,NHK Radio Japan,HI,Hindi,SAs,SAs,y,0,,
11655000,1600-1630,,S,IBRA Radio Ibrahim,AFA,Afar,EAf,EAf,/UAE,1,,[1025]
11660000,0000-0100,,CHN,CNR1 Jammer/Firedrake,M,Mandarin (Standard Chinese / Beijing dialect),FE,FE,,0,,
11660000,0000-0100,,USA,Voice of America,M,Mandarin (Standard Chinese / Beijing dialect),FE,FE,/PHL-t,0,,
11660000,0100-0600,,CHN,CNR 2 China Business R.,M,Mandarin (Standard Chinese / Beijing dialect),CHN,CHN,x,1,,
11660000,0600-0900,Th-Tu,CHN,CNR 2 China Business R.,M,Mandarin (Standard Chinese / Beijing dialect),CHN,CHN,x,1,,
11660000,0900-1100,,CHN,CNR 2 China Business R.,M,Mandarin (Standard Chinese / Beijing dialect),CHN,CHN,x,5,,
11660000,1100-1120,,J,NHK Radio Japan,K,Korean,FE,FE,y,0,,
11660000,1120-1140,,J,NHK Radio Japan,M,Mandarin (Standard Chinese / Beijing dialect),FE,FE,y,0,,
11660000,1140-1200,,J,NHK Radio Japan,K,Korean,FE,FE,y,0,,
11660000,1200-1220,,J,NHK Radio Japan,M,Mandarin (Standard Chinese / Beijing dialect),FE,FE,y,0,,
11660000,1220-1240,,J,NHK Radio Japan,K,Korean,FE,FE,y,0,,
11660000,1240-1300,,J,NHK Radio Japan,M,Mandarin (Standard Chinese / Beijing dialect),FE,FE,y,0,,
11660000,1300-1320,,J,NHK Radio Japan,K,Korean,FE,FE,y,0,,
11660000,1320-1340,,J,NHK Radio Japan,M,Mandarin (Standard Chinese / Beijing dialect),FE,FE,y,0,,
11660000,1340-1350,,J,NHK Radio Japan,K,Korean,FE,FE,y,0,,
11660000,1400-1500,,CHN,China Radio Int.,UR,Urdu,SAs,SAs,k,0,,
11660000,1630-1645,SaSu,SWZ,Trans World Radio,KAM,Kambaata,ETH,ETH,,4,,
11660000,1630-1715,Mo-Fr,SWZ,Trans World Radio,AH,Amharic,ETH,ETH,,4,,[0226]
11660000,1630-1730,,TUR,Voice of Turkey,E,English,PAK,PAK,e,0,,
11660000,1645-1730,Su,SWZ,Trans World Radio,OO,Oromo,ETH,ETH,,4,,
11660000,1715-1800,Mo-Fr,SWZ,Trans World Radio,SID,Sidamo/Sidama,ETH,ETH,,4,,[0126]
11660000,1730-1830,,CHN,China Radio Int.,M,Mandarin (Standard Chinese / Beijing dialect),Eu,Eu,s,0,,
11660000,1900-1930,Su,USA,Follow the Bible Min.,E,English,WAf,WAf,/ASC,1,,[0626]
11660000,1930-2000,Sa-Th,G,BBC,HA,Haussa,WAf,WAf,/ASC,0,,
11660000,1930-2030,Fr,G,BBC,HA,Haussa,WAf,WAf,/ASC,0,,
11660000,2030-2230,,CHN,China Radio Int.,F,French,SEu,SEu,ka,0,,
11665000,1500-1530,,CHN,China Radio Int.,PS,Pashto / Pushtu,AFG,AFG,k,0,,
11665000,1530-1600,,CHN,China Radio Int.,PS,Pashto / Pushtu,AFG,AFG,k,0,,
11670000,0600-0900,Th-Tu,CHN,CNR 2 China Business R.,M,Mandarin (Standard Chinese / Beijing dialect),CHN,CHN,B,1,,[0222]
11670000,0900-1200,,CHN,CNR 2 China Business R.,M,Mandarin (Standard Chinese / Beijing dialect),CHN,CHN,B,1,,
11670000,2230-0600,,CHN,CNR 2 China Business R.,M,Mandarin (Standard Chinese / Beijing dialect),CHN,CHN,B,5,,
11670000,2330-0600,,CHN,CNR 2 China Business R.,M,Mandarin (Standard Chinese / Beijing dialect),CHN,CHN,B,4,,[1223]
11675000,1300-1400,,CHN,China Radio Int.,HI,Hindi,PAK,PAK,u,0,,
11675000,1400-1500,,CHN,China Radio Int.,E,English,PAK,PAK,u,0,,
11680000,1200-1300,,CHN,China Radio Int.,KH,Khmer,SEA,SEA,n,0,,
11680000,1800-1900,Test,XUU,Unknown Station,TIG,Tigrinya/Tigray,EAf,EAf,/MDG,6,1505,2410
11680000,1920-2020,,IRN,IRIB Voice of I.R.Iran,E,English,SAf,SAf,s,0,,
11680000,1950-1800,,KRE,KCBS Pyongyang,K,Korean,KRE,KRE,k,1,,[0226]
11685000,0000-0600,,CHN,China National Radio 11,TB,Tibetan / Lhasa Tibetan,CHN,CHN,as,1,,[0426]
11685000,0600-0700,Th-Tu,CHN,China National Radio 11,TB,Tibetan / Lhasa Tibetan,CHN,CHN,as,1,,
11685000,0700-0800,Th-Tu,CHN,China National Radio 11,M,Mandarin (Standard Chinese / Beijing dialect),CHN,CHN,as,1,,
11685000,0800-0900,Th-Tu,CHN,China National Radio 11,TB,Tibetan / Lhasa Tibetan,CHN,CHN,as,1,,
11685000,0900-1100,,CHN,China National Radio 11,TB,Tibetan / Lhasa Tibetan,CHN,CHN,as,1,,
11685000,1100-1300,,CHN,China National Radio 11,TB,Tibetan / Lhasa Tibetan,CHN,CHN,as,5,,
11685000,1400-1500,,CHN,China Radio Int.,TAM,Tamil,SAs,SAs,ka,0,,
11685000,1500-1600,,CHN,China Radio Int.,TAM,Tamil,SAs,SAs,ka,0,,
11685000,2055-2300,,CHN,China National Radio 8,MO,Mongolian,CHN,CHN,qq,1,,
11688000,0000-2400,,PTR,NAU US Navy,-TY,Teletype or other digital Station (RTTY/SITOR/..),NAm,NAm,i,1,,[0524]
11690000,0000-1800,1.Sa,FIN,Scandinavian Weekend R.,FI,Finnish,Eu,Eu,v,5,,[0726]
11690000,0000-1900,1.Sa,FIN,Scandinavian Weekend R.,FI,Finnish,Eu,Eu,v,4,,[0324]
11690000,0340-0415,Test,NZL,RNZ Pacific DIGITAL,E,English,Oc,Oc,r,6,0406,0406
11690000,1859-1958,Su-Fr,NZL,RNZ Pacific DIGITAL,E,English,Oc,Oc,r,6,2903,0706
11690000,1940-1950,Su-Th,NZL,RNZ Pacific DIGITAL,TO,Tongan,Oc,Oc,r,6,2903,0706
11690000,2100-2400,1.Fr,FIN,Scandinavian Weekend R.,FI,Finnish,Eu,Eu,v,5,,[0724]
11690000,2200-2400,1.Fr,FIN,Scandinavian Weekend R.,FI,Finnish,Eu,Eu,v,4,,
11690000,2300-2400,,CHN,China Radio Int.,E,English,FE,FE,b,0,,
11690000,2300-2400,24Dec,FIN,Scandinavian Weekend R.,FI,Finnish,Eu,Eu,v,1,0112,2412
11695000,0000-1100,,CHN,CNR 2 China Business R.,M,Mandarin (Standard Chinese / Beijing dialect),CHN,CHN,x,1,,[0925]
11695000,0100-0900,,CHN,CNR1 DIGITAL,M,Mandarin (Standard Chinese / Beijing dialect),CHN,CHN,d,1,,[0426]
11695000,1800-2000,,CHN,China Radio Int.,F,French,CAf,CAf,ka,0,,
11700000,0400-0500,,F,Radio France Int.,F,French,EAf,EAf,i,0,,
11700000,0500-0600,,F,Radio France Int.,F,French,CAf,CAf,i,0,,
11700000,0600-0700,,F,Radio France Int.,F,French,WAf,WAf,i,0,,
11700000,1100-1200,,USA,Adventist World Radio,M,Mandarin (Standard Chinese / Beijing dialect),FE,FE,/GUM-a,0,,
11700000,1200-1230,,ROU,Radio Romania Int.,A,Arabic (300m),ME,ME,g,0,,
11700000,1530-1600,Sa,EQA,HCJB Voice of Andes,R,Russian,Cau,Cau,/D-n,5,,
11700000,1600-1630,Sa,EQA,HCJB Voice of Andes,CHE,Chechen,Cau,Cau,/D-n,5,,
11700000,2030-2100,,USA,Adventist World Radio,NIG,Nigerian Pidgin,WAf,WAf,/D-n,0,,
11710000,0100-0230,,IND,AIR Akashvani Ext.Sce,TB,Tibetan / Lhasa Tibetan,Tib,Tib,d,1,,
11710000,0100-0230,,CHN,CNR1 Jammer/Firedrake,M,Mandarin (Standard Chinese / Beijing dialect),FE,FE,,1,,
11710000,0200-0215,irr,IND,AIR Akashvani Ext.Sce,E,English,Tib,Tib,d,1,,
11710000,0600-0700,,CHN,China Radio Int.,M,Mandarin (Standard Chinese / Beijing dialect),SEA,SEA,n,0,,
11710000,0700-0800,,CHN,China Radio Int.,M,Mandarin (Standard Chinese / Beijing dialect),SEA,SEA,n,0,,
11710000,0800-0900,,CHN,China Radio Int.,E,English,FE,FE,x,0,,
11710000,0900-1000,,CHN,China Radio Int.,E,English,FE,FE,x,0,,
11710000,1000-1100,,KRE,Voice of Korea,E,English,LAm,LAm,u,5,,[0825]
11710000,1100-1200,,KRE,Voice of Korea,F,French,LAm,LAm,u,5,,
11710000,1200-1250,,KRE,Voice of Korea KCBS,K,Korean,LAm,LAm,u,5,,[0724]
11710000,1220-1320,,IRN,IRIB Voice of I.R.Iran,PS,Pashto / Pushtu,CAs,CAs,s,0,,
11710000,1300-1400,,KRE,Voice of Korea,E,English,NAm,NAm,u,1,,[0726]
11710000,1320-1420,,IRN,IRIB Voice of I.R.Iran,KU,Kurdish,ME,ME,s,0,,
11710000,1400-1500,,KRE,Voice of Korea,F,French,NAm,NAm,u,1,,[0826]
11710000,1420-1520,,IRN,IRIB Voice of I.R.Iran,BE,Bengali/Bangla,SAs,SAs,s,0,,
11710000,1500-1600,,KRE,Voice of Korea,E,English,NAm,NAm,u,1,,[0726]
11710000,1520-1620,,IRN,IRIB Voice of I.R.Iran,E,English,SAs,SAs,s,0,,
11710000,1600-1700,,KRE,Voice of Korea,F,French,NAm,NAm,u,1,,[0326]
11710000,1620-1650,,IRN,IRIB Voice of I.R.Iran,BE,Bengali/Bangla,SAs,SAs,s,0,,
11710000,1650-1820,,IRN,IRIB Voice of I.R.Iran,TU,Turkish,ME,ME,s,0,,
11710000,1700-1750,,KRE,Voice of Korea KCBS,K,Korean,NAm,NAm,u,1,,[1223]
11710000,1830-1930,"Tu,Th",D,Music 4 Joy DIGITAL,,,ME,ME,n,0,,
11715000,0000-0100,,TWN,Sound of Hope,M,Mandarin (Standard Chinese / Beijing dialect),FE,FE,,1,,[1223]
11715000,0100-0200,,TWN,Sound of Hope,M,Mandarin (Standard Chinese / Beijing dialect),FE,FE,,1,,
11715000,0200-1200,,TWN,Sound of Hope,M,Mandarin (Standard Chinese / Beijing dialect),FE,FE,,1,,[1125]
11715000,1200-1300,,TWN,Sound of Hope,M,Mandarin (Standard Chinese / Beijing dialect),FE,FE,,1,,[0423]
11715000,1300-1400,,TWN,Sound of Hope,M,Mandarin (Standard Chinese / Beijing dialect),FE,FE,,1,,[0525]
11715000,1400-1500,,TWN,Sound of Hope,M,Mandarin (Standard Chinese / Beijing dialect),FE,FE,,1,,[0125]
11715000,1500-1600,,TWN,Sound of Hope,M,Mandarin (Standard Chinese / Beijing dialect),FE,FE,,1,,[1123]
11715000,1600-1700,,TWN,Sound of Hope,M,Mandarin (Standard Chinese / Beijing dialect),FE,FE,,1,,[0422]
11715000,2100-1700,,CHN,CNR1 Jammer/Firedrake,M,Mandarin (Standard Chinese / Beijing dialect),FE,FE,,1,,[0626]
11715000,2100-2130,,TWN,Sound of Hope,M,Mandarin (Standard Chinese / Beijing dialect),FE,FE,,1,,
11715000,2130-2200,,TWN,Sound of Hope,M,Mandarin (Standard Chinese / Beijing dialect),FE,FE,,1,,
11715000,2200-2300,,TWN,Sound of Hope,M,Mandarin (Standard Chinese / Beijing dialect),FE,FE,,1,,
11715000,2300-2400,,TWN,Sound of Hope,M,Mandarin (Standard Chinese / Beijing dialect),FE,FE,,1,,
11720000,0600-0900,We-Mo,CHN,China National Radio 1,M,Mandarin (Standard Chinese / Beijing dialect),CHN,CHN,s,4,,[0222]
11720000,0900-1100,,CHN,China National Radio 1,M,Mandarin (Standard Chinese / Beijing dialect),CHN,CHN,s,4,,[0822]
11720000,1030-1330,,VTN,Voice of Vietnam 5,VN,Vietnamese,SEA,SEA,s,1,,[1125]
11720000,1100-1200,,CHN,China Radio Int.,VN,Vietnamese,SEA,SEA,a,0,,
11720000,1200-1300,,CHN,China Radio Int.,VN,Vietnamese,SEA,SEA,a,0,,
11720000,1330-1700,,VTN,Voice of Vietnam 3,VN,Vietnamese,Oc,Oc,s,1,,[0925]
11720000,1800-2100,1.Sa,FIN,Scandinavian Weekend R.,FI,Finnish,Eu,Eu,v,2,,[0725]
11720000,1820-1920,,IRN,IRIB Voice of I.R.Iran,HA,Haussa,WAf,WAf,s,0,,
11720000,2145-1030,,VTN,Voice of Vietnam 4,VN,Vietnamese,Oc,Oc,s,1,,[1122]
11720000,2330-0600,,CHN,China National Radio 1,M,Mandarin (Standard Chinese / Beijing dialect),CHN,CHN,s,4,,[1122]
11725000,0659-1058,,NZL,RNZ Pacific,E,English,Oc,Oc,r,6,2903,0706
11725000,0725-0735,Mo-Fr,NZL,RNZ Pacific,SLM,Pijin/Solomon Islands Pidgin,Oc,Oc,r,6,2903,0706
11725000,0800-0830,Mo-Fr,AUS,ABC Wantok,TP,Tok Pisin,Oc,Oc,/NZL-r,6,2903,0706
11725000,0830-0840,Th,NZL,RNZ Pacific,F,French,Oc,Oc,r,6,2903,0706
11725000,1600-1800,,CHN,China Radio Int.,D,German,Eu,Eu,x,0,,
11725000,1859-1958,,NZL,RNZ Pacific,E,English,Oc,Oc,r,6,0806,2510
11725000,1940-1950,Su-Th,NZL,RNZ Pacific,TO,Tongan,Oc,Oc,r,6,0806,2510
11730000,0000-0200,,G,BBC,E,English,NIn,NIn,/OMA-a,6,0205,2510
11730000,0230-0330,,CHN,China Radio Int.,NE,Nepali/Lhotshampa,FE,FE,k,0,,
11730000,0550-0820,,IRN,IRIB Voice of I.R.Iran,DR,Dari / Eastern Farsi,CAs,CAs,s,0,,
11730000,0920-1250,,IRN,IRIB Voice of I.R.Iran,DR,Dari / Eastern Farsi,CAs,CAs,s,0,,
11730000,1100-1200,,CHN,CNR1 Jammer/Firedrake,M,Mandarin (Standard Chinese / Beijing dialect),FE,FE,,1,,
11730000,1100-1200,,TWN,Radio Taiwan Int.,M,Mandarin (Standard Chinese / Beijing dialect),FE,FE,s,1,,
11730000,1400-1500,,ROU,Radio Romania Int.,D,German,CEu,CEu,t,0,,
11730000,2300-2400,,ROU,Radio Romania Int.,S,Spanish/Castellano,SAm,SAm,g,0,,
11735000,0300-0400,,KRE,Voice of Korea,S,Spanish/Castellano,LAm,LAm,u,1,,
11735000,0400-0500,,KRE,Voice of Korea,E,English,LAm,LAm,u,1,,[0125]
11735000,0500-0600,,KRE,Voice of Korea,S,Spanish/Castellano,LAm,LAm,u,1,,[0224]
11735000,0600-0700,,KRE,Voice of Korea,F,French,LAm,LAm,u,1,,[0925]
11735000,0700-0900,,KRE,Voice of Korea,R,Russian,FE,FE,u,1,,[0626]
11735000,1000-1100,,KRE,Voice of Korea,E,English,SEA,SEA,u,5,,[0724]
11735000,1100-1200,,KRE,Voice of Korea,F,French,SEA,SEA,u,5,,[0422]
11735000,1200-1250,,KRE,Voice of Korea KCBS,K,Korean,SEA,SEA,u,5,,
11735000,1300-1400,,KRE,Voice of Korea,M,Mandarin (Standard Chinese / Beijing dialect),SEA,SEA,u,5,,[0525]
11735000,1400-1450,,KRE,Voice of Korea KCBS,K,Korean,SEA,SEA,u,5,,[0824]
11740000,0300-0400,,CHN,China Radio Int.,M,Mandarin (Standard Chinese / Beijing dialect),FE,FE,b,0,,
11740000,0400-0500,,CHN,China Radio Int.,M,Mandarin (Standard Chinese / Beijing dialect),FE,FE,b,0,,
11740000,0500-0530,,ROU,Radio Romania Int.,F,French,WEu,WEu,g,0,,
11740000,0500-0600,,CHN,China Radio Int.,M,Mandarin (Standard Chinese / Beijing dialect),FE,FE,b,0,,
11740000,1100-1605,,CHN,CNR 2 China Business R.,M,Mandarin (Standard Chinese / Beijing dialect),CHN,CHN,L,1,,[0526]
11740000,1820-1920,,IRN,IRIB Voice of I.R.Iran,HA,Haussa,WAf,WAf,s,0,,[0526]
11740000,1920-2020,,IRN,IRIB Voice of I.R.Iran,E,English,SAf,SAf,s,0,,[0726]
11740000,2055-0100,,CHN,CNR 2 China Business R.,M,Mandarin (Standard Chinese / Beijing dialect),CHN,CHN,L,1,,[1225]
11750000,0000-1100,,CHN,CNR 2 China Business R.,M,Mandarin (Standard Chinese / Beijing dialect),CHN,CHN,n,1,,
11750000,0600-0800,We-Mo,CHN,China National Radio 1,M,Mandarin (Standard Chinese / Beijing dialect),CHN,CHN,s,4,,[0222]
11750000,0600-0900,We-Mo,CHN,China National Radio 1,M,Mandarin (Standard Chinese / Beijing dialect),CHN,CHN,s,5,,[0420]
11750000,0900-1000,,CHN,China National Radio 1,M,Mandarin (Standard Chinese / Beijing dialect),CHN,CHN,s,5,,
11750000,0900-1000,,TUR,Voice of Turkey,A,Arabic (300m),ME,ME,e,0,,
11750000,1100-1200,,CHN,China Radio Int.,M,Mandarin (Standard Chinese / Beijing dialect),Oc,Oc,b,0,,
11750000,1230-1400,,IND,AIR Akashvani Ext.Sce,PS,Pashto / Pushtu,AFG,AFG,b,1,,
11750000,1340-1355,irr,IND,AIR Akashvani Ext.Sce,E,English,AFG,AFG,b,1,,
11750000,1400-1430,,PHL,FEBC Manila,LAH,Lahu,SEA,SEA,b,1,,[0126]
11750000,1430-1445,Fr-Su,PHL,FEBC Manila,RUM,Rumai Palaung,SEA,SEA,b,1,,[0726]
11750000,1445-1500,Fr-Su,PHL,FEBC Manila,SHT,Shan-Khamti,SEA,SEA,b,1,,[0126]
11750000,1620-1650,,IRN,IRIB Voice of I.R.Iran,BE,Bengali/Bangla,SAs,SAs,s,0,,
11750000,1800-1900,,ROU,Radio Romania Int.,D,German,CEu,CEu,t,0,,
11750000,1900-2000,,CHN,China Radio Int.,P,Portuguese,SEu,SEu,j,0,,
11750000,2200-0600,,CHN,China National Radio 1,M,Mandarin (Standard Chinese / Beijing dialect),CHN,CHN,s,1,,[1225]
11750300,0000-2400,,B,Rádio Voz Missionária,P,Portuguese,B,B,fp,1,,[0826]
11755000,1630-1700,,CVA,Radio Vaticana,A,Arabic (300m),ME,ME,,4,,
11755000,1700-1715,,CVA,Radio Vaticana,F,French,ME,ME,,4,,
11755000,1715-1730,,CVA,Radio Vaticana,E,English,ME,ME,,4,,
11755000,1940-2000,,CVA,Radio Vaticana,Ros,Rosary session of Vatican Radio,ME,ME,,4,,
11760000,0000-0100,,CUB,Radio Habana Cuba,E,English,Am,Am,b,2,,[0626]
11760000,0000-0600,,CHN,China National Radio 1,M,Mandarin (Standard Chinese / Beijing dialect),CHN,CHN,s,1,,
11760000,0100-0200,,CUB,Radio Habana Cuba,CR,Creole / Haitian,Am,Am,b,2,,[0526]
11760000,0230-0330,,CUB,Radio Habana Cuba,E,English,Am,Am,b,2,,[0826]
11760000,0330-0400,,CUB,Radio Habana Cuba,CR,Creole / Haitian,Am,Am,b,2,,[0826]
11760000,0400-0430,,CUB,Radio Habana Cuba,CR,Creole / Haitian,Am,Am,b,2,,[0526]
11760000,0430-0500,,CUB,Radio Habana Cuba,P,Portuguese,Am,Am,b,2,,[0526]
11760000,0500-0700,,CUB,Radio Habana Cuba,S,Spanish/Castellano,Am,Am,b,2,,[0326]
11760000,0600-0900,We-Mo,CHN,China National Radio 1,M,Mandarin (Standard Chinese / Beijing dialect),CHN,CHN,s,1,,[0222]
11760000,0700-0800,,CUB,Radio Habana Cuba,S,Spanish/Castellano,Am,Am,b,2,,[0326]
11760000,0900-1000,,CHN,China National Radio 1,M,Mandarin (Standard Chinese / Beijing dialect),CHN,CHN,s,4,,[0220]
11760000,0900-1200,,CHN,China National Radio 1,M,Mandarin (Standard Chinese / Beijing dialect),CHN,CHN,s,5,,[0724]
11760000,1100-1300,,CUB,Radio Habana Cuba,S,Spanish/Castellano,Am,Am,b,2,,[0626]
11760000,1200-1300,,CHN,China Radio Int.,E,English,Oc,Oc,k,0,,
11760000,1300-1400,,CHN,China Radio Int.,E,English,Oc,Oc,k,0,,
11760000,1300-1500,,CUB,Radio Habana Cuba,S,Spanish/Castellano,Am,Am,b,2,,[0526]
11760000,1500-1530,Su,CUB,Radio Habana Cuba,EO,Esperanto,Am,Am,b,2,,[0326]
11760000,1500-1800,,CUB,Radio Habana Cuba,S,Spanish/Castellano,Am,Am,b,2,,[0826]
11760000,1800-1830,,CUB,Radio Habana Cuba,F,French,Am,Am,b,2,,[1125]
11760000,1830-1900,,CUB,Radio Habana Cuba,CR,Creole / Haitian,Am,Am,b,2,,[0426]
11760000,1900-2000,,CUB,Radio Habana Cuba,E,English,Am,Am,b,2,,[0426]
11760000,2200-2300,,CHN,China Radio Int.,P,Portuguese,Eu,Eu,x,0,,
11760000,2200-2300,,CUB,Radio Habana Cuba,S,Spanish/Castellano,Am,Am,b,1,,[0326]
11760000,2300-2400,,CUB,Radio Habana Cuba,S,Spanish/Castellano,Am,Am,b,1,,[0126]
11765000,0000-0100,,TWN,Sound of Hope,M,Mandarin (Standard Chinese / Beijing dialect),FE,FE,,1,,
11765000,0100-0200,,TWN,Sound of Hope,M,Mandarin (Standard Chinese / Beijing dialect),FE,FE,,1,,
11765000,0200-1200,,TWN,Sound of Hope,M,Mandarin (Standard Chinese / Beijing dialect),FE,FE,,1,,
11765000,1200-1300,,TWN,Sound of Hope,M,Mandarin (Standard Chinese / Beijing dialect),FE,FE,,1,,
11765000,1300-1400,,TWN,Sound of Hope,M,Mandarin (Standard Chinese / Beijing dialect),FE,FE,,1,,
11765000,1400-1500,,CHN,China Radio Int.,E,English,PAK,PAK,u,0,,
11765000,1400-1500,,TWN,Sound of Hope,M,Mandarin (Standard Chinese / Beijing dialect),FE,FE,,1,,
11765000,1500-1630,,TUR,Voice of Turkey,AFG,"Pashto and Dari (main Afghan languages, see there)",AFG,AFG,e,0,,
11765000,2130-2200,,TWN,Sound of Hope,M,Mandarin (Standard Chinese / Beijing dialect),FE,FE,,1,,
11765000,2200-2300,,TWN,Sound of Hope,M,Mandarin (Standard Chinese / Beijing dialect),FE,FE,,1,,
11765000,2300-2400,,TWN,Sound of Hope,M,Mandarin (Standard Chinese / Beijing dialect),FE,FE,,1,,
11770000,0000-0100,,CHN,China Radio Int.,VN,Vietnamese,SEA,SEA,b,0,,
11770000,0100-0200,,CHN,China Radio Int.,E,English,SAs,SAs,ka,0,,
11770000,0100-0200,,CHN,China Radio Int.,M,Mandarin (Standard Chinese / Beijing dialect),SEA,SEA,n,0,,
11770000,0200-0300,,CHN,China Radio Int.,E,English,SAs,SAs,ka,0,,
11770000,0300-0800,,CHN,PBS Xinjiang,M,Mandarin (Standard Chinese / Beijing dialect),CHN,CHN,uc,1,,[0925]
11770000,0800-1100,We-Mo,CHN,PBS Xinjiang,M,Mandarin (Standard Chinese / Beijing dialect),CHN,CHN,uc,1,,[1221]
11770000,1100-1200,,CHN,PBS Xinjiang,M,Mandarin (Standard Chinese / Beijing dialect),CHN,CHN,uc,4,,
11770000,1200-1400,,CHN,PBS Xinjiang,M,Mandarin (Standard Chinese / Beijing dialect),CHN,CHN,uc,5,,
11770000,1400-1800,,CHN,PBS Xinjiang,M,Mandarin (Standard Chinese / Beijing dialect),CHN,CHN,uc,5,,[0525]
11770000,2000-2100,,CHN,China Radio Int.,E,English,Eu,Eu,x,0,,
11770000,2100-2200,,CHN,China Radio Int.,E,English,Eu,Eu,x,0,,
11770000,2300-0300,,CHN,PBS Xinjiang,M,Mandarin (Standard Chinese / Beijing dialect),CHN,CHN,uc,5,,
11774700,0000-0100,,TWN,Sound of Hope,M,Mandarin (Standard Chinese / Beijing dialect),FE,FE,,1,,[1223]
11774700,0100-0200,,TWN,Sound of Hope,M,Mandarin (Standard Chinese / Beijing dialect),FE,FE,,1,,
11774700,0200-1200,,TWN,Sound of Hope,M,Mandarin (Standard Chinese / Beijing dialect),FE,FE,,1,,[0925]
11774700,1200-1300,,TWN,Sound of Hope,M,Mandarin (Standard Chinese / Beijing dialect),FE,FE,,1,,[0423]
11774700,1300-1400,,TWN,Sound of Hope,M,Mandarin (Standard Chinese / Beijing dialect),FE,FE,,1,,
11774700,1400-1500,,TWN,Sound of Hope,M,Mandarin (Standard Chinese / Beijing dialect),FE,FE,,1,,[0424]
11774700,1500-1600,,TWN,Sound of Hope,M,Mandarin (Standard Chinese / Beijing dialect),FE,FE,,1,,[1123]
11774700,1600-1700,,TWN,Sound of Hope,M,Mandarin (Standard Chinese / Beijing dialect),FE,FE,,1,,[0422]
11774700,2130-2200,,TWN,Sound of Hope,M,Mandarin (Standard Chinese / Beijing dialect),FE,FE,,1,,
11774700,2200-2300,,TWN,Sound of Hope,M,Mandarin (Standard Chinese / Beijing dialect),FE,FE,,1,,
11774700,2300-2400,,TWN,Sound of Hope,M,Mandarin (Standard Chinese / Beijing dialect),FE,FE,,1,,[1121]
11775000,1000-1100,,CHN,China National Radio 6,HK,Hakka,CHN,CHN,n,1,,
11775000,1100-1200,,CHN,China National Radio 6,M,Mandarin (Standard Chinese / Beijing dialect),CHN,CHN,n,1,,[1025]
11775000,1200-1605,,CHN,China National Radio 6,M,Mandarin (Standard Chinese / Beijing dialect),CHN,CHN,n,1,,[0526]
11775000,2130-1700,,CHN,CNR1 Jammer/Firedrake,M,Mandarin (Standard Chinese / Beijing dialect),FE,FE,,1,,[0724]
11780000,0000-0100,,CHN,China Radio Int.,M,Mandarin (Standard Chinese / Beijing dialect),FE,FE,j,0,,
11780000,0150-0155,Tu-Sa,B,Rádio Nacional Amazônia,E,English,B,B,b,6,2903,3006[0626]
11780000,0155-0200,Tu-Sa,B,Rádio Nacional Amazônia,S,Spanish/Castellano,B,B,b,6,2903,3006[0626]
11780000,0625-0207,,B,Rádio Nacional Amazônia,P,Portuguese,B,B,b,6,2903,3006[0626]
11780000,0745-2000,Mo-Fr,B,Rádio Nacional Amazônia,P,Portuguese,B,B,b,1,0107,[0826]
11780000,0750-0755,Mo-Fr,B,Rádio Nacional Amazônia,E,English,B,B,b,1,,[0426]
11780000,0755-0800,Mo-Fr,B,Rádio Nacional Amazônia,S,Spanish/Castellano,B,B,b,1,,[0226]
11780000,0900-1800,SaSu,B,Rádio Nacional Amazônia,P,Portuguese,B,B,b,1,0107,
11780000,1020-1025,Mo-Fr,B,Rádio Nacional Amazônia,E,English,B,B,b,1,,
11780000,1025-1030,Mo-Fr,B,Rádio Nacional Amazônia,S,Spanish/Castellano,B,B,b,1,,
11780000,1300-1400,,CHN,China Radio Int.,BR,Burmese / Barma / Myanmar,SEA,SEA,k,0,,
11780000,1400-1500,,CHN,China Radio Int.,BR,Burmese / Barma / Myanmar,SEA,SEA,k,0,,
11780000,1600-1700,,ALS,KNLS New Life Station,M,Mandarin (Standard Chinese / Beijing dialect),FE,FE,ap,0,,
11780000,1700-1800,,ALS,KNLS New Life Station,M,Mandarin (Standard Chinese / Beijing dialect),FE,FE,ap,0,,
11785000,0000-1300,,CHN,CNR 2 China Business R.,M,Mandarin (Standard Chinese / Beijing dialect),CHN,CHN,x,1,,
11785000,2200-2300,,TUR,Voice of Turkey,E,English,ENA,ENA,e,0,,
11790000,0430-0500,,F,Radio France Int.,SWA,Swahili/Kisuaheli,EAf,EAf,i,0,,
11790000,0600-0630,,F,Radio France Int.,HA,Haussa,WAf,WAf,i,6,3007,2510
11790000,0700-0800,Su,ROU,Radio Romania Int.,RO,Romanian,ME,ME,g,0,,
11790000,1200-1400,,CHN,China Radio Int.,M,Mandarin (Standard Chinese / Beijing dialect),EAf,EAf,ka,0,,
11790000,1500-1600,,CHN,China Radio Int.,R,Russian,Eu,Eu,u,0,,
11790000,1630-1730,,CHN,China Radio Int.,HA,Haussa,NIG,NIG,k,0,,
11790000,1730-1830,,CHN,China Radio Int.,HA,Haussa,NIG,NIG,k,0,,
11790000,2000-2100,,F,Radio France Int.,F,French,WAf,WAf,i,6,3007,2510
11790000,2100-2200,,F,Radio France Int.,F,French,WAf,WAf,i,6,3007,2510
11790000,2300-2400,,CHN,China Radio Int.,E,English,SEA,SEA,x,0,,
11795000,1000-1100,,KOR,KBS World Radio,E,English,SAm,SAm,k,5,,[0526]
11795000,1100-1200,,CHN,China Radio Int.,E,English,SAs,SAs,ka,0,,
11795000,1100-1200,,KOR,KBS World Radio,S,Spanish/Castellano,SAm,SAm,k,1,,[0326]
11795000,1200-1300,,KOR,KBS World Radio,S,Spanish/Castellano,SAm,SAm,k,5,,[0626]
11800000,0000-0100,,ROU,Radio Romania Int.,RO,Romanian,ENA,ENA,g,0,,
11800000,0030-0600,,CHN,CNR 2 China Business R.,M,Mandarin (Standard Chinese / Beijing dialect),CHN,CHN,B,4,,
11800000,0600-0900,Th-Tu,CHN,CNR 2 China Business R.,M,Mandarin (Standard Chinese / Beijing dialect),CHN,CHN,B,1,,[0222]
11800000,0900-1030,,CHN,CNR 2 China Business R.,M,Mandarin (Standard Chinese / Beijing dialect),CHN,CHN,B,4,,
11800000,0900-1200,,CHN,CNR 2 China Business R.,M,Mandarin (Standard Chinese / Beijing dialect),CHN,CHN,B,5,,
11800000,1400-1411,SaSu,J,NHK Radio Japan,E,English,SEA,SEA,y,0,,
11800000,1400-1429,Mo-Fr,J,NHK Radio Japan,E,English,SEA,SEA,y,0,,
11800000,1430-1450,,J,NHK Radio Japan,BR,Burmese / Barma / Myanmar,SEA,SEA,y,0,,
11800000,1600-1800,,J,NHK Radio Japan,J,Japanese,SAs,SAs,y,0,,
11800000,2300-0600,,CHN,CNR 2 China Business R.,M,Mandarin (Standard Chinese / Beijing dialect),CHN,CHN,B,5,,
11805000,1100-1200,1.Su,D,Radio Joystick,D,German,Eu,Eu,/G-w,4,,[1025]
11805000,1900-2000,,USA,Adventist World Radio,A,Arabic (300m),ME,ME,/GUM-a,0,,
11810000,0100-0200,,CHN,China National Radio 8,M,Mandarin (Standard Chinese / Beijing dialect),CHN,CHN,B,1,,[1125]
11810000,0100-0200,,KOR,KBS World Radio,J,Japanese,J,J,k,1,,
11810000,0200-0300,,KOR,KBS World Radio,J,Japanese,J,J,k,1,,
11810000,0200-0500,,CHN,China National Radio 8,MO,Mongolian,CHN,CHN,B,1,,
11810000,0300-0400,,KOR,KBS World Radio,K,Korean,SAm,SAm,k,1,,
11810000,0500-0600,,CHN,China National Radio 8,M,Mandarin (Standard Chinese / Beijing dialect),CHN,CHN,B,1,,
11810000,1500-1530,,ROU,Radio Romania Int.,R,Russian,EEu,EEu,t,0,,
11810000,2055-0100,,CHN,China National Radio 8,MO,Mongolian,CHN,CHN,B,1,,[0826]
11810000,2200-2300,,KOR,KBS World Radio,E,English,Eu,Eu,k,1,,[0826]
11815000,0000-2400,,B,Rádio Brasil Central,P,Portuguese,B,B,go,1,,[0325]
11815000,0400-0600,,CHN,CNR1 Jammer/Firedrake,M,Mandarin (Standard Chinese / Beijing dialect),FE,FE,a,1,,
11815000,0400-0600,,TWN,Radio Taiwan Int.,M,Mandarin (Standard Chinese / Beijing dialect),FE,FE,p,1,,
11815000,0440-0500,,CVA,Radio Vaticana,UK,Ukrainian,EEu,EEu,,5,,
11815000,0500-0520,,CVA,Radio Vaticana,R,Russian,EEu,EEu,,5,,
11815000,0605-0700,Su,CVA,Radio Vaticana,UK,Ukrainian,UKR,UKR,,2,,
11815000,0700-0800,,CHN,CNR1 Jammer/Firedrake,M,Mandarin (Standard Chinese / Beijing dialect),FE,FE,b,1,,[0626]
11815000,0700-0810,SaSu,TWN,Radio Taiwan Int.,M,Mandarin (Standard Chinese / Beijing dialect),FE,FE,p,1,,[0626]
11815000,0800-0830,,CHN,CRI DIGITAL,M,Mandarin (Standard Chinese / Beijing dialect),Oc,Oc,k,0,,
11815000,1000-1600,,J,NHK Radio Japan,J,Japanese,SEA,SEA,y,0,,
11815000,1400-1500,,CHN,China Radio Int.,E,English,CAs,CAs,u,0,,
11815000,1600-1620,,CVA,Radio Vaticana,AR,Armenian,Cau,Cau,,5,,
11815000,1620-1640,,CVA,Radio Vaticana,R,Russian,CAs,CAs,,5,,
11815000,1640-1700,,CVA,Radio Vaticana,UK,Ukrainian,EEu,EEu,,5,,
11815000,1700-2100,,CLA,Radio Payam,FS,Farsi / Iranian Persian,IRN,IRN,/G-w,6,1205,3105
11815000,1730-2030,,CLA,Radio Payam,FS,Farsi / Iranian Persian,IRN,IRN,/G-w,6,1504,1105
11820000,0000-0100,,CHN,China Radio Int.,CA,Cantonese / Yue,SEA,SEA,x,0,,
11820000,0130-0200,,CHN,CRI DIGITAL,M,Mandarin (Standard Chinese / Beijing dialect),Oc,Oc,k,0,,
11820000,0200-0300,,ROU,Radio Romania Int.,S,Spanish/Castellano,CAm,CAm,g,0,,
11825000,0400-0500,,MDG,MWV African Pathways R.,E,English,CAf,CAf,m,1,,[0726]
11825000,0700-0950,,J,NHK Radio Japan,J,Japanese,FE,FE,y,0,,
11825000,1030-1045,Mo-Sa,USA,Trans World Radio,MO,Mongolian,MNG,MNG,/UZB,4,,
11825000,1045-1100,,USA,Trans World Radio,MO,Mongolian,CHN,CHN,/UZB,4,,
11825000,1700-1800,,CHN,China Radio Int.,HR,Croatian/Hrvatski,SEu,SEu,b,0,,
11825000,2100-2200,,CHN,China Radio Int.,HR,Croatian/Hrvatski,SEu,SEu,b,0,,
11830000,0100-0300,,CHN,China Radio Int.,S,Spanish/Castellano,SAm,SAm,ka,0,,
11830000,0300-0400,,ROU,Radio Romania Int.,E,English,WNA,WNA,g,0,,
11830000,1200-1245,,CLA,Mizzima Radio,BR,Burmese / Barma / Myanmar,SEA,SEA,/UZB,4,,
11830000,1300-1400,,G,BBC,E,English,SAs,SAs,/OMA-a,0,,
11830000,1400-1500,,J,NHK Radio Japan,J,Japanese,ME,ME,y,6,2903,3006
11830000,1500-1530,Su-Th,G,BBC,A,Arabic (300m),ME,ME,/OMA-a,0,,
11830000,1600-1700,,ROU,Radio Romania Int.,F,French,WEu,WEu,g,0,,
11830000,2300-0100,,CHN,China Radio Int.,S,Spanish/Castellano,SAm,SAm,ka,0,,
11840000,0000-2400,irr,B,"Rádio Onda Sul, Paraná",P,Portuguese,B,B,xx,1,,[1025]
11850000,0000-1000,,CHN,China National Radio 1,M,Mandarin (Standard Chinese / Beijing dialect),CHN,CHN,n,1,,
11850000,1300-1400,,USA,Adventist World Radio,M,Mandarin (Standard Chinese / Beijing dialect),FE,FE,/GUM-a,0,,
11850000,1400-1500,,CHN,CNR1 Jammer/Firedrake,M,Mandarin (Standard Chinese / Beijing dialect),FE,FE,,0,,
11850000,1400-1500,,USA,Voice of America,TB,Tibetan / Lhasa Tibetan,FE,FE,/KWT,0,,
11850000,1500-1530,,ROU,Radio Romania Int.,R,Russian,EEu,EEu,t,0,,
11850000,1620-1650,,IRN,IRIB Voice of I.R.Iran,BE,Bengali/Bangla,SAs,SAs,s,0,,
11850000,1730-1800,Fr-Su,TWN,Radio Taiwan Int.,F,French,Eu,Eu,s,6,0708,3108
11850000,1920-2020,,IRN,IRIB Voice of I.R.Iran,E,English,SAf,SAf,s,0,,
11855000,1000-1020,,J,NHK Radio Japan,M,Mandarin (Standard Chinese / Beijing dialect),FE,FE,y,0,,
11855000,1020-1040,,J,NHK Radio Japan,K,Korean,FE,FE,y,0,,
11855000,1040-1050,,J,NHK Radio Japan,M,Mandarin (Standard Chinese / Beijing dialect),FE,FE,y,0,,
11855000,1800-1830,Su-Tu,CAN,Bible Voice,FS,Farsi / Iranian Persian,ME,ME,/D-n,0,,
11855000,2200-2400,,CHN,China Radio Int.,S,Spanish/Castellano,SEu,SEu,u,0,,
11860000,0130-0230,,CHN,China Radio Int.,NE,Nepali/Lhotshampa,FE,FE,k,0,,
11860000,0300-0600,,CHN,Xizang RTV,M,Mandarin (Standard Chinese / Beijing dialect),CHN,CHN,t,1,,
11860000,0600-0900,We-Mo,CHN,Xizang RTV,M,Mandarin (Standard Chinese / Beijing dialect),CHN,CHN,t,1,,[1221]
11860000,1400-0100,,USA,Radio Marti,S,Spanish/Castellano,CUB,CUB,g,0,,
11860000,1430-1500,Mo-Fr,G,BBC,K,Korean,FE,FE,/UZB,6,1705,2510
11860000,1530-1600,Mo-Fr,G,BBC,K,Korean,FE,FE,/UZB,6,1705,2510
11860000,1600-1700,,ROU,Radio Romania Int.,F,French,ISR,ISR,g,0,,
11860000,1900-2050,,J,NHK Radio Japan,J,Japanese,SAf,SAf,y,0,,
11865000,0000-0100,,CHN,China Radio Int.,E,English,SEA,SEA,x,0,,
11865000,0700-0900,,KRE,Voice of Korea,J,Japanese,J,J,u,5,,[0626]
11865000,0900-1030,,IND,AIR Akashvani Ext.Sce,NE,Nepali/Lhotshampa,NPL,NPL,d,1,,[0125]
11865000,0900-1300,,KRE,Voice of Korea,J,Japanese,J,J,u,5,,[0824]
11865000,1045-1215,,IND,AIR Akashvani Ext.Sce,TB,Tibetan / Lhasa Tibetan,Tib,Tib,d,1,,[0425]
11865000,1045-1215,,CHN,CNR1 Jammer/Firedrake,M,Mandarin (Standard Chinese / Beijing dialect),FE,FE,,1,,
11865000,1155-1210,irr,IND,AIR Akashvani Ext.Sce,E,English,Tib,Tib,d,1,,
11865000,2100-2400,,KRE,Voice of Korea,J,Japanese,J,J,u,5,,[0725]
11870000,0200-0230,,CHN,China Radio Int.,PS,Pashto / Pushtu,AFG,AFG,ka,0,,
11870000,0400-0500,irr,F,TDF DIGITAL,F,French,Af,Af,i,0,,[0726]
11870000,0600-0700,,CHN,China Radio Int.,E,English,ME,ME,ka,0,,
11870000,1400-1500,,CHN,CNR1 Jammer/Firedrake,M,Mandarin (Standard Chinese / Beijing dialect),FE,FE,,0,,
11870000,1400-1500,,USA,Voice of America,M,Mandarin (Standard Chinese / Beijing dialect),FE,FE,/PHL-t,0,,
11870000,1840-1900,,CVA,Radio Vaticana,Ros,Rosary session of Vatican Radio,WAf,WAf,,2,,
11870000,1850-2145,4Apr,CVA,Radio Vaticana,E,English,WAf,WAf,,6,0104,0404
11870000,1905-2045,3Apr,CVA,Radio Vaticana,E,English,WAf,WAf,,6,0104,0304
11870000,2000-2030,,CVA,Radio Vaticana,E,English,WAf,WAf,,1,,
11870000,2030-2100,,CVA,Radio Vaticana,F,French,WAf,WAf,,1,,
11870000,2100-2130,,CVA,Radio Vaticana,P,Portuguese,WAf,WAf,,1,,
11875000,0000-0100,,CHN,China Radio Int.,MO,Mongolian,MNG,MNG,b,0,,
11875000,0330-0400,,KEN,Radio Ergo,SO,Somali,EAf,EAf,/UAE,1,,[0726]
11875000,0700-0800,,CHN,China Radio Int.,M,Mandarin (Standard Chinese / Beijing dialect),SEA,SEA,n,0,,
11875000,0800-0900,,ALS,KNLS New Life Station,M,Mandarin (Standard Chinese / Beijing dialect),FE,FE,ap,0,,
11875000,0900-1000,,ALS,KNLS New Life Station,M,Mandarin (Standard Chinese / Beijing dialect),FE,FE,ap,0,,
11875000,1000-1100,,CHN,China Radio Int.,CA,Cantonese / Yue,Oc,Oc,k,0,,
11875000,1100-1200,,CHN,China Radio Int.,AM,Amoy,SEA,SEA,k,0,,
11875000,1445-1500,Mo,SWZ,Trans World Radio,SO,Somali,EAf,EAf,,1,0706,
11875000,1500-1530,,SWZ,Trans World Radio,SO,Somali,EAf,EAf,,1,0706,
11875000,1530-1545,Su,SWZ,Trans World Radio,SO,Somali,EAf,EAf,,1,0706,
11875000,1600-1700,,CHN,China Radio Int.,R,Russian,EEu,EEu,u,0,,
11875000,1700-1800,,CHN,China Radio Int.,R,Russian,EEu,EEu,u,0,,
11875000,1800-1830,,G,BBC,F,French,NAf,NAf,w,6,2903,2704
11875000,1800-1830,,G,BBC,F,French,NAf,NAf,/UAE,6,2804,0805
11875000,1800-1830,,G,BBC,F,French,NAf,NAf,w,6,0905,2705
11875000,1800-1830,,G,BBC,F,French,NAf,NAf,/UAE,6,2805,2510
11880000,0100-0130,,CUB,Radio Habana Cuba,CR,Creole / Haitian,CAm,CAm,,2,2805,
11880000,0200-0300,,CHN,China Radio Int.,M,Mandarin (Standard Chinese / Beijing dialect),SAm,SAm,ka,0,,
11880000,0200-0300,,CUB,Radio Habana Cuba,E,English,CAm,CAm,,2,2805,
11880000,0500-0600,,CUB,Radio Habana Cuba,E,English,CAm,CAm,,2,2805,[0626]
11880000,0600-1000,,CUB,Radio Habana Cuba,S,Spanish/Castellano,CAm,CAm,,6,1006,1006
11880000,1220-1320,,IRN,IRIB Voice of I.R.Iran,PS,Pashto / Pushtu,CAs,CAs,s,0,,
11880000,1400-1500,,ROU,Radio Romania Int.,D,German,CEu,CEu,t,0,,
11880000,1445-1500,Mo,SWZ,Trans World Radio,SO,Somali,EAf,EAf,,6,2903,0606
11880000,1500-1530,Su,CUB,Radio Habana Cuba,EO,Esperanto,CAm,CAm,,2,,[0226]
11880000,1500-1530,,SWZ,Trans World Radio,SO,Somali,EAf,EAf,,6,2903,0606[0925]
11880000,1500-1800,,CUB,Radio Habana Cuba,S,Spanish/Castellano,CAm,CAm,,2,,[0426]
11880000,1530-1545,Su,SWZ,Trans World Radio,SO,Somali,EAf,EAf,,6,2903,0606[0325]
11880000,1600-1700,,CHN,China Radio Int.,HK,Hakka,SAf,SAf,x,0,,
11880000,1800-1830,Mo-Sa,CUB,Radio Habana Cuba,F,French,CAm,CAm,,2,,[1125]
11880000,1800-1830,Su,CUB,Radio Habana Cuba,A,Arabic (300m),CAm,CAm,,2,,[0226]
11880000,1830-1900,,CUB,Radio Habana Cuba,CR,Creole / Haitian,CAm,CAm,,2,,[0326]
11880000,1900-2000,,CUB,Radio Habana Cuba,E,English,CAm,CAm,,2,,[0526]
11880000,2000-2030,,CUB,Radio Habana Cuba,F,French,CAm,CAm,,2,,[0126]
11880000,2030-2100,,CUB,Radio Habana Cuba,P,Portuguese,CAm,CAm,,2,,[1225]
11880000,2100-2200,,CUB,Radio Habana Cuba,E,English,CAm,CAm,,2,,[0326]
11880000,2200-2300,,CUB,Radio Habana Cuba,S,Spanish/Castellano,CAm,CAm,,2,,[0126]
11885000,0000-0100,,J,NHK Radio Japan,J,Japanese,FE,FE,y,0,,
11885000,0100-0400,,MLA,RTM Sabah V FM,M,Mandarin (Standard Chinese / Beijing dialect),MLA,MLA,ka,1,,[0526]
11885000,0200-0300,,CHN,PBS Xinjiang,UI,Uighur,CHN,CHN,uc,5,,[1025]
11885000,0300-0800,,CHN,PBS Xinjiang,UI,Uighur,CHN,CHN,uc,1,,[1125]
11885000,0400-0700,,MLA,RTM Sabah V FM,E,English,MLA,MLA,ka,1,,[0626]
11885000,0700-1100,,MLA,RTM Sabah V FM,BAJ,Bajau,MLA,MLA,ka,1,,[0726]
11885000,0800-1100,We-Mo,CHN,PBS Xinjiang,UI,Uighur,CHN,CHN,uc,1,,[1122]
11885000,1000-1100,,TWN,Radio Taiwan Int.,M,Mandarin (Standard Chinese / Beijing dialect),FE,FE,p,1,,
11885000,1000-1200,,CHN,CNR1 Jammer/Firedrake,M,Mandarin (Standard Chinese / Beijing dialect),FE,FE,f,1,,[0426]
11885000,1100-1200,,CHN,PBS Xinjiang,UI,Uighur,CHN,CHN,uc,1,,[0218]
11885000,1100-1200,,TWN,Radio Taiwan Int.,M,Mandarin (Standard Chinese / Beijing dialect),FE,FE,p,1,,[0125]
11885000,1100-1300,,MLA,RTM Sabah V FM,LB,Lun Bawang / Murut,MLA,MLA,ka,1,,[0426]
11885000,1200-1400,,CHN,PBS Xinjiang,UI,Uighur,CHN,CHN,uc,5,,
11885000,1230-1245,,USA,Radio Free Asia,KH,Khmer,SEA,SEA,/TWN-p,0,,[0726]
11885000,1300-1700,,MLA,RTM Sabah V FM,DU,Dusun,MLA,MLA,ka,1,,
11885000,1400-1800,,CHN,PBS Xinjiang,UI,Uighur,CHN,CHN,uc,5,,
11885000,1600-1630,,VTN,Voice of Vietnam,E,English,Eu,Eu,s,1,,[0526]
11885000,1630-1700,,VTN,Voice of Vietnam,R,Russian,Eu,Eu,s,1,,[1125]
11885000,1700-1800,,VTN,Voice of Vietnam,VN,Vietnamese,Eu,Eu,s,1,,[0426]
11885000,1700-1900,,MLA,RTM Sabah V FM,E,English,MLA,MLA,ka,1,,
11885000,1800-1830,,VTN,Voice of Vietnam,S,Spanish/Castellano,Eu,Eu,s,1,,[0726]
11885000,1830-1900,,VTN,Voice of Vietnam,D,German,Eu,Eu,s,1,,[0326]
11885000,1900-1930,,VTN,Voice of Vietnam,E,English,Eu,Eu,s,1,,[0726]
11885000,1900-2000,,MLA,RTM Sabah V FM,LB,Lun Bawang / Murut,MLA,MLA,ka,1,,
11885000,1930-2000,,VTN,Voice of Vietnam,F,French,Eu,Eu,s,1,,[0626]
11885000,2000-2030,,MLA,RTM Sabah V FM,BAJ,Bajau,MLA,MLA,ka,1,,
11885000,2000-2030,,VTN,Voice of Vietnam,D,German,Eu,Eu,s,1,,[0826]
11885000,2030-0100,,MLA,RTM Sabah V FM,KAD,Kadazan,MLA,MLA,ka,1,,[0426]
11885000,2030-2100,,VTN,Voice of Vietnam,F,French,Eu,Eu,s,1,,[0826]
11885000,2100-2130,,VTN,Voice of Vietnam,S,Spanish/Castellano,Eu,Eu,s,1,,[0326]
11885000,2130-2200,,VTN,Voice of Vietnam,E,English,Eu,Eu,s,1,,[0826]
11885000,2200-2400,,J,NHK Radio Japan,J,Japanese,FE,FE,y,0,,
11885000,2300-0200,,CHN,PBS Xinjiang,UI,Uighur,CHN,CHN,uc,5,,[0626]
11895000,0500-0600,,CHN,China Radio Int.,E,English,SAs,SAs,ka,0,,
11895000,0600-0700,,CHN,China Radio Int.,E,English,SAs,SAs,ka,0,,
11895000,0700-0900,,CHN,China Radio Int.,E,English,SAs,SAs,ka,0,,
11895000,0900-1000,,CHN,China Radio Int.,M,Mandarin (Standard Chinese / Beijing dialect),SEA,SEA,n,0,,
11895000,1000-1100,,CHN,China Radio Int.,E,English,Sib,Sib,x,0,,
11895000,1800-1900,,CHN,China Radio Int.,AM,Amoy,SEu,SEu,x,0,,
11895000,1900-2000,,CHN,China Radio Int.,CA,Cantonese / Yue,Eu,Eu,ka,0,,
11895000,2200-2230,,CVA,Radio Vaticana,M,Mandarin (Standard Chinese / Beijing dialect),FE,FE,,6,2903,0304
11895000,2315-2350,,CVA,Radio Vaticana,VN,Vietnamese,SEA,SEA,,6,2903,0304
11900000,0000-0100,,CHN,China Radio Int.,M,Mandarin (Standard Chinese / Beijing dialect),FE,FE,b,0,,
11900000,0000-0100,,ROU,Radio Romania Int.,E,English,ENA,ENA,t,0,,
11900000,0500-0530,,ROU,Radio Romania Int.,F,French,WEu,WEu,g,0,,
11900000,1130-1145,,AUS,Reach Beyond Australia,ROH,Rohingya (rjj),MYA,MYA,ku,0,,
11900000,1145-1200,,AUS,Reach Beyond Australia,BR,Burmese / Barma / Myanmar,MYA,MYA,ku,0,,
11900000,1200-1230,,AUS,Reach Beyond Australia,NLA,Nga La / Matu Chin,MYA,MYA,ku,0,,
11900000,1230-1245,"Mo,Th",AUS,Reach Beyond Australia,BE,Bengali/Bangla,SIn,SIn,ku,0,,
11900000,1230-1245,Sa,AUS,Reach Beyond Australia,CHG,Chhattisgarhi,SIn,SIn,ku,0,,
11900000,1230-1245,Tu,AUS,Reach Beyond Australia,KUR,Kurukh/Kurux,SIn,SIn,ku,0,,
11900000,1230-1245,Su,AUS,Reach Beyond Australia,TAM,Tamil,SIn,SIn,ku,0,,
11900000,1230-1245,We,AUS,Reach Beyond Australia,TEL,Telugu,SIn,SIn,ku,0,,
11900000,1230-1245,Fr,AUS,Reach Beyond Australia,UR,Urdu,SIn,SIn,ku,0,,
11900000,1245-1300,1345,AUS,Reach Beyond Australia,E,English,SIn,SIn,ku,0,,
11900000,1245-1300,267,AUS,Reach Beyond Australia,TAM,Tamil,SIn,SIn,ku,0,,
11900000,1300-1315,,AUS,Reach Beyond Australia,TAM,Tamil,SIn,SIn,ku,0,,
11900000,1315-1330,,AUS,Reach Beyond Australia,KOR,Korambar / Kurumba Kannada,SIn,SIn,ku,0,,
11900000,1330-1345,,AUS,Reach Beyond Australia,HI,Hindi,SIn,SIn,ku,0,,
11900000,1345-1400,,AUS,Reach Beyond Australia,E,English,SIn,SIn,ku,0,,
11900000,1400-1430,,AUS,Reach Beyond Australia,BR,Burmese / Barma / Myanmar,MYA,MYA,ku,0,,
11900000,1600-1700,,CHN,China Radio Int.,E,English,EAf,EAf,j,0,,
11900000,2300-2400,,CHN,China Radio Int.,M,Mandarin (Standard Chinese / Beijing dialect),FE,FE,b,0,,
11905000,0100-0200,,CHN,China National Radio 6,AM,Amoy,TWN,TWN,B,1,,
11905000,0200-0500,,CHN,China National Radio 6,AM,Amoy,TWN,TWN,B,1,,
11905000,0500-0600,,CHN,China National Radio 6,HK,Hakka,TWN,TWN,B,1,,
11905000,0600-0900,Th-Tu,CHN,China National Radio 6,HK,Hakka,TWN,TWN,B,1,,
11905000,0900-1000,,CHN,China Radio Int.,E,English,Oc,Oc,j,0,,
11905000,1000-1100,,CHN,China Radio Int.,E,English,Oc,Oc,j,0,,
11910000,0200-0500,,XUU,Unknown Station,-MX,Music,,,,6,0507,0507
11910000,1200-1300,,CHN,China Radio Int.,AM,Amoy,PHL,PHL,b,0,,
11910000,1300-1400,,CHN,China Radio Int.,E,English,PHL,PHL,b,0,,
11910000,1400-1500,,CHN,China Radio Int.,R,Russian,CAs,CAs,x,0,,
11910000,1600-1700,,CHN,CNR1 Jammer/Firedrake,M,Mandarin (Standard Chinese / Beijing dialect),FE,FE,,0,,
11910000,1600-1700,,USA,Voice of America,TB,Tibetan / Lhasa Tibetan,FE,FE,/KWT,0,,
11910000,1800-1900,,KRE,Voice of Korea,F,French,SAf,SAf,u,1,,[0526]
11910000,1900-2000,,KRE,Voice of Korea,E,English,SAf,SAf,u,1,,[1123]
11910000,2000-2050,,KRE,Voice of Korea KCBS,K,Korean,SAf,SAf,u,1,,[0426]
11910000,2200-2230,,CVA,Radio Vaticana,M,Mandarin (Standard Chinese / Beijing dialect),FE,FE,,6,0404,2410
11910000,2315-2350,,CVA,Radio Vaticana,VN,Vietnamese,SEA,SEA,,6,0404,2410
11915000,0030-0600,,CHN,CNR 2 China Business R.,M,Mandarin (Standard Chinese / Beijing dialect),CHN,CHN,as,1,,[1125]
11915000,0600-0900,Th-Tu,CHN,CNR 2 China Business R.,M,Mandarin (Standard Chinese / Beijing dialect),CHN,CHN,as,1,,[0222]
11915000,0900-1000,,CHN,CNR 2 China Business R.,M,Mandarin (Standard Chinese / Beijing dialect),CHN,CHN,as,1,,
11915000,1000-1100,,TWN,Radio Taiwan Int.,IN,Indonesian / Bahasa Indonesia,INS,INS,p,1,,[0324]
11915000,1000-1300,,CHN,CNR 2 China Business R.,M,Mandarin (Standard Chinese / Beijing dialect),CHN,CHN,as,5,,
11915000,1300-1400,,J,NHK Radio Japan,J,Japanese,ME,ME,y,6,2903,3006
11915000,1510-1530,,J,NHK Radio Japan,K,Korean,FE,FE,y,0,,
11915000,1530-1550,,J,NHK Radio Japan,M,Mandarin (Standard Chinese / Beijing dialect),FE,FE,y,0,,
11920000,0000-0100,,J,NHK Radio Japan,J,Japanese,Sib,Sib,y,0,,
11920000,0430-0450,,J,NHK Radio Japan,R,Russian,FE,FE,y,0,,
11920000,0540-0600,,J,NHK Radio Japan,R,Russian,FE,FE,y,0,,
11925000,0300-0400,,CAN,Pop Shop Radio,E,English,NAm,NAm,/G-w,6,0107,0107
11925000,0300-0400,12Sep,CAN,Pop Shop Radio,E,English,NAm,NAm,/G-w,6,3108,1209
11925000,0600-0700,,CHN,China Radio Int.,E,English,PHL,PHL,n,0,,
11925000,1200-1805,,CHN,China National Radio 1,M,Mandarin (Standard Chinese / Beijing dialect),CHN,CHN,L,5,,[0725]
11925000,2023-2330,,CHN,China National Radio 1,M,Mandarin (Standard Chinese / Beijing dialect),CHN,CHN,L,5,,[0426]
11930000,1300-0100,,USA,Radio Marti,S,Spanish/Castellano,CUB,CUB,g,0,,
11930000,1300-1400,,CHN,CNR1 Jammer/Firedrake,M,Mandarin (Standard Chinese / Beijing dialect),FE,FE,,0,,
11930000,1300-1400,,USA,Voice of America,M,Mandarin (Standard Chinese / Beijing dialect),FE,FE,/PHL-t,0,,
11935000,0000-0600,,CHN,CNR5 Cross-Strait Radio,M,Mandarin (Standard Chinese / Beijing dialect),TWN,TWN,B,1,,
11935000,0600-0900,Th-Tu,CHN,CNR5 Cross-Strait Radio,M,Mandarin (Standard Chinese / Beijing dialect),TWN,TWN,B,1,,
11935000,1000-1100,,CHN,China Radio Int.,R,Russian,FE,FE,s,0,,
11935000,1100-1200,,CHN,China Radio Int.,R,Russian,FE,FE,s,0,,
11935000,1200-1300,,CHN,China Radio Int.,R,Russian,FE,FE,s,0,,
11935000,2300-2400,,CHN,CNR5 Cross-Strait Radio,M,Mandarin (Standard Chinese / Beijing dialect),TWN,TWN,B,5,,
11940000,0200-0300,,ROU,Radio Romania Int.,S,Spanish/Castellano,CAm,CAm,g,0,,
11940000,1600-1700,,CHN,China Radio Int.,E,English,Eu,Eu,ka,0,,
11940000,2030-2100,,CHN,China Radio Int.,BU,Bulgarian,SEE,SEE,k,0,,
11945000,0000-0100,,ROU,Radio Romania Int.,RO,Romanian,ENA,ENA,g,0,,
11945000,0100-0200,,CHN,China Radio Int.,AM,Amoy,SEA,SEA,k,0,,
11945000,0100-0200,,ROU,Radio Romania Int.,RO,Romanian,ENA,ENA,g,0,,
11945000,0920-1250,,IRN,IRIB Voice of I.R.Iran,DR,Dari / Eastern Farsi,CAs,CAs,s,0,,
11945000,1330-1430,"Tu,Fr",CLA,Radio Barandazi,FS,Farsi / Iranian Persian,IRN,IRN,/XUU,1,,
11945000,1420-1520,,IRN,IRIB Voice of I.R.Iran,BE,Bengali/Bangla,SAs,SAs,s,0,,
11945000,2300-2400,,CHN,China Radio Int.,CA,Cantonese / Yue,SEA,SEA,k,0,,
11950000,0000-0200,,CUB,Radio Habana Cuba,S,Spanish/Castellano,Car,Car,,1,,[0326]
11950000,0000-0600,,CUB,Radio Habana Cuba,E,English,NAm,NAm,b,2,,[0326]
11950000,0000-1200,,CHN,China National Radio,M,Mandarin (Standard Chinese / Beijing dialect),CHN,CHN,xy,0,,
11950000,0300-0600,,CHN,Xizang RTV,M,Mandarin (Standard Chinese / Beijing dialect),CHN,CHN,t,1,,[1121]
11950000,0600-0900,We-Mo,CHN,Xizang RTV,M,Mandarin (Standard Chinese / Beijing dialect),CHN,CHN,t,1,,[1221]
11950000,1820-1920,,IRN,IRIB Voice of I.R.Iran,HA,Haussa,WAf,WAf,s,0,,
11950000,1920-2020,,IRN,IRIB Voice of I.R.Iran,E,English,SAf,SAf,s,0,,
11950000,2200-2300,,CUB,Radio Habana Cuba,S,Spanish/Castellano,Car,Car,,1,,[0326]
11950000,2300-2400,,CUB,Radio Habana Cuba,S,Spanish/Castellano,Car,Car,,1,,[0426]
11955000,0200-0300,,G,BBC DIGITAL,E,English,SAs,SAs,/OMA-a,6,2903,1605
11955000,1130-1200,,CHN,China Radio Int.,TAG,Tagalog,PHL,PHL,k,0,,
11955000,1200-1230,,CHN,China Radio Int.,TAG,Tagalog,PHL,PHL,k,0,,
11955000,1230-1330,,CHN,China Radio Int.,ML,Malay / Baku,INS,INS,k,0,,
11955000,1330-1430,,CHN,China Radio Int.,IN,Indonesian / Bahasa Indonesia,INS,INS,k,0,,
11955000,2300-2400,,CHN,China Radio Int.,E,English,PHL,PHL,k,0,,
11960000,0000-0200,,G,BBC,E,English,NIn,NIn,/OMA-a,6,1504,2510
11960000,0300-0400,,J,NHK Radio Japan,J,Japanese,ME,ME,/D-n,0,,
11960000,0530-0600,,ROU,Radio Romania Int.,E,English,WEu,WEu,g,0,,
11965000,0930-0945,Sa,AUS,Reach Beyond Australia,JV,Javanese,INS,INS,ku,0,,
11965000,0930-1000,Su,AUS,Reach Beyond Australia,IN,Indonesian / Bahasa Indonesia,INS,INS,ku,0,,
11965000,0930-1000,Mo-Fr,AUS,Reach Beyond Australia,MAD,Madurese/Madura,INS,INS,ku,0,,
11965000,0945-1100,Sa,AUS,Reach Beyond Australia,IN,Indonesian / Bahasa Indonesia,INS,INS,ku,0,,
11965000,1000-1015,Su,AUS,Reach Beyond Australia,BAL,Balinese,INS,INS,ku,0,,
11965000,1000-1030,Mo-Fr,AUS,Reach Beyond Australia,SUN,Sunda/Sundanese,INS,INS,ku,0,,
11965000,1015-1030,Su,AUS,Reach Beyond Australia,MAD,Madurese/Madura,INS,INS,ku,0,,
11965000,1030-1100,Su,AUS,Reach Beyond Australia,E,English,INS,INS,ku,0,,
11965000,1100-1115,Sa,AUS,Reach Beyond Australia,MGO,Malango,SLM,SLM,ku,0,,
11965000,1100-1115,Su,AUS,Reach Beyond Australia,ML,Malay / Baku,INS,INS,ku,0,,
11965000,1130-1145,,AUS,Reach Beyond Australia,ROH,Rohingya (rjj),INS,INS,ku,0,,
11965000,1300-1400,,TUR,Voice of Turkey,R,Russian,EEu,EEu,e,0,,
11965000,1600-1700,,CHN,China Radio Int.,E,English,Eu,Eu,ka,0,,
11965000,1800-1830,,G,BBC,F,French,MDG,MDG,w,0,,
11965000,2000-2100,,MDG,MWV African Pathways R.,E,English,CAf,CAf,m,1,,[0526]
11965000,2100-2300,,J,NHK Radio Japan,J,Japanese,SEA,SEA,y,0,,
11970000,0000-0100,,TWN,Sound of Hope,M,Mandarin (Standard Chinese / Beijing dialect),FE,FE,,1,,
11970000,0100-0200,,TWN,Sound of Hope,M,Mandarin (Standard Chinese / Beijing dialect),FE,FE,,1,,
11970000,0100-0600,,CHN,CNR 2 China Business R.,M,Mandarin (Standard Chinese / Beijing dialect),CHN,CHN,x,4,,[0226]
11970000,0200-1200,,TWN,Sound of Hope,M,Mandarin (Standard Chinese / Beijing dialect),FE,FE,,1,,
11970000,0600-0900,Th-Tu,CHN,CNR 2 China Business R.,M,Mandarin (Standard Chinese / Beijing dialect),CHN,CHN,x,4,,[0222]
11970000,1200-1300,,TWN,Sound of Hope,M,Mandarin (Standard Chinese / Beijing dialect),FE,FE,,1,,
11970000,1300-1400,,TWN,Sound of Hope,M,Mandarin (Standard Chinese / Beijing dialect),FE,FE,,1,,
11970000,1400-1500,,TWN,Sound of Hope,M,Mandarin (Standard Chinese / Beijing dialect),FE,FE,,1,,
11970000,2130-2200,,TWN,Sound of Hope,M,Mandarin (Standard Chinese / Beijing dialect),FE,FE,,1,,
11970000,2200-2300,,TWN,Sound of Hope,M,Mandarin (Standard Chinese / Beijing dialect),FE,FE,,1,,
11970000,2300-2400,,ROU,Radio Romania Int.,S,Spanish/Castellano,SAm,SAm,g,0,,
11970000,2300-2400,,TWN,Sound of Hope,M,Mandarin (Standard Chinese / Beijing dialect),FE,FE,,1,,
11975000,0000-0100,,CHN,China Radio Int.,M,Mandarin (Standard Chinese / Beijing dialect),SEA,SEA,k,0,,
11975000,0000-0100,,TWN,Sound of Hope,M,Mandarin (Standard Chinese / Beijing dialect),FE,FE,,1,,[1123]
11975000,0100-0200,,TWN,Sound of Hope,M,Mandarin (Standard Chinese / Beijing dialect),FE,FE,,1,,[1223]
11975000,0200-1200,,TWN,Sound of Hope,M,Mandarin (Standard Chinese / Beijing dialect),FE,FE,,1,,[0125]
11975000,0305-0530,,CHN,PBS Xinjiang,KG,Kyrgyz /Kirghiz,CHN,CHN,uc,5,,[0925]
11975000,1005-1230,,CHN,PBS Xinjiang,KG,Kyrgyz /Kirghiz,CHN,CHN,uc,5,,[0724]
11975000,1200-1300,,TWN,Sound of Hope,M,Mandarin (Standard Chinese / Beijing dialect),FE,FE,,1,,[1122]
11975000,1300-1400,,TWN,Sound of Hope,M,Mandarin (Standard Chinese / Beijing dialect),FE,FE,,1,,
11975000,1400-1500,,TWN,Sound of Hope,M,Mandarin (Standard Chinese / Beijing dialect),FE,FE,,1,,[0621]
11975000,1500-1600,,TWN,Sound of Hope,M,Mandarin (Standard Chinese / Beijing dialect),FE,FE,,1,,[1123]
11975000,1600-1700,,TWN,Sound of Hope,M,Mandarin (Standard Chinese / Beijing dialect),FE,FE,,1,,
11975000,1700-1800,,ROU,Radio Romania Int.,RO,Romanian,WEu,WEu,g,0,,
11975000,1800-1900,,ROU,Radio Romania Int.,RO,Romanian,WEu,WEu,g,0,,
11975000,1900-2000,,ROU,Radio Romania Int.,RO,Romanian,WEu,WEu,g,0,,
11975000,2000-2030,,ROU,Radio Romania Int.,F,French,WEu,WEu,g,0,,
11975000,2030-2100,,ROU,Radio Romania Int.,E,English,WEu,WEu,g,0,,
11975000,2100-2130,,TWN,Sound of Hope,M,Mandarin (Standard Chinese / Beijing dialect),FE,FE,,1,,
11975000,2130-2200,,TWN,Sound of Hope,M,Mandarin (Standard Chinese / Beijing dialect),FE,FE,,1,,
11975000,2130-2230,,CHN,China Radio Int.,F,French,NAf,NAf,/MLI,0,,
11975000,2200-1700,,CHN,CNR1 Jammer/Firedrake,M,Mandarin (Standard Chinese / Beijing dialect),FE,FE,,1,,[0626]
11975000,2200-2300,,TWN,Sound of Hope,M,Mandarin (Standard Chinese / Beijing dialect),FE,FE,,1,,
11975000,2300-2400,,TWN,Sound of Hope,M,Mandarin (Standard Chinese / Beijing dialect),FE,FE,,1,,
11980000,0100-0200,,CHN,China Radio Int.,AM,Amoy,INS,INS,k,0,,
11980000,0900-1100,,CHN,China Radio Int.,M,Mandarin (Standard Chinese / Beijing dialect),INS,INS,k,0,,
11980000,1200-1300,,CHN,China Radio Int.,E,English,SEA,SEA,k,0,,
11980000,1300-1400,,CHN,China Radio Int.,E,English,SEA,SEA,k,0,,
11980000,1600-1700,,CHN,CNR1 Jammer/Firedrake,M,Mandarin (Standard Chinese / Beijing dialect),FE,FE,,0,,
11980000,1600-1700,,USA,Voice of America,TB,Tibetan / Lhasa Tibetan,FE,FE,/KWT,0,,
11980600,0000-2400,,PTR,NAU US Navy,-TY,Teletype or other digital Station (RTTY/SITOR/..),NAm,NAm,i,1,,[0524]
11985000,0550-0820,,IRN,IRIB Voice of I.R.Iran,DR,Dari / Eastern Farsi,CAs,CAs,s,0,,
11985000,1100-1200,,CHN,China Radio Int.,MO,Mongolian,MNG,MNG,u,0,,
11990000,0000-0100,,CHN,China Radio Int.,KH,Khmer,SEA,SEA,n,0,,
11990000,0000-0100,,TWN,Sound of Hope,M,Mandarin (Standard Chinese / Beijing dialect),FE,FE,,1,,[1123]
11990000,0100-0200,,TWN,Sound of Hope,CA,Cantonese / Yue,FE,FE,,1,,[1223]
11990000,0200-1200,,TWN,Sound of Hope,M,Mandarin (Standard Chinese / Beijing dialect),FE,FE,,1,,[0626]
11990000,1200-1300,,TWN,Sound of Hope,M,Mandarin (Standard Chinese / Beijing dialect),FE,FE,,1,,[0125]
11990000,1300-1400,,TWN,Sound of Hope,M,Mandarin (Standard Chinese / Beijing dialect),FE,FE,,1,,
11990000,1400-1500,,TWN,Sound of Hope,M,Mandarin (Standard Chinese / Beijing dialect),FE,FE,,1,,[0125]
11990000,1500-1600,,TWN,Sound of Hope,M,Mandarin (Standard Chinese / Beijing dialect),FE,FE,,1,,
11990000,1600-1700,,TWN,Sound of Hope,M,Mandarin (Standard Chinese / Beijing dialect),FE,FE,,1,,
11990000,2100-1700,,CHN,CNR1 Jammer/Firedrake,M,Mandarin (Standard Chinese / Beijing dialect),FE,FE,,1,,[0526]
11990000,2100-2130,,TWN,Sound of Hope,M,Mandarin (Standard Chinese / Beijing dialect),FE,FE,,1,,
11990000,2130-2200,,TWN,Sound of Hope,M,Mandarin (Standard Chinese / Beijing dialect),FE,FE,,1,,
11990000,2200-2300,,TWN,Sound of Hope,M,Mandarin (Standard Chinese / Beijing dialect),FE,FE,,1,,
11990000,2300-2400,,TWN,Sound of Hope,M,Mandarin (Standard Chinese / Beijing dialect),FE,FE,,1,,
11995000,0600-0630,,F,Radio France Int.,HA,Haussa,WAf,WAf,i,6,2903,2907
11995000,1400-1500,,G,BBC,DR,Dari / Eastern Farsi,AFG,AFG,/OMA-a,0,,
11995000,1500-1600,,G,BBC,PS,Pashto / Pushtu,AFG,AFG,/OMA-a,0,,
11995000,1715-1725,20Jun,TWN,Radio Taiwan Int.,D,German,Eu,Eu,s,6,1406,2106
11995000,1715-1725,21Jun,TWN,Radio Taiwan Int.,F,French,Eu,Eu,s,6,1406,2106
11995000,1730-1740,20Jun,TWN,Radio Taiwan Int.,D,German,Eu,Eu,s,6,1406,2106
11995000,1730-1740,21Jun,TWN,Radio Taiwan Int.,F,French,Eu,Eu,s,6,1406,2106
11995000,1730-1800,Fr-Su,TWN,Radio Taiwan Int.,D,German,Eu,Eu,s,6,0307,2607
11995000,2000-2100,,F,Radio France Int.,F,French,WAf,WAf,i,6,2903,2907
11995000,2100-2200,,F,Radio France Int.,F,French,WAf,WAf,i,6,2903,2907
12000000,0300-0400,,CHN,China Radio Int.,E,English,SAs,SAs,ka,0,,
12005000,0900-1000,,CHN,China Radio Int.,M,Mandarin (Standard Chinese / Beijing dialect),Oc,Oc,k,0,,
12005000,1000-1100,,CHN,China Radio Int.,CA,Cantonese / Yue,Oc,Oc,k,0,,
12005000,1430-1500,Mo-Fr,G,BBC,K,Korean,FE,FE,/UZB,6,2903,1605
12005000,1530-1600,Mo-Fr,G,BBC,K,Korean,FE,FE,/UZB,6,2903,1605
12005000,1850-2145,4Apr,CVA,Radio Vaticana,M,Mandarin (Standard Chinese / Beijing dialect),FE,FE,,6,0104,0404
12010000,0000-0100,,CHN,China National Radio 6,AM,Amoy,TWN,TWN,n,1,,
12010000,0100-0200,,CHN,China National Radio 6,AM,Amoy,TWN,TWN,n,1,,
12010000,1400-1500,,CHN,China Radio Int.,VN,Vietnamese,SEA,SEA,a,0,,
12010000,1900-1930,Su,USA,Follow the Bible Min.,E,English,SAf,SAf,/ASC,4,,[0126]
12010000,2155-2400,,CHN,China National Radio 6,AM,Amoy,TWN,TWN,n,1,,
12015000,0000-2400,,USA,NSS US Navy,-TY,Teletype or other digital Station (RTTY/SITOR/..),NAm,NAm,a,1,,[0726]
12015000,1300-1330,,MNG,Voice of Mongolia,J,Japanese,As,As,u,1,,[1024]
12015000,1300-1400,,KRE,Voice of Korea,E,English,Eu,Eu,u,4,,[0226]
12015000,1330-1400,,MNG,Voice of Mongolia,MO,Mongolian,As,As,u,1,,[1025]
12015000,1400-1430,,MNG,Voice of Mongolia,M,Mandarin (Standard Chinese / Beijing dialect),As,As,u,1,,[0125]
12015000,1400-1500,,KRE,Voice of Korea,F,French,Eu,Eu,u,4,,[0126]
12015000,1400-1600,,KRE,Voice of Korea,R,Russian,Eu,Eu,u,5,,[0626]
12015000,1430-1500,,MNG,Voice of Mongolia,E,English,As,As,u,1,,[0125]
12015000,1500-1530,,MNG,Voice of Mongolia,J,Japanese,As,As,u,1,,
12015000,1500-1600,,KRE,Voice of Korea,E,English,Eu,Eu,u,4,,[0125]
12015000,1530-1600,,MNG,Voice of Mongolia,E,English,As,As,u,1,,[0921]
12015000,1600-1700,,KRE,Voice of Korea,F,French,Eu,Eu,u,4,,[0325]
12015000,1600-1700,,KRE,Voice of Korea,D,German,Eu,Eu,u,5,,[0626]
12015000,1700-1750,,KRE,Voice of Korea KCBS,K,Korean,Eu,Eu,u,4,,[1223]
12015000,1700-1800,,CHN,China Radio Int.,E,English,Eu,Eu,b,0,,
12015000,1700-1800,,KRE,Voice of Korea,R,Russian,Eu,Eu,u,5,,[0925]
12015000,1800-1900,,KRE,Voice of Korea,E,English,Eu,Eu,u,4,,[0426]
12015000,1800-1900,,KRE,Voice of Korea,D,German,Eu,Eu,u,5,,[0726]
12015000,1900-2000,,KRE,Voice of Korea,S,Spanish/Castellano,Eu,Eu,u,4,,[0326]
12015000,1900-2000,,KRE,Voice of Korea,D,German,Eu,Eu,u,5,,[0726]
12015000,2000-2050,,KRE,Voice of Korea KCBS,K,Korean,Eu,Eu,u,5,,[0326]
12015000,2000-2100,,KRE,Voice of Korea,F,French,Eu,Eu,u,4,,[1123]
12015000,2100-2200,,KRE,Voice of Korea,E,English,Eu,Eu,u,4,,[1123]
12015000,2200-2300,,KRE,Voice of Korea,S,Spanish/Castellano,Eu,Eu,u,4,,
12015000,2300-2350,,KRE,Voice of Korea KCBS,K,Korean,Eu,Eu,u,4,,[0226]
12020000,1030-1100,,VTN,Voice of Vietnam,IN,Indonesian / Bahasa Indonesia,INS,INS,s,1,,[0126]
12020000,1100-1130,,VTN,Voice of Vietnam,J,Japanese,FE,FE,s,1,,[0923]
12020000,1130-1200,,VTN,Voice of Vietnam,E,English,FE,FE,s,1,,[0626]
12020000,1200-1230,,VTN,Voice of Vietnam,J,Japanese,FE,FE,s,1,,[1124]
12020000,1300-1330,,VTN,Voice of Vietnam,IN,Indonesian / Bahasa Indonesia,INS,INS,s,1,,[0326]
12020000,1330-1400,,VTN,Voice of Vietnam,E,English,FE,FE,s,1,,[0726]
12020000,1400-1430,,VTN,Voice of Vietnam,J,Japanese,FE,FE,s,1,,[0726]
12020000,1430-1500,,VTN,Voice of Vietnam,IN,Indonesian / Bahasa Indonesia,INS,INS,s,1,,[0224]
12020000,2300-2330,,VTN,Voice of Vietnam,IN,Indonesian / Bahasa Indonesia,INS,INS,s,1,,[0821]
12025000,1300-1400,,CHN,China Radio Int.,K,Korean,FE,FE,x,0,,
12025000,1400-1500,,CHN,China Radio Int.,M,Mandarin (Standard Chinese / Beijing dialect),CAs,CAs,u,0,,
12030000,1500-2300,SaSu,E,Radio Exterior España,S,Spanish/Castellano,ME,ME,n,4,,
12030000,1600-1900,Mo-Fr,E,Radio Exterior España,S,Spanish/Castellano,ME,ME,n,4,,
12030000,1900-2100,Mo-Fr,E,Radio Exterior España,S,Spanish/Castellano,ME,ME,n,4,,
12030000,2100-2130,Tu-Th,E,Radio Exterior España,S,Spanish/Castellano,ME,ME,n,4,,
12030000,2100-2130,Mo,E,Radio Exterior España,SEF,Sefardi/Judeo Spanish/Ladino,ME,ME,n,4,,
12030000,2100-2200,Fr,E,Radio Exterior España,A,Arabic (300m),ME,ME,n,4,,
12030000,2130-2200,Mo,E,Radio Exterior España,M,Mandarin (Standard Chinese / Beijing dialect),ME,ME,n,4,,
12030000,2130-2200,Tu-Th,E,Radio Exterior España,S,Spanish/Castellano,ME,ME,n,4,,
12030000,2200-2300,Mo-Fr,E,Radio Exterior España,S,Spanish/Castellano,ME,ME,n,4,,
12030000,2300-2330,Sa,E,Radio Exterior España,R,Russian,ME,ME,n,4,,
12030000,2300-2330,157,E,Radio Exterior España,S,Spanish/Castellano,ME,ME,n,4,,
12030000,2300-2400,We,E,Radio Exterior España,E,English,ME,ME,n,4,,
12030000,2300-2400,Tu,E,Radio Exterior España,F,French,ME,ME,n,4,,
12030000,2300-2400,Th,E,Radio Exterior España,P,Portuguese,ME,ME,n,4,,
12030000,2330-2400,Fr-Mo,E,Radio Exterior España,S,Spanish/Castellano,ME,ME,n,4,,
12035000,0700-1300,"Tu,Th",USA,Voice of America,E,English,EEu,EEu,/D-L,6,2306,2510[0626]
12035000,2200-2400,,G,BBC,E,English,SEA,SEA,/OMA-a,6,1508,2510
12040000,1430-1700,,USA,Radio Farda,FS,Farsi / Iranian Persian,IRN,IRN,/UAE,6,1505,0106
12040000,1700-2100,,USA,Radio Farda,FS,Farsi / Iranian Persian,IRN,IRN,/G-w,6,1505,2510
12045000,0000-0600,,CHN,China National Radio 1,M,Mandarin (Standard Chinese / Beijing dialect),CHN,CHN,b,4,,
12045000,0600-0900,We-Mo,CHN,China National Radio 1,M,Mandarin (Standard Chinese / Beijing dialect),CHN,CHN,b,1,,[0222]
12045000,0900-1100,,CHN,China National Radio 1,M,Mandarin (Standard Chinese / Beijing dialect),CHN,CHN,b,4,,[0120]
12045000,0900-1200,,CHN,China National Radio 1,M,Mandarin (Standard Chinese / Beijing dialect),CHN,CHN,b,5,,[0420]
12045000,1300-1330,,CLA,Nippon no Kaze,K,Korean,KRE,KRE,/UZB,4,,[1124]
12045000,1330-1357,,CLA,Furusato no Kaze,J,Japanese,KRE,KRE,/UZB,4,,[0125]
12045000,2300-0600,,CHN,China National Radio 1,M,Mandarin (Standard Chinese / Beijing dialect),CHN,CHN,b,5,,
12050000,0000-2400,,HOL,SunDance Radio,NL,Dutch,Eu,Eu,n,1,0106,
12050000,1355-0600,irr,USA,WEWN EWTN Catholic R.,S,Spanish/Castellano,LAm,LAm,b,1,,[0626]
12055000,0015-0045,,PHL,FEBC Manila,LAH,Lahu,SEA,SEA,b,1,,[0923]
12055000,0045-0100,,PHL,FEBC Manila,WA,Wa / Parauk,SEA,SEA,b,1,,[0923]
12055000,0600-0800,We-Mo,CHN,China National Radio 17,KZ,Kazakh,CHN,CHN,L,1,,
12055000,0800-0900,We-Mo,CHN,China National Radio 17,M,Mandarin (Standard Chinese / Beijing dialect),CHN,CHN,L,1,,
12055000,0900-1200,,CHN,China National Radio 17,KZ,Kazakh,CHN,CHN,L,1,,[0925]
12055000,1420-1520,,IRN,IRIB Voice of I.R.Iran,BE,Bengali/Bangla,SAs,SAs,s,0,,
12055000,2300-2330,Mo-Fr,PHL,FEBC Manila,SHA,Shan,SEA,SEA,b,1,,[0526]
12055000,2330-2345,,PHL,FEBC Manila,PAL,Palaung - Pale (Ruching),SEA,SEA,b,1,,[0826]
12055000,2345-0015,,PHL,FEBC Manila,TL,Tai-Lu/Lu,SEA,SEA,b,1,,[0826]
12055000,2355-0600,,CHN,China National Radio 17,KZ,Kazakh,CHN,CHN,L,1,,[0526]
12060000,0600-1400,"Tu,Fr",USA,Voice of America,E,English,Af,Af,/BOT,6,2205,2510
12060000,1600-1700,,D,SM Radio Dessau,D,German,Eu,Eu,/ARM,6,0105,0105
12060000,1700-1800,14Jun,D,SM Radio Dessau,D,German,Eu,Eu,/ARM,6,1406,1406
12060000,1700-1900,,J,NHK Radio Japan,J,Japanese,ME,ME,y,0,,
12060000,1900-2100,,J,NHK Radio Japan,J,Japanese,CAf,CAf,y,0,,
12060000,2100-2120,,J,NHK Radio Japan,F,French,CAf,CAf,y,0,,
12065000,0900-1000,,TWN,Radio Taiwan Int.,AM,Amoy,INS,INS,p,1,,[0925]
12065000,1000-1030,,CHN,CNR1 Jammer/Firedrake,M,Mandarin (Standard Chinese / Beijing dialect),FE,FE,a,1,,
12065000,1000-1030,,TWN,Radio Taiwan Int.,CA,Cantonese / Yue,INS,INS,p,1,,[0723]
12065000,1030-1100,,TWN,Radio Taiwan Int.,HK,Hakka,INS,INS,p,1,,[0826]
12067000,0845-0855,"Mo,We",POL,E11 Polish Spy Numbers,E,English,,,p,1,0111,2802[0123]
12070000,0600-1300,,USA,Radio Farda,FS,Farsi / Iranian Persian,IRN,IRN,/KWT,6,2704,2510
12070000,1130-1200,,CHN,China Radio Int.,TAG,Tagalog,PHL,PHL,n,0,,
12070000,1430-1700,,USA,Radio Farda,FS,Farsi / Iranian Persian,IRN,IRN,/UAE,6,0504,1405
12070000,1700-2100,,USA,Radio Farda,FS,Farsi / Iranian Persian,IRN,IRN,/G-w,6,0504,1405
12070000,2130-2145,14Jun,G,BBC,E,English,ATA,ATA,w,6,1406,1406
12070000,2130-2200,21Jun,G,BBC,E,English,ATA,ATA,w,6,1406,2106
12070000,2300-0100,,HKG,FEBC Radio Liangyou 1,M,Mandarin (Standard Chinese / Beijing dialect),FE,FE,/PHL-i,1,,[0426]
12080000,0000-0600,,CHN,CNR 2 China Business R.,M,Mandarin (Standard Chinese / Beijing dialect),CHN,CHN,as,5,,[0621]
12080000,0200-0600,,CHN,CNR 2 China Business R.,M,Mandarin (Standard Chinese / Beijing dialect),CHN,CHN,as,4,,
12080000,0600-0900,Th-Tu,CHN,CNR 2 China Business R.,M,Mandarin (Standard Chinese / Beijing dialect),CHN,CHN,as,1,,[0222]
12080000,0900-1000,,CHN,CNR 2 China Business R.,M,Mandarin (Standard Chinese / Beijing dialect),CHN,CHN,as,1,,[0126]
12084000,0400-0410,Th,RUS,E06 Russian Spy Numbers,E,English,RUS,RUS,c,1,0108,3108
12085000,0100-0140,Tests,MNG,Voice of Mongolia,-MX,Music,FE,FE,u,1,,[0326]
12085000,0900-0930,,MNG,Voice of Mongolia,E,English,FE,FE,u,1,,[0326]
12085000,0930-1000,,MNG,Voice of Mongolia,MO,Mongolian,FE,FE,u,1,,[1025]
12085000,1000-1030,,MNG,Voice of Mongolia,M,Mandarin (Standard Chinese / Beijing dialect),FE,FE,u,1,,[0925]
12085000,1030-1100,,MNG,Voice of Mongolia,J,Japanese,J,J,u,1,,[0426]
12085000,2300-2400,,CHN,China Radio Int.,MO,Mongolian,MNG,MNG,x,0,,
12089000,1045-1055,"Mo,We",POL,E11 Polish Spy Numbers,E,English,,,p,1,0105,3108
12090000,0400-1900,,CLA,Iran International TV,FS,Farsi / Iranian Persian,IRN,IRN,/XUU,6,2903,0104[0326]
12093000,0930-0940,Su,RUS,E06 Russian Spy Numbers,E,English,RUS,RUS,or,1,0103,3103
12093000,1030-1040,We,RUS,E06 Russian Spy Numbers,E,English,RUS,RUS,or,1,0105,3105
12095000,0000-0200,,G,BBC,E,English,SAs,SAs,/OMA-a,6,2903,0105
12095000,0200-0230,,G,BBC,PS,Pashto / Pushtu,AFG,AFG,/OMA-a,0,,
12095000,0230-0300,,G,BBC,DR,Dari / Eastern Farsi,AFG,AFG,/OMA-a,0,,
12095000,0300-0330,,G,BBC,PS,Pashto / Pushtu,AFG,AFG,/OMA-a,0,,
12095000,0400-0500,Mo-Sa,G,BBC,E,English,EAf,EAf,/MDG,0,,
12095000,0400-0500,Su,G,BBC,E,English,EAf,EAf,/MDG,0,,
12095000,0629-0700,,G,BBC,HA,Haussa,WAf,WAf,/ASC,0,,
12095000,0700-0729,,G,BBC,F,French,WAf,WAf,/ASC,0,,
12095000,1000-1030,Mo-Fr,PHL,FEBC Manila,HMW,Hmong-White/Daw,SEA,SEA,b,1,,[0224]
12095000,1030-1100,,PHL,FEBC Manila,TL,Tai-Lu/Lu,SEA,SEA,b,1,,[0424]
12095000,1100-1130,SaSu,PHL,FEBC Manila,HMB,Hmong-Blue/Njua,SEA,SEA,b,1,,
12095000,1100-1130,Mo-Fr,PHL,FEBC Manila,HMW,Hmong-White/Daw,SEA,SEA,b,1,,[0526]
12095000,1130-1200,,PHL,FEBC Manila,LAO,Lao,SEA,SEA,b,1,,[0425]
12095000,1200-1230,,PHL,FEBC Manila,MIE,Mien / Iu Mien,SEA,SEA,b,1,,[0923]
12095000,1245-1300,,PHL,FEBC Manila,BT,Black Tai / Tai Dam,SEA,SEA,b,1,,[1125]
12095000,1300-1330,,PHL,FEBC Manila,HMQ,"Hmong/Miao, Northern Qiandong / Black Hmong",SEA,SEA,b,1,,[1124]
12095000,1330-1400,,PHL,FEBC Manila,KHM,Khmu,SEA,SEA,b,1,,[0626]
12095000,1400-1500,Mo-Fr,G,BBC,SO,Somali,EAf,EAf,/OMA-a,0,,
12095000,1500-1530,Mo-Fr,G,BBC,E,English,EAf,EAf,/OMA-a,0,,
12095000,1530-1700,Mo-Fr,G,BBC,E,English,EAf,EAf,/OMA-a,0,,
12095000,1530-1730,Su,G,BBC,E,English,EAf,EAf,/OMA-a,0,,
12095000,1600-1900,Sa,G,BBC,SO,Somali,EAf,EAf,/OMA-a,6,2504,1605
12095000,2230-2330,Mo-Fr,PHL,FEBC Manila,HMW,Hmong-White/Daw,SEA,SEA,b,1,,[0826]
12095000,2300-2330,SaSu,PHL,FEBC Manila,HMB,Hmong-Blue/Njua,SEA,SEA,b,1,,[0526]
12105000,1200-1230,Sa,USA,Trans World R. DIGITAL,M,Mandarin (Standard Chinese / Beijing dialect),FE,FE,/UZB,1,,
12105000,1230-1300,Sa,USA,Trans World R. DIGITAL,J,Japanese,FE,FE,/UZB,1,,
12110000,0900-1300,,CHN,CNR1 Jammer/Firedrake,M,Mandarin (Standard Chinese / Beijing dialect),FE,FE,,0,,
12110000,0900-1300,,USA,Voice of America,M,Mandarin (Standard Chinese / Beijing dialect),FE,FE,/PHL-t,0,,
12115000,1400-1500,,CHN,CNR1 Jammer/Firedrake,M,Mandarin (Standard Chinese / Beijing dialect),FE,FE,,0,,
12115000,1400-1500,,USA,Voice of America,TB,Tibetan / Lhasa Tibetan,FE,FE,/KWT,0,,
12120000,0000-2400,,PTR,NAU US Navy,-TY,Teletype or other digital Station (RTTY/SITOR/..),NAm,NAm,i,1,,[0726]
12120000,0030-0100,Mo-Fr,USA,Trans World Radio,E,English,FE,FE,/PHL-b,1,,
12120000,1200-1215,,PHL,FEBC Manila,RWG,Rawang,SEA,SEA,b,1,,[0626]
12120000,1215-1245,,PHL,FEBC Manila,AK,Akha,SEA,SEA,b,1,,[0526]
12120000,1245-1300,,PHL,FEBC Manila,C-D,C-D,SEA,SEA,b,1,,[1025]
12120000,1300-1330,,HKG,FEBC Radio Liangyou,LIS,Lisu,SEA,SEA,/PHL-b,1,,[1125]
12120000,1330-1400,Mo-Fr,PHL,FEBC Manila,BR,Burmese / Barma / Myanmar,SEA,SEA,b,1,,[1225]
12120000,1730-2030,,PHL,Radyo Pilipinas,TAG,Tagalog,ME,ME,t,0,,
12127000,0740-0750,Su,RUS,V07 Russian Spy Numbers,S,Spanish/Castellano,FE,FE,kh,1,0106,3006
12130000,1230-1600,,USA,Voice of America,K,Korean,FE,FE,/PHL-t,6,0807,0807
12130000,2030-0130,Mo-Fr,USA,Voice of America,K,Korean,FE,FE,/PHL-t,6,2506,1007
12130000,2300-0100,,USA,Voice of America,K,Korean,FE,FE,/PHL-t,6,0407,0407
12131000,1120-1130,"Tu,Fr",RUS,E07 Russian Spy Numbers,E,English,RUS,RUS,m,1,0109,3009
12137000,1540-1550,"Tu,Fr",RUS,E07 Russian Spy Numbers,E,English,RUS,RUS,m,1,0111,3011
12139000,1140-1150,"Tu,Fr",RUS,E07 Russian Spy Numbers,E,English,RUS,RUS,m,1,0103,3103
12139000,1520-1530,"Tu,Fr",RUS,E07 Russian Spy Numbers,E,English,RUS,RUS,m,1,0112,3112[1222]
12140000,0500-1500,Mo-Fr,USA,Voice of America,K,Korean,FE,FE,/PHL-t,6,2407,2410
12140000,0930-1530,Mo-Fr,USA,Voice of America,K,Korean,FE,FE,/PHL-t,6,1307,2307
12140000,1400-1430,,USA,VoA Radio Ashna,DR,Dari / Eastern Farsi,AFG,AFG,/KWT,0,,
12140000,1430-1500,,USA,VoA Radio Ashna,PS,Pashto / Pushtu,AFG,AFG,/KWT,0,,
12140000,1500-1530,,USA,VoA Radio Ashna,DR,Dari / Eastern Farsi,AFG,AFG,/KWT,0,,
12140000,1530-1600,,USA,VoA Radio Ashna,PS,Pashto / Pushtu,AFG,AFG,/KWT,0,,
12140000,1600-1630,,USA,VoA Radio Ashna,DR,Dari / Eastern Farsi,AFG,AFG,/KWT,0,,
12140000,1630-1700,,USA,VoA Radio Ashna,PS,Pashto / Pushtu,AFG,AFG,/KWT,0,,
12140000,1700-1730,,USA,VoA Radio Ashna,DR,Dari / Eastern Farsi,AFG,AFG,/KWT,0,,
12140000,2130-0330,Mo-Fr,USA,Voice of America,K,Korean,FE,FE,/PHL-t,6,1307,2307
12147000,1100-1110,"Tu,Fr",RUS,E07 Russian Spy Numbers,E,English,RUS,RUS,m,1,0102,2802
12150000,1100-1200,,CHN,CNR1 Jammer/Firedrake,M,Mandarin (Standard Chinese / Beijing dialect),FE,FE,,0,,
12150000,1100-1200,,USA,Voice of America,M,Mandarin (Standard Chinese / Beijing dialect),FE,FE,/PHL-t,0,,
12150000,1200-1300,,CHN,CNR1 Jammer/Firedrake,M,Mandarin (Standard Chinese / Beijing dialect),FE,FE,,0,,
12150000,1200-1300,,USA,Voice of America,M,Mandarin (Standard Chinese / Beijing dialect),FE,FE,/PHL-t,0,,
12150000,2130-1700,,CHN,CNR1 Jammer/Firedrake,M,Mandarin (Standard Chinese / Beijing dialect),CHN,CHN,,1,,[1220]
12150100,0000-0100,,TWN,Sound of Hope,M,Mandarin (Standard Chinese / Beijing dialect),FE,FE,,1,,
12150100,0100-0200,,TWN,Sound of Hope,M,Mandarin (Standard Chinese / Beijing dialect),FE,FE,,1,,
12150100,0200-1200,,TWN,Sound of Hope,M,Mandarin (Standard Chinese / Beijing dialect),FE,FE,,1,,[0423]
12150100,1200-1300,,TWN,Sound of Hope,M,Mandarin (Standard Chinese / Beijing dialect),FE,FE,,1,,[0521]
12150100,1300-1400,,TWN,Sound of Hope,M,Mandarin (Standard Chinese / Beijing dialect),FE,FE,,1,,
12150100,1400-1500,,TWN,Sound of Hope,M,Mandarin (Standard Chinese / Beijing dialect),FE,FE,,1,,
12150100,1500-1600,,TWN,Sound of Hope,M,Mandarin (Standard Chinese / Beijing dialect),FE,FE,,1,,
12150100,1600-1700,,TWN,Sound of Hope,M,Mandarin (Standard Chinese / Beijing dialect),FE,FE,,1,,
12150100,2130-2200,,TWN,Sound of Hope,M,Mandarin (Standard Chinese / Beijing dialect),FE,FE,,1,,
12150100,2200-2300,,TWN,Sound of Hope,M,Mandarin (Standard Chinese / Beijing dialect),FE,FE,,1,,
12150100,2300-2400,,TWN,Sound of Hope,M,Mandarin (Standard Chinese / Beijing dialect),FE,FE,,1,,
12153000,0505-0515,"Tu,Th",POL,E11 Polish Spy Numbers,E,English,,,p,1,0111,2802
12153000,1000-1010,"Tu,Fr",POL,E11 Polish Spy Numbers,E,English,,,p,1,0105,3108[0822]
12157000,0400-0410,Th,RUS,E06 Russian Spy Numbers,E,English,RUS,RUS,c,1,0105,3105
12158000,1140-1150,"Tu,Fr",RUS,E07 Russian Spy Numbers,E,English,RUS,RUS,m,1,0107,3107
12158000,1540-1550,"Tu,Fr",RUS,E07 Russian Spy Numbers,E,English,RUS,RUS,m,1,0102,2802
12160000,0000-0100,,TWN,Sound of Hope,M,Mandarin (Standard Chinese / Beijing dialect),FE,FE,,1,,
12160000,0100-0200,,TWN,Sound of Hope,M,Mandarin (Standard Chinese / Beijing dialect),FE,FE,,1,,
12160000,0200-1200,,TWN,Sound of Hope,M,Mandarin (Standard Chinese / Beijing dialect),FE,FE,,1,,
12160000,0900-0930,Mo-Fr,USA,Trans World Radio,M,Mandarin (Standard Chinese / Beijing dialect),FE,FE,/PHL-b,1,,[0925]
12160000,0930-0945,,USA,Trans World Radio,M,Mandarin (Standard Chinese / Beijing dialect),FE,FE,/PHL-b,1,,
12160000,0945-1000,Mo-Fr,USA,Trans World Radio,M,Mandarin (Standard Chinese / Beijing dialect),FE,FE,/PHL-b,1,,
12160000,1200-1300,,TWN,Sound of Hope,M,Mandarin (Standard Chinese / Beijing dialect),FE,FE,,1,,
12160000,1300-1400,,TWN,Sound of Hope,M,Mandarin (Standard Chinese / Beijing dialect),FE,FE,,1,,
12160000,1400-1500,,TWN,Sound of Hope,M,Mandarin (Standard Chinese / Beijing dialect),FE,FE,,1,,
12160000,1500-1600,,TWN,Sound of Hope,M,Mandarin (Standard Chinese / Beijing dialect),FE,FE,,1,,
12160000,1500-2000,,USA,"WWCR 2 Nashville, TN",E,English,NAm,NAm,n,2,,
12160000,2100-2130,,TWN,Sound of Hope,M,Mandarin (Standard Chinese / Beijing dialect),FE,FE,,1,,
12160000,2130-2200,,TWN,Sound of Hope,M,Mandarin (Standard Chinese / Beijing dialect),FE,FE,,1,,
12160000,2200-2300,,TWN,Sound of Hope,M,Mandarin (Standard Chinese / Beijing dialect),FE,FE,,1,,
12160000,2300-2400,,TWN,Sound of Hope,M,Mandarin (Standard Chinese / Beijing dialect),FE,FE,,1,,
12168000,1430-1440,"Th,Sa",RUS,E07 Russian Spy Numbers,E,English,RUS,RUS,m,1,0102,2802[0223]
12169000,0740-0750,Su,RUS,V07 Russian Spy Numbers,S,Spanish/Castellano,FE,FE,kh,1,0105,3105
12175000,1520-1530,"Tu,Fr",RUS,E07 Russian Spy Numbers,E,English,RUS,RUS,m,1,0101,3101[0123]
12177000,0400-0410,Th,RUS,E06 Russian Spy Numbers,E,English,RUS,RUS,c,1,0112,3112
12178000,0740-0750,Su,RUS,V07 Russian Spy Numbers,S,Spanish/Castellano,FE,FE,kh,1,0107,3107
12187000,1120-1130,"Tu,Fr",RUS,E07 Russian Spy Numbers,E,English,RUS,RUS,m,1,0108,3108
12188000,0930-0940,We,RUS,E06 Russian Spy Numbers,E,English,RUS,RUS,or,1,0103,3103
12189000,0400-0410,Th,RUS,E06 Russian Spy Numbers,E,English,RUS,RUS,c,1,0107,3107
12190000,0000-0100,,TWN,Sound of Hope,M,Mandarin (Standard Chinese / Beijing dialect),FE,FE,,1,,[1123]
12190000,0100-0200,,TWN,Sound of Hope,M,Mandarin (Standard Chinese / Beijing dialect),FE,FE,,1,,[1223]
12190000,0200-1200,,TWN,Sound of Hope,M,Mandarin (Standard Chinese / Beijing dialect),FE,FE,,1,,[0423]
12190000,1200-1300,,TWN,Sound of Hope,M,Mandarin (Standard Chinese / Beijing dialect),FE,FE,,1,,[1224]
12190000,1300-1400,,TWN,Sound of Hope,M,Mandarin (Standard Chinese / Beijing dialect),FE,FE,,1,,
12190000,1400-1500,,TWN,Sound of Hope,M,Mandarin (Standard Chinese / Beijing dialect),FE,FE,,1,,
12190000,1500-1600,,TWN,Sound of Hope,CA,Cantonese / Yue,FE,FE,,1,,[0223]
12190000,2200-1600,,CHN,CNR1 Jammer/Firedrake,M,Mandarin (Standard Chinese / Beijing dialect),CHN,CHN,,1,,[1220]
12190000,2200-2300,,TWN,Sound of Hope,M,Mandarin (Standard Chinese / Beijing dialect),FE,FE,,1,,
12190000,2300-2400,,TWN,Sound of Hope,M,Mandarin (Standard Chinese / Beijing dialect),FE,FE,,1,,
12202000,0845-0855,"Mo,We",POL,E11 Polish Spy Numbers,E,English,,,p,1,0103,3004
12202000,0845-0855,"Mo,We",POL,E11 Polish Spy Numbers,E,English,,,p,1,0109,3110[0924]
12207000,1000-1010,Su,RUS,E06 Russian Spy Numbers,E,English,RUS,RUS,or,1,0105,3105
12208000,0720-0730,Su,RUS,V07 Russian Spy Numbers,S,Spanish/Castellano,FE,FE,kh,1,0108,3108
12210000,0000-0100,,TWN,Sound of Hope,M,Mandarin (Standard Chinese / Beijing dialect),FE,FE,,1,,[1123]
12210000,0100-0200,,TWN,Sound of Hope,M,Mandarin (Standard Chinese / Beijing dialect),FE,FE,,1,,[1223]
12210000,0200-1200,,TWN,Sound of Hope,M,Mandarin (Standard Chinese / Beijing dialect),FE,FE,,1,,[0925]
12210000,1200-1300,,TWN,Sound of Hope,M,Mandarin (Standard Chinese / Beijing dialect),FE,FE,,1,,[1224]
12210000,1300-1400,,TWN,Sound of Hope,M,Mandarin (Standard Chinese / Beijing dialect),FE,FE,,1,,[0223]
12210000,1400-1500,,TWN,Sound of Hope,M,Mandarin (Standard Chinese / Beijing dialect),FE,FE,,1,,
12210000,2100-1500,,CHN,CNR1 Jammer/Firedrake,M,Mandarin (Standard Chinese / Beijing dialect),CHN,CHN,,1,,[1220]
12210000,2100-2130,,TWN,Sound of Hope,M,Mandarin (Standard Chinese / Beijing dialect),FE,FE,,1,,
12210000,2130-2200,,TWN,Sound of Hope,M,Mandarin (Standard Chinese / Beijing dialect),FE,FE,,1,,
12210000,2200-2300,,TWN,Sound of Hope,M,Mandarin (Standard Chinese / Beijing dialect),FE,FE,,1,,
12210000,2300-2400,,TWN,Sound of Hope,M,Mandarin (Standard Chinese / Beijing dialect),FE,FE,,1,,
12212000,0400-0410,Th,RUS,E06 Russian Spy Numbers,E,English,RUS,RUS,c,1,0106,3006
12218000,0400-0410,Th,RUS,E06 Russian Spy Numbers,E,English,RUS,RUS,c,1,0101,3101
12229000,1815-1825,"Fr,Su",POL,E11 Polish Spy Numbers,E,English,,,p,1,0105,3108[0723]
12230000,0000-0100,,TWN,Sound of Hope,M,Mandarin (Standard Chinese / Beijing dialect),FE,FE,,1,,
12230000,0100-0200,,TWN,Sound of Hope,M,Mandarin (Standard Chinese / Beijing dialect),FE,FE,,1,,[1223]
12230000,0200-1200,,TWN,Sound of Hope,M,Mandarin (Standard Chinese / Beijing dialect),FE,FE,,1,,[0925]
12230000,1200-1300,,TWN,Sound of Hope,M,Mandarin (Standard Chinese / Beijing dialect),FE,FE,,1,,[1224]
12230000,1300-1400,,TWN,Sound of Hope,M,Mandarin (Standard Chinese / Beijing dialect),FE,FE,,1,,[0223]
12230000,1400-1500,,TWN,Sound of Hope,M,Mandarin (Standard Chinese / Beijing dialect),FE,FE,,1,,
12230000,1500-1600,,TWN,Sound of Hope,M,Mandarin (Standard Chinese / Beijing dialect),FE,FE,,1,,[0125]
12230000,1600-1700,,TWN,Sound of Hope,M,Mandarin (Standard Chinese / Beijing dialect),FE,FE,,1,,
12230000,2130-1700,,CHN,CNR1 Jammer/Firedrake,M,Mandarin (Standard Chinese / Beijing dialect),CHN,CHN,,1,,[0223]
12230000,2130-2200,,TWN,Sound of Hope,M,Mandarin (Standard Chinese / Beijing dialect),FE,FE,,1,,
12230000,2200-2300,,TWN,Sound of Hope,M,Mandarin (Standard Chinese / Beijing dialect),FE,FE,,1,,
12230000,2300-2400,,TWN,Sound of Hope,M,Mandarin (Standard Chinese / Beijing dialect),FE,FE,,1,,
12280000,0000-0100,,TWN,Sound of Hope,M,Mandarin (Standard Chinese / Beijing dialect),FE,FE,,1,,
12280000,0100-0200,,TWN,Sound of Hope,M,Mandarin (Standard Chinese / Beijing dialect),FE,FE,,1,,[1223]
12280000,0200-1200,,TWN,Sound of Hope,M,Mandarin (Standard Chinese / Beijing dialect),FE,FE,,1,,[0925]
12280000,1200-1300,,TWN,Sound of Hope,M,Mandarin (Standard Chinese / Beijing dialect),FE,FE,,1,,
12280000,1300-1400,,TWN,Sound of Hope,M,Mandarin (Standard Chinese / Beijing dialect),FE,FE,,1,,[0223]
12280000,1400-1500,,TWN,Sound of Hope,M,Mandarin (Standard Chinese / Beijing dialect),FE,FE,,1,,
12280000,2130-2200,,TWN,Sound of Hope,M,Mandarin (Standard Chinese / Beijing dialect),FE,FE,,1,,
12280000,2200-2300,,TWN,Sound of Hope,M,Mandarin (Standard Chinese / Beijing dialect),FE,FE,,1,,
12280000,2300-2400,,TWN,Sound of Hope,M,Mandarin (Standard Chinese / Beijing dialect),FE,FE,,1,,
12290000,0000-2400,,CAN,VFF Iqaluit Radio,E,English,NAm,NAm,i,1,1505,2012
12345000,0000-0100,,TWN,Sound of Hope,M,Mandarin (Standard Chinese / Beijing dialect),FE,FE,,1,,
12345000,0100-0200,,TWN,Sound of Hope,M,Mandarin (Standard Chinese / Beijing dialect),FE,FE,,1,,
12345000,0200-1200,,TWN,Sound of Hope,M,Mandarin (Standard Chinese / Beijing dialect),FE,FE,,1,,[0925]
12345000,1200-1300,,TWN,Sound of Hope,M,Mandarin (Standard Chinese / Beijing dialect),FE,FE,,1,,[1122]
12345000,1300-1400,,TWN,Sound of Hope,M,Mandarin (Standard Chinese / Beijing dialect),FE,FE,,1,,
12345000,1400-1500,,TWN,Sound of Hope,M,Mandarin (Standard Chinese / Beijing dialect),FE,FE,,1,,
12345000,2130-2200,,TWN,Sound of Hope,M,Mandarin (Standard Chinese / Beijing dialect),FE,FE,,1,,
12345000,2200-2300,,TWN,Sound of Hope,M,Mandarin (Standard Chinese / Beijing dialect),FE,FE,,1,,
12345000,2300-2400,,TWN,Sound of Hope,M,Mandarin (Standard Chinese / Beijing dialect),FE,FE,,1,,
12356000,0303-0340,,NZL,ZLM Taupo Maritime R.,E,English,Oc,Oc,t,1,,[0824]
12356000,0903-0940,,NZL,ZLM Taupo Maritime R.,E,English,Oc,Oc,t,1,,[0526]
12356000,1503-1540,,NZL,ZLM Taupo Maritime R.,E,English,Oc,Oc,t,1,,[0125]
12356000,2103-2145,,NZL,ZLM Taupo Maritime R.,E,English,Oc,Oc,t,1,,[0526]
12359000,0133-0143,,VTN,Hai Phong Radio XVG,VN,Vietnamese,SEA,SEA,hp,1,,
12359000,0733-0743,,VTN,Hai Phong Radio XVG,VN,Vietnamese,SEA,SEA,hp,1,,
12359000,0803-0813,,VTN,Da Nang Radio XVT,VN,Vietnamese,SEA,SEA,dn,1,,
12359000,0833-0843,,VTN,Ho Chi Minh City R.XVS,VN,Vietnamese,SEA,SEA,vt,1,,
12359000,0933-0943,,VTN,Hai Phong Radio XVG,VN,Vietnamese,SEA,SEA,hp,1,,
12359000,1533-1543,,VTN,Hai Phong Radio XVG,VN,Vietnamese,SEA,SEA,hp,1,,
12359000,1733-1743,,VTN,Hai Phong Radio XVG,VN,Vietnamese,SEA,SEA,hp,1,,[0616]
12359000,1803-1813,,VTN,Da Nang Radio XVT,VN,Vietnamese,SEA,SEA,dn,1,,[0616]
12359000,1833-1843,,VTN,Ho Chi Minh City R.XVS,E,English,SEA,SEA,vt,1,,[0616]
12359000,2333-2343,,VTN,Hai Phong Radio XVG,VN,Vietnamese,SEA,SEA,hp,1,,
12362000,1000-2300,,AUS,VMW Wiluna WA,E,English,AUS,AUS,w,1,,[0526]
12362000,2300-1000,,AUS,VMW Wiluna WA,E,English,AUS,AUS,w,1,,[0526]
12365000,0000-0100,,TWN,Sound of Hope,M,Mandarin (Standard Chinese / Beijing dialect),FE,FE,,1,,
12365000,0100-0200,,TWN,Sound of Hope,M,Mandarin (Standard Chinese / Beijing dialect),FE,FE,,1,,[1223]
12365000,0200-1200,,TWN,Sound of Hope,M,Mandarin (Standard Chinese / Beijing dialect),FE,FE,,1,,[0925]
12365000,0800-2100,,AUS,VMC Charleville QL,E,English,AUS,AUS,c,1,,[0526]
12365000,1200-1300,,TWN,Sound of Hope,M,Mandarin (Standard Chinese / Beijing dialect),FE,FE,,1,,[1224]
12365000,1300-1400,,TWN,Sound of Hope,M,Mandarin (Standard Chinese / Beijing dialect),FE,FE,,1,,[0621]
12365000,1400-1500,,TWN,Sound of Hope,M,Mandarin (Standard Chinese / Beijing dialect),FE,FE,,1,,
12365000,1500-1600,,TWN,Sound of Hope,M,Mandarin (Standard Chinese / Beijing dialect),FE,FE,,1,,[1123]
12365000,2100-0800,,AUS,VMC Charleville QL,E,English,AUS,AUS,c,1,,[0526]
12365000,2100-2130,,TWN,Sound of Hope,M,Mandarin (Standard Chinese / Beijing dialect),FE,FE,,1,,
12365000,2130-2200,,TWN,Sound of Hope,M,Mandarin (Standard Chinese / Beijing dialect),FE,FE,,1,,
12365000,2200-2300,,TWN,Sound of Hope,M,Mandarin (Standard Chinese / Beijing dialect),FE,FE,,1,,
12365000,2300-2400,,TWN,Sound of Hope,M,Mandarin (Standard Chinese / Beijing dialect),FE,FE,,1,,
12375500,0000-0540,,CHN,XSQ Guangzhou Meteo Fax,E,English,FE,FE,gx,1,,[1020]
12375500,0815-0840,irr,CHN,XSQ Guangzhou Meteo Fax,E,English,FE,FE,gx,1,,
12375500,1225-1715,,CHN,XSQ Guangzhou Meteo Fax,E,English,FE,FE,gx,1,,[0421]
12375500,2015-2040,irr,CHN,XSQ Guangzhou Meteo Fax,E,English,FE,FE,gx,1,,
12382000,0000-0155,,CHN,XSG Shanghai Radio Fax,M,Mandarin (Standard Chinese / Beijing dialect),FE,FE,sh,1,,
12382000,0230-0655,,CHN,XSG Shanghai Radio Fax,M,Mandarin (Standard Chinese / Beijing dialect),FE,FE,sh,1,,
12382000,0730-1030,,CHN,XSG Shanghai Radio Fax,M,Mandarin (Standard Chinese / Beijing dialect),FE,FE,sh,1,,
12382000,1425-1450,,CHN,XSG Shanghai Radio Fax,M,Mandarin (Standard Chinese / Beijing dialect),FE,FE,sh,1,,
12382000,2025-2050,,CHN,XSG Shanghai Radio Fax,M,Mandarin (Standard Chinese / Beijing dialect),FE,FE,sh,1,,
12385000,1045-1055,"Mo,We",POL,E11 Polish Spy Numbers,E,English,,,p,1,0103,3004
12385000,1045-1055,"Mo,We",POL,E11 Polish Spy Numbers,E,English,,,p,1,0109,3110[0924]
12412500,0340-0610,,ALS,NOJ Fax Kodiak,,,WNA,WNA,k,1,,[0721]
12412500,0950-1210,,ALS,NOJ Fax Kodiak,,,WNA,WNA,k,1,,[0721]
12412500,1540-1820,,ALS,NOJ Fax Kodiak,,,WNA,WNA,k,1,,[0217]
12412500,2150-0030,,ALS,NOJ Fax Kodiak,,,WNA,WNA,k,1,,[0416]
12430000,0000-0100,,TWN,Sound of Hope,M,Mandarin (Standard Chinese / Beijing dialect),FE,FE,,1,,
12430000,0100-0200,,TWN,Sound of Hope,M,Mandarin (Standard Chinese / Beijing dialect),FE,FE,,1,,
12430000,0200-1200,,TWN,Sound of Hope,M,Mandarin (Standard Chinese / Beijing dialect),FE,FE,,1,,[0423]
12430000,1200-1300,,TWN,Sound of Hope,M,Mandarin (Standard Chinese / Beijing dialect),FE,FE,,1,,[1224]
12430000,1300-1400,,TWN,Sound of Hope,M,Mandarin (Standard Chinese / Beijing dialect),FE,FE,,1,,[0223]
12430000,1400-1500,,TWN,Sound of Hope,M,Mandarin (Standard Chinese / Beijing dialect),FE,FE,,1,,
12430000,1500-1600,,TWN,Sound of Hope,M,Mandarin (Standard Chinese / Beijing dialect),FE,FE,,1,,[1123]
12430000,1600-1700,,TWN,Sound of Hope,M,Mandarin (Standard Chinese / Beijing dialect),FE,FE,,1,,
12430000,2100-1700,,CHN,CNR1 Jammer/Firedrake,M,Mandarin (Standard Chinese / Beijing dialect),CHN,CHN,,1,,[0120]
12430000,2100-2130,,TWN,Sound of Hope,M,Mandarin (Standard Chinese / Beijing dialect),FE,FE,,1,,
12430000,2130-2200,,TWN,Sound of Hope,M,Mandarin (Standard Chinese / Beijing dialect),FE,FE,,1,,
12430000,2200-2300,,TWN,Sound of Hope,M,Mandarin (Standard Chinese / Beijing dialect),FE,FE,,1,,
12430000,2300-2400,,TWN,Sound of Hope,M,Mandarin (Standard Chinese / Beijing dialect),FE,FE,,1,,
12457000,1850-1900,"We,Sa",POL,S11a Polish Spy Numbers,R,Russian,,,p,1,0105,3108[0821]
12500000,0000-0100,,TWN,Sound of Hope,M,Mandarin (Standard Chinese / Beijing dialect),FE,FE,,1,,
12500000,0100-0200,,TWN,Sound of Hope,M,Mandarin (Standard Chinese / Beijing dialect),FE,FE,,1,,[1223]
12500000,0200-1200,,TWN,Sound of Hope,M,Mandarin (Standard Chinese / Beijing dialect),FE,FE,,1,,[0925]
12500000,1200-1300,,TWN,Sound of Hope,M,Mandarin (Standard Chinese / Beijing dialect),FE,FE,,1,,[1224]
12500000,1300-1400,,TWN,Sound of Hope,M,Mandarin (Standard Chinese / Beijing dialect),FE,FE,,1,,
12500000,1400-1500,,TWN,Sound of Hope,M,Mandarin (Standard Chinese / Beijing dialect),FE,FE,,1,,
12500000,1500-1600,,TWN,Sound of Hope,M,Mandarin (Standard Chinese / Beijing dialect),FE,FE,,1,,[1123]
12500000,1600-1700,,TWN,Sound of Hope,M,Mandarin (Standard Chinese / Beijing dialect),FE,FE,,1,,
12500000,2130-1700,,CHN,CNR1 Jammer/Firedrake,M,Mandarin (Standard Chinese / Beijing dialect),CHN,CHN,,1,,[0621]
12500000,2130-2200,,TWN,Sound of Hope,M,Mandarin (Standard Chinese / Beijing dialect),FE,FE,,1,,
12500000,2200-2300,,TWN,Sound of Hope,M,Mandarin (Standard Chinese / Beijing dialect),FE,FE,,1,,
12500000,2300-2400,,TWN,Sound of Hope,M,Mandarin (Standard Chinese / Beijing dialect),FE,FE,,1,,
12520000,0000-2400,,CAN,VFF Iqaluit Radio,-TY,Teletype or other digital Station (RTTY/SITOR/..),NAm,NAm,i,1,1505,2012
12530000,1230-1240,"Tu,Th",POL,E11 Polish Spy Numbers,E,English,,,p,1,0103,3004[0421]
12530000,1230-1240,"Tu,Th",POL,E11 Polish Spy Numbers,E,English,,,p,1,0109,3110[0924]
12549500,2100-1700,,TWN,Sound of Hope,CA,Cantonese / Yue,FE,FE,,1,,[0925]
12557000,0000-2400,,TUR,TAH Turk Radio Istanbul,-TY,Teletype or other digital Station (RTTY/SITOR/..),ME,ME,is,1,,[1119]
12577000,0000-2400,,CAN,VFF Iqaluit Radio,-TY,Teletype or other digital Station (RTTY/SITOR/..),NAm,NAm,i,1,1505,2012
12580500,0000-2400,,CHN,XSV Tianjin Radio,-TY,Teletype or other digital Station (RTTY/SITOR/..),FE,FE,tj,1,,
12581500,0000-2400,,CHN,XSV Tianjin Radio,-TY,Teletype or other digital Station (RTTY/SITOR/..),FE,FE,tj,1,,
12603500,0000-2400,,GRC,SVO Olimpia Radio,-TY,Teletype or other digital Station (RTTY/SITOR/..),SEu,SEu,o,1,,[0725]
12613000,0000-2400,,CHN,XSQ Guangzhou Radio,-TY,Teletype or other digital Station (RTTY/SITOR/..),FE,FE,gx,1,,[0425]
12624000,0000-2400,,TUR,TAH Turk Radio Istanbul,-CW,Morse Station,ME,ME,is,1,,[0519]
12629000,0000-2400,,TUR,TAH Turk Radio Istanbul,-CW,Morse Station,ME,ME,is,1,,[0716]
12637500,0000-2400,,CHN,XSG Shanghai Radio,-TY,Teletype or other digital Station (RTTY/SITOR/..),FE,FE,sh,1,,[1125]
12648500,0000-2400,,CHN,XSQ Guangzhou Radio,-TY,Teletype or other digital Station (RTTY/SITOR/..),FE,FE,gx,1,,[0425]
12654000,0000-2400,,TUR,TAH Turk Radio Istanbul,-CW,Morse Station,ME,ME,is,1,,[0625]
12700000,0000-2400,,CHN,XSQ Guangzhou Radio x30,M,Mandarin (Standard Chinese / Beijing dialect),FE,FE,gx,1,,
12750000,1400-1600,,USA,NMF Fax Boston MA,,,ENA,ENA,bo,1,,[0421]
12750000,1720-2251,,USA,NMF Fax Boston MA,,,ENA,ENA,bo,1,,[1123]
12775000,0000-0100,,TWN,Sound of Hope,M,Mandarin (Standard Chinese / Beijing dialect),FE,FE,,1,,
12775000,0100-0200,,TWN,Sound of Hope,M,Mandarin (Standard Chinese / Beijing dialect),FE,FE,,1,,
12775000,0200-1200,,TWN,Sound of Hope,M,Mandarin (Standard Chinese / Beijing dialect),FE,FE,,1,,
12775000,1200-1300,,TWN,Sound of Hope,M,Mandarin (Standard Chinese / Beijing dialect),FE,FE,,1,,
12775000,1300-1400,,TWN,Sound of Hope,M,Mandarin (Standard Chinese / Beijing dialect),FE,FE,,1,,
12775000,2130-2200,,TWN,Sound of Hope,M,Mandarin (Standard Chinese / Beijing dialect),FE,FE,,1,,
12775000,2200-2300,,TWN,Sound of Hope,M,Mandarin (Standard Chinese / Beijing dialect),FE,FE,,1,,
12775000,2300-2400,,TWN,Sound of Hope,M,Mandarin (Standard Chinese / Beijing dialect),FE,FE,,1,,
12786000,0140-0415,,USA,NMC Fax Pt Reyes CA,,,WNA,WNA,pr,1,,[0422]
12786000,0655-1015,,USA,NMC Fax Pt Reyes CA,,,WNA,WNA,pr,1,,[0721]
12786000,1120-1235,,USA,NMC Fax Pt Reyes CA,,,WNA,WNA,pr,1,,
12786000,1400-1615,,USA,NMC Fax Pt Reyes CA,,,WNA,WNA,pr,1,,[0521]
12786000,1820-1840,,USA,NMC Fax Pt Reyes CA,,,WNA,WNA,pr,1,,
12786000,1840-2215,,USA,NMC Fax Pt Reyes CA,,,WNA,WNA,pr,1,,[0217]
12786000,2320-2400,,USA,NMC Fax Pt Reyes CA,,,WNA,WNA,pr,1,,
12788000,0330-0410,,USA,NMG USCG New Orleans,E,English,NAm,NAm,nm,1,,
12788000,0515-0550,,USA,NMG USCG New Orleans,E,English,NAm,NAm,nm,1,,
12788000,0930-1015,,USA,NMG USCG New Orleans,E,English,NAm,NAm,nm,1,,[0814]
12788000,1115-1150,,USA,NMG USCG New Orleans,E,English,NAm,NAm,nm,1,,[0314]
12788000,1530-1605,,USA,NMG USCG New Orleans,E,English,NAm,NAm,nm,1,,[0721]
12788000,1715-1750,,USA,NMG USCG New Orleans,E,English,NAm,NAm,nm,1,,[1118]
12788000,2130-2245,,USA,NMG USCG New Orleans,E,English,NAm,NAm,nm,1,,[0220]
12788000,2315-2350,,USA,NMG USCG New Orleans,E,English,NAm,NAm,nm,1,,[0224]
12789900,0000-0305,,USA,NMG Fax New Orleans,,,Car,Car,nm,1,,[0621]
12789900,0600-0855,,USA,NMG Fax New Orleans,,,Car,Car,nm,1,,
12789900,1200-1505,,USA,NMG Fax New Orleans,,,Car,Car,nm,1,,[0422]
12789900,1800-2105,,USA,NMG Fax New Orleans,,,Car,Car,nm,1,,[1123]
12795000,0000-0100,,TWN,Sound of Hope,M,Mandarin (Standard Chinese / Beijing dialect),FE,FE,,1,,
12795000,0100-0200,,TWN,Sound of Hope,M,Mandarin (Standard Chinese / Beijing dialect),FE,FE,,1,,[1223]
12795000,0200-1200,,TWN,Sound of Hope,M,Mandarin (Standard Chinese / Beijing dialect),FE,FE,,1,,[0925]
12795000,1200-1300,,TWN,Sound of Hope,M,Mandarin (Standard Chinese / Beijing dialect),FE,FE,,1,,[1122]
12795000,1300-1400,,TWN,Sound of Hope,M,Mandarin (Standard Chinese / Beijing dialect),FE,FE,,1,,
12795000,1400-1500,,TWN,Sound of Hope,M,Mandarin (Standard Chinese / Beijing dialect),FE,FE,,1,,
12795000,1500-1600,,TWN,Sound of Hope,M,Mandarin (Standard Chinese / Beijing dialect),FE,FE,,1,,[0125]
12795000,2130-1600,,CHN,CNR1 Jammer/Firedrake,M,Mandarin (Standard Chinese / Beijing dialect),CHN,CHN,,1,,[0620]
12795000,2130-2200,,TWN,Sound of Hope,M,Mandarin (Standard Chinese / Beijing dialect),FE,FE,,1,,
12795000,2200-2300,,TWN,Sound of Hope,M,Mandarin (Standard Chinese / Beijing dialect),FE,FE,,1,,
12795000,2300-2400,,TWN,Sound of Hope,M,Mandarin (Standard Chinese / Beijing dialect),FE,FE,,1,,
12815000,0845-0855,"Mo,We",POL,E11 Polish Spy Numbers,E,English,,,p,1,0105,3108[0521]
12820000,0000-0100,,TWN,Sound of Hope,M,Mandarin (Standard Chinese / Beijing dialect),FE,FE,,1,,
12820000,0100-0200,,TWN,Sound of Hope,M,Mandarin (Standard Chinese / Beijing dialect),FE,FE,,1,,[1223]
12820000,0200-1200,,TWN,Sound of Hope,M,Mandarin (Standard Chinese / Beijing dialect),FE,FE,,1,,[0925]
12820000,1200-1300,,TWN,Sound of Hope,M,Mandarin (Standard Chinese / Beijing dialect),FE,FE,,1,,[1224]
12820000,1300-1400,,TWN,Sound of Hope,M,Mandarin (Standard Chinese / Beijing dialect),FE,FE,,1,,[0422]
12820000,1400-1500,,TWN,Sound of Hope,M,Mandarin (Standard Chinese / Beijing dialect),FE,FE,,1,,
12820000,1500-1600,,TWN,Sound of Hope,M,Mandarin (Standard Chinese / Beijing dialect),FE,FE,,1,,[0223]
12820000,2130-1600,,CHN,CNR1 Jammer/Firedrake,M,Mandarin (Standard Chinese / Beijing dialect),CHN,CHN,,1,,[0621]
12820000,2130-2200,,TWN,Sound of Hope,M,Mandarin (Standard Chinese / Beijing dialect),FE,FE,,1,,
12820000,2200-2300,,TWN,Sound of Hope,M,Mandarin (Standard Chinese / Beijing dialect),FE,FE,,1,,
12820000,2300-2400,,TWN,Sound of Hope,M,Mandarin (Standard Chinese / Beijing dialect),FE,FE,,1,,
12822000,0000-2400,,CHN,XSV Tianjin Radio,-TY,Teletype or other digital Station (RTTY/SITOR/..),FE,FE,tj,1,,
12835000,0000-0100,,TWN,Sound of Hope,M,Mandarin (Standard Chinese / Beijing dialect),FE,FE,,1,,
12835000,0100-0200,,TWN,Sound of Hope,M,Mandarin (Standard Chinese / Beijing dialect),FE,FE,,1,,[1223]
12835000,0200-1200,,TWN,Sound of Hope,M,Mandarin (Standard Chinese / Beijing dialect),FE,FE,,1,,[0925]
12835000,1200-1300,,TWN,Sound of Hope,M,Mandarin (Standard Chinese / Beijing dialect),FE,FE,,1,,[1224]
12835000,2200-2300,,TWN,Sound of Hope,M,Mandarin (Standard Chinese / Beijing dialect),FE,FE,,1,,
12835000,2300-2400,,TWN,Sound of Hope,M,Mandarin (Standard Chinese / Beijing dialect),FE,FE,,1,,
12843000,0000-0900,,KOR,HLO Seoul Radio,-CW,Morse Station,FE,FE,,1,,[0219]
12843000,0900-2400,,KOR,HLO Seoul Radio,-CW,Morse Station,FE,FE,,1,,[1021]
12856000,0000-2400,,CHN,XSG Shanghai Radio,-TY,Teletype or other digital Station (RTTY/SITOR/..),FE,FE,sh,1,,
12865000,0000-0100,,TWN,Sound of Hope,M,Mandarin (Standard Chinese / Beijing dialect),FE,FE,,1,,
12865000,0100-0200,,TWN,Sound of Hope,M,Mandarin (Standard Chinese / Beijing dialect),FE,FE,,1,,[1223]
12865000,0200-1200,,TWN,Sound of Hope,M,Mandarin (Standard Chinese / Beijing dialect),FE,FE,,1,,[0925]
12865000,1200-1300,,TWN,Sound of Hope,M,Mandarin (Standard Chinese / Beijing dialect),FE,FE,,1,,[1224]
12865000,1300-1400,,TWN,Sound of Hope,M,Mandarin (Standard Chinese / Beijing dialect),FE,FE,,1,,
12865000,1400-1500,,TWN,Sound of Hope,M,Mandarin (Standard Chinese / Beijing dialect),FE,FE,,1,,
12865000,1500-1600,,TWN,Sound of Hope,M,Mandarin (Standard Chinese / Beijing dialect),FE,FE,,1,,[0125]
12865000,2130-2200,,TWN,Sound of Hope,M,Mandarin (Standard Chinese / Beijing dialect),FE,FE,,1,,
12865000,2200-2300,,TWN,Sound of Hope,M,Mandarin (Standard Chinese / Beijing dialect),FE,FE,,1,,
12865000,2300-2400,,TWN,Sound of Hope,M,Mandarin (Standard Chinese / Beijing dialect),FE,FE,,1,,
12870000,0000-0100,,TWN,Sound of Hope,M,Mandarin (Standard Chinese / Beijing dialect),FE,FE,,1,,
12870000,0100-0200,,TWN,Sound of Hope,M,Mandarin (Standard Chinese / Beijing dialect),FE,FE,,1,,
12870000,0200-1200,,TWN,Sound of Hope,M,Mandarin (Standard Chinese / Beijing dialect),FE,FE,,1,,
12870000,1200-1300,,TWN,Sound of Hope,M,Mandarin (Standard Chinese / Beijing dialect),FE,FE,,1,,
12870000,1300-1400,,TWN,Sound of Hope,M,Mandarin (Standard Chinese / Beijing dialect),FE,FE,,1,,
12870000,1400-1500,,TWN,Sound of Hope,M,Mandarin (Standard Chinese / Beijing dialect),FE,FE,,1,,
12870000,1500-1600,,TWN,Sound of Hope,M,Mandarin (Standard Chinese / Beijing dialect),FE,FE,,1,,
12870000,2130-2200,,TWN,Sound of Hope,M,Mandarin (Standard Chinese / Beijing dialect),FE,FE,,1,,
12870000,2200-2300,,TWN,Sound of Hope,M,Mandarin (Standard Chinese / Beijing dialect),FE,FE,,1,,
12870000,2300-2400,,TWN,Sound of Hope,M,Mandarin (Standard Chinese / Beijing dialect),FE,FE,,1,,
12880000,0000-0100,,TWN,Sound of Hope,M,Mandarin (Standard Chinese / Beijing dialect),FE,FE,,1,,[0422]
12880000,0100-0200,,TWN,Sound of Hope,M,Mandarin (Standard Chinese / Beijing dialect),FE,FE,,1,,[1223]
12880000,0200-1200,,TWN,Sound of Hope,M,Mandarin (Standard Chinese / Beijing dialect),FE,FE,,1,,[0925]
12880000,1200-1300,,TWN,Sound of Hope,M,Mandarin (Standard Chinese / Beijing dialect),FE,FE,,1,,[1224]
12880000,1300-1400,,TWN,Sound of Hope,M,Mandarin (Standard Chinese / Beijing dialect),FE,FE,,1,,
12880000,1400-1500,,TWN,Sound of Hope,M,Mandarin (Standard Chinese / Beijing dialect),FE,FE,,1,,
12880000,1500-1600,,TWN,Sound of Hope,M,Mandarin (Standard Chinese / Beijing dialect),FE,FE,,1,,[0822]
12880000,1600-1700,,TWN,Sound of Hope,M,Mandarin (Standard Chinese / Beijing dialect),FE,FE,,1,,
12880000,2130-1700,,CHN,CNR1 Jammer/Firedrake,M,Mandarin (Standard Chinese / Beijing dialect),CHN,CHN,,1,,[0521]
12880000,2130-2200,,TWN,Sound of Hope,M,Mandarin (Standard Chinese / Beijing dialect),FE,FE,,1,,
12880000,2200-2300,,TWN,Sound of Hope,M,Mandarin (Standard Chinese / Beijing dialect),FE,FE,,1,,
12880000,2300-2400,,TWN,Sound of Hope,M,Mandarin (Standard Chinese / Beijing dialect),FE,FE,,1,,
12916500,0000-0900,,KOR,HLF Seoul Radio,-CW,Morse Station,FE,FE,,1,,[1219]
12916500,0900-2400,,KOR,HLF Seoul Radio,-CW,Morse Station,FE,FE,,1,,[1021]
12920000,0000-0100,,TWN,Sound of Hope,M,Mandarin (Standard Chinese / Beijing dialect),FE,FE,,1,,
12920000,0100-0200,,TWN,Sound of Hope,M,Mandarin (Standard Chinese / Beijing dialect),FE,FE,,1,,
12920000,0200-1200,,TWN,Sound of Hope,M,Mandarin (Standard Chinese / Beijing dialect),FE,FE,,1,,
12920000,1200-1300,,TWN,Sound of Hope,M,Mandarin (Standard Chinese / Beijing dialect),FE,FE,,1,,
12920000,1300-1400,,TWN,Sound of Hope,M,Mandarin (Standard Chinese / Beijing dialect),FE,FE,,1,,
12920000,1400-1500,,TWN,Sound of Hope,M,Mandarin (Standard Chinese / Beijing dialect),FE,FE,,1,,
12920000,1500-1600,,TWN,Sound of Hope,M,Mandarin (Standard Chinese / Beijing dialect),FE,FE,,1,,
12920000,1600-1700,,TWN,Sound of Hope,M,Mandarin (Standard Chinese / Beijing dialect),FE,FE,,1,,
12920000,2200-2300,,TWN,Sound of Hope,M,Mandarin (Standard Chinese / Beijing dialect),FE,FE,,1,,
12920000,2300-2400,,TWN,Sound of Hope,M,Mandarin (Standard Chinese / Beijing dialect),FE,FE,,1,,
12923000,0000-0900,,KOR,HLW Seoul Radio,-CW,Morse Station,FE,FE,,1,,[1021]
12923000,0900-2400,,KOR,HLW Seoul Radio,-CW,Morse Station,FE,FE,,1,,[0120]
12924000,1745-1755,"Mo,Su",POL,E11 Polish Spy Numbers,E,English,,,p,1,0111,2802[0120]
12935000,0000-0900,,KOR,HLG Seoul Radio,-CW,Morse Station,FE,FE,,1,,[1219]
12935000,0900-2400,,KOR,HLG Seoul Radio,-CW,Morse Station,FE,FE,,1,,[0722]
12950000,0000-0100,,TWN,Sound of Hope,M,Mandarin (Standard Chinese / Beijing dialect),FE,FE,,1,,
12950000,0100-0200,,TWN,Sound of Hope,M,Mandarin (Standard Chinese / Beijing dialect),FE,FE,,1,,
12950000,0200-1200,,TWN,Sound of Hope,M,Mandarin (Standard Chinese / Beijing dialect),FE,FE,,1,,
12950000,1200-1300,,TWN,Sound of Hope,M,Mandarin (Standard Chinese / Beijing dialect),FE,FE,,1,,
12950000,1300-1400,,TWN,Sound of Hope,M,Mandarin (Standard Chinese / Beijing dialect),FE,FE,,1,,
12950000,1400-1500,,TWN,Sound of Hope,M,Mandarin (Standard Chinese / Beijing dialect),FE,FE,,1,,
12950000,2130-2200,,TWN,Sound of Hope,M,Mandarin (Standard Chinese / Beijing dialect),FE,FE,,1,,
12950000,2200-2300,,TWN,Sound of Hope,M,Mandarin (Standard Chinese / Beijing dialect),FE,FE,,1,,
12950000,2300-2400,,TWN,Sound of Hope,M,Mandarin (Standard Chinese / Beijing dialect),FE,FE,,1,,
12984000,1430-1440,"Tu,Sa",POL,E11 Polish Spy Numbers,E,English,,,p,1,0105,3108
13019800,0000-0100,,TWN,Sound of Hope,M,Mandarin (Standard Chinese / Beijing dialect),FE,FE,,1,,
13019800,0100-0200,,TWN,Sound of Hope,M,Mandarin (Standard Chinese / Beijing dialect),FE,FE,,1,,
13019800,0200-1200,,TWN,Sound of Hope,M,Mandarin (Standard Chinese / Beijing dialect),FE,FE,,1,,[0925]
13019800,1200-1300,,TWN,Sound of Hope,M,Mandarin (Standard Chinese / Beijing dialect),FE,FE,,1,,[1224]
13019800,1300-1400,,TWN,Sound of Hope,M,Mandarin (Standard Chinese / Beijing dialect),FE,FE,,1,,[0422]
13019800,1400-1500,,TWN,Sound of Hope,M,Mandarin (Standard Chinese / Beijing dialect),FE,FE,,1,,
13019800,1500-1600,,TWN,Sound of Hope,M,Mandarin (Standard Chinese / Beijing dialect),FE,FE,,1,,
13019800,1600-1700,,TWN,Sound of Hope,M,Mandarin (Standard Chinese / Beijing dialect),FE,FE,,1,,
13019800,2100-2130,,TWN,Sound of Hope,M,Mandarin (Standard Chinese / Beijing dialect),FE,FE,,1,,
13019800,2130-2200,,TWN,Sound of Hope,M,Mandarin (Standard Chinese / Beijing dialect),FE,FE,,1,,
13019800,2200-2300,,TWN,Sound of Hope,M,Mandarin (Standard Chinese / Beijing dialect),FE,FE,,1,,
13019800,2300-2400,,TWN,Sound of Hope,M,Mandarin (Standard Chinese / Beijing dialect),FE,FE,,1,,
13020000,2100-1700,,CHN,CNR1 Jammer/Firedrake,M,Mandarin (Standard Chinese / Beijing dialect),CHN,CHN,,1,,[0925]
13070000,2200-1700,,CHN,CNR1 Jammer/Firedrake,M,Mandarin (Standard Chinese / Beijing dialect),CHN,CHN,,1,,[1220]
13070100,0000-0100,,TWN,Sound of Hope,M,Mandarin (Standard Chinese / Beijing dialect),FE,FE,,1,,
13070100,0100-0200,,TWN,Sound of Hope,M,Mandarin (Standard Chinese / Beijing dialect),FE,FE,,1,,[1223]
13070100,0200-1200,,TWN,Sound of Hope,M,Mandarin (Standard Chinese / Beijing dialect),FE,FE,,1,,[0525]
13070100,1200-1300,,TWN,Sound of Hope,M,Mandarin (Standard Chinese / Beijing dialect),FE,FE,,1,,[1224]
13070100,1300-1400,,TWN,Sound of Hope,M,Mandarin (Standard Chinese / Beijing dialect),FE,FE,,1,,[0422]
13070100,1400-1500,,TWN,Sound of Hope,M,Mandarin (Standard Chinese / Beijing dialect),FE,FE,,1,,
13070100,1500-1600,,TWN,Sound of Hope,M,Mandarin (Standard Chinese / Beijing dialect),FE,FE,,1,,
13070100,1600-1700,,TWN,Sound of Hope,M,Mandarin (Standard Chinese / Beijing dialect),FE,FE,,1,,
13070100,2200-2300,,TWN,Sound of Hope,M,Mandarin (Standard Chinese / Beijing dialect),FE,FE,,1,,
13070100,2300-2400,,TWN,Sound of Hope,M,Mandarin (Standard Chinese / Beijing dialect),FE,FE,,1,,
13074000,0020-0035,,J,JFX Kagoshima Fish.Fax,,,WOc,WOc,m,1,,
13074000,0110-0125,Mo,J,JFX Kagoshima Fish.Fax,,,WOc,WOc,m,1,,
13074000,0330-0345,,J,JFX Kagoshima Fish.Fax,,,WOc,WOc,m,1,,
13074000,0440-0455,irr,J,JFX Kagoshima Fish.Fax,,,WOc,WOc,m,1,,
13074000,0700-0715,"Tu,Fr",J,JFX Kagoshima Fish.Fax,,,WOc,WOc,m,1,,
13074000,0730-0745,"Tu,Fr",J,JFX Kagoshima Fish.Fax,,,WOc,WOc,m,1,,
13074000,0800-0815,,J,JFX Kagoshima Fish.Fax,,,WOc,WOc,m,1,0108,3112
13074000,0830-0845,,J,JFX Kagoshima Fish.Fax,,,WOc,WOc,m,1,,[0119]
13074000,0930-0945,,J,JFX Kagoshima Fish.Fax,,,WOc,WOc,m,1,,
13077000,0000-2400,,CAN,VFF Iqaluit Radio,E,English,NAm,NAm,ch,1,0107,3110
13077000,0000-2400,,CAN,VFF Iqaluit Radio,E,English,NAm,NAm,i,1,1505,2012
13077000,0000-2400,,CAN,VFF Iqaluit Radio,E,English,NAm,NAm,in,1,1505,3110
13089000,0005-0040,,HWA,NMO USCG Honolulu,E,English,Oc,Oc,nm,1,,[0124]
13089000,0330-0415,,GUM,NRV USCG Guam,E,English,WOc,WOc,,1,,
13089000,0430-0505,,USA,NMC USCG Point Reyes,E,English,NAm,NAm,pr,1,,
13089000,1030-1105,,USA,NMC USCG Point Reyes,E,English,NAm,NAm,pr,1,,
13089000,1115-1215,,USA,NMN USCG Chesapeake,E,English,NAm,NAm,ch,1,,[0922]
13089000,1530-1630,,USA,NMN USCG Chesapeake,E,English,NAm,NAm,ch,1,,[0521]
13089000,1630-1705,,USA,NMC USCG Point Reyes,E,English,NAm,NAm,pr,1,,[0726]
13089000,1715-1815,,USA,NMN USCG Chesapeake,E,English,NAm,NAm,ch,1,,[0126]
13089000,1800-1835,,HWA,NMO USCG Honolulu,E,English,Oc,Oc,nm,1,,
13089000,2130-2156,,USA,NMN USCG Chesapeake,E,English,NAm,NAm,ch,1,,[0726]
13089000,2130-2215,,GUM,NRV USCG Guam,E,English,WOc,WOc,,1,,[0226]
13089000,2230-2305,,USA,NMC USCG Point Reyes,E,English,NAm,NAm,pr,1,,[0126]
13089000,2315-0015,,USA,NMN USCG Chesapeake,E,English,NAm,NAm,ch,1,,[0322]
13092000,0000-2400,,CHN,XSV Tianjin Radio,M,Mandarin (Standard Chinese / Beijing dialect),FE,FE,tj,1,,
13092000,0600-0605,,CHN,XSV Tianjin Radio,M,Mandarin (Standard Chinese / Beijing dialect),NAs,NAs,tj,1,0107,3110
13092000,1400-1405,,CHN,XSV Tianjin Radio,M,Mandarin (Standard Chinese / Beijing dialect),NAs,NAs,tj,1,0107,3110
13107000,0000-2400,,CHN,XSQ Guangzhou Radio,M,Mandarin (Standard Chinese / Beijing dialect),FE,FE,gx,1,,
13117000,0900-0910,"Mo,We",POL,E11 Polish Spy Numbers,E,English,,,p,1,0103,3004
13117000,0900-0910,"Mo,We",POL,E11 Polish Spy Numbers,E,English,,,p,1,0109,3110[0924]
13122000,0000-2400,,CHN,XSV Tianjin Radio,M,Mandarin (Standard Chinese / Beijing dialect),FE,FE,tj,1,,
13128000,0955-1020,,TUR,TAH Turk Radio Istanbul,TU,Turkish,ME,ME,is,1,,[0426]
13128000,1020-1030,,TUR,TAH Turk Radio Istanbul,E,English,ME,ME,is,1,,[1125]
13128000,1100-1130,,TUR,TAH Turk Radio Istanbul,TU,Turkish,ME,ME,is,1,,[1120]
13128000,1700-1730,,TUR,TAH Turk Radio Istanbul,TU,Turkish,ME,ME,is,1,,[1116]
13128000,1755-1820,,TUR,TAH Turk Radio Istanbul,TU,Turkish,ME,ME,is,1,,[0425]
13128000,1820-1840,,TUR,TAH Turk Radio Istanbul,E,English,ME,ME,is,1,,[0526]
13134000,1145-1245,,GRC,SVO Olimpia Radio,GR,Greek,SEu,SEu,o,1,,[1125]
13134000,1945-2005,,GRC,SVO Olimpia Radio,GR,Greek,SEu,SEu,o,1,,
13137000,0000-2400,,I,Romaradio IAR,I,Italian,SEu,SEu,r,1,,
13140000,0000-2400,,TUR,TAH Turk Radio Istanbul,E,English,ME,ME,is,1,,
13146000,1815-1845,,AFS,ZSC Cape Town Radio,E,English,SAf,SAf,ct,1,,[0626]
13149000,0000-2400,,USA,KLN Riverhead Radio,E,English,ENA,ENA,rh,1,,[0525]
13149000,0000-2400,,CHN,XSQ Guangzhou Radio,M,Mandarin (Standard Chinese / Beijing dialect),FE,FE,gx,1,,
13158000,0000-2400,,USA,"KPH Rio Vista, CA",E,English,WNA,WNA,rv,1,,[0425]
13158000,0000-2400,,USA,WLO Mobile Radio,E,English,Car,Car,mo,1,,[1024]
13160000,0000-0100,,TWN,Sound of Hope,M,Mandarin (Standard Chinese / Beijing dialect),FE,FE,,1,,
13160000,0100-0200,,TWN,Sound of Hope,M,Mandarin (Standard Chinese / Beijing dialect),FE,FE,,1,,[1223]
13160000,0200-1200,,TWN,Sound of Hope,M,Mandarin (Standard Chinese / Beijing dialect),FE,FE,,1,,[1123]
13160000,1200-1300,,TWN,Sound of Hope,M,Mandarin (Standard Chinese / Beijing dialect),FE,FE,,1,,[1224]
13160000,1300-1400,,TWN,Sound of Hope,M,Mandarin (Standard Chinese / Beijing dialect),FE,FE,,1,,[0621]
13160000,1400-1500,,TWN,Sound of Hope,M,Mandarin (Standard Chinese / Beijing dialect),FE,FE,,1,,[0621]
13160000,1500-1600,,TWN,Sound of Hope,M,Mandarin (Standard Chinese / Beijing dialect),FE,FE,,1,,
13160000,1600-1700,,TWN,Sound of Hope,M,Mandarin (Standard Chinese / Beijing dialect),FE,FE,,1,,
13160000,2200-1700,,CHN,CNR1 Jammer/Firedrake,M,Mandarin (Standard Chinese / Beijing dialect),CHN,CHN,,1,,[1020]
13160000,2200-2300,,TWN,Sound of Hope,M,Mandarin (Standard Chinese / Beijing dialect),FE,FE,,1,,
13160000,2300-2400,,TWN,Sound of Hope,M,Mandarin (Standard Chinese / Beijing dialect),FE,FE,,1,,
13173000,0000-2400,,TUR,TAH Turk Radio Istanbul,E,English,ME,ME,is,1,,
13182000,0000-2400,,CHN,XSQ Guangzhou Radio,M,Mandarin (Standard Chinese / Beijing dialect),FE,FE,gx,1,,
13191000,0000-2400,,TUR,TAH Turk Radio Istanbul,E,English,ME,ME,is,1,,
13229000,0000-2400,,PTR,NAU US Navy,-TY,Teletype or other digital Station (RTTY/SITOR/..),NAm,NAm,i,1,,
13261000,0000-2400,,NZL,Auckland Radio,E,English,Oc,Oc,a,1,,
13261000,0000-2400,,AUS,Brisbane Radio,E,English,Oc,Oc,ae,1,,[0925]
13261000,0000-2400,,FJI,Nadi Radio,E,English,Oc,Oc,n,1,,
13261000,0000-2400,,USA,San Francisco Radio SP,E,English,Oc,Oc,/HWA-m,1,,
13261000,0000-2400,,OCE,Tahiti Radio,E,English,Oc,Oc,fa,1,,[1119]
13264000,0000-2400,,PNR,Albrook HFDL (ID11),-HF,HFDL Squitter (Aircraft comms station),CAm,CAm,al,1,,
13264000,0000-2400,,IRL,Shannon Volmet,E,English,Eu,Eu,s,1,,[0425]
13270000,0000-2400,,THA,Hat Yai HFDL (ID6),-HF,HFDL Squitter (Aircraft comms station),SEA,SEA,hy,1,,[0422]
13276000,0000-2400,,HWA,Moloka'i HFDL (ID2),-HF,HFDL Squitter (Aircraft comms station),Oc,Oc,m,1,,
13276000,0000-2400,,USA,Riverhead HFDL (ID4),-HF,HFDL Squitter (Aircraft comms station),ENA,ENA,rh,1,,[0724]
13276000,0000-2400,,USA,San Francisco HFDL(ID1),-HF,HFDL Squitter (Aircraft comms station),WNA,WNA,dx,1,,[0521]
13282000,0000-2400,,NZL,"Auckland Volmet x20,x50",E,English,FE,FE,a,1,,[0726]
13282000,0000-2400,,HKG,"Hongkong Volmet x15,x45",E,English,FE,FE,a,1,,[0626]
13282000,0000-2400,,J,"Tokyo Volmet x10,x40",E,English,FE,FE,tv,1,,[0626]
13285000,0000-0745,USB,CHN,"Guangzhou Volmet x00,30",E,English,FE,FE,,1,,[1118]
13285000,0000-2400,LSB,CHN,"Beijing Volmet x15,x45",E,English,FE,FE,,1,,
13288000,0000-2400,,USA,San Francisco Radio CEP,E,English,EOc,EOc,dx,1,,
13291000,0000-2400,,CAN,Gander Radio F,E,English,NAO,NAO,g,1,,
13291000,0000-2400,,IRL,Shannon Aeradio B,E,English,NAO,NAO,s,1,,
13291000,0000-2400,,IRL,Shannon Aeradio F,E,English,NAO,NAO,s,1,,
13297000,0000-2400,,USA,New York Radio,E,English,Car,Car,bg,1,,[1025]
13297000,0000-2400,,TRD,Piarco Radio CAR-B,E,English,Car,Car,,1,,
13300000,0000-2400,,USA,San Francisco Radio CWP,E,English,WOc,WOc,/GUM-b,1,,
13300000,0000-2400,,USA,San Francisco Radio CWP,E,English,WOc,WOc,/HWA-m,1,,
13303000,0000-2400,,CNR,Canarias HFDL (ID17),-HF,HFDL Squitter (Aircraft comms station),WAf,WAf,gc,1,,[0521]
13306000,0000-2400,,AUS,Brisbane Radio,E,English,Oc,Oc,ae,1,,[1021]
13306000,0000-2400,,CAN,Gander Radio A,E,English,NAO,NAO,g,1,,
13306000,0000-2400,,ISL,Iceland Radio C,E,English,NAO,NAO,,1,,
13306000,0000-2400,,USA,New York Radio,E,English,NAO,NAO,bg,1,,[0323]
13306000,0000-2400,,IRL,Shannon Aeradio A,E,English,NAO,NAO,s,1,,
13306000,0000-2400,,IRL,Shannon Aeradio C,E,English,NAO,NAO,s,1,,
13306000,1000-2100,,AZR,Santa Maria Radio A,E,English,NAO,NAO,sm,1,,[1220]
13312000,0000-2400,,GUM,Agana Guam HFDL (ID16),-HF,HFDL Squitter (Aircraft comms station),WOc,WOc,h,1,,
13312000,0000-2400,,BHR,Al Muharraq HFDL (ID15),-HF,HFDL Squitter (Aircraft comms station),ME,ME,m,1,,[0425]
13312000,0000-2400,,HWA,Moloka'i HFDL (ID2),-HF,HFDL Squitter (Aircraft comms station),Oc,Oc,m,1,,
13315000,0000-2400,,BOL,Santa Cruz HFDL (ID13),-HF,HFDL Squitter (Aircraft comms station),SAm,SAm,sz,1,,[0525]
13321000,0000-2400,,AFS,Johannesburg HFDL (ID8),-HF,HFDL Squitter (Aircraft comms station),SAf,SAf,j,1,,[0420]
13324000,0000-2400,,HWA,Moloka'i HFDL (ID2),-HF,HFDL Squitter (Aircraft comms station),Oc,Oc,m,1,,[0724]
13339000,0000-2400,,USA,San Francisco Radio NP,E,English,NOc,NOc,/ALS-ba,1,,
13339000,0000-2400,,USA,San Francisco Radio NP,E,English,NOc,NOc,/HWA-m,1,,
13342000,0000-2400,,KOR,Seoul Muan HFDL (ID10),-HF,HFDL Squitter (Aircraft comms station),FE,FE,m,1,,[1021]
13348000,0000-2400,,USA,New York Radio,E,English,NAO,NAO,bg,1,,
13348000,0000-2400,,USA,San Francisco R. LDOC,E,English,Oc,Oc,dx,1,,
13351000,0000-2400,,NZL,Auckland HFDL (ID5),-HF,HFDL Squitter (Aircraft comms station),SOc,SOc,a,1,,
13354000,0000-2400,,USA,New York Radio,E,English,NAO,NAO,bg,1,,[0118]
13354000,0000-2400,,USA,San Francisco Radio CEP,E,English,EOc,EOc,dx,1,,
13354000,0000-2400,,AZR,Santa Maria Radio E,E,English,NAO,NAO,sm,1,,
13357000,0000-2400,,SEN,Dakar Radio,E,English,WAf,WAf,y,1,,[0616]
13363000,1430-1440,"Tu,Sa",POL,E11 Polish Spy Numbers,E,English,,,p,1,0111,2802[1121]
13368000,1410-1420,"Th,Sa",RUS,E07 Russian Spy Numbers,E,English,RUS,RUS,m,1,0102,2802[0223]
13369000,0720-0730,Su,RUS,V07 Russian Spy Numbers,S,Spanish/Castellano,FE,FE,kh,1,0105,3105
13373000,0400-0410,Th,RUS,E06 Russian Spy Numbers,E,English,RUS,RUS,c,1,0102,2802
13374000,1140-1150,"Tu,Fr",RUS,E07 Russian Spy Numbers,E,English,RUS,RUS,m,1,0106,3006
13375000,1500-1510,"Tu,Fr",RUS,E07 Russian Spy Numbers,E,English,RUS,RUS,m,1,0101,3101[0123]
13378000,0720-0730,Su,RUS,V07 Russian Spy Numbers,S,Spanish/Castellano,FE,FE,kh,1,0107,3107
13384000,0400-0410,Th,RUS,E06 Russian Spy Numbers,E,English,RUS,RUS,c,1,0103,3103
13384000,1450-1500,"Th,Sa",RUS,E07 Russian Spy Numbers,E,English,RUS,RUS,m,1,0103,3103
13392000,0400-0410,Th,RUS,E06 Russian Spy Numbers,E,English,RUS,RUS,c,1,0104,3004
13408000,0700-0710,Su,RUS,V07 Russian Spy Numbers,S,Spanish/Castellano,FE,FE,kh,1,0108,3108
13413000,0310-0320,Mo,RUS,E06 Russian Spy Numbers,E,English,RUS,RUS,c,1,0101,3101[0119]
13417000,1410-1420,"Th,Sa",RUS,E07 Russian Spy Numbers,E,English,RUS,RUS,m,1,0106,3006[0621]
13417800,0600-1800,,F,FUG French Navy FSK,F,French,Eu,Eu,sa,1,,[0725]
13417800,1800-0600,,F,FUG French Navy FSK,F,French,Eu,Eu,sa,1,,[0425]
13426000,0310-0320,Mo,RUS,E06 Russian Spy Numbers,E,English,RUS,RUS,c,1,0112,3112
13427000,0720-0730,Su,RUS,V07 Russian Spy Numbers,S,Spanish/Castellano,FE,FE,kh,1,0106,3006
13431000,1100-1110,"Tu,Fr",RUS,E07 Russian Spy Numbers,E,English,RUS,RUS,m,1,0109,3009
13436000,0240-0250,Su,RUS,V07 Russian Spy Numbers,S,Spanish/Castellano,FE,FE,kh,1,0101,3101
13437000,1120-1130,"Tu,Fr",RUS,E07 Russian Spy Numbers,E,English,RUS,RUS,m,1,0110,3110
13449000,1450-1500,"Th,Sa",RUS,E07 Russian Spy Numbers,E,English,RUS,RUS,m,1,0110,3110
13459000,1140-1150,"Tu,Fr",RUS,E07 Russian Spy Numbers,E,English,RUS,RUS,m,1,0105,3105
13470000,0000-0100,,TWN,Sound of Hope,M,Mandarin (Standard Chinese / Beijing dialect),FE,FE,,1,,
13470000,0100-0200,,TWN,Sound of Hope,M,Mandarin (Standard Chinese / Beijing dialect),FE,FE,,1,,
13470000,0200-1200,,TWN,Sound of Hope,M,Mandarin (Standard Chinese / Beijing dialect),FE,FE,,1,,[1123]
13470000,0645-0655,"Tu,Th",POL,E11 Polish Spy Numbers,E,English,,,p,1,0103,3004
13470000,0645-0655,"Tu,Th",POL,E11 Polish Spy Numbers,E,English,,,p,1,0109,3110[0924]
13470000,1200-1300,,TWN,Sound of Hope,M,Mandarin (Standard Chinese / Beijing dialect),FE,FE,,1,,[1224]
13470000,1300-1400,,TWN,Sound of Hope,M,Mandarin (Standard Chinese / Beijing dialect),FE,FE,,1,,
13470000,1400-1500,,TWN,Sound of Hope,M,Mandarin (Standard Chinese / Beijing dialect),FE,FE,,1,,
13470000,1745-1755,"Mo,Su",POL,E11 Polish Spy Numbers,E,English,,,p,1,0103,3004[0323]
13470000,1745-1755,"Mo,Su",POL,E11 Polish Spy Numbers,E,English,,,p,1,0109,3110[0924]
13470000,2100-1500,,CHN,CNR1 Jammer/Firedrake,M,Mandarin (Standard Chinese / Beijing dialect),CHN,CHN,,1,,[0424]
13470000,2130-2200,,TWN,Sound of Hope,M,Mandarin (Standard Chinese / Beijing dialect),FE,FE,,1,,
13470000,2200-2300,,TWN,Sound of Hope,M,Mandarin (Standard Chinese / Beijing dialect),FE,FE,,1,,
13470000,2300-2400,,TWN,Sound of Hope,M,Mandarin (Standard Chinese / Beijing dialect),FE,FE,,1,,
13495000,0000-0100,,TWN,Sound of Hope,M,Mandarin (Standard Chinese / Beijing dialect),FE,FE,,1,,
13495000,0100-0200,,TWN,Sound of Hope,M,Mandarin (Standard Chinese / Beijing dialect),FE,FE,,1,,
13495000,0200-1200,,TWN,Sound of Hope,M,Mandarin (Standard Chinese / Beijing dialect),FE,FE,,1,,[1123]
13495000,1200-1300,,TWN,Sound of Hope,M,Mandarin (Standard Chinese / Beijing dialect),FE,FE,,1,,[1224]
13495000,1300-1400,,TWN,Sound of Hope,M,Mandarin (Standard Chinese / Beijing dialect),FE,FE,,1,,
13495000,1400-1500,,TWN,Sound of Hope,M,Mandarin (Standard Chinese / Beijing dialect),FE,FE,,1,,
13495000,1500-1600,,TWN,Sound of Hope,M,Mandarin (Standard Chinese / Beijing dialect),FE,FE,,1,,
13495000,1600-1700,,TWN,Sound of Hope,M,Mandarin (Standard Chinese / Beijing dialect),FE,FE,,1,,
13495000,2200-1700,,CHN,CNR1 Jammer/Firedrake,M,Mandarin (Standard Chinese / Beijing dialect),CHN,CHN,,1,,
13495000,2200-2300,,TWN,Sound of Hope,M,Mandarin (Standard Chinese / Beijing dialect),FE,FE,,1,,[0424]
13495000,2300-2400,,TWN,Sound of Hope,M,Mandarin (Standard Chinese / Beijing dialect),FE,FE,,1,,
13510000,1000-2200,,CAN,CFH Halifax Radio,-TY,Teletype or other digital Station (RTTY/SITOR/..),NAm,NAm,hx,1,,
13519000,1410-1420,"Th,Sa",RUS,E07 Russian Spy Numbers,E,English,RUS,RUS,m,1,0108,3108[0821]
13525000,0000-2400,irr,B,Rádio Tury,P,Portuguese,B,B,xx,1,,
13527700,0000-2400,,RUS,Channel Marker D,-CW,Morse Station,EEu,EEu,se,1,,[1125]
13527800,0000-2400,,RUS,Channel Marker P,-CW,Morse Station,RUS,RUS,kl,1,,[0522]
13527900,0000-2400,,RUS,Channel Marker S,-CW,Morse Station,RUS,RUS,sm,1,,[0425]
13528000,0000-2400,,RUS,Channel Marker C,-CW,Morse Station,RUS,RUS,m,1,,[0123]
13528100,0000-2400,,RUS,Channel Marker A,-CW,Morse Station,RUS,RUS,as,1,,[0423]
13528200,0000-2400,,RUS,Channel Marker F,-CW,Morse Station,FE,FE,vl,1,,[0221]
13528300,0000-2400,,RUS,Channel Marker K,-CW,Morse Station,FE,FE,pk,1,,[1025]
13528400,0000-2400,,RUS,Channel Marker M,-CW,Morse Station,FE,FE,mg,1,,[0723]
13530000,0000-0100,,TWN,Sound of Hope,M,Mandarin (Standard Chinese / Beijing dialect),FE,FE,,1,,
13530000,0100-0200,,TWN,Sound of Hope,M,Mandarin (Standard Chinese / Beijing dialect),FE,FE,,1,,[1223]
13530000,0200-1200,,TWN,Sound of Hope,M,Mandarin (Standard Chinese / Beijing dialect),FE,FE,,1,,[0925]
13530000,1200-1300,,TWN,Sound of Hope,M,Mandarin (Standard Chinese / Beijing dialect),FE,FE,,1,,[1224]
13530000,1300-1400,,TWN,Sound of Hope,M,Mandarin (Standard Chinese / Beijing dialect),FE,FE,,1,,
13530000,1400-1500,,TWN,Sound of Hope,M,Mandarin (Standard Chinese / Beijing dialect),FE,FE,,1,,
13530000,1500-1600,,TWN,Sound of Hope,M,Mandarin (Standard Chinese / Beijing dialect),FE,FE,,1,,[0125]
13530000,2100-1600,,CHN,CNR1 Jammer/Firedrake,M,Mandarin (Standard Chinese / Beijing dialect),FE,FE,,1,,[0626]
13530000,2100-2130,,TWN,Sound of Hope,M,Mandarin (Standard Chinese / Beijing dialect),FE,FE,,1,,
13530000,2130-2200,,TWN,Sound of Hope,M,Mandarin (Standard Chinese / Beijing dialect),FE,FE,,1,,
13530000,2200-2300,,TWN,Sound of Hope,M,Mandarin (Standard Chinese / Beijing dialect),FE,FE,,1,,[0424]
13530000,2300-2400,,TWN,Sound of Hope,M,Mandarin (Standard Chinese / Beijing dialect),FE,FE,,1,,
13536000,1450-1500,"Th,Sa",RUS,E07 Russian Spy Numbers,E,English,RUS,RUS,m,1,0105,3105
13537000,1520-1530,"Tu,Fr",RUS,E07 Russian Spy Numbers,E,English,RUS,RUS,m,1,0111,3011
13539000,1120-1130,"Tu,Fr",RUS,E07 Russian Spy Numbers,E,English,RUS,RUS,m,1,0103,3103
13539000,1500-1510,"Tu,Fr",RUS,E07 Russian Spy Numbers,E,English,RUS,RUS,m,1,0112,3112[1222]
13540000,0500-0510,Th,RUS,E06 Russian Spy Numbers,E,English,RUS,RUS,xx,1,0108,3108[0817]
13545000,0400-0410,Th,RUS,E06 Russian Spy Numbers,E,English,RUS,RUS,c,1,0110,3110
13547000,0930-0940,We,RUS,E06 Russian Spy Numbers,E,English,RUS,RUS,or,1,0104,3004
13547000,1300-1310,Sa,RUS,E06 Russian Spy Numbers,E,English,RUS,RUS,or,1,0105,3105
13550000,0000-0100,,TWN,Sound of Hope,M,Mandarin (Standard Chinese / Beijing dialect),FE,FE,,1,,
13550000,0100-0200,,TWN,Sound of Hope,M,Mandarin (Standard Chinese / Beijing dialect),FE,FE,,1,,[1223]
13550000,0200-1200,,TWN,Sound of Hope,M,Mandarin (Standard Chinese / Beijing dialect),FE,FE,,1,,[0925]
13550000,1200-1300,,TWN,Sound of Hope,M,Mandarin (Standard Chinese / Beijing dialect),FE,FE,,1,,[1224]
13550000,1300-1400,,TWN,Sound of Hope,M,Mandarin (Standard Chinese / Beijing dialect),FE,FE,,1,,
13550000,1400-1500,,TWN,Sound of Hope,M,Mandarin (Standard Chinese / Beijing dialect),FE,FE,,1,,
13550000,1500-1600,,TWN,Sound of Hope,M,Mandarin (Standard Chinese / Beijing dialect),FE,FE,,1,,[0822]
13550000,2100-2130,,TWN,Sound of Hope,M,Mandarin (Standard Chinese / Beijing dialect),FE,FE,,1,,
13550000,2130-2200,,TWN,Sound of Hope,M,Mandarin (Standard Chinese / Beijing dialect),FE,FE,,1,,
13550000,2200-2300,,TWN,Sound of Hope,M,Mandarin (Standard Chinese / Beijing dialect),FE,FE,,1,,[0424]
13550000,2300-2400,,TWN,Sound of Hope,M,Mandarin (Standard Chinese / Beijing dialect),FE,FE,,1,,
13557000,0300-0310,Th,RUS,E06 Russian Spy Numbers,E,English,RUS,RUS,c,1,0109,3009
13560000,0000-2400,,XUU,RFID devices,,,,,/XUU,1,,
13562000,0310-0320,Mo,RUS,E06 Russian Spy Numbers,E,English,RUS,RUS,c,1,0105,3105
13562000,1410-1420,"Th,Sa",RUS,E07 Russian Spy Numbers,E,English,RUS,RUS,m,1,0107,3107[0721]
13570000,0000-1200,,KOR,HLL Seoul Meteo Fax,,,FE,FE,sg,1,,[1025]
13570000,1400-0100,,USA,Radio Marti,S,Spanish/Castellano,CUB,CUB,g,0,,
13575000,1200-1300,,CHN,China Radio Int.,R,Russian,EEu,EEu,u,0,,
13580000,0000-0100,,CHN,China Radio Int.,M,Mandarin (Standard Chinese / Beijing dialect),SEA,SEA,b,0,,
13580000,0100-0200,,CHN,China Radio Int.,M,Mandarin (Standard Chinese / Beijing dialect),SEA,SEA,b,0,,
13580000,0500-0530,,ROU,Radio Romania Int.,F,French,Af,Af,t,0,,
13580000,1000-1100,,CHN,China Radio Int.,E,English,Oc,Oc,k,0,,
13580000,1557-1627,Su,SWZ,Trans World Radio,KNK,KinyaRwanda-KiRundi service of the Voice of America / BBC,EAf,EAf,,1,,[0425]
13580000,2200-2300,,ROU,Radio Romania Int.,E,English,FE,FE,t,0,,
13584000,0310-0320,Mo,RUS,E06 Russian Spy Numbers,E,English,RUS,RUS,c,1,0108,3108
13590000,0000-0100,,TWN,Sound of Hope,M,Mandarin (Standard Chinese / Beijing dialect),FE,FE,,1,,
13590000,0100-0200,,TWN,Sound of Hope,M,Mandarin (Standard Chinese / Beijing dialect),FE,FE,,1,,
13590000,0200-1200,,TWN,Sound of Hope,M,Mandarin (Standard Chinese / Beijing dialect),FE,FE,,1,,
13590000,0300-0400,,CHN,China Radio Int.,E,English,FE,FE,b,0,,
13590000,0400-0500,,CHN,China Radio Int.,E,English,FE,FE,b,0,,
13590000,1000-1100,,CHN,China Radio Int.,E,English,SEA,SEA,b,0,,
13590000,1100-1200,,CHN,China Radio Int.,E,English,SEA,SEA,b,0,,
13590000,1200-1300,,TWN,Sound of Hope,M,Mandarin (Standard Chinese / Beijing dialect),FE,FE,,1,,[0222]
13590000,1300-1400,,TWN,Sound of Hope,M,Mandarin (Standard Chinese / Beijing dialect),FE,FE,,1,,
13590000,1400-1500,,CHN,CNR1 Jammer/Firedrake,M,Mandarin (Standard Chinese / Beijing dialect),FE,FE,,0,,
13590000,1400-1500,,TWN,Sound of Hope,M,Mandarin (Standard Chinese / Beijing dialect),FE,FE,,1,,[0621]
13590000,1400-1500,,USA,Voice of America,TB,Tibetan / Lhasa Tibetan,FE,FE,/KWT,0,,
13590000,1500-1600,,TWN,Sound of Hope,M,Mandarin (Standard Chinese / Beijing dialect),FE,FE,,1,,
13590000,1600-1700,,TWN,Sound of Hope,M,Mandarin (Standard Chinese / Beijing dialect),FE,FE,,1,,
13590000,2200-1700,,CHN,CNR1 Jammer/Firedrake,M,Mandarin (Standard Chinese / Beijing dialect),FE,FE,,1,,[1122]
13590000,2200-2300,,TWN,Sound of Hope,M,Mandarin (Standard Chinese / Beijing dialect),FE,FE,,1,,
13590000,2300-2400,,TWN,Sound of Hope,M,Mandarin (Standard Chinese / Beijing dialect),FE,FE,,1,,[0621]
13600000,0000-0020,,J,NHK Radio Japan,IN,Indonesian / Bahasa Indonesia,SEA,SEA,y,0,,
13600000,0030-0050,,J,NHK Radio Japan,BR,Burmese / Barma / Myanmar,SEA,SEA,y,0,,
13600000,0100-0200,,CHN,China Radio Int.,R,Russian,CAs,CAs,x,0,,
13600000,0200-0300,,CHN,China Radio Int.,TAM,Tamil,SAs,SAs,ka,0,,
13600000,0300-0400,,CHN,China Radio Int.,TAM,Tamil,SAs,SAs,ka,0,,
13600000,1200-1300,,CHN,China Radio Int.,R,Russian,CAs,CAs,x,0,,
13600000,1300-1400,,CHN,China Radio Int.,R,Russian,CAs,CAs,x,0,,
13600000,1400-1500,,CHN,China Radio Int.,TAM,Tamil,SAs,SAs,ka,0,,
13600000,1610-1630,,J,NHK Radio Japan,A,Arabic (300m),ME,ME,y,0,,
13600000,1630-1650,,J,NHK Radio Japan,FS,Farsi / Iranian Persian,ME,ME,y,0,,
13600000,1900-2000,,ROU,Radio Romania Int.,S,Spanish/Castellano,E,E,t,0,,
13600000,2310-2330,,J,NHK Radio Japan,T,Thai,SEA,SEA,y,0,,
13600000,2330-2340,Tu-Sa,J,NHK Radio Japan,VN,Vietnamese,SEA,SEA,y,0,,
13600000,2330-2350,Su-Mo,J,NHK Radio Japan,VN,Vietnamese,SEA,SEA,y,0,,
13610000,0600-0900,We-Mo,CHN,China National Radio 1,M,Mandarin (Standard Chinese / Beijing dialect),CHN,CHN,n,1,,[0423]
13610000,0700-0800,,KOR,KBS World Radio,K,Korean,Eu,Eu,/G-w,0,,
13610000,0900-1300,,CHN,China National Radio 1,M,Mandarin (Standard Chinese / Beijing dialect),CHN,CHN,n,1,,[0421]
13610000,1100-1200,,CHN,China Radio Int.,M,Mandarin (Standard Chinese / Beijing dialect),SAs,SAs,ka,0,,
13610000,1200-1300,,CHN,China Radio Int.,M,Mandarin (Standard Chinese / Beijing dialect),SAs,SAs,ka,0,,
13610000,2300-0600,,CHN,China National Radio 1,M,Mandarin (Standard Chinese / Beijing dialect),CHN,CHN,n,1,,[0126]
13630000,0000-0100,,TWN,Sound of Hope,M,Mandarin (Standard Chinese / Beijing dialect),FE,FE,,1,,
13630000,0030-1130,,CHN,China National Radio 1,M,Mandarin (Standard Chinese / Beijing dialect),CHN,CHN,n,1,,
13630000,0100-0200,,TWN,Sound of Hope,M,Mandarin (Standard Chinese / Beijing dialect),FE,FE,,1,,
13630000,0200-1200,,TWN,Sound of Hope,M,Mandarin (Standard Chinese / Beijing dialect),FE,FE,,1,,[0423]
13630000,1200-1300,,TWN,Sound of Hope,M,Mandarin (Standard Chinese / Beijing dialect),FE,FE,,1,,[1122]
13630000,1500-1600,,CHN,China Radio Int.,E,English,ME,ME,u,0,,
13630000,1930-2000,,CHN,China Radio Int.,P,Portuguese,EAf,EAf,/MLI,0,,
13630000,2000-2100,,CHN,China Radio Int.,E,English,EAf,EAf,/MLI,0,,
13630000,2100-1300,,CHN,CNR1 Jammer/Firedrake,M,Mandarin (Standard Chinese / Beijing dialect),FE,FE,,1,,[0626]
13630000,2100-2130,,CHN,China Radio Int.,E,English,EAf,EAf,/MLI,0,,
13630000,2100-2130,,TWN,Sound of Hope,M,Mandarin (Standard Chinese / Beijing dialect),FE,FE,,1,,
13630000,2130-2200,,TWN,Sound of Hope,M,Mandarin (Standard Chinese / Beijing dialect),FE,FE,,1,,
13630000,2130-2230,,CHN,China Radio Int.,F,French,EAf,EAf,/MLI,0,,
13630000,2200-2300,,TWN,Sound of Hope,M,Mandarin (Standard Chinese / Beijing dialect),FE,FE,,1,,[0424]
13630000,2300-2400,,TWN,Sound of Hope,M,Mandarin (Standard Chinese / Beijing dialect),FE,FE,,1,,
13635000,0600-1300,,TUR,Voice of Turkey,TU,Turkish,Eu,Eu,e,0,,
13635000,1330-1400,,TUR,Voice of Turkey,KZ,Kazakh,CAs,CAs,e,0,,
13640000,0000-0100,,TWN,Sound of Hope,M,Mandarin (Standard Chinese / Beijing dialect),FE,FE,,1,,
13640000,0100-0200,,CHN,China Radio Int.,E,English,Eu,Eu,ka,0,,
13640000,0100-0200,,TWN,Sound of Hope,M,Mandarin (Standard Chinese / Beijing dialect),FE,FE,,1,,
13640000,0200-0300,,CHN,China Radio Int.,E,English,SAs,SAs,ka,0,,
13640000,0200-1200,,TWN,Sound of Hope,M,Mandarin (Standard Chinese / Beijing dialect),FE,FE,,1,,[0423]
13640000,0400-0500,,CHN,China Radio Int.,M,Mandarin (Standard Chinese / Beijing dialect),SAs,SAs,ka,0,,
13640000,1200-1300,,TWN,Sound of Hope,M,Mandarin (Standard Chinese / Beijing dialect),FE,FE,,1,,[1224]
13640000,1300-1400,,TWN,Sound of Hope,M,Mandarin (Standard Chinese / Beijing dialect),FE,FE,,1,,
13640000,1400-1500,,TWN,Sound of Hope,M,Mandarin (Standard Chinese / Beijing dialect),FE,FE,,1,,
13640000,1500-1600,,CHN,China Radio Int.,E,English,Eu,Eu,ka,0,,
13640000,1500-1600,,TWN,Sound of Hope,M,Mandarin (Standard Chinese / Beijing dialect),FE,FE,,1,,
13640000,1900-0300,,ALG,Ifrikya FM,A,Arabic (300m),CAf,CAf,b,0,,
13640000,2200-1600,,CHN,CNR1 Jammer/Firedrake,M,Mandarin (Standard Chinese / Beijing dialect),FE,FE,,1,,[0925]
13640000,2200-2300,,CHN,China Radio Int.,J,Japanese,FE,FE,j,0,,
13640000,2200-2300,,TWN,Sound of Hope,M,Mandarin (Standard Chinese / Beijing dialect),FE,FE,,1,,
13640000,2300-2400,,CHN,China Radio Int.,J,Japanese,FE,FE,j,0,,
13640000,2300-2400,,TWN,Sound of Hope,M,Mandarin (Standard Chinese / Beijing dialect),FE,FE,,1,,
13645000,0600-0700,,CHN,China Radio Int.,E,English,SEA,SEA,x,0,,
13645000,0900-1200,,J,NHK Radio Japan,J,Japanese,ME,ME,y,6,2903,3006
13645000,1700-1800,,CHN,China Radio Int.,SWA,Swahili/Kisuaheli,EAf,EAf,/MLI,0,,
13645000,1800-1830,,CHN,China Radio Int.,HA,Haussa,NIG,NIG,/MLI,0,,
13650000,0300-0400,,KRE,Voice of Korea,M,Mandarin (Standard Chinese / Beijing dialect),SEA,SEA,u,1,,[0223]
13650000,0400-0500,,KRE,Voice of Korea,F,French,SEA,SEA,u,1,,[0326]
13650000,0500-0600,,KRE,Voice of Korea,E,English,SEA,SEA,u,1,,
13650000,0600-0700,,KRE,Voice of Korea,M,Mandarin (Standard Chinese / Beijing dialect),SEA,SEA,u,1,,
13650000,1000-1100,,KRE,Voice of Korea,E,English,SEA,SEA,u,5,,[0925]
13650000,1100-1200,,KRE,Voice of Korea,F,French,SEA,SEA,u,5,,[0423]
13650000,1200-1250,,KRE,Voice of Korea KCBS,K,Korean,SEA,SEA,u,5,,[0726]
13650000,1300-1400,,CHN,China Radio Int.,M,Mandarin (Standard Chinese / Beijing dialect),CAs,CAs,u,0,,
13650000,1300-1400,,KRE,Voice of Korea,M,Mandarin (Standard Chinese / Beijing dialect),SEA,SEA,u,5,,[0725]
13650000,1400-1450,,KRE,Voice of Korea KCBS,K,Korean,SEA,SEA,u,5,,[0724]
13650000,1500-1700,,J,NHK Radio Japan,J,Japanese,ME,ME,y,6,2903,3107
13650000,2300-2400,,CHN,China Radio Int.,P,Portuguese,SAm,SAm,/CUB,0,,
13655000,0000-0100,,CHN,China Radio Int.,M,Mandarin (Standard Chinese / Beijing dialect),FE,FE,x,0,,
13655000,0100-0200,,CHN,China Radio Int.,M,Mandarin (Standard Chinese / Beijing dialect),FE,FE,x,0,,
13655000,0200-0300,,CHN,China Radio Int.,M,Mandarin (Standard Chinese / Beijing dialect),FE,FE,x,0,,
13655000,0830-0900,,TUR,Voice of Turkey,I,Italian,SEu,SEu,e,0,,
13655000,1100-1200,,CHN,China Radio Int.,EO,Esperanto,FE,FE,u,0,,
13660000,0700-0800,,CHN,China Radio Int.,E,English,SEA,SEA,x,0,,
13660000,1730-1830,,CHN,China Radio Int.,HA,Haussa,NIG,NIG,ka,0,,
13660000,1830-2030,,CHN,China Radio Int.,F,French,WAf,WAf,ka,0,,
13670000,0000-0100,,TWN,Sound of Hope,M,Mandarin (Standard Chinese / Beijing dialect),FE,FE,,1,,
13670000,0100-0200,,TWN,Sound of Hope,M,Mandarin (Standard Chinese / Beijing dialect),FE,FE,,1,,[1223]
13670000,0200-0300,,CHN,PBS Xinjiang,UI,Uighur,CHN,CHN,uc,5,,[1025]
13670000,0200-0500,,CHN,China National Radio 6,AM,Amoy,TWN,TWN,n,1,,
13670000,0200-1200,,TWN,Sound of Hope,M,Mandarin (Standard Chinese / Beijing dialect),FE,FE,,1,,[0925]
13670000,0300-0800,,CHN,PBS Xinjiang,UI,Uighur,CHN,CHN,uc,1,,[1125]
13670000,0500-0600,,CHN,China National Radio 6,HK,Hakka,TWN,TWN,n,1,,
13670000,0600-0900,Th-Tu,CHN,China National Radio 6,HK,Hakka,TWN,TWN,n,1,,
13670000,0800-1100,We-Mo,CHN,PBS Xinjiang,UI,Uighur,CHN,CHN,uc,1,,[0423]
13670000,0900-1000,,CHN,China National Radio 6,HK,Hakka,TWN,TWN,n,1,,
13670000,1100-1200,,CHN,PBS Xinjiang,UI,Uighur,CHN,CHN,uc,1,,[1018]
13670000,1200-1225,,CHN,PBS Xinjiang,UI,Uighur,CHN,CHN,uc,4,,
13670000,1200-1300,,TWN,Sound of Hope,M,Mandarin (Standard Chinese / Beijing dialect),FE,FE,,1,,[0525]
13670000,1200-1400,,CHN,PBS Xinjiang,UI,Uighur,CHN,CHN,uc,5,,[0522]
13670000,1300-1400,,CHN,China Radio Int.,E,English,Eu,Eu,ka,0,,
13670000,1300-1400,,TWN,Sound of Hope,M,Mandarin (Standard Chinese / Beijing dialect),FE,FE,,1,,[0522]
13670000,1400-1500,,TWN,Sound of Hope,M,Mandarin (Standard Chinese / Beijing dialect),FE,FE,,1,,
13670000,1700-1800,,CHN,China Radio Int.,EO,Esperanto,Eu,Eu,b,0,,
13670000,1800-1900,,MDG,MWV African Pathways R.,E,English,CAf,CAf,m,1,,[0426]
13670000,1900-2000,,MDG,MWV Radio Feda,A,Arabic (300m),ME,ME,m,1,,[0726]
13670000,2000-2100,,CHN,China Radio Int.,M,Mandarin (Standard Chinese / Beijing dialect),Eu,Eu,b,0,,
13670000,2100-1500,,CHN,CNR1 Jammer/Firedrake,M,Mandarin (Standard Chinese / Beijing dialect),FE,FE,,1,,[0626]
13670000,2100-2130,,TWN,Sound of Hope,M,Mandarin (Standard Chinese / Beijing dialect),FE,FE,,1,,
13670000,2100-2200,,CHN,China Radio Int.,HR,Croatian/Hrvatski,SEu,SEu,b,0,,
13670000,2130-2200,,TWN,Sound of Hope,M,Mandarin (Standard Chinese / Beijing dialect),FE,FE,,1,,
13670000,2200-2300,,TWN,Sound of Hope,M,Mandarin (Standard Chinese / Beijing dialect),FE,FE,,1,,
13670000,2300-2400,,TWN,Sound of Hope,M,Mandarin (Standard Chinese / Beijing dialect),FE,FE,,1,,
13680000,0000-0100,,TWN,Sound of Hope,M,Mandarin (Standard Chinese / Beijing dialect),FE,FE,,1,,
13680000,0100-0200,,TWN,Sound of Hope,M,Mandarin (Standard Chinese / Beijing dialect),FE,FE,,1,,
13680000,0200-1200,,TWN,Sound of Hope,M,Mandarin (Standard Chinese / Beijing dialect),FE,FE,,1,,[0423]
13680000,1200-1300,,TWN,Sound of Hope,M,Mandarin (Standard Chinese / Beijing dialect),FE,FE,,1,,[1122]
13680000,2130-2200,,TWN,Sound of Hope,M,Mandarin (Standard Chinese / Beijing dialect),FE,FE,,1,,
13680000,2200-1300,,CHN,CNR1 Jammer/Firedrake,M,Mandarin (Standard Chinese / Beijing dialect),FE,FE,,1,,[0424]
13680000,2200-2300,,TWN,Sound of Hope,M,Mandarin (Standard Chinese / Beijing dialect),FE,FE,,1,,[0424]
13680000,2300-2400,,TWN,Sound of Hope,M,Mandarin (Standard Chinese / Beijing dialect),FE,FE,,1,,
13685000,0230-0530,,USA,VoA Radio Ashna,DR,Dari / Eastern Farsi,AFG,AFG,/KWT,6,2805,2510
13685000,0700-0800,,TUR,Voice of Turkey,AZ,Azeri/Azerbaijani,Cau,Cau,e,0,,
13685000,1300-1400,,CHN,China Radio Int.,F,French,EAf,EAf,/MLI,0,,
13685000,1430-1500,,CHN,China Radio Int.,E,English,EAf,EAf,/MLI,0,,
13685000,1500-1600,,CHN,China Radio Int.,E,English,EAf,EAf,/MLI,0,,
13685000,1830-1930,,CHN,China Radio Int.,A,Arabic (300m),NAf,NAf,/MLI,0,,
13690000,0459-0658,,NZL,RNZ Pacific,E,English,Oc,Oc,r,0,,
13690000,0600-0658,Mo-Fr,G,BBC,E,English,Oc,Oc,/NZL-r,0,,
13690000,1600-1700,Su,ROU,Radio Romania DIGITAL,HB,Hebrew,WEu,WEu,s,0,,
13690000,1600-1700,Mo-Sa,ROU,Radio Romania DIGITAL,RO,Romanian,WEu,WEu,s,0,,
13690000,1859-1958,,NZL,RNZ Pacific,E,English,Oc,Oc,r,6,2903,0706
13690000,1940-1950,Su-Th,NZL,RNZ Pacific,TO,Tongan,Oc,Oc,r,6,2903,0706
13690000,2000-2100,,CHN,China Radio Int.,M,Mandarin (Standard Chinese / Beijing dialect),Eu,Eu,s,0,,
13690000,2100-2300,,CHN,China Radio Int.,S,Spanish/Castellano,SEu,SEu,s,0,,
13695000,0500-0600,,F,Radio France Int.,F,French,CAf,CAf,i,0,,
13695000,0600-0700,,F,Radio France Int.,F,French,WAf,WAf,i,0,,
13695000,0700-0800,,F,Radio France Int.,F,French,WAf,WAf,i,0,,
13700000,0200-0600,,CHN,China National Radio 13,UI,Uighur,CHN,CHN,L,4,,[0223]
13700000,0600-0800,We-Mo,CHN,China National Radio 13,UI,Uighur,CHN,CHN,L,1,,[0426]
13700000,0800-0900,We-Mo,CHN,China National Radio 13,UI,Uighur,CHN,CHN,L,1,,[0426]
13700000,0900-1000,,CHN,China National Radio 13,M,Mandarin (Standard Chinese / Beijing dialect),CHN,CHN,L,1,,[0824]
13700000,1000-1100,,CHN,China National Radio 13,UI,Uighur,CHN,CHN,L,1,,
13700000,1100-1400,,CHN,China National Radio 13,UI,Uighur,CHN,CHN,L,5,,[0626]
13700000,1800-1900,,CHN,China Radio Int.,AM,Amoy,SEu,SEu,u,0,,
13700000,2355-0600,,CHN,China National Radio 13,UI,Uighur,CHN,CHN,L,5,,[0426]
13710000,0700-1300,"Tu,Th",USA,Voice of America,E,English,ME,ME,/D-L,6,2306,2510
13710000,1400-1500,,CHN,China Radio Int.,E,English,Eu,Eu,ka,0,,
13710000,1500-1600,,CHN,China Radio Int.,TU,Turkish,ME,ME,k,0,,
13710000,1600-1700,,CHN,China Radio Int.,TU,Turkish,ME,ME,k,0,,
13710000,1730-1830,,CHN,China Radio Int.,M,Mandarin (Standard Chinese / Beijing dialect),ME,ME,k,0,,
13710000,1830-1900,,CHN,China Radio Int.,BU,Bulgarian,SEE,SEE,k,0,,
13710000,1900-2000,,CHN,China Radio Int.,TU,Turkish,ME,ME,k,0,,
13710000,2000-2100,,MDG,MWV Radio Feda,A,Arabic (300m),ME,ME,m,1,,[1225]
13710000,2200-0500,Mo-Fr,USA,Voice of America,K,Korean,FE,FE,/PHL-t,6,2808,2510
13720000,0300-0400,,CHN,China Radio Int.,HI,Hindi,SAs,SAs,ka,0,,
13720000,1000-1100,,CHN,China Radio Int.,E,English,SEA,SEA,x,0,,
13720000,1100-1200,,CHN,China Radio Int.,E,English,SEA,SEA,x,0,,
13720000,1400-0100,,USA,Radio Marti,S,Spanish/Castellano,CUB,CUB,g,0,,
13720000,2000-2030,,F,Radio France Int.,HA,Haussa,CAf,CAf,i,0,,
13725000,1630-1730,,TUR,Voice of Turkey,S,Spanish/Castellano,SEu,SEu,e,0,,
13730000,0100-0130,,CHN,CRI DIGITAL,M,Mandarin (Standard Chinese / Beijing dialect),Oc,Oc,k,0,,
13730000,0200-0230,,CHN,CRI DIGITAL,M,Mandarin (Standard Chinese / Beijing dialect),Oc,Oc,k,0,,
13730000,0300-0400,,CHN,China Radio Int.,TAM,Tamil,SAs,SAs,k,0,,
13730000,0400-0430,,CHN,CRI DIGITAL,M,Mandarin (Standard Chinese / Beijing dialect),Oc,Oc,k,0,,
13730000,0500-0515,Fr,CAN,Bible Voice,A,Arabic (300m),ME,ME,/D-n,0,,
13730000,0530-0600,,CHN,CRI DIGITAL,M,Mandarin (Standard Chinese / Beijing dialect),Oc,Oc,k,0,,
13730000,0700-0730,,CHN,CRI DIGITAL,M,Mandarin (Standard Chinese / Beijing dialect),Oc,Oc,k,0,,
13730000,0830-0900,,CHN,CRI DIGITAL,M,Mandarin (Standard Chinese / Beijing dialect),Oc,Oc,k,0,,
13730000,0900-1000,,CHN,China Radio Int.,M,Mandarin (Standard Chinese / Beijing dialect),Oc,Oc,k,0,,
13730000,1800-1900,"Tu,Th",D,Music 4 Joy DIGITAL,,,EAf,EAf,n,0,,
13730000,2130-1500,,CHN,CNR1 Jammer/Firedrake,M,Mandarin (Standard Chinese / Beijing dialect),FE,FE,,1,,[0925]
13730100,0000-0100,,TWN,Sound of Hope,M,Mandarin (Standard Chinese / Beijing dialect),FE,FE,,1,,
13730100,0100-0200,,TWN,Sound of Hope,M,Mandarin (Standard Chinese / Beijing dialect),FE,FE,,1,,
13730100,0200-1200,,TWN,Sound of Hope,M,Mandarin (Standard Chinese / Beijing dialect),FE,FE,,1,,[0925]
13730100,1200-1300,,TWN,Sound of Hope,M,Mandarin (Standard Chinese / Beijing dialect),FE,FE,,1,,[0525]
13730100,1300-1400,,TWN,Sound of Hope,M,Mandarin (Standard Chinese / Beijing dialect),FE,FE,,1,,
13730100,1400-1500,,TWN,Sound of Hope,M,Mandarin (Standard Chinese / Beijing dialect),FE,FE,,1,,
13730100,2130-2200,,TWN,Sound of Hope,M,Mandarin (Standard Chinese / Beijing dialect),FE,FE,,1,,
13730100,2200-2300,,TWN,Sound of Hope,M,Mandarin (Standard Chinese / Beijing dialect),FE,FE,,1,,
13730100,2300-2400,,TWN,Sound of Hope,M,Mandarin (Standard Chinese / Beijing dialect),FE,FE,,1,,
13740000,0100-0300,,CHN,China Radio Int.,S,Spanish/Castellano,SAm,SAm,ka,0,,
13740000,0600-0630,,F,Radio France Int.,HA,Haussa,WAf,WAf,i,0,,
13740000,1330-1400,,G,BBC,BR,Burmese / Barma / Myanmar,SEA,SEA,/UZB,0,,
13740000,1630-1700,Mo-Fr,G,BBC,KNK,KinyaRwanda-KiRundi service of the Voice of America / BBC,EAf,EAf,/UAE,0,,
13740000,2200-2300,irr,F,TDF DIGITAL,F,French,EAf,EAf,i,0,,[0826]
13740000,2300-0100,,CHN,China Radio Int.,S,Spanish/Castellano,SAm,SAm,ka,0,,
13750000,0000-0100,,CHN,China Radio Int.,E,English,FE,FE,b,0,,
13750000,0400-0500,,J,NHK Radio Japan,J,Japanese,ME,ME,/D-n,0,,
13750000,1700-1800,,ROU,Radio Romania DIGITAL,E,English,WEu,WEu,t,0,,
13750000,2030-2230,,CHN,China Radio Int.,F,French,SEu,SEu,u,0,,
13755000,0900-1100,,CHN,CNR1 Jammer/Firedrake,M,Mandarin (Standard Chinese / Beijing dialect),FE,FE,,0,,
13755000,0900-1100,,USA,Voice of America,M,Mandarin (Standard Chinese / Beijing dialect),FE,FE,/PHL-t,0,,
13755000,1100-1200,,CHN,China Radio Int.,M,Mandarin (Standard Chinese / Beijing dialect),SAs,SAs,ka,0,,
13755000,1200-1300,,CHN,China Radio Int.,M,Mandarin (Standard Chinese / Beijing dialect),SAs,SAs,ka,0,,
13755000,1300-1400,,CHN,China Radio Int.,E,English,SAs,SAs,ka,0,,
13755000,1500-1600,,CHN,China Radio Int.,M,Mandarin (Standard Chinese / Beijing dialect),Eu,Eu,ka,0,,
13760000,0200-0400,,MDG,MWV New Life Station,E,English,IND,IND,m,1,,[0226]
13760000,0300-0400,,KRE,Voice of Korea,S,Spanish/Castellano,LAm,LAm,u,1,,
13760000,0400-0500,,KRE,Voice of Korea,E,English,LAm,LAm,u,1,,[0326]
13760000,0500-0600,,KRE,Voice of Korea,S,Spanish/Castellano,LAm,LAm,u,1,,[0624]
13760000,0600-0700,,KRE,Voice of Korea,F,French,LAm,LAm,u,1,,[0522]
13760000,0700-0900,,KRE,Voice of Korea,R,Russian,Eu,Eu,u,1,,[0124]
13760000,0800-1100,"Tu,Th",USA,Voice of America,E,English,EEu,EEu,/D-L,6,2306,2510
13760000,1600-1700,,CHN,China Radio Int.,E,English,Eu,Eu,ka,0,,
13760000,1700-1800,,CHN,China Radio Int.,E,English,Eu,Eu,ka,0,,
13760000,1800-1900,,CHN,China Radio Int.,E,English,Eu,Eu,ka,0,,
13760400,1300-1400,,KRE,Voice of Korea,E,English,Eu,Eu,u,5,,[0626]
13760400,1400-1500,,KRE,Voice of Korea,F,French,Eu,Eu,u,5,,[0924]
13760400,1500-1600,,KRE,Voice of Korea,E,English,Eu,Eu,u,5,,[0626]
13760400,1600-1700,,KRE,Voice of Korea,F,French,Eu,Eu,u,5,,[0626]
13760400,1700-1750,,KRE,Voice of Korea KCBS,K,Korean,Eu,Eu,u,5,,[0626]
13760400,1800-1900,,KRE,Voice of Korea,E,English,Eu,Eu,u,5,,[0424]
13760400,1900-2000,,KRE,Voice of Korea,S,Spanish/Castellano,Eu,Eu,u,5,,[0726]
13760400,2000-2100,,KRE,Voice of Korea,F,French,Eu,Eu,u,5,,[0726]
13760400,2100-2200,,KRE,Voice of Korea,E,English,Eu,Eu,u,5,,[0726]
13760400,2200-2300,,KRE,Voice of Korea,S,Spanish/Castellano,Eu,Eu,u,5,,[0726]
13760400,2300-2350,,KRE,Voice of Korea KCBS,K,Korean,Eu,Eu,u,5,,[0624]
13770000,0000-0100,,CHN,China Radio Int.,VN,Vietnamese,SEA,SEA,x,0,,
13770000,0100-1100,,CHN,CNR 7 Greater Bay Area,CA,Cantonese / Yue,CHN,CHN,ka,1,,[0526]
13770000,1100-1805,,CHN,CNR 7 Greater Bay Area,CA,Cantonese / Yue,CHN,CHN,ka,1,,[0526]
13770000,2300-2400,,CHN,China Radio Int.,VN,Vietnamese,SEA,SEA,x,0,,
13775000,0000-0100,,TWN,Sound of Hope,M,Mandarin (Standard Chinese / Beijing dialect),FE,FE,,1,,
13775000,0100-0200,,TWN,Sound of Hope,M,Mandarin (Standard Chinese / Beijing dialect),FE,FE,,1,,
13775000,0200-1200,,TWN,Sound of Hope,M,Mandarin (Standard Chinese / Beijing dialect),FE,FE,,1,,
13775000,1200-1300,,TWN,Sound of Hope,M,Mandarin (Standard Chinese / Beijing dialect),FE,FE,,1,,
13775000,1300-1400,,TWN,Sound of Hope,M,Mandarin (Standard Chinese / Beijing dialect),FE,FE,,1,,
13775000,1400-1500,,TWN,Sound of Hope,M,Mandarin (Standard Chinese / Beijing dialect),FE,FE,,1,,
13775000,2130-2200,,TWN,Sound of Hope,M,Mandarin (Standard Chinese / Beijing dialect),FE,FE,,1,,
13775000,2200-2300,,TWN,Sound of Hope,M,Mandarin (Standard Chinese / Beijing dialect),FE,FE,,1,,
13775000,2300-2400,,TWN,Sound of Hope,M,Mandarin (Standard Chinese / Beijing dialect),FE,FE,,1,,
13780000,0130-0230,,CHN,China Radio Int.,NE,Nepali/Lhotshampa,FE,FE,k,0,,
13780000,0230-0330,,CHN,China Radio Int.,NE,Nepali/Lhotshampa,FE,FE,k,0,,
13790000,0000-0100,,TWN,Sound of Hope,M,Mandarin (Standard Chinese / Beijing dialect),FE,FE,,1,,
13790000,0000-1000,,CHN,CNR1 DIGITAL,M,Mandarin (Standard Chinese / Beijing dialect),CHN,CHN,qq,1,,[0226]
13790000,0100-0200,,TWN,Sound of Hope,M,Mandarin (Standard Chinese / Beijing dialect),FE,FE,,1,,[1223]
13790000,0200-1200,,TWN,Sound of Hope,M,Mandarin (Standard Chinese / Beijing dialect),FE,FE,,1,,[0925]
13790000,0400-0430,Mo-Fr,G,BBC,SO,Somali,EAf,EAf,/MDG,0,,
13790000,1200-1300,,TWN,Sound of Hope,M,Mandarin (Standard Chinese / Beijing dialect),FE,FE,,1,,[0525]
13790000,1300-1400,,TWN,Sound of Hope,M,Mandarin (Standard Chinese / Beijing dialect),FE,FE,,1,,
13790000,1400-1500,,CHN,CNR1 Jammer/Firedrake,M,Mandarin (Standard Chinese / Beijing dialect),FE,FE,,0,,
13790000,1400-1500,,TWN,Sound of Hope,M,Mandarin (Standard Chinese / Beijing dialect),FE,FE,,1,,
13790000,1400-1500,,USA,Voice of America,TB,Tibetan / Lhasa Tibetan,FE,FE,/KWT,0,,
13790000,1600-1800,,CHN,China Radio Int.,A,Arabic (300m),NAf,NAf,ka,0,,
13790000,1800-1830,,G,BBC,F,French,CAf,CAf,/MDG,0,,
13790000,2130-1600,,CHN,CNR1 Jammer/Firedrake,M,Mandarin (Standard Chinese / Beijing dialect),FE,FE,,1,,[0925]
13790000,2130-2200,,TWN,Sound of Hope,M,Mandarin (Standard Chinese / Beijing dialect),FE,FE,,1,,
13790000,2200-2300,,TWN,Sound of Hope,M,Mandarin (Standard Chinese / Beijing dialect),FE,FE,,1,,
13790000,2300-2400,,TWN,Sound of Hope,M,Mandarin (Standard Chinese / Beijing dialect),FE,FE,,1,,
13795000,1230-1330,,CHN,China Radio Int.,ML,Malay / Baku,INS,INS,k,0,,
13800000,0900-1000,,CHN,China Radio Int.,E,English,Oc,Oc,k,0,,
13800000,1802-1832,Sa,SWZ,Trans World Radio,JU,Juba Arabic,EAf,EAf,,1,,
13800000,1802-1902,Mo-Fr,SWZ,Trans World Radio,A,Arabic (300m),EAf,EAf,,1,,[0226]
13800000,1905-1935,,SWZ,Trans World Radio,LIN,Lingala,COD,COD,,5,,[0726]
13800000,1935-1950,Sa,SWZ,Trans World Radio,F,French,COD,COD,,5,,
13800000,1935-2005,Mo-Fr,SWZ,Trans World Radio,LIN,Lingala,COD,COD,,5,,
13803000,0310-0320,Mo,RUS,E06 Russian Spy Numbers,E,English,RUS,RUS,c,1,0106,3006
13805000,0000-0100,,TWN,Sound of Hope,M,Mandarin (Standard Chinese / Beijing dialect),FE,FE,,1,,
13805000,0100-0200,,TWN,Sound of Hope,M,Mandarin (Standard Chinese / Beijing dialect),FE,FE,,1,,
13805000,0200-1200,,TWN,Sound of Hope,M,Mandarin (Standard Chinese / Beijing dialect),FE,FE,,1,,
13805000,1200-1300,,TWN,Sound of Hope,M,Mandarin (Standard Chinese / Beijing dialect),FE,FE,,1,,
13805000,1300-1400,,TWN,Sound of Hope,M,Mandarin (Standard Chinese / Beijing dialect),FE,FE,,1,,
13805000,1400-1500,,TWN,Sound of Hope,M,Mandarin (Standard Chinese / Beijing dialect),FE,FE,,1,,
13805000,2130-1500,,CHN,CNR1 Jammer/Firedrake,M,Mandarin (Standard Chinese / Beijing dialect),FE,FE,u,1,,[0726]
13805000,2130-2200,,TWN,Sound of Hope,M,Mandarin (Standard Chinese / Beijing dialect),FE,FE,,1,,
13805000,2200-2300,,TWN,Sound of Hope,M,Mandarin (Standard Chinese / Beijing dialect),FE,FE,,1,,
13805000,2300-2400,,TWN,Sound of Hope,M,Mandarin (Standard Chinese / Beijing dialect),FE,FE,,1,,
13810000,0330-0400,,CHN,CRI DIGITAL,M,Mandarin (Standard Chinese / Beijing dialect),Oc,Oc,k,0,,
13810000,0400-1100,,CHN,CNR1 DIGITAL,M,Mandarin (Standard Chinese / Beijing dialect),FE,FE,k,5,,[0925]
13810000,0600-0630,,G,BBC,F,French,NAf,NAf,w,6,2903,0608
13810000,1200-1400,,CHN,China Radio Int.,M,Mandarin (Standard Chinese / Beijing dialect),EAf,EAf,ka,0,,
13810000,1800-2000,,CHN,China Radio Int.,D,German,WEu,WEu,ka,0,,
13825000,0100-0900,,CHN,CNR1 DIGITAL,M,Mandarin (Standard Chinese / Beijing dialect),FE,FE,b,1,,[0226]
13825000,0500-0510,Th,RUS,E06 Russian Spy Numbers,E,English,RUS,RUS,xx,1,0107,3107[0719]
13825000,1000-1030,,CHN,CNR1 Jammer/Firedrake,M,Mandarin (Standard Chinese / Beijing dialect),FE,FE,u,1,,
13825000,1000-1030,,TWN,Radio Taiwan Int.,CA,Cantonese / Yue,SEA,SEA,p,1,,[0422]
13825000,1030-1100,,TWN,Radio Taiwan Int.,HK,Hakka,SEA,SEA,p,1,,[0423]
13825000,1200-1300,,CLA,Mizzima Radio,BR,Burmese / Barma / Myanmar,SEA,SEA,/UZB,5,,[1024]
13825000,2200-2400,,G,BBC,E,English,INS,INS,/OMA-a,0,,
13827000,0310-0320,Mo,RUS,E06 Russian Spy Numbers,E,English,RUS,RUS,c,1,0107,3107
13830000,1530-1600,,CVA,Radio Vaticana,AH,Amharic,EAf,EAf,,1,,
13830000,1600-1615,Sa,CVA,Radio Vaticana,SWA,Swahili/Kisuaheli,EAf,EAf,/MDG,1,,
13830000,1600-1630,Su-Mo,CVA,Radio Vaticana,SWA,Swahili/Kisuaheli,EAf,EAf,/MDG,1,,
13830000,1615-1630,Sa,CVA,Radio Vaticana,SO,Somali,EAf,EAf,/MDG,1,,
13830000,1630-1700,,CVA,Radio Vaticana,E,English,EAf,EAf,/MDG,1,,
13830000,1700-1730,,CVA,Radio Vaticana,F,French,CAf,CAf,,1,,
13830000,1730-1800,,CVA,Radio Vaticana,TIG,Tigrinya/Tigray,EAf,EAf,,1,,
13830000,1840-1900,Su,CVA,Radio Vaticana,Ros,Rosary session of Vatican Radio,Af,Af,,5,,
13835000,1000-1200,,CHN,CNR1 DIGITAL,M,Mandarin (Standard Chinese / Beijing dialect),CHN,CHN,qq,1,,[0925]
13840000,0000-0100,,TWN,Sound of Hope,M,Mandarin (Standard Chinese / Beijing dialect),FE,FE,,1,,
13840000,0100-0200,,TWN,Sound of Hope,M,Mandarin (Standard Chinese / Beijing dialect),FE,FE,,1,,
13840000,0200-1200,,TWN,Sound of Hope,M,Mandarin (Standard Chinese / Beijing dialect),FE,FE,,1,,[0626]
13840000,1200-1300,,TWN,Sound of Hope,M,Mandarin (Standard Chinese / Beijing dialect),FE,FE,,1,,
13840000,1300-1400,,TWN,Sound of Hope,M,Mandarin (Standard Chinese / Beijing dialect),FE,FE,,1,,
13840000,1959-2058,Su-Fr,NZL,RNZ Pacific DIGITAL,E,English,Oc,Oc,r,0,,
13840000,2130-1400,,CHN,CNR1 Jammer/Firedrake,M,Mandarin (Standard Chinese / Beijing dialect),FE,FE,,1,,[0626]
13840000,2130-2200,,TWN,Sound of Hope,M,Mandarin (Standard Chinese / Beijing dialect),FE,FE,,1,,
13840000,2200-2300,,TWN,Sound of Hope,M,Mandarin (Standard Chinese / Beijing dialect),FE,FE,,1,,
13840000,2300-2400,,TWN,Sound of Hope,M,Mandarin (Standard Chinese / Beijing dialect),FE,FE,,1,,
13845000,1200-2400,,USA,"WWCR 3 Nashville, TN",E,English,NAm,NAm,n,5,,
13845000,1300-0100,,USA,"WWCR 3 Nashville, TN",E,English,NAm,NAm,n,4,,
13845000,1300-1330,Su,USA,"WWCR 3 Nashville, TN",L,Latin,NAm,NAm,n,2,,
13845000,1600-1700,Sa,USA,"WWCR 3 Nashville, TN",S,Spanish/Castellano,NAm,NAm,n,5,,
13850000,0300-0330,,G,BBC,PS,Pashto / Pushtu,AFG,AFG,/OMA-a,0,,
13850000,0900-1100,,CHN,China Radio Int.,M,Mandarin (Standard Chinese / Beijing dialect),SEA,SEA,b,0,,
13855000,1900-0100,,ALG,Ifrikya FM,A,Arabic (300m),WAf,WAf,o,0,,[0626]
13855000,2145-2155,,ALG,Ifrikya FM,E,English,WAf,WAf,o,0,,[0626]
13860000,1100-1200,,CHN,China Radio Int.,R,Russian,Sib,Sib,b,0,,
13860000,1200-1300,,J,NHK Radio Japan,J,Japanese,ME,ME,y,6,2903,3006
13860000,1400-1500,,CHN,CNR1 Jammer/Firedrake,M,Mandarin (Standard Chinese / Beijing dialect),FE,FE,,0,,
13860000,1400-1500,,USA,Voice of America,TB,Tibetan / Lhasa Tibetan,FE,FE,/KWT,0,,
13860000,1500-1600,,CHN,China Radio Int.,R,Russian,EEu,EEu,s,0,,
13860000,2100-1100,,CHN,CNR1 DIGITAL,M,Mandarin (Standard Chinese / Beijing dialect),FE,FE,b,6,0306,0606
13863000,0400-0410,Th,RUS,E06 Russian Spy Numbers,E,English,RUS,RUS,c,1,0111,3011
13870000,0000-0100,,TWN,Sound of Hope,M,Mandarin (Standard Chinese / Beijing dialect),FE,FE,,1,,
13870000,0100-0130,Mo-Fr,PHL,FEBC Manila,BR,Burmese / Barma / Myanmar,SEA,SEA,b,1,,[0126]
13870000,0100-0200,,TWN,Sound of Hope,M,Mandarin (Standard Chinese / Beijing dialect),FE,FE,,1,,
13870000,0130-0145,Fr-Su,PHL,FEBC Manila,SHT,Shan-Khamti,SEA,SEA,b,1,,[0526]
13870000,0200-1200,,TWN,Sound of Hope,M,Mandarin (Standard Chinese / Beijing dialect),FE,FE,,1,,
13870000,1000-1030,Mo-Fr,PHL,FEBC Manila,SHA,Shan,SEA,SEA,b,1,,
13870000,1030-1100,Mo-Fr,PHL,FEBC Manila,MIE,Mien / Iu Mien,SEA,SEA,b,6,2903,2108[0123]
13870000,1030-1100,Fr-Su,PHL,FEBC Manila,RAK,Rakhine/Arakanese,SEA,SEA,b,1,2208,
13870000,1100-1300,,PHL,FEBC Manila,KH,Khmer,SEA,SEA,b,1,,[1025]
13870000,1200-1300,,TWN,Sound of Hope,M,Mandarin (Standard Chinese / Beijing dialect),FE,FE,,1,,[0422]
13870000,1300-1400,,TWN,Sound of Hope,M,Mandarin (Standard Chinese / Beijing dialect),FE,FE,,1,,
13870000,1400-1500,,TWN,Sound of Hope,M,Mandarin (Standard Chinese / Beijing dialect),FE,FE,,1,,
13870000,1630-1730,,CHN,China Radio Int.,HA,Haussa,NIG,NIG,ka,0,,
13870000,2130-1500,,CHN,CNR1 Jammer/Firedrake,M,Mandarin (Standard Chinese / Beijing dialect),CHN,CHN,,1,,[0621]
13870000,2130-2200,,TWN,Sound of Hope,M,Mandarin (Standard Chinese / Beijing dialect),FE,FE,,1,,
13870000,2200-2300,,TWN,Sound of Hope,M,Mandarin (Standard Chinese / Beijing dialect),FE,FE,,1,,[0621]
13870000,2300-2400,,TWN,Sound of Hope,M,Mandarin (Standard Chinese / Beijing dialect),FE,FE,,1,,
13882500,0430-0545,,D,DWD Pinneberg Met Fax,,,Eu,Eu,pi,1,,
13882500,0638-1155,,D,DWD Pinneberg Met Fax,,,Eu,Eu,pi,1,,[0525]
13882500,1236-1551,,D,DWD Pinneberg Met Fax,,,Eu,Eu,pi,1,,[1218]
13882500,1636-1655,,D,DWD Pinneberg Met Fax,,,Eu,Eu,pi,1,,
13882500,1800-1947,,D,DWD Pinneberg Met Fax,,,Eu,Eu,pi,1,,[0126]
13882500,2035-2300,,D,DWD Pinneberg Met Fax,,,Eu,Eu,pi,1,,[0822]
13887000,1100-1110,"Tu,Fr",RUS,E07 Russian Spy Numbers,E,English,RUS,RUS,m,1,0108,3108
13890000,0000-0100,,TWN,Sound of Hope,M,Mandarin (Standard Chinese / Beijing dialect),FE,FE,,1,,
13890000,0100-0200,,TWN,Sound of Hope,M,Mandarin (Standard Chinese / Beijing dialect),FE,FE,,1,,[1223]
13890000,0200-1200,,TWN,Sound of Hope,M,Mandarin (Standard Chinese / Beijing dialect),FE,FE,,1,,[0925]
13890000,1200-1300,,TWN,Sound of Hope,M,Mandarin (Standard Chinese / Beijing dialect),FE,FE,,1,,[0525]
13890000,1300-1400,,TWN,Sound of Hope,M,Mandarin (Standard Chinese / Beijing dialect),FE,FE,,1,,[1224]
13890000,1400-1500,,TWN,Sound of Hope,M,Mandarin (Standard Chinese / Beijing dialect),FE,FE,,1,,
13890000,1500-1600,,TWN,Sound of Hope,M,Mandarin (Standard Chinese / Beijing dialect),FE,FE,,1,,[1123]
13890000,1600-1700,,TWN,Sound of Hope,M,Mandarin (Standard Chinese / Beijing dialect),FE,FE,,1,,
13890000,2200-1700,,CHN,CNR1 Jammer/Firedrake,M,Mandarin (Standard Chinese / Beijing dialect),CHN,CHN,,1,,[1220]
13890000,2200-2300,,TWN,Sound of Hope,M,Mandarin (Standard Chinese / Beijing dialect),FE,FE,,1,,[0621]
13890000,2300-2400,,TWN,Sound of Hope,M,Mandarin (Standard Chinese / Beijing dialect),FE,FE,,1,,
13908000,0745-0755,"Tu,Th",POL,E11 Polish Spy Numbers,E,English,,,p,1,0111,2802
13920000,0000-0100,,TWN,Sound of Hope,M,Mandarin (Standard Chinese / Beijing dialect),FE,FE,,1,,
13920000,0015-0225,,AUS,VMC Charleville Met Fax,,,Oc,Oc,c,1,,
13920000,0100-0200,,TWN,Sound of Hope,M,Mandarin (Standard Chinese / Beijing dialect),FE,FE,,1,,[1223]
13920000,0200-1200,,TWN,Sound of Hope,M,Mandarin (Standard Chinese / Beijing dialect),FE,FE,,1,,[0626]
13920000,0245-0330,,AUS,VMC Charleville Met Fax,,,Oc,Oc,c,1,,
13920000,0400-0500,,AUS,VMC Charleville Met Fax,,,Oc,Oc,c,1,,
13920000,0600-0855,,AUS,VMC Charleville Met Fax,,,Oc,Oc,c,1,,[0721]
13920000,0900-0955,,AUS,VMC Charleville Met Fax,,,Oc,Oc,c,1,,
13920000,1015-1715,,AUS,VMC Charleville Met Fax,,,Oc,Oc,c,1,,[1023]
13920000,1200-1300,,TWN,Sound of Hope,M,Mandarin (Standard Chinese / Beijing dialect),FE,FE,,1,,[0525]
13920000,1300-1400,,TWN,Sound of Hope,M,Mandarin (Standard Chinese / Beijing dialect),FE,FE,,1,,[1224]
13920000,1400-1500,,TWN,Sound of Hope,M,Mandarin (Standard Chinese / Beijing dialect),FE,FE,,1,,[0422]
13920000,1800-1845,,AUS,VMC Charleville Met Fax,,,Oc,Oc,c,1,,[1122]
13920000,1915-2045,,AUS,VMC Charleville Met Fax,,,Oc,Oc,c,1,,
13920000,2200-1500,,CHN,CNR1 Jammer/Firedrake,M,Mandarin (Standard Chinese / Beijing dialect),CHN,CHN,xz,1,,[0626]
13920000,2200-2300,,TWN,Sound of Hope,M,Mandarin (Standard Chinese / Beijing dialect),FE,FE,,1,,[0621]
13920000,2215-2400,,AUS,VMC Charleville Met Fax,,,Oc,Oc,c,1,,
13920000,2300-2400,,TWN,Sound of Hope,M,Mandarin (Standard Chinese / Beijing dialect),FE,FE,,1,,
13927000,0700-0710,Su,RUS,V07 Russian Spy Numbers,S,Spanish/Castellano,FE,FE,kh,1,0106,3006
13941000,1140-1150,"Tu,Fr",RUS,E07 Russian Spy Numbers,E,English,RUS,RUS,m,1,0104,3004
13945000,0600-0610,Th,RUS,E06 Russian Spy Numbers,E,English,RUS,RUS,xx,1,0101,3101
13945000,0930-0940,Su,RUS,E06 Russian Spy Numbers,E,English,RUS,RUS,or,1,0104,3004
13958000,1120-1130,"Tu,Fr",RUS,E07 Russian Spy Numbers,E,English,RUS,RUS,m,1,0107,3107
13960000,0000-0100,,TWN,Sound of Hope,M,Mandarin (Standard Chinese / Beijing dialect),FE,FE,,1,,
13960000,0100-0200,,TWN,Sound of Hope,M,Mandarin (Standard Chinese / Beijing dialect),FE,FE,,1,,[1223]
13960000,0200-1200,,TWN,Sound of Hope,M,Mandarin (Standard Chinese / Beijing dialect),FE,FE,,1,,[0925]
13960000,1200-1300,,TWN,Sound of Hope,M,Mandarin (Standard Chinese / Beijing dialect),FE,FE,,1,,[0525]
13960000,1300-1400,,TWN,Sound of Hope,M,Mandarin (Standard Chinese / Beijing dialect),FE,FE,,1,,[1224]
13960000,1400-1500,,TWN,Sound of Hope,M,Mandarin (Standard Chinese / Beijing dialect),FE,FE,,1,,[0422]
13960000,2130-1500,,CHN,CNR1 Jammer/Firedrake,M,Mandarin (Standard Chinese / Beijing dialect),FE,FE,,1,,[0223]
13960000,2130-2200,,TWN,Sound of Hope,M,Mandarin (Standard Chinese / Beijing dialect),FE,FE,,1,,
13960000,2200-2300,,TWN,Sound of Hope,M,Mandarin (Standard Chinese / Beijing dialect),FE,FE,,1,,[0621]
13960000,2300-2400,,TWN,Sound of Hope,M,Mandarin (Standard Chinese / Beijing dialect),FE,FE,,1,,
13974000,0200-0300,,TWN,Star-Star Bc.Station,M,Mandarin (Standard Chinese / Beijing dialect),CHN,CHN,y,1,,
13974000,0300-0400,,TWN,Star-Star Bc.Station,M,Mandarin (Standard Chinese / Beijing dialect),CHN,CHN,y,1,,
13974000,1100-1200,,TWN,Star-Star Bc.Station,M,Mandarin (Standard Chinese / Beijing dialect),CHN,CHN,y,1,,
13974000,1200-1300,,TWN,Star-Star Bc.Station,M,Mandarin (Standard Chinese / Beijing dialect),CHN,CHN,y,1,,[0925]
13978000,0700-0710,Su,RUS,V07 Russian Spy Numbers,S,Spanish/Castellano,FE,FE,kh,1,0107,3107
13980000,0000-0100,,TWN,Sound of Hope,M,Mandarin (Standard Chinese / Beijing dialect),FE,FE,,1,,
13980000,0100-0200,,TWN,Sound of Hope,M,Mandarin (Standard Chinese / Beijing dialect),FE,FE,,1,,[1223]
13980000,0200-1200,,TWN,Sound of Hope,M,Mandarin (Standard Chinese / Beijing dialect),FE,FE,,1,,[0925]
13980000,1200-1300,,TWN,Sound of Hope,M,Mandarin (Standard Chinese / Beijing dialect),FE,FE,,1,,
13980000,1300-1400,,TWN,Sound of Hope,M,Mandarin (Standard Chinese / Beijing dialect),FE,FE,,1,,
13980000,1400-1500,,TWN,Sound of Hope,M,Mandarin (Standard Chinese / Beijing dialect),FE,FE,,1,,
13980000,2300-1500,,CHN,CNR1 Jammer/Firedrake,M,Mandarin (Standard Chinese / Beijing dialect),FE,FE,,1,,
13980000,2300-2400,,TWN,Sound of Hope,M,Mandarin (Standard Chinese / Beijing dialect),FE,FE,,1,,
13985000,0500-0510,Th,RUS,E06 Russian Spy Numbers,E,English,RUS,RUS,xx,1,0106,3006[0619]
13986000,1700-1710,Tu,RUS,F06 Russian Spy Numbers,-TY,Teletype or other digital Station (RTTY/SITOR/..),RUS,RUS,m,1,0103,3103
13988500,0000-2400,,J,JMH Japan Meteo Fax,,,FE,FE,k,1,,[1025]
14359000,1120-1130,"Tu,Fr",RUS,E07 Russian Spy Numbers,E,English,RUS,RUS,m,1,0105,3105
14361000,1540-1550,"Tu,Fr",RUS,E07 Russian Spy Numbers,E,English,RUS,RUS,m,1,0110,3110
14364000,0310-0320,Mo,RUS,E06 Russian Spy Numbers,E,English,RUS,RUS,c,1,0102,2802[0219]
14365000,0000-2400,,CHN,BAF Beijing Meteo Fax,,,FE,FE,bm,1,,
14370000,0000-0100,,TWN,Sound of Hope,M,Mandarin (Standard Chinese / Beijing dialect),FE,FE,,1,,
14370000,0100-0200,,TWN,Sound of Hope,M,Mandarin (Standard Chinese / Beijing dialect),FE,FE,,1,,[1223]
14370000,0200-1200,,TWN,Sound of Hope,M,Mandarin (Standard Chinese / Beijing dialect),FE,FE,,1,,[1224]
14370000,0500-0510,Th,RUS,E06 Russian Spy Numbers,E,English,RUS,RUS,xx,1,0109,3009
14370000,1200-1300,,TWN,Sound of Hope,M,Mandarin (Standard Chinese / Beijing dialect),FE,FE,,1,,[0223]
14370000,1300-1400,,TWN,Sound of Hope,M,Mandarin (Standard Chinese / Beijing dialect),FE,FE,,1,,[1224]
14370000,1400-1500,,TWN,Sound of Hope,M,Mandarin (Standard Chinese / Beijing dialect),FE,FE,,1,,
14370000,2300-1500,,CHN,CNR1 Jammer/Firedrake,M,Mandarin (Standard Chinese / Beijing dialect),CHN,CHN,,1,,[1220]
14370000,2300-2400,,TWN,Sound of Hope,M,Mandarin (Standard Chinese / Beijing dialect),FE,FE,,1,,
14398000,0310-0320,Mo,RUS,E06 Russian Spy Numbers,E,English,RUS,RUS,c,1,0111,3011
14410000,1745-1755,"Mo,Su",POL,E11 Polish Spy Numbers,E,English,,,p,1,0105,3108[0723]
14430000,0000-0100,,TWN,Sound of Hope,M,Mandarin (Standard Chinese / Beijing dialect),FE,FE,,1,,
14430000,0100-0200,,TWN,Sound of Hope,M,Mandarin (Standard Chinese / Beijing dialect),FE,FE,,1,,
14430000,0200-1200,,TWN,Sound of Hope,M,Mandarin (Standard Chinese / Beijing dialect),FE,FE,,1,,[0925]
14430000,1200-1300,,TWN,Sound of Hope,M,Mandarin (Standard Chinese / Beijing dialect),FE,FE,,1,,[0223]
14430000,1300-1400,,TWN,Sound of Hope,M,Mandarin (Standard Chinese / Beijing dialect),FE,FE,,1,,
14430000,1400-1500,,TWN,Sound of Hope,M,Mandarin (Standard Chinese / Beijing dialect),FE,FE,,1,,[1224]
14430000,1500-1600,,TWN,Sound of Hope,M,Mandarin (Standard Chinese / Beijing dialect),FE,FE,,1,,[0822]
14430000,1600-1700,,TWN,Sound of Hope,M,Mandarin (Standard Chinese / Beijing dialect),FE,FE,,1,,
14430000,2100-1700,,CHN,CNR1 Jammer/Firedrake,M,Mandarin (Standard Chinese / Beijing dialect),CHN,CHN,,1,,[0222]
14430000,2100-2130,,TWN,Sound of Hope,M,Mandarin (Standard Chinese / Beijing dialect),FE,FE,,1,,
14430000,2130-2200,,TWN,Sound of Hope,M,Mandarin (Standard Chinese / Beijing dialect),FE,FE,,1,,
14430000,2200-2300,,TWN,Sound of Hope,M,Mandarin (Standard Chinese / Beijing dialect),FE,FE,,1,,
14430000,2300-2400,,TWN,Sound of Hope,M,Mandarin (Standard Chinese / Beijing dialect),FE,FE,,1,,
14431000,0240-0250,Su,RUS,V07 Russian Spy Numbers,S,Spanish/Castellano,FE,FE,kh,1,0104,3004
14431000,0240-0250,Su,RUS,V07 Russian Spy Numbers,S,Spanish/Castellano,FE,FE,kh,1,0109,3009
14431000,0240-0250,Su,RUS,V07 Russian Spy Numbers,S,Spanish/Castellano,FE,FE,kh,1,0111,3011
14456000,0310-0320,Mo,RUS,E06 Russian Spy Numbers,E,English,RUS,RUS,c,1,0104,3004
14458000,1520-1530,"Tu,Fr",RUS,E07 Russian Spy Numbers,E,English,RUS,RUS,m,1,0102,2802
14467300,0000-2400,,D,DWD 2 Pinneberg RTTY,E,English,Eu,Eu,pi,1,,[0725]
14469000,0700-0710,Su,RUS,V07 Russian Spy Numbers,S,Spanish/Castellano,FE,FE,kh,1,0105,3105
14474000,1120-1130,"Tu,Fr",RUS,E07 Russian Spy Numbers,E,English,RUS,RUS,m,1,0106,3006
14477000,0310-0320,Mo,RUS,E06 Russian Spy Numbers,E,English,RUS,RUS,c,1,0109,3009
14536000,1430-1440,"Th,Sa",RUS,E07 Russian Spy Numbers,E,English,RUS,RUS,m,1,0105,3105[0521]
14537000,1100-1110,"Tu,Fr",RUS,E07 Russian Spy Numbers,E,English,RUS,RUS,m,1,0110,3110
14549000,0240-0250,Su,RUS,V07 Russian Spy Numbers,S,Spanish/Castellano,FE,FE,kh,1,0112,3112
14560000,0000-0100,,TWN,Sound of Hope,M,Mandarin (Standard Chinese / Beijing dialect),FE,FE,,1,,
14560000,0100-0200,,TWN,Sound of Hope,M,Mandarin (Standard Chinese / Beijing dialect),FE,FE,,1,,
14560000,0200-1200,,TWN,Sound of Hope,M,Mandarin (Standard Chinese / Beijing dialect),FE,FE,,1,,
14560000,1200-1300,,TWN,Sound of Hope,M,Mandarin (Standard Chinese / Beijing dialect),FE,FE,,1,,[0422]
14560000,1300-1400,,TWN,Sound of Hope,M,Mandarin (Standard Chinese / Beijing dialect),FE,FE,,1,,
14560000,1400-1500,,TWN,Sound of Hope,M,Mandarin (Standard Chinese / Beijing dialect),FE,FE,,1,,
14560000,2200-1500,,CHN,CNR1 Jammer/Firedrake,M,Mandarin (Standard Chinese / Beijing dialect),CHN,CHN,,1,,[0521]
14560000,2200-2300,,TWN,Sound of Hope,M,Mandarin (Standard Chinese / Beijing dialect),FE,FE,,1,,
14560000,2300-2400,,TWN,Sound of Hope,M,Mandarin (Standard Chinese / Beijing dialect),FE,FE,,1,,
14565000,0500-0510,Th,RUS,E06 Russian Spy Numbers,E,English,RUS,RUS,xx,1,0105,3105[0521]
14568000,0310-0320,Mo,RUS,E06 Russian Spy Numbers,E,English,RUS,RUS,c,1,0103,3103
14571000,1500-1510,"Tu,Fr",RUS,E07 Russian Spy Numbers,E,English,RUS,RUS,m,1,0103,3103
14575000,0600-0610,Th,RUS,E06 Russian Spy Numbers,E,English,RUS,RUS,xx,1,0112,3112[1218]
14575000,1645-1655,"Tu,Th",POL,E11 Polish Spy Numbers,E,English,,,p,1,0105,3108[0724]
14580000,0000-0100,,TWN,Sound of Hope,M,Mandarin (Standard Chinese / Beijing dialect),FE,FE,,1,,
14580000,0100-0200,,TWN,Sound of Hope,M,Mandarin (Standard Chinese / Beijing dialect),FE,FE,,1,,
14580000,0200-1200,,TWN,Sound of Hope,M,Mandarin (Standard Chinese / Beijing dialect),FE,FE,,1,,[0626]
14580000,1200-1300,,TWN,Sound of Hope,M,Mandarin (Standard Chinese / Beijing dialect),FE,FE,,1,,
14580000,1300-1400,,TWN,Sound of Hope,M,Mandarin (Standard Chinese / Beijing dialect),FE,FE,,1,,
14580000,1400-1500,,TWN,Sound of Hope,M,Mandarin (Standard Chinese / Beijing dialect),FE,FE,,1,,
14580000,2200-2300,,TWN,Sound of Hope,M,Mandarin (Standard Chinese / Beijing dialect),FE,FE,,1,,
14580000,2300-2400,,TWN,Sound of Hope,M,Mandarin (Standard Chinese / Beijing dialect),FE,FE,,1,,
14611000,0820-0830,"Tu,We",POL,E11 Polish Spy Numbers,E,English,,,p,1,0111,2802
14613000,0310-0320,Mo,RUS,E06 Russian Spy Numbers,E,English,RUS,RUS,c,1,0110,3110
14635000,0000-0100,,TWN,Sound of Hope,M,Mandarin (Standard Chinese / Beijing dialect),FE,FE,,1,,
14635000,0100-0200,,TWN,Sound of Hope,M,Mandarin (Standard Chinese / Beijing dialect),FE,FE,,1,,
14635000,0200-1200,,TWN,Sound of Hope,M,Mandarin (Standard Chinese / Beijing dialect),FE,FE,,1,,[0925]
14635000,1200-1300,,TWN,Sound of Hope,M,Mandarin (Standard Chinese / Beijing dialect),FE,FE,,1,,[0223]
14635000,1300-1400,,TWN,Sound of Hope,M,Mandarin (Standard Chinese / Beijing dialect),FE,FE,,1,,
14635000,1400-1500,,TWN,Sound of Hope,M,Mandarin (Standard Chinese / Beijing dialect),FE,FE,,1,,
14635000,2200-1500,,CHN,CNR1 Jammer/Firedrake,M,Mandarin (Standard Chinese / Beijing dialect),FE,FE,,1,,[1220]
14635000,2200-2300,,TWN,Sound of Hope,M,Mandarin (Standard Chinese / Beijing dialect),FE,FE,,1,,
14635000,2300-2400,,TWN,Sound of Hope,M,Mandarin (Standard Chinese / Beijing dialect),FE,FE,,1,,
14636000,0220-0230,Su,RUS,V07 Russian Spy Numbers,S,Spanish/Castellano,FE,FE,kh,1,0101,3101
14638000,0000-2400,,ISR,4XZ Israeli Navy Haifa,-CW,Morse Station,,,,1,,[0725]
14639000,1100-1110,"Tu,Fr",RUS,E07 Russian Spy Numbers,E,English,RUS,RUS,m,1,0103,3103
14648000,0300-0310,Th,RUS,E06 Russian Spy Numbers,E,English,RUS,RUS,c,1,0108,3108
14654000,0300-0310,Th,RUS,E06 Russian Spy Numbers,E,English,RUS,RUS,c,1,0112,3112
14670000,0000-1410,22Jun,CAN,CHU Ottawa,-TS,Time Signal Station,NAm,NAm,o,6,1306,2206
14670000,0000-2400,,CAN,CHU Ottawa,-TS,Time Signal Station,NAm,NAm,o,6,2903,2106[0626]
14690000,0000-0100,,TWN,Sound of Hope,M,Mandarin (Standard Chinese / Beijing dialect),FE,FE,,1,,
14690000,0100-0200,,TWN,Sound of Hope,M,Mandarin (Standard Chinese / Beijing dialect),FE,FE,,1,,
14690000,0200-1200,,TWN,Sound of Hope,M,Mandarin (Standard Chinese / Beijing dialect),FE,FE,,1,,[0925]
14690000,1200-1300,,TWN,Sound of Hope,M,Mandarin (Standard Chinese / Beijing dialect),FE,FE,,1,,[0223]
14690000,1300-1400,,TWN,Sound of Hope,M,Mandarin (Standard Chinese / Beijing dialect),FE,FE,,1,,
14690000,1400-1500,,TWN,Sound of Hope,M,Mandarin (Standard Chinese / Beijing dialect),FE,FE,,1,,
14690000,2200-1500,,CHN,CNR1 Jammer/Firedrake,M,Mandarin (Standard Chinese / Beijing dialect),FE,FE,,1,,[1224]
14690000,2200-2300,,TWN,Sound of Hope,M,Mandarin (Standard Chinese / Beijing dialect),FE,FE,,1,,
14690000,2300-2400,,TWN,Sound of Hope,M,Mandarin (Standard Chinese / Beijing dialect),FE,FE,,1,,
14717000,1430-1440,"Th,Sa",RUS,E07 Russian Spy Numbers,E,English,RUS,RUS,m,1,0106,3006[0621]
14725000,0000-0100,,TWN,Sound of Hope,M,Mandarin (Standard Chinese / Beijing dialect),FE,FE,,1,,
14725000,0100-0200,,TWN,Sound of Hope,M,Mandarin (Standard Chinese / Beijing dialect),FE,FE,,1,,
14725000,0200-1200,,TWN,Sound of Hope,M,Mandarin (Standard Chinese / Beijing dialect),FE,FE,,1,,
14725000,1200-1300,,TWN,Sound of Hope,M,Mandarin (Standard Chinese / Beijing dialect),FE,FE,,1,,
14725000,1300-1400,,TWN,Sound of Hope,M,Mandarin (Standard Chinese / Beijing dialect),FE,FE,,1,,
14725000,1400-1500,,TWN,Sound of Hope,M,Mandarin (Standard Chinese / Beijing dialect),FE,FE,,1,,
14725000,1500-1600,,TWN,Sound of Hope,M,Mandarin (Standard Chinese / Beijing dialect),FE,FE,,1,,
14725000,2200-2300,,TWN,Sound of Hope,M,Mandarin (Standard Chinese / Beijing dialect),FE,FE,,1,,
14725000,2300-2400,,TWN,Sound of Hope,M,Mandarin (Standard Chinese / Beijing dialect),FE,FE,,1,,
14735000,0930-0940,Su,RUS,E06 Russian Spy Numbers,E,English,RUS,RUS,or,1,0105,3105
14737000,1500-1510,"Tu,Fr",RUS,E07 Russian Spy Numbers,E,English,RUS,RUS,m,1,0111,3011
14767000,0300-0310,Th,RUS,E06 Russian Spy Numbers,E,English,RUS,RUS,c,1,0105,3105
14774800,0000-0100,,TWN,Sound of Hope,M,Mandarin (Standard Chinese / Beijing dialect),FE,FE,,1,,
14774800,0100-0200,,TWN,Sound of Hope,M,Mandarin (Standard Chinese / Beijing dialect),FE,FE,,1,,
14774800,0200-1200,,TWN,Sound of Hope,M,Mandarin (Standard Chinese / Beijing dialect),FE,FE,,1,,[1123]
14774800,1200-1300,,TWN,Sound of Hope,M,Mandarin (Standard Chinese / Beijing dialect),FE,FE,,1,,[0222]
14774800,1300-1400,,TWN,Sound of Hope,M,Mandarin (Standard Chinese / Beijing dialect),FE,FE,,1,,
14774800,1400-1500,,TWN,Sound of Hope,M,Mandarin (Standard Chinese / Beijing dialect),FE,FE,,1,,
14774800,2200-2300,,TWN,Sound of Hope,M,Mandarin (Standard Chinese / Beijing dialect),FE,FE,,1,,
14774800,2300-2400,,TWN,Sound of Hope,M,Mandarin (Standard Chinese / Beijing dialect),FE,FE,,1,,[0422]
14800000,0000-0100,,TWN,Sound of Hope,M,Mandarin (Standard Chinese / Beijing dialect),FE,FE,,1,,
14800000,0100-0200,,TWN,Sound of Hope,M,Mandarin (Standard Chinese / Beijing dialect),FE,FE,,1,,
14800000,0200-1200,,TWN,Sound of Hope,M,Mandarin (Standard Chinese / Beijing dialect),FE,FE,,1,,
14800000,1200-1300,,TWN,Sound of Hope,M,Mandarin (Standard Chinese / Beijing dialect),FE,FE,,1,,
14800000,1300-1400,,TWN,Sound of Hope,M,Mandarin (Standard Chinese / Beijing dialect),FE,FE,,1,,
14800000,1400-1500,,TWN,Sound of Hope,M,Mandarin (Standard Chinese / Beijing dialect),FE,FE,,1,,
14800000,2130-2200,,TWN,Sound of Hope,M,Mandarin (Standard Chinese / Beijing dialect),FE,FE,,1,,
14800000,2200-2300,,TWN,Sound of Hope,M,Mandarin (Standard Chinese / Beijing dialect),FE,FE,,1,,
14800000,2300-2400,,TWN,Sound of Hope,M,Mandarin (Standard Chinese / Beijing dialect),FE,FE,,1,,[0422]
14819000,1430-1440,"Th,Sa",RUS,E07 Russian Spy Numbers,E,English,RUS,RUS,m,1,0108,3108[0821]
14820000,2100-1500,,CHN,CNR1 Jammer/Firedrake,M,Mandarin (Standard Chinese / Beijing dialect),CHN,CHN,,1,,[1220]
14820100,0000-0100,,TWN,Sound of Hope,M,Mandarin (Standard Chinese / Beijing dialect),FE,FE,,1,,
14820100,0100-0200,,TWN,Sound of Hope,M,Mandarin (Standard Chinese / Beijing dialect),FE,FE,,1,,
14820100,0200-1200,,TWN,Sound of Hope,M,Mandarin (Standard Chinese / Beijing dialect),FE,FE,,1,,
14820100,1200-1300,,TWN,Sound of Hope,M,Mandarin (Standard Chinese / Beijing dialect),FE,FE,,1,,[0222]
14820100,1300-1400,,TWN,Sound of Hope,M,Mandarin (Standard Chinese / Beijing dialect),FE,FE,,1,,
14820100,1400-1500,,TWN,Sound of Hope,M,Mandarin (Standard Chinese / Beijing dialect),FE,FE,,1,,
14820100,2100-2130,,TWN,Sound of Hope,M,Mandarin (Standard Chinese / Beijing dialect),FE,FE,,1,,
14820100,2130-2200,,TWN,Sound of Hope,M,Mandarin (Standard Chinese / Beijing dialect),FE,FE,,1,,
14820100,2200-2300,,TWN,Sound of Hope,M,Mandarin (Standard Chinese / Beijing dialect),FE,FE,,1,,
14820100,2300-2400,,TWN,Sound of Hope,M,Mandarin (Standard Chinese / Beijing dialect),FE,FE,,1,,
14831000,1450-1500,"Th,Sa",RUS,E07 Russian Spy Numbers,E,English,RUS,RUS,m,1,0104,3004[0421]
14841000,1120-1130,"Tu,Fr",RUS,E07 Russian Spy Numbers,E,English,RUS,RUS,m,1,0104,3004
14845000,0300-0310,Th,RUS,E06 Russian Spy Numbers,E,English,RUS,RUS,c,1,0107,3107
14849000,1430-1440,"Th,Sa",RUS,E07 Russian Spy Numbers,E,English,RUS,RUS,m,1,0110,3110
14854000,1430-1440,"Th,Sa",RUS,E07 Russian Spy Numbers,E,English,RUS,RUS,m,1,0103,3103[0321]
14862000,1430-1440,"Th,Sa",RUS,E07 Russian Spy Numbers,E,English,RUS,RUS,m,1,0107,3107[0721]
14865000,0745-0755,"Tu,Th",POL,E11 Polish Spy Numbers,E,English,,,p,1,0103,3004
14865000,0745-0755,"Tu,Th",POL,E11 Polish Spy Numbers,E,English,,,p,1,0109,3110[0924]
14870000,2200-1600,,CHN,CNR1 Jammer/Firedrake,M,Mandarin (Standard Chinese / Beijing dialect),CHN,CHN,,1,,[0925]
14870100,0100-0200,,TWN,Sound of Hope,M,Mandarin (Standard Chinese / Beijing dialect),FE,FE,,1,,
14870100,0200-1200,,TWN,Sound of Hope,M,Mandarin (Standard Chinese / Beijing dialect),FE,FE,,1,,[0925]
14870100,1200-1300,,TWN,Sound of Hope,M,Mandarin (Standard Chinese / Beijing dialect),FE,FE,,1,,[0223]
14870100,1300-1400,,TWN,Sound of Hope,M,Mandarin (Standard Chinese / Beijing dialect),FE,FE,,1,,
14870100,1400-1500,,TWN,Sound of Hope,M,Mandarin (Standard Chinese / Beijing dialect),FE,FE,,1,,[1224]
14870100,1500-1600,,TWN,Sound of Hope,M,Mandarin (Standard Chinese / Beijing dialect),FE,FE,,1,,
14870100,2200-2300,,TWN,Sound of Hope,M,Mandarin (Standard Chinese / Beijing dialect),FE,FE,,1,,
14870100,2300-2400,,TWN,Sound of Hope,M,Mandarin (Standard Chinese / Beijing dialect),FE,FE,,1,,
14875000,1540-1550,"Tu,Fr",RUS,E07 Russian Spy Numbers,E,English,RUS,RUS,m,1,0109,3009
14900000,0100-0200,,TWN,Sound of Hope,M,Mandarin (Standard Chinese / Beijing dialect),FE,FE,,1,,
14900000,0100-1600,,CHN,CNR1 Jammer/Firedrake,M,Mandarin (Standard Chinese / Beijing dialect),CHN,CHN,,1,,[0222]
14900000,0200-1200,,TWN,Sound of Hope,M,Mandarin (Standard Chinese / Beijing dialect),FE,FE,,1,,[0925]
14900000,1200-1300,,TWN,Sound of Hope,M,Mandarin (Standard Chinese / Beijing dialect),FE,FE,,1,,[0223]
14900000,1300-1400,,TWN,Sound of Hope,M,Mandarin (Standard Chinese / Beijing dialect),FE,FE,,1,,
14900000,1400-1500,,TWN,Sound of Hope,CA,Cantonese / Yue,FE,FE,,1,,
14900000,1500-1600,,TWN,Sound of Hope,M,Mandarin (Standard Chinese / Beijing dialect),FE,FE,,1,,[1123]
14918000,0300-0310,Th,RUS,E06 Russian Spy Numbers,E,English,RUS,RUS,c,1,0101,3101
14920000,0000-0100,,TWN,Sound of Hope,M,Mandarin (Standard Chinese / Beijing dialect),FE,FE,,1,,[0521]
14920000,0100-0200,,TWN,Sound of Hope,M,Mandarin (Standard Chinese / Beijing dialect),FE,FE,,1,,
14920000,0200-1200,,TWN,Sound of Hope,M,Mandarin (Standard Chinese / Beijing dialect),FE,FE,,1,,[0925]
14920000,1200-1300,,TWN,Sound of Hope,M,Mandarin (Standard Chinese / Beijing dialect),FE,FE,,1,,[0223]
14920000,1300-1400,,TWN,Sound of Hope,M,Mandarin (Standard Chinese / Beijing dialect),FE,FE,,1,,
14920000,1400-1500,,TWN,Sound of Hope,M,Mandarin (Standard Chinese / Beijing dialect),FE,FE,,1,,
14920000,2130-1500,,CHN,CNR1 Jammer/Firedrake,M,Mandarin (Standard Chinese / Beijing dialect),CHN,CHN,,1,,[0626]
14920000,2130-2200,,TWN,Sound of Hope,M,Mandarin (Standard Chinese / Beijing dialect),FE,FE,,1,,
14920000,2200-2300,,TWN,Sound of Hope,M,Mandarin (Standard Chinese / Beijing dialect),FE,FE,,1,,
14920000,2300-2400,,TWN,Sound of Hope,M,Mandarin (Standard Chinese / Beijing dialect),FE,FE,,1,,
14928000,1450-1500,"Th,Sa",RUS,E07 Russian Spy Numbers,E,English,RUS,RUS,m,1,0109,3009[0922]
14932000,0300-0310,Th,RUS,E06 Russian Spy Numbers,E,English,RUS,RUS,c,1,0106,3006
14940000,0000-0100,,TWN,Sound of Hope,M,Mandarin (Standard Chinese / Beijing dialect),FE,FE,,1,,[0521]
14940000,0100-0200,,TWN,Sound of Hope,M,Mandarin (Standard Chinese / Beijing dialect),FE,FE,,1,,
14940000,0200-1200,,TWN,Sound of Hope,M,Mandarin (Standard Chinese / Beijing dialect),FE,FE,,1,,[0925]
14940000,0745-0755,"Tu,Th",POL,E11 Polish Spy Numbers,E,English,,,p,1,0105,3108
14940000,1200-1300,,TWN,Sound of Hope,M,Mandarin (Standard Chinese / Beijing dialect),FE,FE,,1,,[0223]
14940000,1300-1400,,TWN,Sound of Hope,M,Mandarin (Standard Chinese / Beijing dialect),FE,FE,,1,,
14940000,1400-1500,,TWN,Sound of Hope,M,Mandarin (Standard Chinese / Beijing dialect),FE,FE,,1,,[0422]
14940000,1500-1600,,TWN,Sound of Hope,M,Mandarin (Standard Chinese / Beijing dialect),FE,FE,,1,,
14940000,2200-1600,,CHN,CNR1 Jammer/Firedrake,M,Mandarin (Standard Chinese / Beijing dialect),CHN,CHN,,1,,[0525]
14940000,2200-2300,,TWN,Sound of Hope,M,Mandarin (Standard Chinese / Beijing dialect),FE,FE,,1,,
14940000,2300-2400,,TWN,Sound of Hope,M,Mandarin (Standard Chinese / Beijing dialect),FE,FE,,1,,
14944000,1200-1300,,TWN,Star-Star Bc.Station,M,Mandarin (Standard Chinese / Beijing dialect),CHN,CHN,y,1,,
14944000,1300-1400,,TWN,Star-Star Bc.Station,M,Mandarin (Standard Chinese / Beijing dialect),CHN,CHN,y,1,,[0724]
14945000,1500-1510,"Tu,Fr",RUS,E07 Russian Spy Numbers,E,English,RUS,RUS,m,1,0106,3006
14958000,1100-1110,"Tu,Fr",RUS,E07 Russian Spy Numbers,E,English,RUS,RUS,m,1,0107,3107
14972000,0315-0325,"Mo,We",POL,E11 Polish Spy Numbers,E,English,,,p,1,0105,3108
14972000,1430-1440,"Tu,Sa",POL,E11 Polish Spy Numbers,E,English,,,p,1,0103,3004[0425]
14972000,1430-1440,"Tu,Sa",POL,E11 Polish Spy Numbers,E,English,,,p,1,0109,3110[0924]
14975000,0930-0940,We,RUS,E06 Russian Spy Numbers,E,English,RUS,RUS,or,1,0105,3105
14980000,0000-0100,,TWN,Sound of Hope,M,Mandarin (Standard Chinese / Beijing dialect),FE,FE,,1,,[0521]
14980000,0100-0200,,TWN,Sound of Hope,M,Mandarin (Standard Chinese / Beijing dialect),FE,FE,,1,,
14980000,0200-1200,,TWN,Sound of Hope,M,Mandarin (Standard Chinese / Beijing dialect),FE,FE,,1,,[0925]
14980000,1200-1300,,TWN,Sound of Hope,M,Mandarin (Standard Chinese / Beijing dialect),FE,FE,,1,,[0422]
14980000,1300-1400,,TWN,Sound of Hope,M,Mandarin (Standard Chinese / Beijing dialect),FE,FE,,1,,
14980000,1400-1500,,TWN,Sound of Hope,M,Mandarin (Standard Chinese / Beijing dialect),FE,FE,,1,,
14980000,2200-1500,,CHN,CNR1 Jammer/Firedrake,M,Mandarin (Standard Chinese / Beijing dialect),CHN,CHN,,1,,[1125]
14980000,2200-2300,,TWN,Sound of Hope,M,Mandarin (Standard Chinese / Beijing dialect),FE,FE,,1,,
14980000,2300-2400,,TWN,Sound of Hope,M,Mandarin (Standard Chinese / Beijing dialect),FE,FE,,1,,
14996000,0000-2400,,RUS,RWM Moscow,-TS,Time Signal Station,RUS,RUS,t,1,,[0826]
15000000,0000-2400,,I,ItalCable,-TS,Time Signal Station,SEu,SEu,v,1,,
15000000,0000-2400,,USA,WWV Colorado (m.ann.),-TS,Time Signal Station,USA,USA,fd,1,,[0426]
15000000,0000-2400,,HWA,WWVH Hawaii (f.ann.),-TS,Time Signal Station,USA,USA,d,1,,[0826]
15000000,0100-0900,,CHN,BPM Xian,-TS,Time Signal Station,CHN,CHN,p,1,,[1118]
15016000,0000-2400,,USA,US Air Force Messages,E,English,NAm,NAm,,1,,[0726]
15025000,0000-2400,,ISL,Reykjavik HFDL (ID3),-HF,HFDL Squitter (Aircraft comms station),NAO,NAO,r,1,,[1025]
15034000,0200-0300,,CAN,Trenton Volmet,E,English,NAm,NAm,tr,6,0208,0208
15034000,1100-0200,,CAN,Trenton Volmet,E,English,NAm,NAm,tr,1,,[0626]
15105000,0300-0400,,KRE,Voice of Korea,M,Mandarin (Standard Chinese / Beijing dialect),SEA,SEA,u,1,,
15105000,0400-0500,,KRE,Voice of Korea,F,French,SEA,SEA,u,1,,[0326]
15105000,0500-0600,,KRE,Voice of Korea,E,English,SEA,SEA,u,1,,[0524]
15105000,0600-0700,,KRE,Voice of Korea,M,Mandarin (Standard Chinese / Beijing dialect),SEA,SEA,u,1,,[1123]
15105000,1442-1457,Th-Su,SWZ,Trans World Radio,AFA,Afar,EAf,EAf,,1,,[1125]
15105000,1534-1619,Mo-Fr,SWZ,Trans World Radio,TIG,Tigrinya/Tigray,EAf,EAf,,1,,[0726]
15105000,1549-1619,SaSu,SWZ,Trans World Radio,KUN,Kunama,EAf,EAf,,1,,[0825]
15105000,1905-1935,,SWZ,Trans World Radio,LIN,Lingala,COD,COD,,4,,[0126]
15105000,1935-1950,Sa,SWZ,Trans World Radio,F,French,COD,COD,,4,,
15105000,1935-2005,Mo-Fr,SWZ,Trans World Radio,LIN,Lingala,COD,COD,,4,,[0226]
15110000,0030-0200,,CHN,China Radio Int.,E,English,SAs,SAs,ka,6,0107,0107
15110000,0200-0300,,CHN,China Radio Int.,E,English,SAs,SAs,ka,6,1706,1706
15110000,0300-0400,,CHN,China Radio Int.,E,English,SAs,SAs,ka,0,,
15110000,0400-0500,,CHN,China Radio Int.,M,Mandarin (Standard Chinese / Beijing dialect),SAs,SAs,ka,0,,
15110000,0500-0600,,CHN,China Radio Int.,M,Mandarin (Standard Chinese / Beijing dialect),SAs,SAs,ka,0,,
15110000,1100-1200,,CHN,China Radio Int.,EO,Esperanto,FE,FE,u,0,,
15110000,1200-1300,,CHN,China Radio Int.,M,Mandarin (Standard Chinese / Beijing dialect),CAs,CAs,u,0,,
15110000,1400-1500,,CHN,CNR1 Jammer/Firedrake,M,Mandarin (Standard Chinese / Beijing dialect),FE,FE,,0,,
15110000,1400-1500,,USA,Voice of America,M,Mandarin (Standard Chinese / Beijing dialect),FE,FE,/PHL-t,0,,
15120000,0330-0930,Mo-Fr,USA,Voice of America,K,Korean,FE,FE,/PHL-t,6,1307,2307
15120000,0450-0550,,IRN,IRIB Voice of I.R.Iran,SWA,Swahili/Kisuaheli,EAf,EAf,s,0,,
15120000,0550-0650,,IRN,IRIB Voice of I.R.Iran,HA,Haussa,WAf,WAf,s,0,,
15120000,1030-1045,Mo-Sa,USA,Trans World Radio,MO,Mongolian,MNG,MNG,/UZB,5,,
15120000,1045-1100,,USA,Trans World Radio,MO,Mongolian,MNG,MNG,/UZB,5,,
15120000,1900-2000,,ROU,Radio Romania Int.,S,Spanish/Castellano,E,E,t,0,,
15125000,0000-0100,,CHN,China Radio Int.,E,English,SEA,SEA,b,0,,
15125000,0100-0200,,CHN,China Radio Int.,E,English,SEA,SEA,b,0,,
15125000,1600-1700,,CHN,China Radio Int.,A,Arabic (300m),EAf,EAf,/MLI,0,,
15125000,1700-1800,,CHN,China Radio Int.,SWA,Swahili/Kisuaheli,EAf,EAf,/MLI,0,,
15130000,0400-0530,,IND,AIR Akashvani Ext.Sce,FS,Farsi / Iranian Persian,IRN,IRN,b,1,,
15130000,0530-0630,,IND,AIR Akashvani Ext.Sce,A,Arabic (300m),ME,ME,b,1,,[0426]
15130000,0610-0625,irr,IND,AIR Akashvani Ext.Sce,E,English,ME,ME,b,1,,
15130000,0630-0700,,ROU,Radio Romania Int.,A,Arabic (300m),NAf,NAf,g,0,,
15130000,1100-1200,,ROU,Radio Romania Int.,E,English,WEu,WEu,g,0,,
15130000,1200-1230,,ROU,Radio Romania Int.,A,Arabic (300m),ME,ME,t,0,,
15130000,1300-1400,,CHN,CNR1 Jammer/Firedrake,M,Mandarin (Standard Chinese / Beijing dialect),FE,FE,,0,,
15130000,1300-1400,,USA,Voice of America,M,Mandarin (Standard Chinese / Beijing dialect),FE,FE,/PHL-t,0,,
15130000,1530-1600,,ROU,Radio Romania Int.,A,Arabic (300m),NAf,NAf,g,0,,
15130000,2030-2100,,ROU,Radio Romania Int.,E,English,ENA,ENA,t,0,,
15135000,0830-0930,,CHN,China Radio Int.,IN,Indonesian / Bahasa Indonesia,INS,INS,k,0,,
15135000,0930-1030,,CHN,China Radio Int.,ML,Malay / Baku,INS,INS,k,0,,
15135000,1030-1130,,CHN,China Radio Int.,IN,Indonesian / Bahasa Indonesia,INS,INS,k,0,,
15140000,0000-0100,,CUB,Radio Habana Cuba,E,English,NAm,NAm,b,2,,[0626]
15140000,0000-0500,Mo-Fr,USA,Voice of America,K,Korean,FE,FE,/PHL-t,6,2407,2410
15140000,0100-0200,,CUB,Radio Habana Cuba,CR,Creole / Haitian,NAm,NAm,b,2,,[0526]
15140000,0200-0300,,CUB,Radio Habana Cuba,P,Portuguese,NAm,NAm,b,2,,[0526]
15140000,0300-0400,,CUB,Radio Habana Cuba,E,English,NAm,NAm,b,2,,
15140000,0400-0500,,CUB,Radio Habana Cuba,P,Portuguese,NAm,NAm,b,2,,[0526]
15140000,0500-0600,,CUB,Radio Habana Cuba,E,English,NAm,NAm,b,2,,[0526]
15140000,0700-0715,,ALG,Ifrikya FM,F,French,WAf,WAf,o,0,,[0826]
15140000,0715-1900,,ALG,Ifrikya FM,A,Arabic (300m),WAf,WAf,o,0,,[0726]
15140000,1300-1500,,CUB,Radio Habana Cuba,S,Spanish/Castellano,NAm,NAm,b,2,,[0426]
15140000,1500-1530,Su,CUB,Radio Habana Cuba,EO,Esperanto,NAm,NAm,b,2,,[0226]
15140000,1500-1800,,CUB,Radio Habana Cuba,S,Spanish/Castellano,NAm,NAm,b,2,,[0126]
15140000,1800-1830,,CUB,Radio Habana Cuba,F,French,NAm,NAm,b,2,,[0126]
15140000,1830-1900,,CUB,Radio Habana Cuba,CR,Creole / Haitian,NAm,NAm,b,2,,[0326]
15140000,1900-2000,,CUB,Radio Habana Cuba,E,English,NAm,NAm,b,2,,[0526]
15140000,2200-2400,Su-Th,USA,Voice of America,K,Korean,FE,FE,/PHL-t,6,2407,2410
15145000,0150-0155,Tu-Sa,B,Rádio Nacional Amazônia,E,English,B,B,b,6,2004,2104[0426]
15145000,0155-0200,Tu-Sa,B,Rádio Nacional Amazônia,S,Spanish/Castellano,B,B,b,6,2004,2104
15145000,0400-0500,irr,F,TDF DIGITAL,F,French,Af,Af,i,0,,[0626]
15145000,0600-0700,,CHN,China Radio Int.,E,English,ME,ME,ka,0,,
15145000,0625-0207,,B,Rádio Nacional Amazônia,P,Portuguese,B,B,b,6,2004,2104[0426]
15145000,0625-2130,,B,Rádio Nacional Amazônia,P,Portuguese,B,B,b,6,2304,2304[0426]
15145000,0700-0800,,CHN,China Radio Int.,AM,Amoy,SEA,SEA,x,0,,
15145000,1700-1710,20Jun,TWN,Radio Taiwan Int.,D,German,Eu,Eu,s,6,1406,2106
15145000,1700-1710,21Jun,TWN,Radio Taiwan Int.,F,French,Eu,Eu,s,6,1406,2106
15145000,1700-1730,Fr-Su,TWN,Radio Taiwan Int.,D,German,Eu,Eu,s,6,0307,2607
15145000,1700-1730,Fr-Su,TWN,Radio Taiwan Int.,F,French,Eu,Eu,s,6,0708,3108
15150000,0150-0155,Tu-Sa,B,Rádio Nacional Amazônia,E,English,B,B,b,1,2404,
15150000,0155-0200,Tu-Sa,B,Rádio Nacional Amazônia,S,Spanish/Castellano,B,B,b,1,2404,
15150000,0625-0207,,B,Rádio Nacional Amazônia,P,Portuguese,B,B,b,1,2404,
15150000,0900-1000,Su,ROU,Radio Romania Int.,RO,Romanian,WEu,WEu,g,0,,
15150000,0930-1130,,IRN,IRIB Voice of I.R.Iran,A,Arabic (300m),ME,ME,s,0,,
15150000,1000-1100,,ROU,Radio Romania Int.,F,French,WEu,WEu,g,0,,
15150000,1150-1220,,IRN,IRIB Voice of I.R.Iran,HB,Hebrew,ME,ME,s,0,,
15150000,1200-1700,Su-Fr,USA,"WMLK Bethel, PA",E,English,Eu,Eu,,1,,[0826]
15150000,2130-0207,,B,Rádio Nacional Amazônia,P,Portuguese,B,B,b,6,2304,2304
15160000,0030-0100,,CHN,China Radio Int.,E,English,FE,FE,j,6,0107,0107
15160000,0100-0200,,CHN,China Radio Int.,M,Mandarin (Standard Chinese / Beijing dialect),FE,FE,j,0,,
15160000,0200-0300,,CHN,China Radio Int.,M,Mandarin (Standard Chinese / Beijing dialect),FE,FE,j,0,,
15160000,0300-0400,,CHN,China Radio Int.,M,Mandarin (Standard Chinese / Beijing dialect),FE,FE,j,0,,
15160000,0400-0500,,CHN,China Radio Int.,CA,Cantonese / Yue,FE,FE,j,0,,
15160000,0500-0600,,CHN,China Radio Int.,CA,Cantonese / Yue,FE,FE,j,0,,
15160000,0600-0700,,CHN,China Radio Int.,M,Mandarin (Standard Chinese / Beijing dialect),FE,FE,j,0,,
15160000,0900-1000,,KOR,KBS World Radio,K,Korean,ME,ME,k,1,,[0726]
15160000,1030-1130,,CHN,China Radio Int.,KH,Khmer,SEA,SEA,n,0,,
15160000,1530-1600,,ROU,Radio Romania Int.,A,Arabic (300m),ME,ME,t,0,,
15160000,1600-1700,Su,ROU,Radio Romania Int.,HB,Hebrew,ISR,ISR,t,0,,
15160000,1600-1700,Mo-Sa,ROU,Radio Romania Int.,RO,Romanian,ISR,ISR,t,0,,
15165000,1300-1400,,CHN,CNR1 Jammer/Firedrake,M,Mandarin (Standard Chinese / Beijing dialect),FE,FE,,0,,
15165000,1300-1400,,USA,Voice of America,M,Mandarin (Standard Chinese / Beijing dialect),FE,FE,/PHL-t,0,,
15170000,0800-0900,Su,ROU,Radio Romania Int.,RO,Romanian,ME,ME,t,0,,
15170000,1300-1500,,ROU,Radio Romania Int.,RO,Romanian,WEu,WEu,g,0,,
15170000,2300-2400,,ROU,Radio Romania Int.,S,Spanish/Castellano,SAm,SAm,t,0,,
15180000,0100-0400,,CHN,CNR1 DIGITAL,M,Mandarin (Standard Chinese / Beijing dialect),FE,FE,k,1,,[0626]
15180000,0300-0400,,KRE,Voice of Korea,S,Spanish/Castellano,LAm,LAm,u,1,,[0425]
15180000,0400-0500,,KRE,Voice of Korea,E,English,LAm,LAm,u,1,,[0625]
15180000,0500-0600,,KRE,Voice of Korea,S,Spanish/Castellano,LAm,LAm,u,1,,[0825]
15180000,0600-0700,,KRE,Voice of Korea,F,French,LAm,LAm,u,1,,[1123]
15180000,0800-1100,,CHN,CNR1 DIGITAL,M,Mandarin (Standard Chinese / Beijing dialect),FE,FE,k,4,,
15180000,1000-1100,,KRE,Voice of Korea,E,English,LAm,LAm,u,5,,[0525]
15180000,1100-1200,,CHN,China Radio Int.,BU,Bulgarian,Eu,Eu,ka,0,,
15180000,1100-1200,,KRE,Voice of Korea,F,French,LAm,LAm,u,5,,[0925]
15180000,1200-1250,,KRE,Voice of Korea KCBS,K,Korean,LAm,LAm,u,5,,
15180000,1200-1300,,CHN,China Radio Int.,SR,Serbian,Eu,Eu,ka,0,,
15180000,1700-1800,,ROU,Radio Romania Int.,E,English,WEu,WEu,t,0,,
15185000,0430-0600,,IND,AIR Akashvani Ext.Sce,PS,Pashto / Pushtu,AFG,AFG,b,1,,[0925]
15190000,0000-2400,,B,Rádio Inconfidência,P,Portuguese,B,B,c,1,,[0826]
15190000,1730-2030,,PHL,Radyo Pilipinas,TAG,Tagalog,ME,ME,t,0,,
15195000,0200-0450,,J,NHK Radio Japan,J,Japanese,FE,FE,y,0,,
15195000,0510-0530,,J,NHK Radio Japan,K,Korean,FE,FE,y,0,,
15195000,0610-0630,,J,NHK Radio Japan,M,Mandarin (Standard Chinese / Beijing dialect),FE,FE,y,0,,
15195000,0630-0650,,J,NHK Radio Japan,K,Korean,FE,FE,y,0,,
15200000,0630-0700,,ROU,Radio Romania Int.,A,Arabic (300m),ME,ME,t,0,,
15200000,0800-0900,Su,ROU,Radio Romania Int.,RO,Romanian,EGY,EGY,g,0,,
15200000,1700-1800,,ROU,Radio Romania Int.,RO,Romanian,WEu,WEu,g,0,,
15205000,0100-0200,"Tu,Th",USA,Voice of America,E,English,AFG,AFG,/THA-u,6,1606,2510
15205000,0230-0530,,USA,VoA Radio Ashna,DR,Dari / Eastern Farsi,AFG,AFG,/KWT,6,2805,2510
15210000,1300-1400,,ROU,Radio Romania Int.,R,Russian,Sib,Sib,t,0,,
15215000,1500-1530,,USA,Adventist World Radio,KAN,Kannada,SAs,SAs,/GUM-a,0,,
15215000,1530-1600,,USA,Adventist World Radio,HI,Hindi,SAs,SAs,/GUM-a,0,,
15215000,1700-1800,"We,Sa",CLA,Voice of Fano,AH,Amharic,ETH,ETH,/F-i,1,,
15215100,1200-1230,Su-Tu,IND,Gaweylon Tibetan Radio,TB,Tibetan / Lhasa Tibetan,SAs,SAs,/UAE,1,,[1025]
15220000,1000-1100,,CHN,China Radio Int.,HU,Hungarian,Eu,Eu,ka,0,,
15220000,1100-1200,,CHN,China Radio Int.,CZ,Czech,WEu,WEu,ka,0,,
15230000,0300-0400,,CHN,China Radio Int.,M,Mandarin (Standard Chinese / Beijing dialect),FE,FE,x,0,,
15230000,0400-0500,,CHN,China Radio Int.,CA,Cantonese / Yue,FE,FE,x,0,,
15230000,0500-0600,,CHN,China Radio Int.,CA,Cantonese / Yue,FE,FE,x,0,,
15230000,0550-0820,,IRN,IRIB Voice of I.R.Iran,DR,Dari / Eastern Farsi,CAs,CAs,s,0,,
15230000,0600-0700,,CHN,China Radio Int.,M,Mandarin (Standard Chinese / Beijing dialect),FE,FE,x,0,,
15230000,0700-0800,,CHN,China Radio Int.,CA,Cantonese / Yue,FE,FE,x,0,,
15230000,0800-0900,,CHN,China Radio Int.,M,Mandarin (Standard Chinese / Beijing dialect),FE,FE,x,0,,
15230000,0920-1250,,IRN,IRIB Voice of I.R.Iran,DR,Dari / Eastern Farsi,CAs,CAs,s,0,,
15230000,1100-1300,,CUB,Radio Habana Cuba,S,Spanish/Castellano,WNA,WNA,q,2,,[1025]
15230000,1300-1500,,CUB,Radio Habana Cuba,S,Spanish/Castellano,WNA,WNA,q,2,,[0226]
15230000,1500-1530,Su,CUB,Radio Habana Cuba,EO,Esperanto,WNA,WNA,q,2,,[0226]
15230000,1500-1800,,CUB,Radio Habana Cuba,S,Spanish/Castellano,WNA,WNA,q,2,,[1225]
15230000,2100-2200,,CUB,Radio Habana Cuba,P,Portuguese,SAm,SAm,q,2,,[0624]
15230000,2200-2300,,CUB,Radio Habana Cuba,S,Spanish/Castellano,SAm,SAm,q,5,,[1125]
15230000,2300-2400,,CUB,Radio Habana Cuba,S,Spanish/Castellano,SAm,SAm,q,5,,[0823]
15235000,1430-1730,,IRN,IRIB Voice of I.R.Iran,A,Arabic (300m),ME,ME,s,0,,
15240000,0420-0550,,IRN,IRIB Voice of I.R.Iran,TU,Turkish,ME,ME,s,0,,
15240000,0600-0830,,IRN,IRIB Voice of I.R.Iran,A,Arabic (300m),ME,ME,s,0,,[0526]
15240000,0930-1130,,IRN,IRIB Voice of I.R.Iran,A,Arabic (300m),ME,ME,s,0,,
15240000,1130-1430,,IRN,IRIB Voice of I.R.Iran,A,Arabic (300m),ME,ME,s,0,,
15240000,1430-1730,,IRN,IRIB Voice of I.R.Iran,A,Arabic (300m),ME,ME,s,0,,
15245000,1500-1600,,CHN,China Radio Int.,E,English,Eu,Eu,ka,0,,
15245200,0700-0900,,KRE,Voice of Korea,R,Russian,Eu,Eu,u,1,,[0726]
15245200,1300-1400,,KRE,Voice of Korea,E,English,Eu,Eu,u,5,,[0626]
15245200,1400-1500,,KRE,Voice of Korea,F,French,Eu,Eu,u,5,,[0825]
15245200,1500-1600,,KRE,Voice of Korea,E,English,Eu,Eu,u,5,,[0624]
15245200,1600-1700,,KRE,Voice of Korea,F,French,Eu,Eu,u,5,,[0825]
15245200,1700-1750,,KRE,Voice of Korea KCBS,K,Korean,Eu,Eu,u,5,,[0626]
15245200,1800-1900,,KRE,Voice of Korea,E,English,Eu,Eu,u,5,,[0726]
15245200,1900-2000,,KRE,Voice of Korea,S,Spanish/Castellano,Eu,Eu,u,5,,[0726]
15245200,2000-2100,,KRE,Voice of Korea,F,French,Eu,Eu,u,5,,[0626]
15245200,2100-2200,,KRE,Voice of Korea,E,English,Eu,Eu,u,5,,[0925]
15245200,2200-2300,,KRE,Voice of Korea,S,Spanish/Castellano,Eu,Eu,u,5,,[1025]
15245200,2300-2350,,KRE,Voice of Korea KCBS,K,Korean,Eu,Eu,u,5,,[0425]
15250000,0550-0820,,IRN,IRIB Voice of I.R.Iran,DR,Dari / Eastern Farsi,CAs,CAs,s,0,,
15250000,0900-1000,Su,ROU,Radio Romania Int.,RO,Romanian,WEu,WEu,g,0,,
15250000,0900-1100,,CHN,China Radio Int.,M,Mandarin (Standard Chinese / Beijing dialect),PHL,PHL,k,0,,
15250000,1000-1100,,ROU,Radio Romania Int.,F,French,WEu,WEu,g,0,,
15250000,1100-1200,,CHN,CNR1 Jammer/Firedrake,M,Mandarin (Standard Chinese / Beijing dialect),FE,FE,,0,,
15250000,1100-1200,,USA,Voice of America,M,Mandarin (Standard Chinese / Beijing dialect),FE,FE,/PHL-t,0,,
15250000,1200-1300,,CHN,CNR1 Jammer/Firedrake,M,Mandarin (Standard Chinese / Beijing dialect),FE,FE,,0,,
15250000,1200-1300,,USA,Voice of America,M,Mandarin (Standard Chinese / Beijing dialect),FE,FE,/PHL-t,0,,
15250000,1600-1700,,CHN,China Radio Int.,E,English,ME,ME,u,0,,
15260000,0130-0230,,IND,AIR Akashvani Ext.Sce,IN,Indonesian / Bahasa Indonesia,SEA,SEA,b,1,,[1125]
15260000,0155-0210,irr,IND,AIR Akashvani Ext.Sce,E,English,SEA,SEA,b,1,,[0725]
15260000,0550-0650,,IRN,IRIB Voice of I.R.Iran,HA,Haussa,WAf,WAf,s,0,,
15260000,0900-1000,,CHN,China Radio Int.,M,Mandarin (Standard Chinese / Beijing dialect),FE,FE,x,0,,
15260000,1000-1100,,CHN,China Radio Int.,E,English,FE,FE,x,0,,
15260000,1100-1200,,CHN,China Radio Int.,K,Korean,FE,FE,x,0,,
15260000,1200-1300,,CHN,China Radio Int.,K,Korean,FE,FE,x,0,,
15260000,1700-1800,,S,IBRA Radio Sama,A,Arabic (300m),ME,ME,/G-w,1,,[0526]
15265000,1330-1400,,USA,Adventist World Radio,KBO,Kok Borok/Tripuri,SAs,SAs,/GUM-a,0,,
15265000,1800-1900,,KOR,KBS World Radio,R,Russian,EEu,EEu,/G-w,0,,
15270000,0000-0600,,CHN,CNR 2 China Business R.,M,Mandarin (Standard Chinese / Beijing dialect),CHN,CHN,B,5,,
15270000,0200-0600,,CHN,CNR 2 China Business R.,M,Mandarin (Standard Chinese / Beijing dialect),CHN,CHN,B,4,,
15270000,0600-0900,Th-Tu,CHN,CNR 2 China Business R.,M,Mandarin (Standard Chinese / Beijing dialect),CHN,CHN,B,1,,[0222]
15270000,0900-1100,,CHN,CNR 2 China Business R.,M,Mandarin (Standard Chinese / Beijing dialect),CHN,CHN,B,5,,
15280000,0000-0100,,TWN,Sound of Hope,M,Mandarin (Standard Chinese / Beijing dialect),FE,FE,,1,,[0521]
15280000,0100-0200,,TWN,Sound of Hope,M,Mandarin (Standard Chinese / Beijing dialect),FE,FE,,1,,
15280000,0200-0300,"Tu,Th",USA,Voice of America,E,English,AFG,AFG,/THA-u,6,1606,2510
15280000,0200-1200,,TWN,Sound of Hope,M,Mandarin (Standard Chinese / Beijing dialect),FE,FE,,1,,[0423]
15280000,0700-0950,,J,NHK Radio Japan,J,Japanese,SEA,SEA,y,0,,
15280000,1200-1300,,TWN,Sound of Hope,M,Mandarin (Standard Chinese / Beijing dialect),FE,FE,,1,,[0822]
15280000,1300-1400,,TWN,Sound of Hope,M,Mandarin (Standard Chinese / Beijing dialect),FE,FE,,1,,
15280000,1400-1500,,TWN,Sound of Hope,M,Mandarin (Standard Chinese / Beijing dialect),FE,FE,,1,,
15280000,1500-1530,Su-Th,G,BBC,A,Arabic (300m),ME,ME,/MDG,0,,
15280000,1500-1600,,TWN,Sound of Hope,M,Mandarin (Standard Chinese / Beijing dialect),FE,FE,,1,,
15280000,1530-1600,,ROU,Radio Romania Int.,A,Arabic (300m),NAf,NAf,g,0,,
15280000,1600-1700,,TWN,Sound of Hope,M,Mandarin (Standard Chinese / Beijing dialect),FE,FE,,1,,
15280000,2100-1700,,CHN,CNR1 Jammer/Firedrake,M,Mandarin (Standard Chinese / Beijing dialect),FE,FE,,1,,[0326]
15280000,2100-2130,,TWN,Sound of Hope,M,Mandarin (Standard Chinese / Beijing dialect),FE,FE,,1,,
15280000,2130-2200,,TWN,Sound of Hope,M,Mandarin (Standard Chinese / Beijing dialect),FE,FE,,1,,
15280000,2200-2300,,TWN,Sound of Hope,M,Mandarin (Standard Chinese / Beijing dialect),FE,FE,,1,,
15280000,2300-2400,,TWN,Sound of Hope,M,Mandarin (Standard Chinese / Beijing dialect),FE,FE,,1,,
15295000,0000-0100,,TWN,Sound of Hope,M,Mandarin (Standard Chinese / Beijing dialect),FE,FE,,1,,
15295000,0000-2400,,MLA,RTM Nasional FM,ML,Malay / Baku,MLA,MLA,ka,1,,[0726]
15295000,0100-0200,,TWN,Sound of Hope,M,Mandarin (Standard Chinese / Beijing dialect),FE,FE,,1,,
15295000,0200-1200,,TWN,Sound of Hope,M,Mandarin (Standard Chinese / Beijing dialect),FE,FE,,1,,
15295000,1200-1300,,TWN,Sound of Hope,M,Mandarin (Standard Chinese / Beijing dialect),FE,FE,,1,,
15295000,1200-1400,,G,BBC,E,English,SAs,SAs,/OMA-a,0,,
15295000,1300-1400,,TWN,Sound of Hope,M,Mandarin (Standard Chinese / Beijing dialect),FE,FE,,1,,
15295000,1400-1500,,TWN,Sound of Hope,M,Mandarin (Standard Chinese / Beijing dialect),FE,FE,,1,,
15295000,1500-1600,,TWN,Sound of Hope,M,Mandarin (Standard Chinese / Beijing dialect),FE,FE,,1,,
15295000,1600-1700,,TWN,Sound of Hope,M,Mandarin (Standard Chinese / Beijing dialect),FE,FE,,1,,
15295000,2300-2400,,TWN,Sound of Hope,M,Mandarin (Standard Chinese / Beijing dialect),FE,FE,,1,,
15300000,0400-0500,,F,Radio France Int.,F,French,EAf,EAf,i,0,,
15300000,0500-0600,,F,Radio France Int.,F,French,CAf,CAf,i,0,,
15300000,0600-0700,,F,Radio France Int.,F,French,CAf,CAf,i,0,,
15300000,0700-0800,,F,Radio France Int.,F,French,WAf,WAf,i,0,,
15300000,0800-0900,,F,Radio France Int.,F,French,WAf,WAf,i,0,,
15300000,0900-1000,,F,Radio France Int.,F,French,WAf,WAf,i,0,,
15300000,1430-1500,,CAN,Bible Voice,NU,Nuer,EAf,EAf,/D-n,0,,
15300000,1800-1900,,F,Radio France Int.,F,French,WAf,WAf,i,0,,
15300000,1900-2000,,F,Radio France Int.,F,French,WAf,WAf,i,0,,
15310000,0430-0500,,G,BBC,DR,Dari / Eastern Farsi,AFG,AFG,/OMA-a,0,,
15310000,0500-0530,,G,BBC,PS,Pashto / Pushtu,AFG,AFG,/OMA-a,0,,
15310000,0550-0820,,IRN,IRIB Voice of I.R.Iran,DR,Dari / Eastern Farsi,CAs,CAs,s,0,,
15310000,0830-0930,,G,BBC,DR,Dari / Eastern Farsi,AFG,AFG,/OMA-a,0,,
15310000,0930-1030,,G,BBC,PS,Pashto / Pushtu,AFG,AFG,/OMA-a,0,,
15310000,1030-1100,,G,BBC,DR,Dari / Eastern Farsi,AFG,AFG,/OMA-a,0,,
15310000,1100-1130,,G,BBC,PS,Pashto / Pushtu,AFG,AFG,/OMA-a,0,,
15310000,1130-1145,Su,USA,Trans World Radio,E,English,FE,FE,/TJK,5,2806,
15310000,1145-1245,Su,USA,Trans World Radio,M,Mandarin (Standard Chinese / Beijing dialect),CHN,CHN,/TJK,5,2806,
15310000,1230-1245,Mo-Fr,USA,Trans World Radio,YUN,Dialects/languages of Yunnan (China),CHN,CHN,/TJK,5,2806,
15310000,1245-1300,,USA,Trans World Radio,HUI,Hui / Huizhou,CHN,CHN,/TJK,5,2806,
15310000,1300-1330,Su,USA,Trans World Radio,M,Mandarin (Standard Chinese / Beijing dialect),CHN,CHN,/TJK,5,2806,
15310000,1300-1340,Mo-Fr,USA,Trans World Radio,M,Mandarin (Standard Chinese / Beijing dialect),CHN,CHN,/TJK,5,2806,
15310000,1300-1345,Sa,USA,Trans World Radio,M,Mandarin (Standard Chinese / Beijing dialect),CHN,CHN,/TJK,5,2806,
15310000,1400-1600,Sa,G,BBC,E,English,EAf,EAf,/OMA-a,0,,
15310000,1600-1630,Su-Tu,CAN,Bible Voice,OO,Oromo,EAf,EAf,/D-n,0,,
15310000,1600-1630,Th-Fr,CAN,Bible Voice,TIG,Tigrinya/Tigray,EAf,EAf,/D-n,0,,
15310000,1630-1700,SaSu,CAN,Bible Voice,SO,Somali,EAf,EAf,/D-n,0,,
15310000,1700-1730,Tu-Th,CAN,Bible Voice,AH,Amharic,EAf,EAf,/D-n,0,,
15310000,1700-1730,SaSu,CAN,Bible Voice,TIG,Tigrinya/Tigray,EAf,EAf,/D-n,0,,
15310000,1730-1800,Sa,CAN,Bible Voice,KUN,Kunama,EAf,EAf,/D-n,0,,
15320000,0400-0430,,CHN,China National Radio 1,M,Mandarin (Standard Chinese / Beijing dialect),CHN,CHN,u,1,,
15320000,0400-0430,,TWN,Radio Taiwan Int.,CA,Cantonese / Yue,SEA,SEA,p,1,,
15320000,0430-0500,,TWN,Radio Taiwan Int.,HK,Hakka,SEA,SEA,p,1,,
15320000,0500-0600,,TUR,Voice of Turkey,SWA,Swahili/Kisuaheli,EAf,EAf,e,0,,
15320000,0600-0700,,TUR,Voice of Turkey,HA,Haussa,NIG,NIG,e,0,,
15320000,1100-1200,,ROU,Radio Romania Int.,E,English,WEu,WEu,g,0,,
15320000,1200-1230,,ROU,Radio Romania Int.,A,Arabic (300m),NAf,NAf,g,0,,
15320000,1300-1600,,TUR,Voice of Turkey,TU,Turkish,Eu,Eu,e,0,,
15325000,0700-0730,,F,Radio France Int.,HA,Haussa,WAf,WAf,i,0,,
15330000,0300-0400,,ROU,Radio Romania Int.,E,English,SAs,SAs,g,0,,
15330000,0730-0800,,F,Radio France Int.,FU,Fulani/Fulfulde,WAf,WAf,i,0,,
15330000,1115-1145,,PHL,FEBC Manila,MON,Mon,SEA,SEA,b,1,,[0925]
15330000,1145-1200,,PHL,FEBC Manila,K-P,K-P,SEA,SEA,b,1,,
15335000,0800-0900,,CHN,China Radio Int.,R,Russian,EEu,EEu,ka,0,,
15335000,0900-1000,,CHN,China Radio Int.,R,Russian,EEu,EEu,ka,0,,
15335000,1200-1300,,CHN,China Radio Int.,R,Russian,EEu,EEu,s,0,,
15340000,0000-0100,,CHN,CNR1 Jammer/Firedrake,M,Mandarin (Standard Chinese / Beijing dialect),FE,FE,,0,,
15340000,0000-0100,,TWN,Sound of Hope,M,Mandarin (Standard Chinese / Beijing dialect),FE,FE,,1,,
15340000,0000-0100,,USA,Voice of America,M,Mandarin (Standard Chinese / Beijing dialect),FE,FE,/PHL-t,0,,
15340000,0000-2400,,CHN,CNR1 Jammer/Firedrake,M,Mandarin (Standard Chinese / Beijing dialect),FE,FE,,1,,[0626]
15340000,0100-0200,,TWN,Sound of Hope,M,Mandarin (Standard Chinese / Beijing dialect),FE,FE,,1,,
15340000,0200-1200,,TWN,Sound of Hope,M,Mandarin (Standard Chinese / Beijing dialect),FE,FE,,1,,[0925]
15340000,0420-0550,,IRN,IRIB Voice of I.R.Iran,TU,Turkish,ME,ME,s,0,,
15340000,0550-0650,,IRN,IRIB Voice of I.R.Iran,HA,Haussa,WAf,WAf,s,0,,
15340000,1200-1300,,TWN,Sound of Hope,M,Mandarin (Standard Chinese / Beijing dialect),FE,FE,,1,,[0824]
15340000,1300-1400,,TWN,Sound of Hope,M,Mandarin (Standard Chinese / Beijing dialect),FE,FE,,1,,[0223]
15340000,1300-1500,,ROU,Radio Romania Int.,RO,Romanian,WEu,WEu,g,0,,
15340000,1400-1500,,TWN,Sound of Hope,M,Mandarin (Standard Chinese / Beijing dialect),FE,FE,,1,,[0422]
15340000,1500-1600,,TWN,Sound of Hope,M,Mandarin (Standard Chinese / Beijing dialect),FE,FE,,1,,
15340000,1600-1700,,TWN,Sound of Hope,M,Mandarin (Standard Chinese / Beijing dialect),FE,FE,,1,,
15340000,2130-2400,,TWN,Sound of Hope-RFA,M,Mandarin (Standard Chinese / Beijing dialect),FE,FE,,1,,[0925]
15350000,0300-0400,,CHN,China Radio Int.,HI,Hindi,SAs,SAs,ka,0,,
15350000,0400-0500,,CHN,China Radio Int.,HK,Hakka,SAs,SAs,ka,0,,
15350000,0500-0600,,CHN,China Radio Int.,E,English,SAs,SAs,ka,0,,
15350000,0600-0700,,CHN,China Radio Int.,E,English,SAs,SAs,ka,0,,
15350000,0700-0900,,CHN,China Radio Int.,E,English,SAs,SAs,ka,0,,
15350000,0900-1000,,CHN,China Radio Int.,E,English,SAs,SAs,ka,0,,
15350000,1000-1100,,CHN,China Radio Int.,E,English,SAs,SAs,ka,0,,
15350000,1130-1230,,TUR,Voice of Turkey,D,German,Eu,Eu,e,0,,
15360000,0000-0100,,TWN,Sound of Hope,M,Mandarin (Standard Chinese / Beijing dialect),FE,FE,,1,,
15360000,0100-0200,,TWN,Sound of Hope,M,Mandarin (Standard Chinese / Beijing dialect),FE,FE,,1,,
15360000,0200-1200,,TWN,Sound of Hope,M,Mandarin (Standard Chinese / Beijing dialect),FE,FE,,1,,[0626]
15360000,1200-1300,,TWN,Sound of Hope,M,Mandarin (Standard Chinese / Beijing dialect),FE,FE,,1,,[1122]
15360000,1300-1400,,TWN,Sound of Hope,M,Mandarin (Standard Chinese / Beijing dialect),FE,FE,,1,,[0223]
15360000,1400-1500,,TWN,Sound of Hope,M,Mandarin (Standard Chinese / Beijing dialect),FE,FE,,1,,[0422]
15360000,1530-1600,,ROU,Radio Romania Int.,A,Arabic (300m),ME,ME,t,0,,
15360000,1630-1700,135,USA,Adventist World Radio,PS,Pashto / Pushtu,SAs,SAs,/GUM-a,0,,
15360000,1630-1700,2467,USA,Adventist World Radio,SD,Sindhi,SAs,SAs,/GUM-a,0,,
15360000,2100-1500,,CHN,CNR1 Jammer/Firedrake,M,Mandarin (Standard Chinese / Beijing dialect),FE,FE,,1,,[0726]
15360000,2100-2130,,TWN,Sound of Hope,M,Mandarin (Standard Chinese / Beijing dialect),FE,FE,,1,,
15360000,2130-2200,,TWN,Sound of Hope,M,Mandarin (Standard Chinese / Beijing dialect),FE,FE,,1,,[0724]
15360000,2200-2300,,TWN,Sound of Hope,M,Mandarin (Standard Chinese / Beijing dialect),FE,FE,,1,,[1222]
15360000,2300-2400,,TWN,Sound of Hope,M,Mandarin (Standard Chinese / Beijing dialect),FE,FE,,1,,
15365000,0600-1300,,TUR,Voice of Turkey,TU,Turkish,Eu,Eu,e,0,,
15370000,0100-0600,,CHN,China National Radio 1,M,Mandarin (Standard Chinese / Beijing dialect),CHN,CHN,s,1,,[0423]
15370000,0600-0900,We-Mo,CHN,China National Radio 1,M,Mandarin (Standard Chinese / Beijing dialect),CHN,CHN,s,1,,[0222]
15370000,0900-1100,,CHN,China National Radio 1,M,Mandarin (Standard Chinese / Beijing dialect),CHN,CHN,s,1,,[0420]
15370000,1130-1500,,USA,Voice of America,DR,Dari / Eastern Farsi,AFG,AFG,/KWT,6,1706,1706
15370000,1300-1430,,USA,Voice of America,AFG,"Pashto and Dari (main Afghan languages, see there)",AFG,AFG,/KWT,6,0407,0407
15370000,1430-1500,,USA,Voice of America,PS,Pashto / Pushtu,AFG,AFG,/KWT,6,1906,1906
15370000,2330-0100,,CHN,China National Radio 1,M,Mandarin (Standard Chinese / Beijing dialect),CHN,CHN,s,1,,
15375000,0600-1100,Mo-Fr,TWN,Fu Hsing Bc.Sta.,M,Mandarin (Standard Chinese / Beijing dialect),FE,FE,y,1,,[0525]
15380000,0030-0600,,CHN,China National Radio 1,M,Mandarin (Standard Chinese / Beijing dialect),CHN,CHN,b,4,,
15380000,0600-0900,We-Mo,CHN,China National Radio 1,M,Mandarin (Standard Chinese / Beijing dialect),CHN,CHN,b,1,,[0625]
15380000,0900-1100,,CHN,China National Radio 1,M,Mandarin (Standard Chinese / Beijing dialect),CHN,CHN,b,1,,[0420]
15380000,1130-1430,,IRN,IRIB Voice of I.R.Iran,A,Arabic (300m),ME,ME,s,0,,
15380000,2300-0600,,CHN,China National Radio 1,M,Mandarin (Standard Chinese / Beijing dialect),CHN,CHN,b,5,,[0426]
15388000,1200-1300,,TWN,Star-Star Bc.Station,M,Mandarin (Standard Chinese / Beijing dialect),CHN,CHN,y,1,,
15388000,1300-1400,,TWN,Star-Star Bc.Station,M,Mandarin (Standard Chinese / Beijing dialect),CHN,CHN,y,1,,[0724]
15390000,0100-0200,,CHN,China National Radio 13,UI,Uighur,CHN,CHN,L,4,,[0226]
15390000,0200-0600,,CHN,China National Radio 13,UI,Uighur,CHN,CHN,L,4,,[0326]
15390000,0600-0800,We-Mo,CHN,China National Radio 13,UI,Uighur,CHN,CHN,L,1,,[0625]
15390000,0800-0900,We-Mo,CHN,China National Radio 13,UI,Uighur,CHN,CHN,L,1,,[0625]
15390000,0900-1000,,CHN,China National Radio 13,M,Mandarin (Standard Chinese / Beijing dialect),CHN,CHN,L,1,,
15390000,1000-1100,,CHN,China National Radio 13,UI,Uighur,CHN,CHN,L,1,,
15390000,1400-2200,SaSu,E,Radio Exterior España,S,Spanish/Castellano,Af,Af,n,5,,
15390000,1500-1800,Mo-Fr,E,Radio Exterior España,S,Spanish/Castellano,Af,Af,n,5,,
15390000,1800-2000,Mo-Fr,E,Radio Exterior España,S,Spanish/Castellano,Af,Af,n,5,,
15390000,2000-2030,Tu-Th,E,Radio Exterior España,S,Spanish/Castellano,Af,Af,n,5,,
15390000,2000-2030,Mo,E,Radio Exterior España,SEF,Sefardi/Judeo Spanish/Ladino,Af,Af,n,5,,
15390000,2000-2100,Fr,E,Radio Exterior España,A,Arabic (300m),Af,Af,n,5,,
15390000,2030-2100,Mo,E,Radio Exterior España,M,Mandarin (Standard Chinese / Beijing dialect),Af,Af,n,5,,
15390000,2030-2100,Tu-Th,E,Radio Exterior España,S,Spanish/Castellano,Af,Af,n,5,,
15390000,2100-2200,Mo-Fr,E,Radio Exterior España,S,Spanish/Castellano,Af,Af,n,5,,
15390000,2200-2230,Sa,E,Radio Exterior España,R,Russian,Af,Af,n,5,,
15390000,2200-2230,157,E,Radio Exterior España,S,Spanish/Castellano,Af,Af,n,5,,
15390000,2200-2300,We,E,Radio Exterior España,E,English,Af,Af,n,5,,
15390000,2200-2300,Tu,E,Radio Exterior España,F,French,Af,Af,n,5,,
15390000,2200-2300,Th,E,Radio Exterior España,P,Portuguese,Af,Af,n,5,,
15390000,2230-2300,Fr-Mo,E,Radio Exterior España,S,Spanish/Castellano,Af,Af,n,5,,
15390000,2355-0100,,CHN,China National Radio 13,UI,Uighur,CHN,CHN,L,4,,[0319]
15390000,2355-0600,,CHN,China National Radio 13,UI,Uighur,CHN,CHN,L,5,,[0526]
15400000,0030-0330,,CHN,China Radio Int.,E,English,ME,ME,u,6,0107,0107
15400000,0500-0600,Sa,G,BBC,KNK,KinyaRwanda-KiRundi service of the Voice of America / BBC,EAf,EAf,/MDG,0,,
15400000,0530-0600,Su,G,BBC,KNK,KinyaRwanda-KiRundi service of the Voice of America / BBC,EAf,EAf,/MDG,0,,
15400000,1000-1100,,USA,Adventist World Radio,M,Mandarin (Standard Chinese / Beijing dialect),FE,FE,/GUM-a,0,,
15400000,1100-1200,,USA,Adventist World Radio,M,Mandarin (Standard Chinese / Beijing dialect),FE,FE,/GUM-a,0,,
15400000,1230-1245,Sa,AUS,Reach Beyond Australia,MAR,Marathi,NIn,NIn,ku,0,,
15400000,1230-1245,1235,AUS,Reach Beyond Australia,OR,Odia / Oriya / Orissa,NIn,NIn,ku,0,,
15400000,1230-1245,Th,AUS,Reach Beyond Australia,TEL,Telugu,NIn,NIn,ku,0,,
15400000,1230-1300,Su,AUS,Reach Beyond Australia,E,English,NIn,NIn,ku,0,,
15400000,1245-1315,Mo-Sa,AUS,Reach Beyond Australia,HI,Hindi,NIn,NIn,ku,0,,
15400000,1300-1330,Su,AUS,Reach Beyond Australia,HI,Hindi,NIn,NIn,ku,0,,
15400000,1315-1330,Th-Fr,AUS,Reach Beyond Australia,HI,Hindi,NIn,NIn,ku,0,,
15400000,1315-1330,We,AUS,Reach Beyond Australia,HIM,Himachali languages,NIn,NIn,ku,0,,
15400000,1315-1330,"Tu,Sa",AUS,Reach Beyond Australia,PJ,Punjabi,NIn,NIn,ku,0,,
15400000,1315-1330,Mo,AUS,Reach Beyond Australia,UR,Urdu,NIn,NIn,ku,0,,
15400000,1330-1345,Mo-Fr,AUS,Reach Beyond Australia,NE,Nepali/Lhotshampa,NIn,NIn,ku,0,,
15400000,1330-1400,SaSu,AUS,Reach Beyond Australia,E,English,NIn,NIn,ku,0,,
15400000,1345-1400,Mo,AUS,Reach Beyond Australia,PJ,Punjabi,NIn,NIn,ku,0,,
15400000,1345-1400,We-Th,AUS,Reach Beyond Australia,ROH,Rohingya (rjj),NIn,NIn,ku,0,,
15400000,1345-1400,"Tu,Fr",AUS,Reach Beyond Australia,TB,Tibetan / Lhasa Tibetan,NIn,NIn,ku,0,,
15400000,1800-1900,Mo-Fr,G,BBC,E,English,WAf,WAf,/ASC,0,,
15400000,1930-2000,Sa-Th,G,BBC,HA,Haussa,WAf,WAf,w,0,,
15400000,1930-2030,Fr,G,BBC,HA,Haussa,WAf,WAf,w,0,,
15410000,0000-0100,,TWN,Sound of Hope,M,Mandarin (Standard Chinese / Beijing dialect),FE,FE,,1,,
15410000,0045-0100,irr,IND,AIR Akashvani Ext.Sce,E,English,FE,FE,b,1,,
15410000,0100-0200,,TWN,Sound of Hope,M,Mandarin (Standard Chinese / Beijing dialect),FE,FE,,1,,
15410000,0145-0230,,IND,AIR Akashvani Ext.Sce,NE,Nepali/Lhotshampa,NPL,NPL,b,1,,[1125]
15410000,0200-1200,,TWN,Sound of Hope,M,Mandarin (Standard Chinese / Beijing dialect),FE,FE,,1,,[0925]
15410000,0230-0245,,IND,AIR Akashvani Ext.Sce,HI,Hindi,NPL,NPL,b,1,,[0726]
15410000,0245-0300,,IND,AIR Akashvani Ext.Sce,E,English,NPL,NPL,b,1,,[0126]
15410000,0300-0315,,IND,AIR Akashvani Ext.Sce,NE,Nepali/Lhotshampa,NPL,NPL,b,1,,
15410000,0315-0415,,IND,AIR Akashvani Ext.Sce,BR,Burmese / Barma / Myanmar,SEA,SEA,b,1,,[0126]
15410000,0330-0345,irr,IND,AIR Akashvani Ext.Sce,E,English,SEA,SEA,b,1,,
15410000,0630-0700,,ROU,Radio Romania Int.,A,Arabic (300m),NAf,NAf,g,0,,
15410000,0800-0900,Su,ROU,Radio Romania Int.,RO,Romanian,EGY,EGY,g,0,,
15410000,0900-1030,,IND,AIR Akashvani Ext.Sce,NE,Nepali/Lhotshampa,NPL,NPL,b,1,,[0826]
15410000,1030-1200,,IND,AIR Akashvani Ext.Sce,M,Mandarin (Standard Chinese / Beijing dialect),FE,FE,b,1,,[0626]
15410000,1030-1200,,CHN,CNR1 Jammer/Firedrake,M,Mandarin (Standard Chinese / Beijing dialect),FE,FE,,1,,[0626]
15410000,1130-1145,irr,IND,AIR Akashvani Ext.Sce,E,English,FE,FE,b,1,,
15410000,1200-1300,,TWN,Sound of Hope,M,Mandarin (Standard Chinese / Beijing dialect),FE,FE,,1,,
15410000,1215-1315,,IND,AIR Akashvani Ext.Sce,SWA,Swahili/Kisuaheli,EAf,EAf,b,1,,[0425]
15410000,1240-1255,irr,IND,AIR Akashvani Ext.Sce,E,English,EAf,EAf,b,1,,[0424]
15410000,1300-1400,,TWN,Sound of Hope,M,Mandarin (Standard Chinese / Beijing dialect),FE,FE,,1,,
15410000,1400-1500,,CHN,China Radio Int.,M,Mandarin (Standard Chinese / Beijing dialect),Eu,Eu,ka,0,,
15410000,2300-1400,,CHN,CNR1 Jammer/Firedrake,M,Mandarin (Standard Chinese / Beijing dialect),FE,FE,,1,,[0726]
15410000,2300-2400,,TWN,Sound of Hope,M,Mandarin (Standard Chinese / Beijing dialect),FE,FE,,1,,[0925]
15410000,2345-0115,,IND,AIR Akashvani Ext.Sce,M,Mandarin (Standard Chinese / Beijing dialect),FE,FE,b,1,,[0526]
15410000,2345-0115,,CHN,CNR1 Jammer/Firedrake,M,Mandarin (Standard Chinese / Beijing dialect),FE,FE,,1,,
15420000,0700-0730,,F,Radio France Int.,MAN,"Mandenkan (dialect continuum of BM, DY, MLK)",WAf,WAf,i,0,,
15420000,0930-1000,,PHL,FEBC Manila,MKB,Minangkabau,INS,INS,b,1,,[1224]
15420000,1400-1500,Mo-Fr,G,BBC,SO,Somali,EAf,EAf,/MDG,0,,
15420000,1700-1730,135,CLA,V.o.Oromo Liberation,OO,Oromo,EAf,EAf,/D-n,5,,[0823]
15420000,1800-1900,,TCD,Radio Ndarason Int.,KNU,Kanuri,WAf,WAf,/G-w,0,,
15420000,2030-2100,,ROU,Radio Romania Int.,E,English,ENA,ENA,t,0,,
15425000,0100-0200,,CHN,China Radio Int.,AM,Amoy,SEA,SEA,x,0,,
15425000,0200-0300,,CHN,China Radio Int.,AM,Amoy,SEA,SEA,x,0,,
15425000,1500-1530,12356,I,IRRS Oromia Nat.Media,OO,Oromo,EAf,EAf,/ROU-g,2,,[0326]
15425000,1500-1545,12356,ETH,Noise Jammer,,,EAf,EAf,,2,,[0326]
15425000,1600-1630,Th,I,IRRS,E,English,EAf,EAf,/XUU,6,0108,2510
15425000,1600-1630,Su,I,IRRS,TIG,Tigrinya/Tigray,EAf,EAf,/XUU,6,0108,2510
15430000,0450-0550,,IRN,IRIB Voice of I.R.Iran,SWA,Swahili/Kisuaheli,EAf,EAf,s,0,,
15430000,0550-0650,,IRN,IRIB Voice of I.R.Iran,HA,Haussa,WAf,WAf,s,0,,[0426]
15430000,0600-0830,,IRN,IRIB Voice of I.R.Iran,A,Arabic (300m),ME,ME,s,0,,
15430000,0830-1030,,IRN,IRIB Voice of I.R.Iran,A,Arabic (300m),ME,ME,s,0,,[0726]
15430000,1000-1100,,USA,Adventist World Radio,M,Mandarin (Standard Chinese / Beijing dialect),FE,FE,/GUM-a,0,,
15430000,1020-1150,,IRN,IRIB Voice of I.R.Iran,HA,Haussa,WAf,WAf,s,0,,
15430000,1150-1220,,IRN,IRIB Voice of I.R.Iran,HB,Hebrew,ME,ME,s,0,,
15430000,1300-1330,,USA,Adventist World Radio,BE,Bengali/Bangla,SAs,SAs,/GUM-a,0,,
15435000,0000-0045,,PHL,FEBC Manila,SHA,Shan,SEA,SEA,b,1,,[1225]
15435000,0045-0100,,PHL,FEBC Manila,TN,Tai-Nua/Chinese Shan,SEA,SEA,b,1,,[0126]
15435000,0100-0130,Mo-Fr,PHL,FEBC Manila,KA,Karen (unspecified),SEA,SEA,b,1,,[0126]
15435000,0200-0230,,CHN,China Radio Int.,PS,Pashto / Pushtu,AFG,AFG,x,0,,
15435000,0300-0400,,CHN,China Radio Int.,R,Russian,CAs,CAs,u,0,,
15440000,0920-1250,,IRN,IRIB Voice of I.R.Iran,DR,Dari / Eastern Farsi,CAs,CAs,s,0,,
15440000,1400-1430,,USA,Adventist World Radio,M,Mandarin (Standard Chinese / Beijing dialect),FE,FE,/GUM-a,0,,
15440000,1430-1500,,USA,Trans World Radio,UR,Urdu,SAs,SAs,/MDG,4,,
15440000,1730-1800,,USA,Adventist World Radio,OO,Oromo,EAf,EAf,/D-n,0,,
15440000,1800-1830,,USA,Adventist World Radio,TIG,Tigrinya/Tigray,EAf,EAf,/D-n,0,,
15440000,1830-1900,,USA,Adventist World Radio,AH,Amharic,EAf,EAf,/D-n,0,,
15440000,1900-1930,,USA,Adventist World Radio,HA,Haussa,CAf,CAf,/D-n,0,,
15440000,1930-2000,,USA,Adventist World Radio,IG,Igbo / Ibo,WAf,WAf,/D-n,0,,
15440000,2000-2030,,USA,Adventist World Radio,YO,Yoruba,WAf,WAf,/D-n,0,,
15445000,0400-0500,,CHN,China Radio Int.,R,Russian,EEu,EEu,ka,0,,
15445000,0500-0600,,CHN,China Radio Int.,R,Russian,EEu,EEu,ka,0,,
15445000,0800-0900,,CHN,CRI DIGITAL,M,Mandarin (Standard Chinese / Beijing dialect),Oc,Oc,k,0,,
15445000,1500-1530,12356,I,IRRS Oromia Nat.Media,OO,Oromo,EAf,EAf,/ROU-g,2,,
15445000,1500-1545,12356,ETH,Noise Jammer,,,EAf,EAf,,2,,
15450000,0030-0045,Fr-Su,PHL,FEBC Manila,RUM,Rumai Palaung,SEA,SEA,b,1,,[0526]
15450000,0045-0100,Fr-Su,PHL,FEBC Manila,RAK,Rakhine/Arakanese,SEA,SEA,b,6,2903,2108[0526]
15450000,0900-0930,,PHL,FEBC Manila,KHA,"Kham / Khams, Eastern",SEA,SEA,b,1,,[0125]
15450000,0930-1000,,PHL,FEBC Manila,MO,Mongolian,FE,FE,i,1,,[0725]
15450000,1100-1115,Fr-Su,PHL,FEBC Manila,RAK,Rakhine/Arakanese,SEA,SEA,b,6,2903,2108
15450000,1400-1430,Mo-Fr,PHL,FEBC Manila,KA,Karen (unspecified),SEA,SEA,b,1,,[0326]
15450000,1530-1600,,USA,Trans World Radio,UR,Urdu,SAs,SAs,/MDG,5,,
15450000,2330-0030,,PHL,FEBC Manila,BR,Burmese / Barma / Myanmar,SEA,SEA,b,1,,[0726]
15460000,0200-0300,,CHN,CRI DIGITAL,M,Mandarin (Standard Chinese / Beijing dialect),Oc,Oc,k,0,,
15460000,0900-1000,irr,F,TDF DIGITAL,F,French,WAf,WAf,i,6,1404,2410
15460000,1100-1200,SaSu,AUS,Reach Beyond Australia,J,Japanese,J,J,ku,0,,
15460000,1130-1200,Mo-Fr,AUS,Reach Beyond Australia,E,English,J,J,ku,0,,
15460000,1300-1330,,AUS,Reach Beyond Australia,DZ,Dzongkha,BTN,BTN,ku,0,,
15460000,1400-1500,,TUR,Voice of Turkey,A,Arabic (300m),NAf,NAf,e,0,,
15465000,0500-0600,,CHN,China Radio Int.,E,English,SAs,SAs,ka,0,,
15465000,0600-0700,,CHN,China Radio Int.,E,English,SAs,SAs,ka,0,,
15465000,0700-0900,,CHN,China Radio Int.,E,English,SAs,SAs,ka,0,,
15470000,0920-1250,,IRN,IRIB Voice of I.R.Iran,DR,Dari / Eastern Farsi,CAs,CAs,s,0,,
15475000,1300-1330,,CLA,Nippon no Kaze,K,Korean,KRE,KRE,/UZB,5,,[0925]
15475000,1330-1400,,CLA,Furusato no Kaze,J,Japanese,KRE,KRE,/UZB,5,,[0625]
15475000,1400-1430,,UZB,Filler music,,,KRE,KRE,/UZB,5,,
15480000,0100-0600,,CHN,China National Radio 1,M,Mandarin (Standard Chinese / Beijing dialect),CHN,CHN,b,4,,
15480000,0600-0900,We-Mo,CHN,China National Radio 1,M,Mandarin (Standard Chinese / Beijing dialect),CHN,CHN,b,1,,[0222]
15480000,0900-1000,,CHN,China National Radio 1,M,Mandarin (Standard Chinese / Beijing dialect),CHN,CHN,b,4,,
15480000,0900-1300,,CHN,China National Radio 1,M,Mandarin (Standard Chinese / Beijing dialect),CHN,CHN,b,5,,[0424]
15480000,2300-0600,,CHN,China National Radio 1,M,Mandarin (Standard Chinese / Beijing dialect),CHN,CHN,b,5,,[0423]
15490000,0500-0600,,G,BBC,E,English,CAf,CAf,w,0,,
15490000,0700-0730,,G,BBC,F,French,CAf,CAf,/ASC,0,,
15490000,1200-1230,,G,BBC,F,French,NAf,NAf,w,0,,
15490000,1430-1450,,CVA,Radio Vaticana,HI,Hindi,SAs,SAs,,0,,
15490000,1450-1510,,CVA,Radio Vaticana,TAM,Tamil,SAs,SAs,,0,,
15490000,1510-1530,,CVA,Radio Vaticana,MAL,Malayalam,SAs,SAs,,0,,
15490000,1800-1830,,G,BBC,F,French,WAf,WAf,/ASC,0,,
15500000,0000-0200,Tu-Sa,E,Radio Exterior España,S,Spanish/Castellano,NAm,NAm,n,5,,
15500000,0100-0600,,CHN,CNR 2 China Business R.,M,Mandarin (Standard Chinese / Beijing dialect),CHN,CHN,d,4,,
15500000,0300-0900,,CHN,China National Radio 17,KZ,Kazakh,CHN,CHN,f,6,1105,1505
15500000,0600-0900,Th-Tu,CHN,CNR 2 China Business R.,M,Mandarin (Standard Chinese / Beijing dialect),CHN,CHN,d,4,,
15500000,0830-0930,,F,Radio for Peace Int.,FS,Farsi / Iranian Persian,IRN,IRN,/UZB,6,0305,0106[0526]
15500000,0900-1100,,CHN,CNR 2 China Business R.,M,Mandarin (Standard Chinese / Beijing dialect),CHN,CHN,d,4,,
15500000,1030-1130,,F,Radio for Peace Int.,FS,Farsi / Iranian Persian,IRN,IRN,/UZB,1,0206,[0626]
15500000,1100-1130,,USA,Adventist World Radio,IN,Indonesian / Bahasa Indonesia,INS,INS,/GUM-a,0,,
15500000,1130-1200,135,USA,Adventist World Radio,JV,Javanese,INS,INS,/GUM-a,0,,
15500000,1130-1200,2467,USA,Adventist World Radio,SUN,Sunda/Sundanese,INS,INS,/GUM-a,0,,
15500000,1400-2200,SaSu,E,Radio Exterior España,S,Spanish/Castellano,NAm,NAm,n,5,,
15500000,1800-2000,Mo-Fr,E,Radio Exterior España,S,Spanish/Castellano,NAm,NAm,n,5,,
15500000,2000-2030,Tu-Th,E,Radio Exterior España,S,Spanish/Castellano,NAm,NAm,n,5,,
15500000,2000-2030,Mo,E,Radio Exterior España,SEF,Sefardi/Judeo Spanish/Ladino,NAm,NAm,n,5,,
15500000,2000-2100,Fr,E,Radio Exterior España,A,Arabic (300m),NAm,NAm,n,5,,
15500000,2030-2100,Mo,E,Radio Exterior España,M,Mandarin (Standard Chinese / Beijing dialect),NAm,NAm,n,5,,
15500000,2030-2100,Tu-Th,E,Radio Exterior España,S,Spanish/Castellano,NAm,NAm,n,5,,
15500000,2100-2200,Mo-Fr,E,Radio Exterior España,S,Spanish/Castellano,NAm,NAm,n,5,,
15500000,2200-2230,Sa,E,Radio Exterior España,R,Russian,NAm,NAm,n,5,,
15500000,2200-2230,157,E,Radio Exterior España,S,Spanish/Castellano,NAm,NAm,n,5,,
15500000,2200-2300,We,E,Radio Exterior España,E,English,NAm,NAm,n,5,,
15500000,2200-2300,Tu,E,Radio Exterior España,F,French,NAm,NAm,n,5,,
15500000,2200-2300,Th,E,Radio Exterior España,P,Portuguese,NAm,NAm,n,5,,
15500000,2230-2300,Fr-Mo,E,Radio Exterior España,S,Spanish/Castellano,NAm,NAm,n,5,,
15500000,2300-2400,Mo-Fr,E,Radio Exterior España,S,Spanish/Castellano,NAm,NAm,n,5,,
15505000,0600-0700,,TCD,Radio Ndarason Int.,KNU,Kanuri,WAf,WAf,/G-w,0,,
15505000,0900-0930,irr,F,TDF DIGITAL,F,French,Af,Af,i,0,,
15505000,1200-1230,,USA,Adventist World Radio,RAK,Rakhine/Arakanese,SEA,SEA,/GUM-a,0,,
15505000,1230-1300,,USA,Adventist World Radio,KA,Karen (unspecified),SEA,SEA,/GUM-a,0,,
15505000,1330-1400,,USA,Adventist World Radio,LIS,Lisu,SEA,SEA,/GUM-a,0,,
15505000,1400-1430,,USA,Adventist World Radio,C-A,C-A,SEA,SEA,/GUM-a,0,,
15505000,1430-1500,,USA,Adventist World Radio,BR,Burmese / Barma / Myanmar,SEA,SEA,/GUM-a,0,,
15510000,0500-0530,,ROU,Radio Romania Int.,F,French,Af,Af,t,0,,
15510000,1730-1800,,G,FEBA Radio Sama,TGR,Tigre/Tigré/Tigrawit,EAf,EAf,/G-w,4,,[1225]
15510000,1800-1830,,G,FEBA Radio Sama,FUR,Fur,EAf,EAf,/G-w,4,,[1123]
15510000,1830-1900,,G,FEBA Radio Sama,A,Arabic (300m),EAf,EAf,/G-w,4,,[0126]
15515000,1000-1600,,PHL,FEBC Manila,M,Mandarin (Standard Chinese / Beijing dialect),FE,FE,b,1,,[0826]
15520000,0800-0900,Su,ROU,Radio Romania Int.,RO,Romanian,ME,ME,t,0,,
15520000,1400-2200,SaSu,E,Radio Exterior España,S,Spanish/Castellano,ME,ME,n,5,,
15520000,1500-1800,Mo-Fr,E,Radio Exterior España,S,Spanish/Castellano,ME,ME,n,5,,
15520000,1800-2000,Mo-Fr,E,Radio Exterior España,S,Spanish/Castellano,ME,ME,n,5,,
15520000,2000-2030,Tu-Th,E,Radio Exterior España,S,Spanish/Castellano,ME,ME,n,5,,
15520000,2000-2030,Mo,E,Radio Exterior España,SEF,Sefardi/Judeo Spanish/Ladino,ME,ME,n,5,,
15520000,2000-2100,Fr,E,Radio Exterior España,A,Arabic (300m),ME,ME,n,5,,
15520000,2030-2100,Mo,E,Radio Exterior España,M,Mandarin (Standard Chinese / Beijing dialect),ME,ME,n,5,,
15520000,2030-2100,Tu-Th,E,Radio Exterior España,S,Spanish/Castellano,ME,ME,n,5,,
15520000,2100-2200,Mo-Fr,E,Radio Exterior España,S,Spanish/Castellano,ME,ME,n,5,,
15520000,2200-2230,Sa,E,Radio Exterior España,R,Russian,ME,ME,n,5,,
15520000,2200-2230,157,E,Radio Exterior España,S,Spanish/Castellano,ME,ME,n,5,,
15520000,2200-2300,We,E,Radio Exterior España,E,English,ME,ME,n,5,,
15520000,2200-2300,Tu,E,Radio Exterior España,F,French,ME,ME,n,5,,
15520000,2200-2300,Th,E,Radio Exterior España,P,Portuguese,ME,ME,n,5,,
15520000,2230-2300,Fr-Mo,E,Radio Exterior España,S,Spanish/Castellano,ME,ME,n,5,,
15525000,0900-1100,,CHN,China Radio Int.,M,Mandarin (Standard Chinese / Beijing dialect),PAK,PAK,u,0,,
15530000,1130-1200,,USA,Adventist World Radio,SHA,Shan,SEA,SEA,/GUM-a,0,,
15530000,1200-1230,Su-Th,USA,Adventist World Radio,AM,Amoy,FE,FE,/GUM-a,0,,
15530000,1200-1230,Fr-Sa,USA,Adventist World Radio,M,Mandarin (Standard Chinese / Beijing dialect),FE,FE,/GUM-a,0,,
15530000,1230-1300,Sa-Th,USA,Adventist World Radio,CA,Cantonese / Yue,FE,FE,/GUM-a,0,,
15530000,1230-1300,Fr,USA,Adventist World Radio,M,Mandarin (Standard Chinese / Beijing dialect),FE,FE,/GUM-a,0,,
15530000,1300-1330,,USA,Adventist World Radio,KC,Kachin / Jingpho,SEA,SEA,/GUM-a,0,,
15530000,1300-1400,,ROU,Radio Romania Int.,R,Russian,Sib,Sib,t,0,,
15530000,1400-1430,,USA,Adventist World Radio,KA,Karen (unspecified),SEA,SEA,/GUM-a,0,,
15530000,1430-1500,,USA,Adventist World Radio,KA,Karen (unspecified),SEA,SEA,/GUM-a,0,,
15530000,1500-1530,,USA,Adventist World Radio,TAM,Tamil,SAs,SAs,/GUM-a,0,,
15540000,0100-0600,,CHN,CNR 2 China Business R.,M,Mandarin (Standard Chinese / Beijing dialect),CHN,CHN,L,1,,[0326]
15540000,0600-0900,We-Mo,CHN,CNR 2 China Business R.,M,Mandarin (Standard Chinese / Beijing dialect),CHN,CHN,L,1,,[0625]
15540000,0900-1100,,CHN,CNR 2 China Business R.,M,Mandarin (Standard Chinese / Beijing dialect),CHN,CHN,L,1,,
15540000,1430-1500,,PHL,FEBC Manila,UI,Uighur,FE,FE,b,1,,[0526]
15540000,1800-1900,Fr,CLA,Radio Mellat Iran,FS,Farsi / Iranian Persian,ME,ME,/F-i,6,2903,1704[0925]
15550000,0000-0100,,CHN,CNR 7 Greater Bay Area,CA,Cantonese / Yue,CHN,CHN,h,1,,[0825]
15550000,0100-1100,,CHN,CNR 7 Greater Bay Area,CA,Cantonese / Yue,CHN,CHN,h,1,,[0326]
15550000,1020-1150,,IRN,IRIB Voice of I.R.Iran,HA,Haussa,WAf,WAf,s,0,,
15550000,1330-1400,"We,Su",USA,Adventist World Radio,ASS,Assamese,SAs,SAs,/GUM-a,0,,
15550000,1700-1800,,HOL,Radio Dabanga,SUD,Sudanese Arabic,SDN,SDN,/CVA,0,,
15555000,1200-1300,,CHN,China Radio Int.,E,English,CAs,CAs,x,0,,
15555000,1358-2200,,USA,"WJHR Milton, FL (USB)",E,English,NAm,NAm,mi,1,,[0826]
15560000,0100-0130,,PHL,FEBC Manila,JV,Javanese,INS,INS,b,1,,[0526]
15560000,0800-0900,,CHN,China Radio Int.,M,Mandarin (Standard Chinese / Beijing dialect),CAs,CAs,x,0,,
15560000,0900-1000,,CHN,China Radio Int.,M,Mandarin (Standard Chinese / Beijing dialect),CAs,CAs,x,0,,
15560000,1020-1150,,IRN,IRIB Voice of I.R.Iran,HA,Haussa,WAf,WAf,s,0,,
15565000,0700-1000,irr,CVA,Radio Vaticana,P,Portuguese,SAf,SAf,,0,,
15565000,0805-0940,5Apr,CVA,Radio Vaticana,P,Portuguese,SAf,SAf,,6,0104,0504
15565000,0950-1030,5Apr,CVA,Radio Vaticana,P,Portuguese,SAf,SAf,,6,0104,0504
15565000,1530-1600,,CVA,Radio Vaticana,AH,Amharic,EAf,EAf,,1,,
15565000,1600-1615,Sa,CVA,Radio Vaticana,SWA,Swahili/Kisuaheli,EAf,EAf,,1,,
15565000,1600-1630,Su-Mo,CVA,Radio Vaticana,SWA,Swahili/Kisuaheli,EAf,EAf,,1,,
15565000,1615-1630,Sa,CVA,Radio Vaticana,SO,Somali,EAf,EAf,,1,,
15565000,1630-1700,,CVA,Radio Vaticana,E,English,SAf,SAf,,1,,
15565000,1700-1730,,CVA,Radio Vaticana,F,French,CAf,CAf,,1,,
15565000,1730-1800,,CVA,Radio Vaticana,TIG,Tigrinya/Tigray,EAf,EAf,,1,,
15565000,1800-1830,,CVA,Radio Vaticana,P,Portuguese,SAf,SAf,,1,,
15565000,1850-2145,4Apr,CVA,Radio Vaticana,P,Portuguese,SAf,SAf,,6,0104,0404
15565000,1905-2045,3Apr,CVA,Radio Vaticana,P,Portuguese,SAf,SAf,,6,0104,0304
15570000,0000-0600,,CHN,China National Radio 11,TB,Tibetan / Lhasa Tibetan,CHN,CHN,as,1,,[0326]
15570000,0600-0700,Th-Tu,CHN,China National Radio 11,TB,Tibetan / Lhasa Tibetan,CHN,CHN,as,1,,
15570000,0700-0800,Th-Tu,CHN,China National Radio 11,M,Mandarin (Standard Chinese / Beijing dialect),CHN,CHN,as,1,,
15570000,0800-0900,Th-Tu,CHN,China National Radio 11,TB,Tibetan / Lhasa Tibetan,CHN,CHN,as,1,,[0420]
15570000,0900-1000,,CHN,China National Radio 11,TB,Tibetan / Lhasa Tibetan,CHN,CHN,as,4,,
15570000,0900-1300,,CHN,China National Radio 11,TB,Tibetan / Lhasa Tibetan,CHN,CHN,as,5,,
15575000,0200-0300,,KOR,KBS World Radio,S,Spanish/Castellano,NAm,NAm,k,1,,[0626]
15575000,1300-1400,,KOR,KBS World Radio,E,English,NAm,NAm,k,1,,[0726]
15575000,1400-1500,,KOR,KBS World Radio,K,Korean,NAm,NAm,k,1,,[0724]
15580000,0000-0100,,TWN,Sound of Hope,M,Mandarin (Standard Chinese / Beijing dialect),FE,FE,,1,,
15580000,0100-0200,,TWN,Sound of Hope,M,Mandarin (Standard Chinese / Beijing dialect),FE,FE,,1,,
15580000,0200-1200,,TWN,Sound of Hope,M,Mandarin (Standard Chinese / Beijing dialect),FE,FE,,1,,
15580000,0900-0930,,PHL,FEBC Manila,MKS,Makassar/Makasar,INS,INS,b,1,,[0125]
15580000,0930-1000,,PHL,FEBC Manila,BUG,Bugis / Buginese,INS,INS,b,1,,[1224]
15580000,1000-1030,,PHL,FEBC Manila,SUN,Sunda/Sundanese,INS,INS,b,1,,[0624]
15580000,1030-1058,,PHL,FEBC Manila,SAS,Sasak,INS,INS,b,1,,[0626]
15580000,1200-1300,,TWN,Sound of Hope,M,Mandarin (Standard Chinese / Beijing dialect),FE,FE,,1,,
15580000,1300-1400,,TWN,Sound of Hope,M,Mandarin (Standard Chinese / Beijing dialect),FE,FE,,1,,
15580000,1400-1500,,TWN,Sound of Hope,M,Mandarin (Standard Chinese / Beijing dialect),FE,FE,,1,,
15580000,1500-1600,,TWN,Sound of Hope,M,Mandarin (Standard Chinese / Beijing dialect),FE,FE,,1,,
15580000,1600-1700,,TWN,Sound of Hope,M,Mandarin (Standard Chinese / Beijing dialect),FE,FE,,1,,
15580000,2300-1700,,CHN,CNR1 Jammer/Firedrake,M,Mandarin (Standard Chinese / Beijing dialect),FE,FE,,1,,[0925]
15580000,2300-2400,,TWN,Sound of Hope,M,Mandarin (Standard Chinese / Beijing dialect),FE,FE,,1,,
15585000,1200-1230,,CLA,Voice of Martyrs,K,Korean,KRE,KRE,/UZB,5,,[0925]
15590000,0300-0400,,CHN,CRI DIGITAL,M,Mandarin (Standard Chinese / Beijing dialect),Oc,Oc,k,0,,
15590000,1200-1300,,CHN,China Radio Int.,E,English,Eu,Eu,u,0,,
15590000,1300-1400,,CHN,China Radio Int.,E,English,Eu,Eu,u,0,,
15590000,1400-1500,,CHN,China Radio Int.,E,English,Eu,Eu,u,0,,
15595000,0520-0600,Su,CVA,Radio Vaticana,L,Latin,ME,ME,,2,,
15595000,0600-0610,Mo-Sa,CVA,Radio Vaticana,I,Italian,ME,ME,,2,,
15595000,0610-0630,Mo-Sa,CVA,Radio Vaticana,A,Arabic (300m),ME,ME,,2,,
15595000,0630-0645,Sa,CVA,Radio Vaticana,E,English,ME,ME,,2,,
15595000,0630-0645,Mo-Fr,CVA,Radio Vaticana,F,French,ME,ME,,2,,
15595000,0830-0950,Su,CVA,Radio Vaticana,LTO,Oriental Liturgy of Vatican Radio,EEu,EEu,,2,,
15595000,0830-0950,1.Su,CVA,Radio Vaticana,GZ,Ge'ez / Geez (liturgic language of Ethiopia),EAf,EAf,,2,,
15595000,1130-1200,Fr,CVA,Radio Vaticana,E,English,ME,ME,,1,,
15595000,1530-1600,,CVA,Radio Vaticana,A,Arabic (300m),ME,ME,,5,,
15595000,1600-1615,,CVA,Radio Vaticana,F,French,ME,ME,,5,,
15595000,1615-1630,,CVA,Radio Vaticana,E,English,ME,ME,,5,,
15595000,1630-1700,,CVA,Radio Vaticana,A,Arabic (300m),ME,ME,,4,,
15595000,1840-1900,Su,CVA,Radio Vaticana,Ros,Rosary session of Vatican Radio,ME,ME,,5,,
15600000,1230-1300,SaSu,USA,Adventist World Radio,UI,Uighur,FE,FE,/GUM-a,0,,
15600000,1300-1400,,USA,Adventist World Radio,M,Mandarin (Standard Chinese / Beijing dialect),FE,FE,/GUM-a,0,,
15610000,0000-0100,,TWN,Sound of Hope,M,Mandarin (Standard Chinese / Beijing dialect),FE,FE,,1,,
15610000,0000-2400,,CHN,CNR1 Jammer/Firedrake,M,Mandarin (Standard Chinese / Beijing dialect),FE,FE,,1,,[0826]
15610000,0100-0200,,TWN,Sound of Hope,M,Mandarin (Standard Chinese / Beijing dialect),FE,FE,,1,,
15610000,0200-1200,,TWN,Sound of Hope,M,Mandarin (Standard Chinese / Beijing dialect),FE,FE,,1,,
15610000,0600-1400,"Tu,Fr",USA,Voice of America,E,English,Af,Af,/BOT,6,2205,2510
15610000,1200-1300,,TWN,Sound of Hope,M,Mandarin (Standard Chinese / Beijing dialect),FE,FE,,1,,
15610000,1300-1400,,TWN,Sound of Hope,M,Mandarin (Standard Chinese / Beijing dialect),FE,FE,,1,,
15610000,1300-1600,,USA,Voice of America,M,Mandarin (Standard Chinese / Beijing dialect),FE,FE,/KWT,6,0807,0807
15610000,1400-1500,,TWN,Sound of Hope,M,Mandarin (Standard Chinese / Beijing dialect),FE,FE,,1,,
15610000,1500-1600,,TWN,Sound of Hope,M,Mandarin (Standard Chinese / Beijing dialect),FE,FE,,1,,
15610000,2200-2300,,TWN,Sound of Hope,M,Mandarin (Standard Chinese / Beijing dialect),FE,FE,,1,,
15610000,2300-2400,,TWN,Sound of Hope,M,Mandarin (Standard Chinese / Beijing dialect),FE,FE,,1,,
15615000,0015-0225,,AUS,VMW Wiluna Met Fax,,,Oc,Oc,w,1,,
15615000,0245-0330,,AUS,VMW Wiluna Met Fax,,,Oc,Oc,w,1,,
15615000,0400-0945,,AUS,VMW Wiluna Met Fax,,,Oc,Oc,w,1,,[0717]
15615000,0600-0610,Th,RUS,E06 Russian Spy Numbers,E,English,RUS,RUS,xx,1,0107,3107[0719]
15615000,1015-1100,,AUS,VMW Wiluna Met Fax,,,Oc,Oc,w,1,,
15615000,1100-1730,,AUS,VMW Wiluna Met Fax,,,Oc,Oc,w,1,,
15615000,1700-2100,,CLA,Radio Payam,FS,Farsi / Iranian Persian,IRN,IRN,/G-w,6,0106,1606[0626]
15615000,1730-2100,,CLA,Radio Payam,FS,Farsi / Iranian Persian,IRN,IRN,/G-w,1,1107,[0826]
15615000,1800-1845,,AUS,VMW Wiluna Met Fax,,,Oc,Oc,w,1,,[1222]
15615000,1915-2045,,AUS,VMW Wiluna Met Fax,,,Oc,Oc,w,1,,
15615000,2215-2400,,AUS,VMW Wiluna Met Fax,,,Oc,Oc,w,1,,[1124]
15620000,0920-1250,,IRN,IRIB Voice of I.R.Iran,DR,Dari / Eastern Farsi,CAs,CAs,s,0,,
15620000,1400-1430,,PHL,FEBC Manila,JV,Javanese,INS,INS,b,1,,[1125]
15625000,1700-1800,,XUU,Unknown Station DIGITAL,,,,,/XUU,6,1305,1305
15625000,2100-2200,,USA,Adventist World Radio,M,Mandarin (Standard Chinese / Beijing dialect),FE,FE,/GUM-a,0,,
15625000,2200-2300,,USA,Adventist World Radio,M,Mandarin (Standard Chinese / Beijing dialect),FE,FE,/GUM-a,0,,
15630000,0000-1100,,CHN,China National Radio 11,TB,Tibetan / Lhasa Tibetan,CHN,CHN,d,0,,[0726]
15630000,1100-1200,Su-Fr,USA,Trans World Radio,K,Korean,FE,FE,/UZB,0,,
15630000,1200-1230,,USA,Adventist World Radio,MON,Mon,SEA,SEA,/GUM-a,0,,
15630000,1300-1330,,USA,Adventist World Radio,NJ,Ngaju Dayak,INS,INS,/GUM-a,0,,
15635000,1430-1700,,USA,Radio Farda,FS,Farsi / Iranian Persian,IRN,IRN,/UAE,6,0206,2510
15640000,0000-0100,,J,NHK Radio Japan,J,Japanese,ME,ME,y,6,2903,3107
15640000,0200-0330,,PHL,Radyo Pilipinas,E,English,ME,ME,t,0,,
15640000,0400-0500,,CHN,CRI DIGITAL,M,Mandarin (Standard Chinese / Beijing dialect),Oc,Oc,k,0,,
15640000,0500-0530,,F,Radio for Peace Int.,FS,Farsi / Iranian Persian,IRN,IRN,/UZB,1,,
15640000,0500-1100,Mo-Fr,USA,Voice of America,K,Korean,FE,FE,/PHL-t,6,2407,2410
15641000,0300-0310,Th,RUS,E06 Russian Spy Numbers,E,English,RUS,RUS,c,1,0104,3004
15645000,0500-0510,Th,RUS,E06 Russian Spy Numbers,E,English,RUS,RUS,xx,1,0104,3004[0419]
15660000,1100-1300,,CHN,China Radio Int.,E,English,SAs,SAs,ka,0,,
15660000,1330-1630,,USA,VoA Radio Ashna,DR,Dari / Eastern Farsi,AFG,AFG,/KWT,6,2805,2510
15665000,0400-0500,,CHN,China Radio Int.,R,Russian,EEu,EEu,u,0,,
15665000,0500-0600,,CHN,China Radio Int.,R,Russian,EEu,EEu,u,0,,
15665000,0800-0900,,CHN,China Radio Int.,R,Russian,EEu,EEu,u,0,,
15665000,0900-1000,,CHN,China Radio Int.,R,Russian,EEu,EEu,u,0,,
15670000,0100-0200,,CHN,CRI DIGITAL,M,Mandarin (Standard Chinese / Beijing dialect),Oc,Oc,k,0,,
15670000,0600-0700,,CHN,CRI DIGITAL,M,Mandarin (Standard Chinese / Beijing dialect),Oc,Oc,k,0,,
15670000,0700-0730,,CHN,CRI DIGITAL,M,Mandarin (Standard Chinese / Beijing dialect),Oc,Oc,k,0,,
15680000,0110-0230,Sa,USA,Hope Radio 4,E,English,SEA,SEA,/PLW,1,,
15680000,0110-0350,Su,USA,Hope Radio 4,E,English,SEA,SEA,/PLW,1,,[1125]
15680000,0230-0300,Sa,USA,Hope Radio 4,M,Mandarin (Standard Chinese / Beijing dialect),SEA,SEA,/PLW,1,,
15680000,0300-0320,Sa,USA,Hope Radio 4,E,English,SEA,SEA,/PLW,1,,
15680000,0700-0800,Su,ROU,Radio Romania Int.,RO,Romanian,ME,ME,t,0,,
15680000,1530-1600,,USA,Adventist World Radio,KAN,Kannada,SAs,SAs,/GUM-a,0,,
15680000,1600-1630,,USA,Adventist World Radio,TEL,Telugu,SAs,SAs,/GUM-a,0,,
15683000,0300-0310,Th,RUS,E06 Russian Spy Numbers,E,English,RUS,RUS,c,1,0102,2802
15690000,0700-1100,"Tu,Th",USA,Voice of America,E,English,EEu,EEu,/D-L,6,2306,2510
15700000,0130-0400,,USA,Voice of America,PS,Pashto / Pushtu,AFG,AFG,/KWT,6,0507,0507
15710000,0100-0200,,CHN,China National Radio 6,AM,Amoy,TWN,TWN,B,1,,[0525]
15710000,0200-0500,,CHN,China National Radio 6,AM,Amoy,TWN,TWN,B,1,,
15710000,0500-0600,,CHN,China National Radio 6,HK,Hakka,TWN,TWN,B,1,,
15710000,0600-0900,Th-Tu,CHN,China National Radio 6,HK,Hakka,TWN,TWN,B,1,,[0125]
15710000,0630-0700,,ROU,Radio Romania Int.,A,Arabic (300m),ME,ME,t,0,,
15710000,1400-1500,,USA,Adventist World Radio,M,Mandarin (Standard Chinese / Beijing dialect),FE,FE,/GUM-a,0,,
15710000,1600-1630,Sa,CLA,Hope of Israel,E,English,EAf,EAf,/F-i,1,,[0626]
15720000,0715-0725,"Tu,Fr",POL,E11 Polish Spy Numbers,E,English,,,p,1,0103,3004
15720000,0715-0725,"Tu,Fr",POL,E11 Polish Spy Numbers,E,English,,,p,1,0109,3110[0924]
15720000,0730-0800,,CHN,CRI DIGITAL,M,Mandarin (Standard Chinese / Beijing dialect),Oc,Oc,k,0,,
15720000,0745-0755,"We,Fr",POL,E11 Polish Spy Numbers,E,English,,,p,1,0105,3108[0822]
15720000,0830-1000,,TUR,Voice of Turkey,FS,Farsi / Iranian Persian,ME,ME,e,0,,
15720000,1959-2058,,NZL,RNZ Pacific,E,English,Oc,Oc,r,0,,
15726000,0300-0310,Th,RUS,E06 Russian Spy Numbers,E,English,RUS,RUS,c,1,0103,3103
15730000,0000-0100,,TWN,Sound of Hope,M,Mandarin (Standard Chinese / Beijing dialect),FE,FE,,1,,
15730000,0000-1200,,CHN,China National Radio,M,Mandarin (Standard Chinese / Beijing dialect),CHN,CHN,xy,0,,
15730000,0100-0200,,TWN,Sound of Hope,M,Mandarin (Standard Chinese / Beijing dialect),FE,FE,,1,,
15730000,0200-1200,,TWN,Sound of Hope,M,Mandarin (Standard Chinese / Beijing dialect),FE,FE,,1,,
15730000,0400-1900,,CLA,Iran International TV,FS,Farsi / Iranian Persian,IRN,IRN,/BUL-s,1,,[0826]
15730000,0500-0600,,CHN,CRI DIGITAL,M,Mandarin (Standard Chinese / Beijing dialect),Oc,Oc,k,0,,
15730000,0700-1100,"Tu,Th",USA,Voice of America,E,English,NEu,NEu,/D-L,6,2306,2510
15730000,1200-1300,,TWN,Sound of Hope,M,Mandarin (Standard Chinese / Beijing dialect),FE,FE,,1,,[0824]
15730000,1300-1400,,TWN,Sound of Hope,M,Mandarin (Standard Chinese / Beijing dialect),FE,FE,,1,,
15730000,1400-1500,,TWN,Sound of Hope,M,Mandarin (Standard Chinese / Beijing dialect),FE,FE,,1,,[0822]
15730000,1500-1600,,TWN,Sound of Hope,M,Mandarin (Standard Chinese / Beijing dialect),FE,FE,,1,,
15730000,2130-2200,,TWN,Sound of Hope,M,Mandarin (Standard Chinese / Beijing dialect),FE,FE,,1,,
15730000,2200-2300,,TWN,Sound of Hope,M,Mandarin (Standard Chinese / Beijing dialect),FE,FE,,1,,
15730000,2300-2400,,TWN,Sound of Hope,M,Mandarin (Standard Chinese / Beijing dialect),FE,FE,,1,,
15740000,0000-0100,,TWN,Sound of Hope,M,Mandarin (Standard Chinese / Beijing dialect),FE,FE,,1,,[0521]
15740000,0100-0200,,TWN,Sound of Hope,M,Mandarin (Standard Chinese / Beijing dialect),FE,FE,,1,,
15740000,0200-1200,,TWN,Sound of Hope,M,Mandarin (Standard Chinese / Beijing dialect),FE,FE,,1,,[1123]
15740000,1100-1605,,CHN,China National Radio 11,TB,Tibetan / Lhasa Tibetan,CHN,CHN,d,0,,
15740000,1200-1300,,TWN,Sound of Hope,M,Mandarin (Standard Chinese / Beijing dialect),FE,FE,,1,,
15740000,1300-1400,,TWN,Sound of Hope,M,Mandarin (Standard Chinese / Beijing dialect),FE,FE,,1,,
15740000,1400-1500,,TWN,Sound of Hope,M,Mandarin (Standard Chinese / Beijing dialect),FE,FE,,1,,
15740000,1500-1600,,TWN,Sound of Hope,M,Mandarin (Standard Chinese / Beijing dialect),FE,FE,,1,,
15740000,2130-1600,,CHN,CNR1 Jammer/Firedrake,M,Mandarin (Standard Chinese / Beijing dialect),FE,FE,,1,,[0326]
15740000,2130-2200,,TWN,Sound of Hope,M,Mandarin (Standard Chinese / Beijing dialect),FE,FE,,1,,
15740000,2200-2300,,TWN,Sound of Hope,M,Mandarin (Standard Chinese / Beijing dialect),FE,FE,,1,,[1222]
15740000,2300-2400,,TWN,Sound of Hope,M,Mandarin (Standard Chinese / Beijing dialect),FE,FE,,1,,[0925]
15745000,0000-1200,,CHN,China National Radio,M,Mandarin (Standard Chinese / Beijing dialect),CHN,CHN,L,0,,
15745000,0400-1900,,CLA,Iran International TV,FS,Farsi / Iranian Persian,IRN,IRN,/BUL-s,1,0206,[0626]
15750300,0400-1900,,CLA,Iran International TV,FS,Farsi / Iranian Persian,IRN,IRN,/BUL-s,6,0804,1205[0526]
15760000,0000-0100,,TWN,Sound of Hope,M,Mandarin (Standard Chinese / Beijing dialect),FE,FE,,1,,
15760000,0000-2400,,CHN,CNR1 Jammer/Firedrake,M,Mandarin (Standard Chinese / Beijing dialect),FE,FE,,1,,[0626]
15760000,0100-0200,,TWN,Sound of Hope,M,Mandarin (Standard Chinese / Beijing dialect),FE,FE,,1,,[0521]
15760000,0200-1200,,TWN,Sound of Hope,M,Mandarin (Standard Chinese / Beijing dialect),FE,FE,,1,,[0626]
15760000,1200-1300,,TWN,Sound of Hope,M,Mandarin (Standard Chinese / Beijing dialect),FE,FE,,1,,[1122]
15760000,1300-1400,,TWN,Sound of Hope,M,Mandarin (Standard Chinese / Beijing dialect),FE,FE,,1,,[0822]
15760000,1400-1500,,TWN,Sound of Hope,M,Mandarin (Standard Chinese / Beijing dialect),FE,FE,,1,,
15760000,2100-1700,,CHN,CNR1 DIGITAL,M,Mandarin (Standard Chinese / Beijing dialect),CHN,CHN,qq,1,,[0325]
15760000,2130-2200,,TWN,Sound of Hope,M,Mandarin (Standard Chinese / Beijing dialect),FE,FE,,1,,[0724]
15760000,2200-2300,,TWN,Sound of Hope,M,Mandarin (Standard Chinese / Beijing dialect),FE,FE,,1,,[1222]
15760000,2300-2400,,TWN,Sound of Hope,M,Mandarin (Standard Chinese / Beijing dialect),FE,FE,,1,,[0925]
15765000,0400-1900,,CLA,Iran International TV,FS,Farsi / Iranian Persian,IRN,IRN,/BUL-s,6,1305,0106[0526]
15770000,0000-0030,,SVK,Radio Slovakia Int.,SK,Slovak,ENA,ENA,/USA-o,1,,[0726]
15770000,0000-2400,,USA,WRMI Radio Miami Int.,E,English,ENA,ENA,o,1,,[0724]
15770000,0030-0100,,SVK,Radio Slovakia Int.,E,English,ENA,ENA,/USA-o,1,,[0426]
15770000,0400-0500,Mo-Fr,USA,Radio Liberty,R,Russian,ENA,ENA,o,1,,[0725]
15770000,0630-0700,,SVK,Radio Slovakia Int.,S,Spanish/Castellano,ENA,ENA,/USA-o,1,,[0723]
15770000,0730-0930,,USA,Radio Farda,FS,Farsi / Iranian Persian,IRN,IRN,o,0,,
15770000,2200-2230,,TWN,Radio Taiwan Int.,S,Spanish/Castellano,ENA,ENA,/USA-o,1,,[0726]
15770000,2230-2300,,CZE,Radio Prague,E,English,ENA,ENA,/USA-o,1,,
15770000,2300-2330,,KOR,KBS World Radio,E,English,ENA,ENA,/USA-o,0,,
15775000,0000-0100,,TWN,Sound of Hope,M,Mandarin (Standard Chinese / Beijing dialect),FE,FE,,1,,
15775000,0100-0200,,TWN,Sound of Hope,M,Mandarin (Standard Chinese / Beijing dialect),FE,FE,,1,,[0521]
15775000,0200-1200,,TWN,Sound of Hope,M,Mandarin (Standard Chinese / Beijing dialect),FE,FE,,1,,[0626]
15775000,1200-1300,,TWN,Sound of Hope,M,Mandarin (Standard Chinese / Beijing dialect),FE,FE,,1,,
15775000,1300-1400,,TWN,Sound of Hope,M,Mandarin (Standard Chinese / Beijing dialect),FE,FE,,1,,
15775000,1400-1500,,TWN,Sound of Hope,M,Mandarin (Standard Chinese / Beijing dialect),FE,FE,,1,,
15775000,1500-1600,,TWN,Sound of Hope,M,Mandarin (Standard Chinese / Beijing dialect),FE,FE,,1,,
15775000,2130-1600,,CHN,CNR1 Jammer/Firedrake,M,Mandarin (Standard Chinese / Beijing dialect),FE,FE,,1,,[0626]
15775000,2130-2200,,TWN,Sound of Hope,M,Mandarin (Standard Chinese / Beijing dialect),FE,FE,,1,,
15775000,2200-2300,,TWN,Sound of Hope,M,Mandarin (Standard Chinese / Beijing dialect),FE,FE,,1,,
15775000,2300-2400,,TWN,Sound of Hope,M,Mandarin (Standard Chinese / Beijing dialect),FE,FE,,1,,[1222]
15785000,0000-2400,,D,funklust DIGITAL,D,German,CEu,CEu,e,1,,[0624]
15785000,0300-0400,,CHN,China Radio Int.,E,English,Sib,Sib,x,0,,
15785000,0400-0500,,CHN,China Radio Int.,E,English,Sib,Sib,x,0,,
15785000,0500-0600,,CHN,China Radio Int.,M,Mandarin (Standard Chinese / Beijing dialect),Sib,Sib,x,0,,
15785000,0600-0700,,CHN,China Radio Int.,M,Mandarin (Standard Chinese / Beijing dialect),Sib,Sib,x,0,,
15800000,0000-0100,,TWN,Sound of Hope,M,Mandarin (Standard Chinese / Beijing dialect),FE,FE,,1,,
15800000,0000-1600,,CHN,CNR1 Jammer/Firedrake,M,Mandarin (Standard Chinese / Beijing dialect),FE,FE,,1,,[0726]
15800000,0100-0200,,TWN,Sound of Hope,M,Mandarin (Standard Chinese / Beijing dialect),FE,FE,,1,,[0521]
15800000,0200-1200,,TWN,Sound of Hope,M,Mandarin (Standard Chinese / Beijing dialect),FE,FE,,1,,[0626]
15800000,1200-1300,,TWN,Sound of Hope,M,Mandarin (Standard Chinese / Beijing dialect),FE,FE,,1,,[0824]
15800000,1300-1400,,TWN,Sound of Hope,M,Mandarin (Standard Chinese / Beijing dialect),FE,FE,,1,,[0724]
15800000,1400-1500,,TWN,Sound of Hope,M,Mandarin (Standard Chinese / Beijing dialect),FE,FE,,1,,[0425]
15800000,1500-1600,,TWN,Sound of Hope,M,Mandarin (Standard Chinese / Beijing dialect),FE,FE,,1,,
15817000,0240-0250,Su,RUS,V07 Russian Spy Numbers,S,Spanish/Castellano,FE,FE,kh,1,0102,2802
15817000,0240-0250,Su,RUS,V07 Russian Spy Numbers,S,Spanish/Castellano,FE,FE,kh,1,0110,3110
15817000,1450-1500,"Th,Sa",RUS,E07 Russian Spy Numbers,E,English,RUS,RUS,m,1,0106,3006
15820000,0000-0100,,TWN,Sound of Hope,M,Mandarin (Standard Chinese / Beijing dialect),FE,FE,,1,,
15820000,0100-0200,,TWN,Sound of Hope,M,Mandarin (Standard Chinese / Beijing dialect),FE,FE,,1,,
15820000,0200-1200,,TWN,Sound of Hope,M,Mandarin (Standard Chinese / Beijing dialect),FE,FE,,1,,[0626]
15820000,1200-1300,,TWN,Sound of Hope,M,Mandarin (Standard Chinese / Beijing dialect),FE,FE,,1,,
15820000,1300-1400,,TWN,Sound of Hope,M,Mandarin (Standard Chinese / Beijing dialect),FE,FE,,1,,
15820000,2200-2300,,TWN,Sound of Hope,M,Mandarin (Standard Chinese / Beijing dialect),FE,FE,,1,,
15820000,2300-2400,,TWN,Sound of Hope,M,Mandarin (Standard Chinese / Beijing dialect),FE,FE,,1,,
15830000,0600-0610,Th,RUS,E06 Russian Spy Numbers,E,English,RUS,RUS,xx,1,0106,3006[0620]
15831000,1430-1440,"Th,Sa",RUS,E07 Russian Spy Numbers,E,English,RUS,RUS,m,1,0104,3004[0421]
15836000,1410-1420,"Th,Sa",RUS,E07 Russian Spy Numbers,E,English,RUS,RUS,m,1,0105,3105[0521]
15840000,0000-0100,,TWN,Sound of Hope,M,Mandarin (Standard Chinese / Beijing dialect),FE,FE,,1,,
15840000,0100-0200,,TWN,Sound of Hope,M,Mandarin (Standard Chinese / Beijing dialect),FE,FE,,1,,
15840000,0200-1200,,TWN,Sound of Hope,M,Mandarin (Standard Chinese / Beijing dialect),FE,FE,,1,,[0626]
15840000,1200-1300,,TWN,Sound of Hope,M,Mandarin (Standard Chinese / Beijing dialect),FE,FE,,1,,
15840000,1300-1400,,TWN,Sound of Hope,M,Mandarin (Standard Chinese / Beijing dialect),FE,FE,,1,,
15840000,2200-2300,,TWN,Sound of Hope,M,Mandarin (Standard Chinese / Beijing dialect),FE,FE,,1,,
15840000,2300-2400,,TWN,Sound of Hope,M,Mandarin (Standard Chinese / Beijing dialect),FE,FE,,1,,
15849000,1410-1420,"Th,Sa",RUS,E07 Russian Spy Numbers,E,English,RUS,RUS,m,1,0110,3110[1022]
15851000,1520-1530,"Tu,Fr",RUS,E07 Russian Spy Numbers,E,English,RUS,RUS,m,1,0103,3103
15858000,1500-1510,"Tu,Fr",RUS,E07 Russian Spy Numbers,E,English,RUS,RUS,m,1,0102,2802
15870000,0000-0100,,TWN,Sound of Hope,M,Mandarin (Standard Chinese / Beijing dialect),FE,FE,,1,,
15870000,0100-0200,,TWN,Sound of Hope,M,Mandarin (Standard Chinese / Beijing dialect),FE,FE,,1,,
15870000,0200-1200,,TWN,Sound of Hope,M,Mandarin (Standard Chinese / Beijing dialect),FE,FE,,1,,[1123]
15870000,1200-1300,,TWN,Sound of Hope,M,Mandarin (Standard Chinese / Beijing dialect),FE,FE,,1,,[1122]
15870000,1300-1400,,TWN,Sound of Hope,M,Mandarin (Standard Chinese / Beijing dialect),FE,FE,,1,,[0724]
15870000,1400-1500,,TWN,Sound of Hope,M,Mandarin (Standard Chinese / Beijing dialect),FE,FE,,1,,
15870000,1500-1600,,TWN,Sound of Hope,M,Mandarin (Standard Chinese / Beijing dialect),FE,FE,,1,,
15870000,1600-1700,,TWN,Sound of Hope,M,Mandarin (Standard Chinese / Beijing dialect),FE,FE,,1,,
15870000,2100-1700,,CHN,CNR1 Jammer/Firedrake,M,Mandarin (Standard Chinese / Beijing dialect),FE,FE,,1,,[1020]
15870000,2100-2130,,TWN,Sound of Hope,M,Mandarin (Standard Chinese / Beijing dialect),FE,FE,,1,,
15870000,2130-2200,,TWN,Sound of Hope,M,Mandarin (Standard Chinese / Beijing dialect),FE,FE,,1,,
15870000,2200-2300,,TWN,Sound of Hope,M,Mandarin (Standard Chinese / Beijing dialect),FE,FE,,1,,
15870000,2300-2400,,TWN,Sound of Hope,M,Mandarin (Standard Chinese / Beijing dialect),FE,FE,,1,,
15874000,1100-1110,"Tu,Fr",RUS,E07 Russian Spy Numbers,E,English,RUS,RUS,m,1,0106,3006
15890000,0000-0100,,TWN,Sound of Hope,M,Mandarin (Standard Chinese / Beijing dialect),FE,FE,,1,,
15890000,0000-0100,,TWN,Star-Star Bc.Station,M,Mandarin (Standard Chinese / Beijing dialect),CHN,CHN,y,1,,[0126]
15890000,0100-0200,,TWN,Sound of Hope,M,Mandarin (Standard Chinese / Beijing dialect),FE,FE,,1,,
15890000,0200-1200,,TWN,Sound of Hope,M,Mandarin (Standard Chinese / Beijing dialect),FE,FE,,1,,[0626]
15890000,1000-1200,,TWN,Sound of Hope,M,Mandarin (Standard Chinese / Beijing dialect),FE,FE,,1,,[0822]
15890000,1200-1300,,TWN,Sound of Hope,M,Mandarin (Standard Chinese / Beijing dialect),FE,FE,,1,,
15890000,1300-1400,,TWN,Sound of Hope,M,Mandarin (Standard Chinese / Beijing dialect),FE,FE,,1,,
15890000,2300-1700,,CHN,CNR1 Jammer/Firedrake,M,Mandarin (Standard Chinese / Beijing dialect),FE,FE,,1,,[0925]
15919000,1450-1500,"Th,Sa",RUS,E07 Russian Spy Numbers,E,English,RUS,RUS,m,1,0108,3108[0821]
15920000,0000-0100,,TWN,Sound of Hope,M,Mandarin (Standard Chinese / Beijing dialect),FE,FE,,1,,
15920000,0000-2400,,CHN,CNR1 Jammer/Firedrake,M,Mandarin (Standard Chinese / Beijing dialect),FE,FE,,1,,[1125]
15920000,0100-0200,,TWN,Sound of Hope,M,Mandarin (Standard Chinese / Beijing dialect),FE,FE,,1,,
15920000,0200-1200,,TWN,Sound of Hope,M,Mandarin (Standard Chinese / Beijing dialect),FE,FE,,1,,[1224]
15920000,1200-1300,,TWN,Sound of Hope,M,Mandarin (Standard Chinese / Beijing dialect),FE,FE,,1,,[0824]
15920000,1300-1400,,TWN,Sound of Hope,M,Mandarin (Standard Chinese / Beijing dialect),FE,FE,,1,,[0724]
15920000,2100-2130,,TWN,Sound of Hope,M,Mandarin (Standard Chinese / Beijing dialect),FE,FE,,1,,
15920000,2130-2200,,TWN,Sound of Hope,M,Mandarin (Standard Chinese / Beijing dialect),FE,FE,,1,,
15920000,2200-2300,,TWN,Sound of Hope,M,Mandarin (Standard Chinese / Beijing dialect),FE,FE,,1,,
15920000,2300-2400,,TWN,Sound of Hope,M,Mandarin (Standard Chinese / Beijing dialect),FE,FE,,1,,[1222]
15928000,1430-1440,"Th,Sa",RUS,E07 Russian Spy Numbers,E,English,RUS,RUS,m,1,0109,3009[0922]
15940000,0000-0100,,TWN,Sound of Hope,M,Mandarin (Standard Chinese / Beijing dialect),FE,FE,,1,,
15940000,0100-0200,,TWN,Sound of Hope,M,Mandarin (Standard Chinese / Beijing dialect),FE,FE,,1,,[0521]
15940000,0200-1200,,TWN,Sound of Hope,M,Mandarin (Standard Chinese / Beijing dialect),FE,FE,,1,,[0925]
15940000,1200-1300,,TWN,Sound of Hope,M,Mandarin (Standard Chinese / Beijing dialect),FE,FE,,1,,[0222]
15940000,1300-1400,,TWN,Sound of Hope,M,Mandarin (Standard Chinese / Beijing dialect),FE,FE,,1,,
15940000,2200-2300,,TWN,Sound of Hope,M,Mandarin (Standard Chinese / Beijing dialect),FE,FE,,1,,
15940000,2300-1700,,CHN,CNR1 Jammer/Firedrake,M,Mandarin (Standard Chinese / Beijing dialect),FE,FE,,1,,[0925]
15940000,2300-2400,,TWN,Sound of Hope,M,Mandarin (Standard Chinese / Beijing dialect),FE,FE,,1,,[1222]
15949000,0220-0230,Su,RUS,V07 Russian Spy Numbers,S,Spanish/Castellano,FE,FE,kh,1,0112,3112
15959000,0000-2400,,USA,NSS US Navy,-TY,Teletype or other digital Station (RTTY/SITOR/..),NAm,NAm,a,1,,
15970000,0000-0100,,TWN,Sound of Hope,M,Mandarin (Standard Chinese / Beijing dialect),FE,FE,,1,,
15970000,0100-0200,,TWN,Sound of Hope,M,Mandarin (Standard Chinese / Beijing dialect),FE,FE,,1,,
15970000,0200-1200,,TWN,Sound of Hope,M,Mandarin (Standard Chinese / Beijing dialect),FE,FE,,1,,[0626]
15970000,1200-1300,,TWN,Sound of Hope,M,Mandarin (Standard Chinese / Beijing dialect),FE,FE,,1,,
15970000,1300-1400,,TWN,Sound of Hope,M,Mandarin (Standard Chinese / Beijing dialect),FE,FE,,1,,
15970000,1400-1500,,TWN,Sound of Hope,M,Mandarin (Standard Chinese / Beijing dialect),FE,FE,,1,,
15970000,1500-1600,,TWN,Sound of Hope,M,Mandarin (Standard Chinese / Beijing dialect),FE,FE,,1,,
15970000,2100-1600,,CHN,CNR1 Jammer/Firedrake,M,Mandarin (Standard Chinese / Beijing dialect),CHN,CHN,,1,,[0626]
15970000,2100-2130,,TWN,Sound of Hope,M,Mandarin (Standard Chinese / Beijing dialect),FE,FE,,1,,
15970000,2130-2200,,TWN,Sound of Hope,M,Mandarin (Standard Chinese / Beijing dialect),FE,FE,,1,,
15970000,2200-2300,,TWN,Sound of Hope,M,Mandarin (Standard Chinese / Beijing dialect),FE,FE,,1,,
15970000,2300-2400,,TWN,Sound of Hope,M,Mandarin (Standard Chinese / Beijing dialect),FE,FE,,1,,
15988000,0000-2400,irr,D,DWD Polarstern Fax/RTTY,,,Eu,Eu,pi,1,,[0722]
16024000,0000-2400,,CHN,BAF Beijing Meteo Fax,,,FE,FE,bm,1,,
16100000,0000-0100,,TWN,Sound of Hope,M,Mandarin (Standard Chinese / Beijing dialect),FE,FE,,1,,
16100000,0100-0200,,TWN,Sound of Hope,M,Mandarin (Standard Chinese / Beijing dialect),FE,FE,,1,,
16100000,0200-1200,,TWN,Sound of Hope,M,Mandarin (Standard Chinese / Beijing dialect),FE,FE,,1,,[0726]
16100000,1200-1300,,TWN,Sound of Hope,M,Mandarin (Standard Chinese / Beijing dialect),FE,FE,,1,,[0122]
16100000,1300-1400,,TWN,Sound of Hope,M,Mandarin (Standard Chinese / Beijing dialect),FE,FE,,1,,[0724]
16100000,1400-1500,,TWN,Sound of Hope,M,Mandarin (Standard Chinese / Beijing dialect),FE,FE,,1,,
16100000,2100-2130,,TWN,Sound of Hope,M,Mandarin (Standard Chinese / Beijing dialect),FE,FE,,1,,
16100000,2130-1700,,CHN,CNR1 Jammer/Firedrake,M,Mandarin (Standard Chinese / Beijing dialect),CHN,CHN,,1,,[0726]
16100000,2130-2200,,TWN,Sound of Hope,M,Mandarin (Standard Chinese / Beijing dialect),FE,FE,,1,,
16100000,2200-2300,,TWN,Sound of Hope,M,Mandarin (Standard Chinese / Beijing dialect),FE,FE,,1,,
16100000,2300-2400,,TWN,Sound of Hope,M,Mandarin (Standard Chinese / Beijing dialect),FE,FE,,1,,
16115000,0600-0610,Th,RUS,E06 Russian Spy Numbers,E,English,RUS,RUS,xx,1,0108,3108[0818]
16123000,0000-2400,,PTR,NAU US Navy,-TY,Teletype or other digital Station (RTTY/SITOR/..),NAm,NAm,i,1,,
16125000,0600-0610,Th,RUS,E06 Russian Spy Numbers,E,English,RUS,RUS,xx,1,0105,3105[0519]
16131000,0220-0230,Su,RUS,V07 Russian Spy Numbers,S,Spanish/Castellano,FE,FE,kh,1,0104,3004
16131000,0220-0230,Su,RUS,V07 Russian Spy Numbers,S,Spanish/Castellano,FE,FE,kh,1,0109,3009
16131000,0220-0230,Su,RUS,V07 Russian Spy Numbers,S,Spanish/Castellano,FE,FE,kh,1,0111,3011
16132000,1500-1510,"Tu,Fr",RUS,E07 Russian Spy Numbers,E,English,RUS,RUS,m,1,0105,3105
16135000,1719-0400,,HWA,KVM70 Fax Honolulu,,,Oc,Oc,nm,1,,[0825]
16145000,1520-1530,"Tu,Fr",RUS,E07 Russian Spy Numbers,E,English,RUS,RUS,m,1,0106,3006
16159000,1100-1110,"Tu,Fr",RUS,E07 Russian Spy Numbers,E,English,RUS,RUS,m,1,0105,3105
16160000,0000-0100,,TWN,Sound of Hope,M,Mandarin (Standard Chinese / Beijing dialect),FE,FE,,1,,
16160000,0100-0200,,TWN,Sound of Hope,M,Mandarin (Standard Chinese / Beijing dialect),FE,FE,,1,,
16160000,0200-1200,,TWN,Sound of Hope,M,Mandarin (Standard Chinese / Beijing dialect),FE,FE,,1,,[0726]
16160000,1200-1300,,TWN,Sound of Hope,M,Mandarin (Standard Chinese / Beijing dialect),FE,FE,,1,,[1122]
16160000,1300-1400,,TWN,Sound of Hope,M,Mandarin (Standard Chinese / Beijing dialect),FE,FE,,1,,
16160000,1400-1500,,TWN,Sound of Hope,M,Mandarin (Standard Chinese / Beijing dialect),FE,FE,,1,,
16160000,2130-1500,,CHN,CNR1 Jammer/Firedrake,M,Mandarin (Standard Chinese / Beijing dialect),CHN,CHN,,1,,[0726]
16160000,2130-2200,,TWN,Sound of Hope,M,Mandarin (Standard Chinese / Beijing dialect),FE,FE,,1,,
16160000,2200-2300,,TWN,Sound of Hope,M,Mandarin (Standard Chinese / Beijing dialect),FE,FE,,1,,
16160000,2300-2400,,TWN,Sound of Hope,M,Mandarin (Standard Chinese / Beijing dialect),FE,FE,,1,,[1222]
16161000,1520-1530,"Tu,Fr",RUS,E07 Russian Spy Numbers,E,English,RUS,RUS,m,1,0110,3110
16162000,1450-1500,"Th,Sa",RUS,E07 Russian Spy Numbers,E,English,RUS,RUS,m,1,0107,3107
16163000,0300-0310,Th,RUS,E06 Russian Spy Numbers,E,English,RUS,RUS,c,1,0111,3011
16213000,0000-2400,,PTR,NAU US Navy,-TY,Teletype or other digital Station (RTTY/SITOR/..),NAm,NAm,i,1,,
16219000,0300-0310,Th,RUS,E06 Russian Spy Numbers,E,English,RUS,RUS,c,1,0110,3110
16228000,1410-1420,"Th,Sa",RUS,E07 Russian Spy Numbers,E,English,RUS,RUS,m,1,0109,3009[0922]
16230000,0600-0610,Th,RUS,E06 Russian Spy Numbers,E,English,RUS,RUS,xx,1,0103,3103
16232000,1500-1510,"Tu,Fr",RUS,E07 Russian Spy Numbers,E,English,RUS,RUS,m,1,0107,3107
16249700,0000-0100,,TWN,Sound of Hope,M,Mandarin (Standard Chinese / Beijing dialect),FE,FE,,1,,
16249700,0100-0200,,TWN,Sound of Hope,M,Mandarin (Standard Chinese / Beijing dialect),FE,FE,,1,,
16249700,0200-1200,,TWN,Sound of Hope,M,Mandarin (Standard Chinese / Beijing dialect),FE,FE,,1,,[1123]
16249700,1200-1300,,TWN,Sound of Hope,M,Mandarin (Standard Chinese / Beijing dialect),FE,FE,,1,,
16249700,1300-1400,,TWN,Sound of Hope,M,Mandarin (Standard Chinese / Beijing dialect),FE,FE,,1,,
16249700,1400-1500,,TWN,Sound of Hope,M,Mandarin (Standard Chinese / Beijing dialect),FE,FE,,1,,
16249700,1500-1600,,TWN,Sound of Hope,M,Mandarin (Standard Chinese / Beijing dialect),FE,FE,,1,,
16249700,1600-1700,,TWN,Sound of Hope,M,Mandarin (Standard Chinese / Beijing dialect),FE,FE,,1,,
16249700,2130-2200,,TWN,Sound of Hope,M,Mandarin (Standard Chinese / Beijing dialect),FE,FE,,1,,
16249700,2200-2300,,TWN,Sound of Hope,M,Mandarin (Standard Chinese / Beijing dialect),FE,FE,,1,,
16249700,2300-2400,,TWN,Sound of Hope,M,Mandarin (Standard Chinese / Beijing dialect),FE,FE,,1,,
16250000,2130-1700,,CHN,CNR1 Jammer/Firedrake,M,Mandarin (Standard Chinese / Beijing dialect),CHN,CHN,,1,,[1020]
16257000,1500-1510,"Tu,Fr",RUS,E07 Russian Spy Numbers,E,English,RUS,RUS,m,1,0104,3004[0423]
16265000,0600-0610,Th,RUS,E06 Russian Spy Numbers,E,English,RUS,RUS,xx,1,0109,3009
16272000,0240-0250,Su,RUS,V07 Russian Spy Numbers,S,Spanish/Castellano,FE,FE,kh,1,0103,3103
16272000,1520-1530,"Tu,Fr",RUS,E07 Russian Spy Numbers,E,English,RUS,RUS,m,1,0109,3009
16284000,1410-1420,"Th,Sa",RUS,E07 Russian Spy Numbers,E,English,RUS,RUS,m,1,0103,3103[0321]
16300000,0000-0100,,TWN,Sound of Hope,M,Mandarin (Standard Chinese / Beijing dialect),FE,FE,,1,,
16300000,0100-0200,,TWN,Sound of Hope,M,Mandarin (Standard Chinese / Beijing dialect),FE,FE,,1,,
16300000,0200-1200,,TWN,Sound of Hope,M,Mandarin (Standard Chinese / Beijing dialect),FE,FE,,1,,[0626]
16300000,1200-1300,,TWN,Sound of Hope,M,Mandarin (Standard Chinese / Beijing dialect),FE,FE,,1,,[0525]
16300000,1300-1400,,TWN,Sound of Hope,M,Mandarin (Standard Chinese / Beijing dialect),FE,FE,,1,,[0724]
16300000,1400-1500,,TWN,Sound of Hope,M,Mandarin (Standard Chinese / Beijing dialect),FE,FE,,1,,[0422]
16300000,1500-1600,,TWN,Sound of Hope,M,Mandarin (Standard Chinese / Beijing dialect),FE,FE,,1,,
16300000,2200-1600,,CHN,CNR1 Jammer/Firedrake,M,Mandarin (Standard Chinese / Beijing dialect),CHN,CHN,,1,,[0422]
16300000,2200-2300,,TWN,Sound of Hope,M,Mandarin (Standard Chinese / Beijing dialect),FE,FE,,1,,
16300000,2300-2400,,TWN,Sound of Hope,M,Mandarin (Standard Chinese / Beijing dialect),FE,FE,,1,,
16317000,0220-0230,Su,RUS,V07 Russian Spy Numbers,S,Spanish/Castellano,FE,FE,kh,1,0102,2802
16317000,0220-0230,Su,RUS,V07 Russian Spy Numbers,S,Spanish/Castellano,FE,FE,kh,1,0110,3110
16331000,1410-1420,"Th,Sa",RUS,E07 Russian Spy Numbers,E,English,RUS,RUS,m,1,0104,3004[0421]
16331700,0000-2400,,RUS,Channel Marker D,-CW,Morse Station,EEu,EEu,se,1,,[0326]
16331800,0000-2400,,RUS,Channel Marker P,-CW,Morse Station,RUS,RUS,kl,1,,[0925]
16331900,0000-2400,,RUS,Channel Marker S,-CW,Morse Station,RUS,RUS,sm,1,,[1025]
16332000,0000-2400,,RUS,Channel Marker C,-CW,Morse Station,RUS,RUS,m,1,,[0825]
16332100,0000-2400,,RUS,Channel Marker A,-CW,Morse Station,RUS,RUS,as,1,,[0825]
16332200,0000-2400,,RUS,Channel Marker F,-CW,Morse Station,FE,FE,vl,1,,[0825]
16332300,0000-2400,,RUS,Channel Marker K,-CW,Morse Station,FE,FE,pk,1,,[1025]
16332400,0000-2400,,RUS,Channel Marker M,-CW,Morse Station,FE,FE,mg,1,,[0825]
16335000,0830-0840,"Mo,Fr",POL,E11 Polish Spy Numbers,E,English,,,p,1,0105,3108[0523]
16341000,1100-1110,"Tu,Fr",RUS,E07 Russian Spy Numbers,E,English,RUS,RUS,m,1,0104,3004
16350000,0700-0710,Th,RUS,E06 Russian Spy Numbers,E,English,RUS,RUS,xx,1,0101,3101
16420000,0000-2400,,CAN,VFF Iqaluit Radio,E,English,NAm,NAm,i,1,1505,2012
16528000,2300-1000,,AUS,VMW Wiluna WA,E,English,AUS,AUS,w,1,,[0626]
16531000,0333-0410,,NZL,ZLM Taupo Maritime R.,E,English,Oc,Oc,t,1,,
16531000,1003-1040,,NZL,ZLM Taupo Maritime R.,E,English,Oc,Oc,t,1,,[1225]
16531000,1533-1610,,NZL,ZLM Taupo Maritime R.,E,English,Oc,Oc,t,1,,[0914]
16531000,2203-2245,,NZL,ZLM Taupo Maritime R.,E,English,Oc,Oc,t,1,,[0326]
16546000,2100-0800,,AUS,VMC Charleville QL,E,English,AUS,AUS,c,1,,[0626]
16559000,0000-0155,,CHN,XSG Shanghai Radio Fax,M,Mandarin (Standard Chinese / Beijing dialect),FE,FE,sh,1,,
16559000,0230-0655,,CHN,XSG Shanghai Radio Fax,M,Mandarin (Standard Chinese / Beijing dialect),FE,FE,sh,1,,[0721]
16559000,0730-1030,,CHN,XSG Shanghai Radio Fax,M,Mandarin (Standard Chinese / Beijing dialect),FE,FE,sh,1,,
16559000,1425-1450,,CHN,XSG Shanghai Radio Fax,M,Mandarin (Standard Chinese / Beijing dialect),FE,FE,sh,1,,
16559000,2025-2050,,CHN,XSG Shanghai Radio Fax,M,Mandarin (Standard Chinese / Beijing dialect),FE,FE,sh,1,,
16562500,0000-0540,,CHN,XSQ Guangzhou Meteo Fax,E,English,FE,FE,gx,1,,[1020]
16562500,0815-0840,irr,CHN,XSQ Guangzhou Meteo Fax,E,English,FE,FE,gx,1,,
16562500,1225-1715,,CHN,XSQ Guangzhou Meteo Fax,E,English,FE,FE,gx,1,,[0421]
16562500,2015-2040,irr,CHN,XSQ Guangzhou Meteo Fax,E,English,FE,FE,gx,1,,
16600000,0000-0100,,TWN,Sound of Hope,M,Mandarin (Standard Chinese / Beijing dialect),FE,FE,,1,,
16600000,0100-0200,,TWN,Sound of Hope,M,Mandarin (Standard Chinese / Beijing dialect),FE,FE,,1,,
16600000,0200-1200,,TWN,Sound of Hope,M,Mandarin (Standard Chinese / Beijing dialect),FE,FE,,1,,[0626]
16600000,1200-1300,,TWN,Sound of Hope,M,Mandarin (Standard Chinese / Beijing dialect),FE,FE,,1,,[0525]
16600000,1300-1400,,TWN,Sound of Hope,M,Mandarin (Standard Chinese / Beijing dialect),FE,FE,,1,,[0724]
16600000,1400-1500,,TWN,Sound of Hope,M,Mandarin (Standard Chinese / Beijing dialect),FE,FE,,1,,[1025]
16600000,2200-2300,,TWN,Sound of Hope,M,Mandarin (Standard Chinese / Beijing dialect),FE,FE,,1,,
16600000,2300-2400,,TWN,Sound of Hope,M,Mandarin (Standard Chinese / Beijing dialect),FE,FE,,1,,
16680300,0000-0100,,TWN,Sound of Hope,M,Mandarin (Standard Chinese / Beijing dialect),FE,FE,,1,,
16680300,0100-0200,,TWN,Sound of Hope,M,Mandarin (Standard Chinese / Beijing dialect),FE,FE,,1,,
16680300,0200-1200,,TWN,Sound of Hope,M,Mandarin (Standard Chinese / Beijing dialect),FE,FE,,1,,[0626]
16680300,1200-1300,,TWN,Sound of Hope,M,Mandarin (Standard Chinese / Beijing dialect),FE,FE,,1,,
16680300,1300-1400,,TWN,Sound of Hope,M,Mandarin (Standard Chinese / Beijing dialect),FE,FE,,1,,
16680300,1400-1500,,TWN,Sound of Hope,M,Mandarin (Standard Chinese / Beijing dialect),FE,FE,,1,,
16680300,2100-2130,,TWN,Sound of Hope,M,Mandarin (Standard Chinese / Beijing dialect),FE,FE,,1,,
16680300,2130-2200,,TWN,Sound of Hope,M,Mandarin (Standard Chinese / Beijing dialect),FE,FE,,1,,
16680300,2200-2300,,TWN,Sound of Hope,M,Mandarin (Standard Chinese / Beijing dialect),FE,FE,,1,,
16680300,2300-2400,,TWN,Sound of Hope,M,Mandarin (Standard Chinese / Beijing dialect),FE,FE,,1,,
16695000,0000-2400,,CAN,VFF Iqaluit Radio,-TY,Teletype or other digital Station (RTTY/SITOR/..),NAm,NAm,i,1,1505,2012
16790000,0000-0100,,TWN,Sound of Hope,M,Mandarin (Standard Chinese / Beijing dialect),FE,FE,,1,,
16790000,0100-0200,,TWN,Sound of Hope,M,Mandarin (Standard Chinese / Beijing dialect),FE,FE,,1,,
16790000,0200-1200,,TWN,Sound of Hope,M,Mandarin (Standard Chinese / Beijing dialect),FE,FE,,1,,[0626]
16790000,1200-1300,,TWN,Sound of Hope,M,Mandarin (Standard Chinese / Beijing dialect),FE,FE,,1,,[0122]
16790000,1300-1400,,TWN,Sound of Hope,M,Mandarin (Standard Chinese / Beijing dialect),FE,FE,,1,,
16790000,1400-1500,,TWN,Sound of Hope,M,Mandarin (Standard Chinese / Beijing dialect),FE,FE,,1,,
16790000,2100-1500,,CHN,CNR1 Jammer/Firedrake,M,Mandarin (Standard Chinese / Beijing dialect),CHN,CHN,,1,,[1020]
16790000,2100-2130,,TWN,Sound of Hope,M,Mandarin (Standard Chinese / Beijing dialect),FE,FE,,1,,
16790000,2130-2200,,TWN,Sound of Hope,M,Mandarin (Standard Chinese / Beijing dialect),FE,FE,,1,,
16790000,2200-2300,,TWN,Sound of Hope,M,Mandarin (Standard Chinese / Beijing dialect),FE,FE,,1,,
16790000,2300-2400,,TWN,Sound of Hope,M,Mandarin (Standard Chinese / Beijing dialect),FE,FE,,1,,[1222]
16804500,0000-2400,,CAN,VFF Iqaluit Radio,-TY,Teletype or other digital Station (RTTY/SITOR/..),NAm,NAm,i,1,1505,2012
16808000,0000-2400,,CHN,XSV Tianjin Radio,-TY,Teletype or other digital Station (RTTY/SITOR/..),FE,FE,tj,1,,
16808500,0000-2400,,CHN,XSV Tianjin Radio,-TY,Teletype or other digital Station (RTTY/SITOR/..),FE,FE,tj,1,,
16830500,0000-2400,,GRC,SVO Olimpia Radio,-CW,Morse Station,SEu,SEu,o,1,,[0725]
16851000,0000-2400,,CHN,XSQ Guangzhou Radio,-TY,Teletype or other digital Station (RTTY/SITOR/..),FE,FE,gx,1,,[0925]
16880000,0000-2400,,CHN,XSQ Guangzhou Radio,-TY,Teletype or other digital Station (RTTY/SITOR/..),FE,FE,gx,1,,[0925]
16886000,0000-2400,,TUR,TAH Turk Radio Istanbul,-CW,Morse Station,ME,ME,is,1,,[1116]
16898500,0000-2400,,CHN,XSG Shanghai Radio,-TY,Teletype or other digital Station (RTTY/SITOR/..),FE,FE,sh,1,,[0525]
16907500,0310-0325,,J,JFX Kagoshima Fish.Fax,,,WOc,WOc,m,1,,
16907500,0400-0415,,J,JFX Kagoshima Fish.Fax,,,WOc,WOc,m,1,,
16907500,0610-0625,,J,JFX Kagoshima Fish.Fax,,,WOc,WOc,m,1,,[0321]
16907500,0700-0715,"Mo,We",J,JFX Kagoshima Fish.Fax,,,WOc,WOc,m,1,,
16907500,0800-0815,,J,JFX Kagoshima Fish.Fax,,,WOc,WOc,m,1,0108,3112
16907500,1030-1055,,J,JFX Kagoshima Fish.Fax,,,WOc,WOc,m,1,,
16910000,0000-0900,,KOR,HLJ Seoul Radio,-CW,Morse Station,FE,FE,,1,,[0219]
16980000,0000-0100,,TWN,Sound of Hope,M,Mandarin (Standard Chinese / Beijing dialect),FE,FE,,1,,
16980000,0100-0200,,TWN,Sound of Hope,M,Mandarin (Standard Chinese / Beijing dialect),FE,FE,,1,,
16980000,0200-1200,,TWN,Sound of Hope,M,Mandarin (Standard Chinese / Beijing dialect),FE,FE,,1,,[0422]
16980000,1200-1300,,TWN,Sound of Hope,M,Mandarin (Standard Chinese / Beijing dialect),FE,FE,,1,,
16980000,1300-1400,,TWN,Sound of Hope,M,Mandarin (Standard Chinese / Beijing dialect),FE,FE,,1,,
16980000,1400-1500,,TWN,Sound of Hope,M,Mandarin (Standard Chinese / Beijing dialect),FE,FE,,1,,
16980000,1500-1600,,TWN,Sound of Hope,M,Mandarin (Standard Chinese / Beijing dialect),FE,FE,,1,,
16980000,2100-1600,,CHN,CNR1 Jammer/Firedrake,M,Mandarin (Standard Chinese / Beijing dialect),CHN,CHN,,1,,[1020]
16980000,2100-2200,,TWN,Sound of Hope,M,Mandarin (Standard Chinese / Beijing dialect),FE,FE,,1,,
16980000,2200-2300,,TWN,Sound of Hope,M,Mandarin (Standard Chinese / Beijing dialect),FE,FE,,1,,
16980000,2300-2400,,TWN,Sound of Hope,M,Mandarin (Standard Chinese / Beijing dialect),FE,FE,,1,,
16990000,0000-0900,,KOR,HLO Seoul Radio,-CW,Morse Station,FE,FE,,1,,[1221]
17000000,0000-0100,,TWN,Sound of Hope,M,Mandarin (Standard Chinese / Beijing dialect),FE,FE,,1,,
17000000,0100-0200,,TWN,Sound of Hope,M,Mandarin (Standard Chinese / Beijing dialect),FE,FE,,1,,
17000000,0200-1200,,TWN,Sound of Hope,M,Mandarin (Standard Chinese / Beijing dialect),FE,FE,,1,,[0626]
17000000,1200-1300,,TWN,Sound of Hope,M,Mandarin (Standard Chinese / Beijing dialect),FE,FE,,1,,
17000000,1300-1400,,TWN,Sound of Hope,M,Mandarin (Standard Chinese / Beijing dialect),FE,FE,,1,,
17000000,1400-1500,,TWN,Sound of Hope,M,Mandarin (Standard Chinese / Beijing dialect),FE,FE,,1,,
17000000,1500-1600,,TWN,Sound of Hope,M,Mandarin (Standard Chinese / Beijing dialect),FE,FE,,1,,
17000000,2100-1600,,CHN,CNR1 Jammer/Firedrake,M,Mandarin (Standard Chinese / Beijing dialect),CHN,CHN,,1,,[0626]
17000000,2100-2200,,TWN,Sound of Hope,M,Mandarin (Standard Chinese / Beijing dialect),FE,FE,,1,,
17000000,2200-2300,,TWN,Sound of Hope,M,Mandarin (Standard Chinese / Beijing dialect),FE,FE,,1,,
17000000,2300-2400,,TWN,Sound of Hope,M,Mandarin (Standard Chinese / Beijing dialect),FE,FE,,1,,
17130000,0000-0900,,KOR,HLW Seoul Radio,-CW,Morse Station,FE,FE,,1,,[1221]
17132000,0000-2400,,CHN,XSV Tianjin Radio,-TY,Teletype or other digital Station (RTTY/SITOR/..),FE,FE,tj,1,,[0524]
17146400,0600-0855,,USA,NMG Fax New Orleans,,,Car,Car,nm,1,,[0325]
17146400,1115-1200,,CHL,CBV Valparaiso Met Fax,,,SAm,SAm,v,1,,
17146400,1200-1505,,USA,NMG Fax New Orleans,,,Car,Car,nm,1,,
17146400,1630-1715,,CHL,CBV Valparaiso Met Fax,,,SAm,SAm,v,1,,
17146400,1800-2105,,USA,NMG Fax New Orleans,,,Car,Car,nm,1,,[0822]
17146400,1915-2100,,CHL,CBV Valparaiso Met Fax,,,SAm,SAm,v,1,,[0922]
17146400,2200-2355,,CHL,CBV Valparaiso Met Fax,,,SAm,SAm,v,1,,
17150000,0000-0100,,TWN,Sound of Hope,M,Mandarin (Standard Chinese / Beijing dialect),FE,FE,,1,,
17150000,0100-0200,,TWN,Sound of Hope,M,Mandarin (Standard Chinese / Beijing dialect),FE,FE,,1,,
17150000,0200-1200,,TWN,Sound of Hope,M,Mandarin (Standard Chinese / Beijing dialect),FE,FE,,1,,[0626]
17150000,1200-1300,,TWN,Sound of Hope,M,Mandarin (Standard Chinese / Beijing dialect),FE,FE,,1,,[0122]
17150000,1300-1400,,TWN,Sound of Hope,M,Mandarin (Standard Chinese / Beijing dialect),FE,FE,,1,,
17150000,1400-1500,,TWN,Sound of Hope,M,Mandarin (Standard Chinese / Beijing dialect),FE,FE,,1,,
17150000,2100-1500,,CHN,CNR1 Jammer/Firedrake,M,Mandarin (Standard Chinese / Beijing dialect),CHN,CHN,,1,,
17150000,2100-2130,,TWN,Sound of Hope,M,Mandarin (Standard Chinese / Beijing dialect),FE,FE,,1,,
17150000,2130-2200,,TWN,Sound of Hope,M,Mandarin (Standard Chinese / Beijing dialect),FE,FE,,1,,
17150000,2200-2300,,TWN,Sound of Hope,M,Mandarin (Standard Chinese / Beijing dialect),FE,FE,,1,,
17150000,2300-2400,,TWN,Sound of Hope,M,Mandarin (Standard Chinese / Beijing dialect),FE,FE,,1,,[1222]
17151200,0140-0415,,USA,NMC Fax Pt Reyes CA,,,WNA,WNA,pr,1,,[0422]
17151200,0655-1015,,USA,NMC Fax Pt Reyes CA,,,WNA,WNA,pr,1,,
17151200,1120-1235,,USA,NMC Fax Pt Reyes CA,,,WNA,WNA,pr,1,,
17151200,1400-1615,,USA,NMC Fax Pt Reyes CA,,,WNA,WNA,pr,1,,
17151200,1820-1840,,USA,NMC Fax Pt Reyes CA,,,WNA,WNA,pr,1,,
17151200,1840-2215,,USA,NMC Fax Pt Reyes CA,,,WNA,WNA,pr,1,,[0125]
17151200,2320-2400,,USA,NMC Fax Pt Reyes CA,,,WNA,WNA,pr,1,,
17170000,0000-0100,,TWN,Sound of Hope,M,Mandarin (Standard Chinese / Beijing dialect),FE,FE,,1,,
17170000,0100-0200,,TWN,Sound of Hope,M,Mandarin (Standard Chinese / Beijing dialect),FE,FE,,1,,
17170000,0200-1200,,TWN,Sound of Hope,M,Mandarin (Standard Chinese / Beijing dialect),FE,FE,,1,,[0626]
17170000,1200-1300,,TWN,Sound of Hope,M,Mandarin (Standard Chinese / Beijing dialect),FE,FE,,1,,
17170000,1300-1400,,TWN,Sound of Hope,M,Mandarin (Standard Chinese / Beijing dialect),FE,FE,,1,,
17170000,2300-2400,,TWN,Sound of Hope,M,Mandarin (Standard Chinese / Beijing dialect),FE,FE,,1,,[1222]
17238900,0000-2400,,CHN,XSV Tianjin Radio,-TY,Teletype or other digital Station (RTTY/SITOR/..),FE,FE,tj,1,,
17257000,0000-2400,,TUR,TAH Turk Radio Istanbul,E,English,ME,ME,is,1,,
17269000,0000-2400,,CHN,XSV Tianjin Radio,M,Mandarin (Standard Chinese / Beijing dialect),FE,FE,tj,1,,
17272000,0000-2400,,TUR,TAH Turk Radio Istanbul,E,English,ME,ME,is,1,,
17293000,0000-2400,,TUR,TAH Turk Radio Istanbul,E,English,ME,ME,is,1,,
17302000,0000-2400,,I,Romaradio IAR,I,Italian,SEu,SEu,r,1,,
17314000,1630-1705,,USA,NMC USCG Point Reyes,E,English,NAm,NAm,pr,1,,[0125]
17314000,1715-1815,,USA,NMN USCG Chesapeake,E,English,NAm,NAm,ch,1,,[0126]
17314000,2230-2305,,USA,NMC USCG Point Reyes,E,English,NAm,NAm,pr,1,,[1023]
17314000,2315-0015,,USA,NMN USCG Chesapeake,E,English,NAm,NAm,ch,1,,[1025]
17341000,0000-2400,,CHN,XSV Tianjin Radio,M,Mandarin (Standard Chinese / Beijing dialect),FE,FE,tj,1,,
17341000,1145-1245,,GRC,SVO Olimpia Radio,GR,Greek,SEu,SEu,o,1,,
17341000,1945-2005,,GRC,SVO Olimpia Radio,GR,Greek,SEu,SEu,o,1,,
17378000,0745-0755,"We,Fr",POL,E11 Polish Spy Numbers,E,English,,,p,1,0111,2802[1221]
17378000,0820-0830,"Tu,We",POL,E11 Polish Spy Numbers,E,English,,,p,1,0105,3108[0822]
17378000,0845-0855,"Tu,Th",POL,E11 Polish Spy Numbers,E,English,,,p,1,0111,2802
17392000,0000-2400,,CHN,XSV Tianjin Radio,M,Mandarin (Standard Chinese / Beijing dialect),FE,FE,tj,1,,
17392000,0040-0056,,CHN,XSV Tianjin Radio,M,Mandarin (Standard Chinese / Beijing dialect),FE,FE,tj,1,,
17392000,0340-0356,,CHN,XSV Tianjin Radio,M,Mandarin (Standard Chinese / Beijing dialect),FE,FE,tj,1,,
17392000,0600-0605,,CHN,XSV Tianjin Radio,M,Mandarin (Standard Chinese / Beijing dialect),NAs,NAs,tj,1,0107,3110
17392000,0740-0756,,CHN,XSV Tianjin Radio,M,Mandarin (Standard Chinese / Beijing dialect),FE,FE,tj,1,,
17392000,1040-1056,,CHN,XSV Tianjin Radio,M,Mandarin (Standard Chinese / Beijing dialect),FE,FE,tj,1,,
17392000,1400-1405,,CHN,XSV Tianjin Radio,M,Mandarin (Standard Chinese / Beijing dialect),NAs,NAs,tj,1,0107,3110
17392000,1540-1556,,CHN,XSV Tianjin Radio,M,Mandarin (Standard Chinese / Beijing dialect),FE,FE,tj,1,,
17398000,0000-2400,,CHN,XSQ Guangzhou Radio,M,Mandarin (Standard Chinese / Beijing dialect),FE,FE,gx,1,,[0626]
17400000,2200-1400,,CHN,CNR1 Jammer/Firedrake,M,Mandarin (Standard Chinese / Beijing dialect),CHN,CHN,,1,,[1220]
17400200,0000-0100,,TWN,Sound of Hope,M,Mandarin (Standard Chinese / Beijing dialect),FE,FE,,1,,
17400200,0100-0200,,TWN,Sound of Hope,M,Mandarin (Standard Chinese / Beijing dialect),FE,FE,,1,,
17400200,0200-1200,,TWN,Sound of Hope,M,Mandarin (Standard Chinese / Beijing dialect),FE,FE,,1,,[1123]
17400200,1200-1300,,TWN,Sound of Hope,M,Mandarin (Standard Chinese / Beijing dialect),FE,FE,,1,,
17400200,1300-1400,,TWN,Sound of Hope,M,Mandarin (Standard Chinese / Beijing dialect),FE,FE,,1,,
17400200,2200-2300,,TWN,Sound of Hope,M,Mandarin (Standard Chinese / Beijing dialect),FE,FE,,1,,
17400200,2300-2400,,TWN,Sound of Hope,M,Mandarin (Standard Chinese / Beijing dialect),FE,FE,,1,,
17410000,0745-0755,"We,Fr",POL,E11 Polish Spy Numbers,E,English,,,p,1,0103,3004[0322]
17410000,0745-0755,"We,Fr",POL,E11 Polish Spy Numbers,E,English,,,p,1,0109,3110[0924]
17420000,0700-0710,Th,RUS,E06 Russian Spy Numbers,E,English,RUS,RUS,xx,1,0112,3112[1215]
17431000,0200-0210,Su,RUS,V07 Russian Spy Numbers,S,Spanish/Castellano,FE,FE,kh,1,0104,3004
17431000,0200-0210,Su,RUS,V07 Russian Spy Numbers,S,Spanish/Castellano,FE,FE,kh,1,0109,3009
17431000,0200-0210,Su,RUS,V07 Russian Spy Numbers,S,Spanish/Castellano,FE,FE,kh,1,0111,3011
17436000,0200-0210,Su,RUS,V07 Russian Spy Numbers,S,Spanish/Castellano,FE,FE,kh,1,0101,3101
17440000,2130-1300,,CHN,CNR1 Jammer/Firedrake,M,Mandarin (Standard Chinese / Beijing dialect),FE,FE,,1,,[1020]
17440100,0000-0100,,TWN,Sound of Hope,M,Mandarin (Standard Chinese / Beijing dialect),FE,FE,,1,,
17440100,0100-0200,,TWN,Sound of Hope,M,Mandarin (Standard Chinese / Beijing dialect),FE,FE,,1,,
17440100,0200-1200,,TWN,Sound of Hope,M,Mandarin (Standard Chinese / Beijing dialect),FE,FE,,1,,[0525]
17440100,1200-1300,,TWN,Sound of Hope,M,Mandarin (Standard Chinese / Beijing dialect),FE,FE,,1,,[0122]
17440100,2130-2200,,TWN,Sound of Hope,M,Mandarin (Standard Chinese / Beijing dialect),FE,FE,,1,,
17440100,2200-2300,,TWN,Sound of Hope,M,Mandarin (Standard Chinese / Beijing dialect),FE,FE,,1,,
17440100,2300-2400,,TWN,Sound of Hope,M,Mandarin (Standard Chinese / Beijing dialect),FE,FE,,1,,[1222]
17451000,1540-1550,"Tu,Fr",RUS,E07 Russian Spy Numbers,E,English,RUS,RUS,m,1,0103,3103
17452000,1500-1510,"Tu,Fr",RUS,E07 Russian Spy Numbers,E,English,RUS,RUS,m,1,0109,3009
17453000,1500-1510,"Tu,Fr",RUS,E07 Russian Spy Numbers,E,English,RUS,RUS,m,1,0108,3108
17461000,1500-1510,"Tu,Fr",RUS,E07 Russian Spy Numbers,E,English,RUS,RUS,m,1,0110,3110
17470000,0600-0610,Th,RUS,E06 Russian Spy Numbers,E,English,RUS,RUS,xx,1,0102,2802
17470000,0600-0610,Th,RUS,E06 Russian Spy Numbers,E,English,RUS,RUS,xx,1,0104,3004[0419]
17472000,0220-0230,Su,RUS,V07 Russian Spy Numbers,S,Spanish/Castellano,FE,FE,kh,1,0103,3103
17485000,0500-0700,,CHN,China Radio Int.,A,Arabic (300m),NAf,NAf,ka,0,,
17490000,0000-0100,,CHN,China Radio Int.,CA,Cantonese / Yue,SEA,SEA,b,0,,
17490000,0100-0200,,CHN,China Radio Int.,AM,Amoy,INS,INS,b,0,,
17490000,0200-0300,,CHN,China Radio Int.,AM,Amoy,INS,INS,b,0,,
17490000,0300-0400,,CHN,CRI DIGITAL,M,Mandarin (Standard Chinese / Beijing dialect),Oc,Oc,k,0,,
17490000,0400-0500,,CHN,CRI DIGITAL,M,Mandarin (Standard Chinese / Beijing dialect),Oc,Oc,k,0,,
17490000,0700-0900,,CHN,China Radio Int.,E,English,Eu,Eu,ka,0,,
17490000,0900-1000,,CHN,China Radio Int.,E,English,Eu,Eu,ka,0,,
17490000,1000-1100,,CHN,China Radio Int.,E,English,Eu,Eu,ka,0,,
17490000,1100-1300,,CHN,China Radio Int.,E,English,Eu,Eu,ka,0,,
17490100,0000-0100,,TWN,Sound of Hope,M,Mandarin (Standard Chinese / Beijing dialect),FE,FE,,1,,
17490100,0100-0200,,TWN,Sound of Hope,M,Mandarin (Standard Chinese / Beijing dialect),FE,FE,,1,,
17490100,0200-1200,,TWN,Sound of Hope,M,Mandarin (Standard Chinese / Beijing dialect),FE,FE,,1,,[1224]
17490100,1200-1300,,TWN,Sound of Hope,M,Mandarin (Standard Chinese / Beijing dialect),FE,FE,,1,,
17490100,1300-1400,,TWN,Sound of Hope,M,Mandarin (Standard Chinese / Beijing dialect),FE,FE,,1,,
17490100,2200-2300,,TWN,Sound of Hope,M,Mandarin (Standard Chinese / Beijing dialect),FE,FE,,1,,
17490100,2300-2400,,TWN,Sound of Hope,M,Mandarin (Standard Chinese / Beijing dialect),FE,FE,,1,,
17510000,0130-0400,,USA,Voice of America,M,Mandarin (Standard Chinese / Beijing dialect),FE,FE,/PHL-t,6,0507,0507
17510000,0400-0500,,CHN,China Radio Int.,HK,Hakka,SEA,SEA,k,0,,
17510000,0400-0500,,CHN,China Radio Int.,HK,Hakka,SEA,SEA,x,0,,
17510000,0500-0600,,CHN,China Radio Int.,E,English,NAf,NAf,ka,0,,
17510000,0600-0700,,CHN,China Radio Int.,E,English,NAf,NAf,ka,0,,
17510000,0900-1100,,CHN,CNR1 Jammer/Firedrake,M,Mandarin (Standard Chinese / Beijing dialect),FE,FE,,0,,
17510000,0900-1100,,USA,Voice of America,M,Mandarin (Standard Chinese / Beijing dialect),FE,FE,/PHL-t,0,,
17510000,1200-1230,,CHN,China Radio Int.,TAG,Tagalog,PHL,PHL,n,0,,
17510000,1500-1800,irr,CVA,Radio Vaticana,P,Portuguese,SAf,SAf,,6,1906,2410
17510000,1520-1700,2Apr,CVA,Radio Vaticana,P,Portuguese,Af,Af,,6,0104,0204
17515000,1330-1400,,G,BBC,BR,Burmese / Barma / Myanmar,SEA,SEA,/UAE,0,,
17520000,0050-0605,,THA,HSW64 Bangkok Meteo Fax,,,SEA,SEA,u,1,,
17520000,0200-0300,,ROU,Radio Romania Int.,S,Spanish/Castellano,SAm,SAm,t,0,,
17520000,0600-0700,,CHN,China Radio Int.,I,Italian,SEu,SEu,ka,0,,
17520000,0700-0755,,THA,HSW64 Bangkok Meteo Fax,,,SEA,SEA,u,1,,
17520000,0800-0805,,THA,HSW64 Bangkok Meteo Fax,,,SEA,SEA,u,1,,
17520000,0805-0940,5Apr,CVA,Radio Vaticana,F,French,WAf,WAf,,6,0104,0504
17520000,0840-0845,,THA,HSW64 Bangkok Meteo Fax,,,SEA,SEA,u,1,,
17520000,0950-1030,5Apr,CVA,Radio Vaticana,F,French,WAf,WAf,,6,0104,0504
17520000,1000-1005,,THA,HSW64 Bangkok Meteo Fax,,,SEA,SEA,u,1,,
17520000,1020-1100,,THA,HSW64 Bangkok Meteo Fax,,,SEA,SEA,u,1,,
17520000,1300-1320,,THA,HSW64 Bangkok Meteo Fax,,,SEA,SEA,u,1,,
17520000,1520-1700,2Apr,CVA,Radio Vaticana,F,French,WAf,WAf,,6,0104,0204
17520000,1700-1705,,THA,HSW64 Bangkok Meteo Fax,,,SEA,SEA,u,1,,
17520000,1720-1740,,THA,HSW64 Bangkok Meteo Fax,,,SEA,SEA,u,1,,
17520000,2100-2200,,ROU,Radio Romania Int.,S,Spanish/Castellano,SAm,SAm,t,0,,
17520000,2300-2340,,THA,HSW64 Bangkok Meteo Fax,,,SEA,SEA,u,1,,
17520000,2300-2400,,ROU,Radio Romania Int.,S,Spanish/Castellano,SAm,SAm,t,0,,
17525000,0700-1000,irr,CVA,Radio Vaticana,F,French,WAf,WAf,,0,,
17525000,1020-1200,,CVA,Radio Vaticana,F,French,WAf,WAf,,6,0606,0606
17525000,1500-1800,irr,CVA,Radio Vaticana,F,French,WAf,WAf,,0,,
17525000,1730-2230,Su-Fr,USA,"WMLK Bethel, PA",E,English,Eu,Eu,,1,,[0826]
17530000,0400-0500,,MDG,MWV The Light of Life,M,Mandarin (Standard Chinese / Beijing dialect),CHN,CHN,m,1,,[0826]
17530000,0900-1100,,CHN,China Radio Int.,M,Mandarin (Standard Chinese / Beijing dialect),SEA,SEA,x,0,,
17530000,1100-1200,,CHN,China Radio Int.,VN,Vietnamese,SEA,SEA,x,0,,
17530000,1230-1300,,ROU,Radio Romania Int.,M,Mandarin (Standard Chinese / Beijing dialect),FE,FE,t,0,,
17530000,2300-2400,,USA,Adventist World Radio,M,Mandarin (Standard Chinese / Beijing dialect),FE,FE,/GUM-a,0,,
17540000,0000-0100,,CHN,China Radio Int.,HK,Hakka,PHL,PHL,b,0,,
17540000,0100-0200,,CHN,China Radio Int.,AM,Amoy,PHL,PHL,b,0,,
17540000,0300-0400,,CHN,China Radio Int.,M,Mandarin (Standard Chinese / Beijing dialect),SAs,SAs,b,0,,
17540000,0400-0500,,CHN,China Radio Int.,HK,Hakka,SAs,SAs,ka,0,,
17540000,0500-0600,,CHN,China Radio Int.,E,English,SAs,SAs,ka,0,,
17540000,0600-0700,,CHN,China Radio Int.,E,English,SAs,SAs,ka,0,,
17540000,0700-0900,,CHN,China Radio Int.,E,English,SAs,SAs,ka,0,,
17540000,0700-1000,irr,CVA,Radio Vaticana,E,English,CAf,CAf,,0,,
17540000,0805-0940,5Apr,CVA,Radio Vaticana,E,English,WAf,WAf,,6,0104,0504
17540000,0950-1030,5Apr,CVA,Radio Vaticana,E,English,WAf,WAf,,6,0104,0504
17540000,1020-1200,,CVA,Radio Vaticana,E,English,CAf,CAf,,6,0606,0606
17540000,1500-1800,irr,CVA,Radio Vaticana,E,English,CAf,CAf,,0,,
17540000,1520-1700,2Apr,CVA,Radio Vaticana,E,English,WAf,WAf,,6,0104,0204
17540000,2300-2400,,CHN,China Radio Int.,CA,Cantonese / Yue,PHL,PHL,b,0,,
17545000,1500-1600,,F,Mini Atlantique Weather,"F,E","French, English",NAO,NAO,i,6,0107,0308
17545000,1500-1600,,F,Mini Atlantique Weather,"F,E","French, English",NAO,NAO,i,6,0808,3108
17550000,0000-0600,,CHN,China National Radio 1,M,Mandarin (Standard Chinese / Beijing dialect),CHN,CHN,b,5,,
17550000,0100-0600,,CHN,China National Radio 1,M,Mandarin (Standard Chinese / Beijing dialect),CHN,CHN,b,4,,[1125]
17550000,0600-0900,We-Mo,CHN,China National Radio 1,M,Mandarin (Standard Chinese / Beijing dialect),CHN,CHN,b,1,,[0222]
17550000,0900-1030,,CHN,China National Radio 1,M,Mandarin (Standard Chinese / Beijing dialect),CHN,CHN,b,4,,[0319]
17550000,0900-1200,,CHN,China National Radio 1,M,Mandarin (Standard Chinese / Beijing dialect),CHN,CHN,b,5,,[0420]
17560000,0000-0100,,CHN,CNR1 Jammer/Firedrake,M,Mandarin (Standard Chinese / Beijing dialect),FE,FE,,0,,
17560000,0000-0100,,USA,Voice of America,M,Mandarin (Standard Chinese / Beijing dialect),FE,FE,/PHL-t,0,,
17560000,0800-0900,,CHN,China Radio Int.,M,Mandarin (Standard Chinese / Beijing dialect),CAs,CAs,x,0,,
17560000,0900-1000,,CHN,China Radio Int.,M,Mandarin (Standard Chinese / Beijing dialect),CAs,CAs,x,0,,
17560000,1200-1400,,CHN,China Radio Int.,F,French,SEu,SEu,ka,0,,
17560000,2200-2300,,CHN,China Radio Int.,J,Japanese,FE,FE,x,0,,
17560000,2300-2400,,CHN,China Radio Int.,J,Japanese,FE,FE,x,0,,
17565000,0100-0600,,CHN,China National Radio 1,M,Mandarin (Standard Chinese / Beijing dialect),CHN,CHN,h,1,,[1125]
17565000,0600-0730,We-Mo,CHN,China National Radio 1,M,Mandarin (Standard Chinese / Beijing dialect),CHN,CHN,h,1,,[0625]
17570000,0500-0800,,J,NHK Radio Japan,J,Japanese,ME,ME,y,6,2903,3006
17570000,0900-1000,,CHN,China Radio Int.,E,English,Eu,Eu,u,0,,
17570000,1000-1100,,CHN,China Radio Int.,HU,Hungarian,Eu,Eu,ka,0,,
17570000,1100-1200,,CHN,China Radio Int.,CZ,Czech,WEu,WEu,ka,0,,
17575000,1500-1600,,G,BBC DIGITAL,E,English,SAs,SAs,w,0,,
17580000,0200-0600,,CHN,China National Radio 1,M,Mandarin (Standard Chinese / Beijing dialect),CHN,CHN,L,4,,[1125]
17580000,0600-0900,We-Mo,CHN,China National Radio 1,M,Mandarin (Standard Chinese / Beijing dialect),CHN,CHN,L,1,,[0625]
17580000,0900-1000,,CHN,China National Radio 1,M,Mandarin (Standard Chinese / Beijing dialect),CHN,CHN,L,4,,[1125]
17580000,0900-1200,,CHN,China National Radio 1,M,Mandarin (Standard Chinese / Beijing dialect),CHN,CHN,L,5,,[0420]
17580000,1200-1300,,TUR,Voice of Turkey,UR,Urdu,PAK,PAK,e,0,,
17580000,2100-2200,,ROU,Radio Romania Int.,S,Spanish/Castellano,SAm,SAm,t,0,,
17580000,2330-0600,,CHN,China National Radio 1,M,Mandarin (Standard Chinese / Beijing dialect),CHN,CHN,L,5,,[0625]
17590000,1130-1145,Su,USA,Trans World Radio,E,English,FE,FE,/TJK,6,2903,2706
17590000,1145-1245,Su,USA,Trans World Radio,M,Mandarin (Standard Chinese / Beijing dialect),CHN,CHN,/TJK,6,2903,2706
17590000,1230-1245,Mo-Fr,USA,Trans World Radio,YUN,Dialects/languages of Yunnan (China),CHN,CHN,/TJK,6,2903,2706
17590000,1245-1300,,USA,Trans World Radio,HUI,Hui / Huizhou,CHN,CHN,/TJK,6,2903,2706
17590000,1300-1330,Su,USA,Trans World Radio,M,Mandarin (Standard Chinese / Beijing dialect),CHN,CHN,/TJK,6,2903,2706
17590000,1300-1340,Mo-Fr,USA,Trans World Radio,M,Mandarin (Standard Chinese / Beijing dialect),CHN,CHN,/TJK,6,2903,2706
17590000,1300-1345,Sa,USA,Trans World Radio,M,Mandarin (Standard Chinese / Beijing dialect),CHN,CHN,/TJK,6,2903,2706
17595000,0600-0900,We-Mo,CHN,China National Radio 1,M,Mandarin (Standard Chinese / Beijing dialect),CHN,CHN,s,5,,[0625]
17595000,0900-1100,,CHN,China National Radio 1,M,Mandarin (Standard Chinese / Beijing dialect),CHN,CHN,s,5,,[0420]
17595000,2300-0600,,CHN,China National Radio 1,M,Mandarin (Standard Chinese / Beijing dialect),CHN,CHN,s,5,,[0723]
17600000,0700-0715,,ALG,Ifrikya FM,F,French,CAf,CAf,b,0,,[0826]
17600000,0715-0100,,ALG,Ifrikya FM,A,Arabic (300m),CAf,CAf,b,0,,[0726]
17600000,1115-1130,,ALG,Ifrikya FM,SWA,Swahili/Kisuaheli,CAf,CAf,b,0,,[0626]
17605000,0200-0300,,CHN,CRI DIGITAL,M,Mandarin (Standard Chinese / Beijing dialect),Oc,Oc,k,0,,
17605000,1030-1130,,CHN,China Radio Int.,IN,Indonesian / Bahasa Indonesia,INS,INS,k,0,,
17615000,0500-0700,,CHN,China Radio Int.,D,German,WEu,WEu,u,0,,
17615000,0600-0700,,CHN,China Radio Int.,M,Mandarin (Standard Chinese / Beijing dialect),SEA,SEA,k,0,,
17615000,0700-0800,,CHN,China Radio Int.,M,Mandarin (Standard Chinese / Beijing dialect),SEA,SEA,k,0,,
17615000,1000-1030,,TUR,Voice of Turkey,TT,Tatar,EEu,EEu,e,0,,
17620000,0700-0730,,F,Radio France Int.,HA,Haussa,WAf,WAf,i,0,,
17620000,0800-0830,,F,Radio France Int.,MAN,"Mandenkan (dialect continuum of BM, DY, MLK)",WAf,WAf,i,0,,
17620000,0830-0900,,F,Radio France Int.,FU,Fulani/Fulfulde,WAf,WAf,i,0,,
17620000,0900-1000,,CHN,China Radio Int.,RO,Romanian,Eu,Eu,ka,0,,
17620000,1100-1200,,TUR,Voice of Turkey,M,Mandarin (Standard Chinese / Beijing dialect),FE,FE,e,0,,
17620000,1200-1230,,F,Radio France Int.,MAN,"Mandenkan (dialect continuum of BM, DY, MLK)",WAf,WAf,i,0,,
17620000,1230-1330,,TUR,Voice of Turkey,E,English,CEu,CEu,e,0,,
17620000,1600-1700,,F,Radio France Int.,HA,Haussa,WAf,WAf,i,0,,
17620000,1700-1800,,F,Radio France Int.,F,French,WAf,WAf,i,0,,
17620000,1800-1900,,F,Radio France Int.,F,French,WAf,WAf,i,0,,
17620000,1900-2000,,F,Radio France Int.,F,French,WAf,WAf,i,0,,
17620000,2300-2400,,USA,Adventist World Radio,M,Mandarin (Standard Chinese / Beijing dialect),FE,FE,/GUM-a,0,,
17625000,0000-0600,,CHN,CNR 2 China Business R.,M,Mandarin (Standard Chinese / Beijing dialect),CHN,CHN,B,1,,
17625000,0600-0900,Th-Tu,CHN,CNR 2 China Business R.,M,Mandarin (Standard Chinese / Beijing dialect),CHN,CHN,B,1,,[0222]
17630000,0700-0800,Su,ROU,Radio Romania Int.,RO,Romanian,ME,ME,t,0,,
17630000,0900-1000,Su,ROU,Radio Romania Int.,RO,Romanian,NAf,NAf,t,0,,
17630000,1000-1100,,ROU,Radio Romania Int.,F,French,NAf,NAf,t,0,,
17630000,1430-1500,,CHN,China Radio Int.,E,English,EAf,EAf,/MLI,0,,
17630000,1500-1600,,CHN,China Radio Int.,E,English,EAf,EAf,/MLI,0,,
17640000,0100-0200,,CHN,China Radio Int.,E,English,Eu,Eu,ka,0,,
17640000,0200-0300,,CHN,China Radio Int.,R,Russian,CAs,CAs,x,0,,
17640000,0300-0400,,CHN,China Radio Int.,R,Russian,CAs,CAs,x,0,,
17640000,0400-0500,,CHN,China Radio Int.,R,Russian,CAs,CAs,x,0,,
17640000,0700-0800,,CHN,CRI DIGITAL,M,Mandarin (Standard Chinese / Beijing dialect),Oc,Oc,k,0,,
17640000,1200-1230,,G,BBC,F,French,WAf,WAf,/ASC,0,,
17640000,1400-1500,Sa,G,BBC,E,English,WAf,WAf,/UAE,6,1904,2404
17640000,1400-1600,Sa,G,BBC,E,English,WAf,WAf,/ASC,6,2903,1204
17640000,1400-1600,Sa,G,BBC,E,English,WAf,WAf,/UAE,6,1304,1804
17640000,1400-1600,Sa,G,BBC,E,English,WAf,WAf,/ASC,6,2504,2510
17640000,1500-1600,Sa,G,BBC,E,English,WAf,WAf,/ASC,6,1804,2404
17640000,1530-1730,Su,G,BBC,E,English,WAf,WAf,/ASC,0,,
17640000,1730-1750,Mo-Fr,G,BBC,AH,Amharic,EAf,EAf,w,0,,
17640000,1750-1810,Mo-Fr,G,BBC,OO,Oromo,EAf,EAf,w,0,,
17640000,1810-1830,Mo-Fr,G,BBC,TIG,Tigrinya/Tigray,EAf,EAf,w,0,,
17640000,1830-1850,Mo-Fr,G,BBC,AH,Amharic,EAf,EAf,w,0,,
17640000,1850-1910,Mo-Fr,G,BBC,OO,Oromo,EAf,EAf,w,0,,
17640000,1910-1930,Mo-Fr,G,BBC,TIG,Tigrinya/Tigray,EAf,EAf,w,0,,
17650000,0000-0030,,USA,Adventist World Radio,BR,Burmese / Barma / Myanmar,SEA,SEA,/GUM-a,0,,
17650000,0600-0700,,CHN,China Radio Int.,M,Mandarin (Standard Chinese / Beijing dialect),Eu,Eu,ka,0,,
17650000,0700-0800,,CHN,China Radio Int.,M,Mandarin (Standard Chinese / Beijing dialect),Eu,Eu,ka,0,,
17650000,0800-0900,,CHN,China Radio Int.,M,Mandarin (Standard Chinese / Beijing dialect),Eu,Eu,ka,0,,
17650000,0900-1000,,CHN,China Radio Int.,E,English,Eu,Eu,ka,0,,
17650000,1000-1100,,CHN,China Radio Int.,M,Mandarin (Standard Chinese / Beijing dialect),Eu,Eu,ka,0,,
17650000,1100-1200,,CHN,China Radio Int.,M,Mandarin (Standard Chinese / Beijing dialect),Eu,Eu,ka,0,,
17650000,1200-1300,,CHN,China Radio Int.,M,Mandarin (Standard Chinese / Beijing dialect),Eu,Eu,ka,0,,
17650000,1300-1400,,CHN,China Radio Int.,F,French,SEu,SEu,ka,0,,
17650000,1430-1500,Sa,CAN,Bible Voice,E,English,IND,IND,/D-n,0,,
17650000,2230-2300,,AUS,Reach Beyond Australia,J,Japanese,J,J,ku,0,,
17655000,0200-0300,,CHN,China Radio Int.,TAM,Tamil,SAs,SAs,ka,0,,
17655000,0300-0400,,CHN,China Radio Int.,HI,Hindi,SAs,SAs,ka,0,,
17660000,0530-0600,,F,Radio France Int.,SWA,Swahili/Kisuaheli,EAf,EAf,i,0,,
17660000,0800-0900,,F,Radio France Int.,F,French,WAf,WAf,i,0,,
17660000,0900-1000,,F,Radio France Int.,F,French,WAf,WAf,i,0,,
17660000,1300-1330,,F,Radio France Int.,FU,Fulani/Fulfulde,WAf,WAf,i,0,,
17665000,0030-0130,Su,CLA,V.o.Independent Myanmar,BR,Burmese / Barma / Myanmar,MYA,MYA,/XUU,1,0908,
17665000,2055-0600,,CHN,China National Radio 8,MO,Mongolian,CHN,CHN,u,5,,[0726]
17670000,0700-0900,,CHN,China Radio Int.,E,English,NAf,NAf,ka,0,,
17670000,1030-1100,,TUR,Voice of Turkey,UZ,Uzbek,CAs,CAs,e,0,,
17670000,1230-1245,Su,CAN,Bible Voice,IN,Indonesian / Bahasa Indonesia,INS,INS,/UZB,0,,
17670000,1300-1400,"Tu,Th",D,Music 4 Joy DIGITAL,,,FE,FE,n,0,,
17670000,1730-1800,,S,IBRA Radio Sama,TGR,Tigre/Tigré/Tigrawit,EAf,EAf,/G-w,5,,[0825]
17670000,1800-1830,,S,IBRA Radio Sama,FUR,Fur,EAf,EAf,/G-w,5,,[0426]
17670000,1830-1900,,S,IBRA Radio Sama,A,Arabic (300m),EAf,EAf,/G-w,5,,[0526]
17675000,0125-0135,Th,NZL,RNZ Pacific,F,French,Oc,Oc,r,0,,
17675000,0325-0335,Th,NZL,RNZ Pacific,F,French,Oc,Oc,r,0,,
17675000,2059-0458,,NZL,RNZ Pacific,E,English,Oc,Oc,r,0,,
17675000,2110-2120,"Mo,Th",NZL,RNZ Pacific,SLM,Pijin/Solomon Islands Pidgin,Oc,Oc,r,0,,
17675000,2210-2240,Mo-Th,AUS,ABC Wantok,TP,Tok Pisin,Oc,Oc,/NZL-r,0,,
17675000,2240-2250,We,NZL,RNZ Pacific,F,French,Oc,Oc,r,0,,
17680000,0530-0600,,ROU,Radio Romania DIGITAL,E,English,SAs,SAs,t,0,,
17680000,0600-0700,,CHN,China Radio Int.,S,Spanish/Castellano,SEu,SEu,ka,0,,
17680000,0700-0800,,CHN,China Radio Int.,S,Spanish/Castellano,SEu,SEu,ka,0,,
17680000,0930-1030,,CHN,China Radio Int.,ML,Malay / Baku,INS,INS,k,0,,
17690000,0000-0100,,CHN,China Radio Int.,M,Mandarin (Standard Chinese / Beijing dialect),SEA,SEA,x,0,,
17690000,0100-0200,,CHN,China Radio Int.,M,Mandarin (Standard Chinese / Beijing dialect),SEA,SEA,x,0,,
17690000,0200-0330,,CHN,China Radio Int.,M,Mandarin (Standard Chinese / Beijing dialect),SEA,SEA,x,6,0107,0107
17690000,0200-0400,,CHN,China Radio Int.,E,English,SEA,SEA,x,6,1706,1706
17690000,0600-1400,"Tu,Fr",USA,Voice of America,E,English,Af,Af,/BOT,6,2205,2510
17700000,0000-0900,,CHN,CRI DIGITAL,M,Mandarin (Standard Chinese / Beijing dialect),Oc,Oc,k,6,1306,2510
17700000,0100-0900,,CHN,CRI DIGITAL,M,Mandarin (Standard Chinese / Beijing dialect),Oc,Oc,k,6,1006,1206
17700000,0800-0900,,CHN,CRI DIGITAL,M,Mandarin (Standard Chinese / Beijing dialect),Oc,Oc,k,6,2903,0906
17700000,1400-1415,Tu,USA,Trans World Radio,BON,Bondo,SAs,SAs,/MDG,1,,
17700000,1400-1415,Sa,USA,Trans World Radio,BUN,Bundeli / Bundelkhandi / Bundelkandi,SAs,SAs,/MDG,1,,
17700000,1400-1415,Su,USA,Trans World Radio,HAR,Haryanvi /  Bangri / Harayanvi / Hariyanvi,SAs,SAs,/MDG,1,,
17700000,1400-1415,Mo,USA,Trans World Radio,HO,Ho,SAs,SAs,/MDG,1,,
17700000,1400-1415,Th,USA,Trans World Radio,KUI,Kui,SAs,SAs,/MDG,1,,
17700000,1400-1415,We,USA,Trans World Radio,KUR,Kurukh/Kurux,SAs,SAs,/MDG,1,,
17700000,1400-1415,Fr,USA,Trans World Radio,SNT,Santhali,SAs,SAs,/MDG,1,,
17700000,1415-1430,Mo,USA,Trans World Radio,AW,Awadhi,SAs,SAs,/MDG,1,,
17700000,1415-1430,Su,USA,Trans World Radio,BB,Braj Bhasa/Braj Bhasha/Brij,SAs,SAs,/MDG,1,,
17700000,1415-1430,Fr,USA,Trans World Radio,E,English,SAs,SAs,/MDG,1,,
17700000,1415-1430,"Tu,Th",USA,Trans World Radio,HI,Hindi,SAs,SAs,/MDG,1,,
17700000,1415-1430,We,USA,Trans World Radio,MW,Marwari (a Rajasthani variety),SAs,SAs,/MDG,1,,
17700000,1415-1445,Sa,USA,Trans World Radio,HI,Hindi,SAs,SAs,/MDG,1,,
17700000,1430-1445,Fr,USA,Trans World Radio,BE,Bengali/Bangla,SAs,SAs,/MDG,1,,
17700000,1430-1445,Th,USA,Trans World Radio,DZ,Dzongkha,SAs,SAs,/MDG,1,,
17700000,1430-1445,Mo-We,USA,Trans World Radio,E,English,SAs,SAs,/MDG,1,,
17700000,1430-1445,Su,USA,Trans World Radio,MEI,Meithei/Manipuri/Meitei,SAs,SAs,/MDG,1,,
17700000,1445-1446,Mo-Fr,USA,Trans World Radio,E,English,SAs,SAs,/MDG,1,,
17700000,1445-1500,Su,USA,Trans World Radio,BHT,Bhatri,SAs,SAs,/MDG,1,,
17700000,1445-1500,Sa,USA,Trans World Radio,DES,Desiya / Deshiya,SAs,SAs,/MDG,1,,
17700000,1446-1500,Mo-Fr,USA,Trans World Radio,HI,Hindi,SAs,SAs,/MDG,1,,
17700000,1600-1900,Sa,G,BBC,HA,Haussa,WAf,WAf,/ASC,6,2504,1605
17710000,0030-0330,,CHN,China Radio Int.,M,Mandarin (Standard Chinese / Beijing dialect),Eu,Eu,ka,6,0107,0107
17710000,0400-0500,,CHN,China Radio Int.,HK,Hakka,INS,INS,b,0,,
17710000,0600-0700,,CHN,China Radio Int.,E,English,SEA,SEA,b,0,,
17710000,0700-0800,,CHN,China Radio Int.,E,English,SEA,SEA,b,0,,
17710000,0700-1000,irr,CVA,Radio Vaticana,A,Arabic (300m),ME,ME,,0,,
17710000,1500-1800,irr,CVA,Radio Vaticana,P,Portuguese,SAf,SAf,,6,2903,1806
17715000,0000-0200,Tu-Sa,E,Radio Exterior España,S,Spanish/Castellano,SAm,SAm,n,5,,
17715000,0000-0300,Tu-Sa,E,Radio Exterior España,S,Spanish/Castellano,SAm,SAm,n,4,,
17715000,1400-2200,SaSu,E,Radio Exterior España,S,Spanish/Castellano,SAm,SAm,n,5,,
17715000,1500-2300,SaSu,E,Radio Exterior España,S,Spanish/Castellano,SAm,SAm,n,4,,
17715000,1800-2000,Mo-Fr,E,Radio Exterior España,S,Spanish/Castellano,SAm,SAm,n,5,,
17715000,1900-2100,Mo-Fr,E,Radio Exterior España,S,Spanish/Castellano,SAm,SAm,n,4,,
17715000,2000-2030,Tu-Th,E,Radio Exterior España,S,Spanish/Castellano,SAm,SAm,n,5,,
17715000,2000-2030,Mo,E,Radio Exterior España,SEF,Sefardi/Judeo Spanish/Ladino,SAm,SAm,n,5,,
17715000,2000-2100,Fr,E,Radio Exterior España,A,Arabic (300m),SAm,SAm,n,5,,
17715000,2030-2100,Mo,E,Radio Exterior España,M,Mandarin (Standard Chinese / Beijing dialect),SAm,SAm,n,5,,
17715000,2030-2100,Tu-Th,E,Radio Exterior España,S,Spanish/Castellano,SAm,SAm,n,5,,
17715000,2100-2130,Tu-Th,E,Radio Exterior España,S,Spanish/Castellano,SAm,SAm,n,4,,
17715000,2100-2130,Mo,E,Radio Exterior España,SEF,Sefardi/Judeo Spanish/Ladino,SAm,SAm,n,4,,
17715000,2100-2200,Fr,E,Radio Exterior España,A,Arabic (300m),SAm,SAm,n,4,,
17715000,2100-2200,Mo-Fr,E,Radio Exterior España,S,Spanish/Castellano,SAm,SAm,n,5,,
17715000,2130-2200,Mo,E,Radio Exterior España,M,Mandarin (Standard Chinese / Beijing dialect),SAm,SAm,n,4,,
17715000,2130-2200,Tu-Th,E,Radio Exterior España,S,Spanish/Castellano,SAm,SAm,n,4,,
17715000,2200-2230,Sa,E,Radio Exterior España,R,Russian,SAm,SAm,n,5,,
17715000,2200-2230,157,E,Radio Exterior España,S,Spanish/Castellano,SAm,SAm,n,5,,
17715000,2200-2300,Mo-Fr,E,Radio Exterior España,S,Spanish/Castellano,SAm,SAm,n,4,,
17715000,2200-2300,We,E,Radio Exterior España,E,English,SAm,SAm,n,5,,
17715000,2200-2300,Tu,E,Radio Exterior España,F,French,SAm,SAm,n,5,,
17715000,2200-2300,Th,E,Radio Exterior España,P,Portuguese,SAm,SAm,n,5,,
17715000,2230-2300,Fr-Mo,E,Radio Exterior España,S,Spanish/Castellano,SAm,SAm,n,5,,
17715000,2300-2330,Sa,E,Radio Exterior España,R,Russian,SAm,SAm,n,4,,
17715000,2300-2330,157,E,Radio Exterior España,S,Spanish/Castellano,SAm,SAm,n,4,,
17715000,2300-2400,We,E,Radio Exterior España,E,English,SAm,SAm,n,4,,
17715000,2300-2400,Tu,E,Radio Exterior España,F,French,SAm,SAm,n,4,,
17715000,2300-2400,Th,E,Radio Exterior España,P,Portuguese,SAm,SAm,n,4,,
17715000,2300-2400,Mo-Fr,E,Radio Exterior España,S,Spanish/Castellano,SAm,SAm,n,5,,
17715000,2330-2400,Fr-Mo,E,Radio Exterior España,S,Spanish/Castellano,SAm,SAm,n,4,,
17720000,0200-0300,,ROU,Radio Romania Int.,S,Spanish/Castellano,SAm,SAm,t,0,,
17720000,0400-0500,,TUR,Voice of Turkey,ML,Malay / Baku,SEA,SEA,e,0,,
17720000,0500-0700,,CHN,China Radio Int.,D,German,WEu,WEu,ka,0,,
17720000,1300-1350,Mo-Sa,CLA,Shan News Radio,BR,Burmese / Barma / Myanmar,MYA,MYA,/UAE,1,,[0326]
17730000,0030-0330,,CHN,China Radio Int.,M,Mandarin (Standard Chinese / Beijing dialect),SAs,SAs,u,6,0107,0107
17730000,0400-0500,,CHN,China Radio Int.,E,English,CAs,CAs,x,0,,
17730000,0500-0600,,CHN,China Radio Int.,E,English,CAs,CAs,x,0,,
17730000,0800-0830,,TUR,Voice of Turkey,TK,Turkmen,CAs,CAs,e,0,,
17730000,1700-1730,,F,Radio France Int.,MAN,"Mandenkan (dialect continuum of BM, DY, MLK)",WAf,WAf,i,0,,
17730000,1730-1800,,F,Radio France Int.,FU,Fulani/Fulfulde,WAf,WAf,i,0,,
17735000,0830-0930,,CHN,China Radio Int.,IN,Indonesian / Bahasa Indonesia,INS,INS,k,0,,
17735000,1300-1400,,CHN,China Radio Int.,M,Mandarin (Standard Chinese / Beijing dialect),Eu,Eu,ka,0,,
17735000,1400-1500,,CHN,China Radio Int.,M,Mandarin (Standard Chinese / Beijing dialect),Eu,Eu,ka,0,,
17735000,1500-1600,,CHN,China Radio Int.,M,Mandarin (Standard Chinese / Beijing dialect),Eu,Eu,ka,0,,
17740000,0000-0100,,CHN,China Radio Int.,E,English,SEA,SEA,x,0,,
17740000,0100-0200,,CHN,China Radio Int.,E,English,SEA,SEA,x,0,,
17740000,0200-0330,,CHN,China Radio Int.,E,English,SEA,SEA,x,6,0107,0107
17740000,0400-0500,,CHN,China Radio Int.,VN,Vietnamese,SEA,SEA,x,0,,
17740000,0500-0600,,CHN,China Radio Int.,VN,Vietnamese,SEA,SEA,x,0,,
17740000,0600-0700,,CHN,China Radio Int.,M,Mandarin (Standard Chinese / Beijing dialect),SEA,SEA,x,0,,
17740000,0700-0800,,CHN,China Radio Int.,M,Mandarin (Standard Chinese / Beijing dialect),SEA,SEA,x,0,,
17740000,1000-1100,,TUR,Voice of Turkey,F,French,SEu,SEu,e,0,,
17745000,0400-0430,Mo-Fr,G,BBC,SO,Somali,EAf,EAf,/UAE,0,,
17745000,1100-1400,Sa,G,BBC,SO,Somali,EAf,EAf,/UAE,6,1104,1804
17745000,1100-1400,Su,G,BBC,SO,Somali,EAf,EAf,/UAE,6,1705,0106
17745000,1200-1300,,G,BBC,E,English,NIn,NIn,/OMA-a,6,1306,2510
17745000,1330-1600,Sa,G,BBC,SO,Somali,EAf,EAf,/UAE,6,1804,2504
17745000,1400-1700,Su,G,BBC,SO,Somali,EAf,EAf,/UAE,6,0305,1605
17745000,1500-1800,Su,G,BBC,SO,Somali,EAf,EAf,/UAE,6,1204,2604
17745000,1500-1800,Su,G,BBC,SO,Somali,EAf,EAf,/UAE,6,1005,1705
17745000,1600-1630,Sa,G,BBC,SO,Somali,EAf,EAf,/OMA-a,6,1804,2504
17745000,1630-1700,Mo-Fr,G,BBC,KNK,KinyaRwanda-KiRundi service of the Voice of America / BBC,EAf,EAf,/MDG,0,,
17750000,0200-0330,,PHL,Radyo Pilipinas,E,English,ME,ME,t,0,,
17750000,0500-0600,Sa,G,BBC,KNK,KinyaRwanda-KiRundi service of the Voice of America / BBC,EAf,EAf,/CVA,0,,
17750000,0529-0600,Su,G,BBC,KNK,KinyaRwanda-KiRundi service of the Voice of America / BBC,EAf,EAf,/CVA,0,,
17750000,0700-0800,,CHN,China Radio Int.,AM,Amoy,SEA,SEA,x,0,,
17750000,0900-1000,,CHN,China Radio Int.,E,English,SAs,SAs,ka,0,,
17750000,1000-1100,,CHN,China Radio Int.,E,English,SAs,SAs,ka,0,,
17755000,1500-2300,SaSu,E,Radio Exterior España,S,Spanish/Castellano,Af,Af,n,4,,
17755000,1600-1900,Mo-Fr,E,Radio Exterior España,S,Spanish/Castellano,Af,Af,n,4,,
17755000,1900-2100,Mo-Fr,E,Radio Exterior España,S,Spanish/Castellano,Af,Af,n,4,,
17755000,2100-2130,Tu-Th,E,Radio Exterior España,S,Spanish/Castellano,Af,Af,n,4,,
17755000,2100-2130,Mo,E,Radio Exterior España,SEF,Sefardi/Judeo Spanish/Ladino,Af,Af,n,4,,
17755000,2100-2200,Fr,E,Radio Exterior España,A,Arabic (300m),Af,Af,n,4,,
17755000,2130-2200,Mo,E,Radio Exterior España,M,Mandarin (Standard Chinese / Beijing dialect),Af,Af,n,4,,
17755000,2130-2200,Tu-Th,E,Radio Exterior España,S,Spanish/Castellano,Af,Af,n,4,,
17755000,2200-2300,Mo-Fr,E,Radio Exterior España,S,Spanish/Castellano,Af,Af,n,4,,
17755000,2300-2330,Sa,E,Radio Exterior España,R,Russian,Af,Af,n,4,,
17755000,2300-2330,157,E,Radio Exterior España,S,Spanish/Castellano,Af,Af,n,4,,
17755000,2300-2400,We,E,Radio Exterior España,E,English,Af,Af,n,4,,
17755000,2300-2400,Tu,E,Radio Exterior España,F,French,Af,Af,n,4,,
17755000,2300-2400,Th,E,Radio Exterior España,P,Portuguese,Af,Af,n,4,,
17755000,2330-2400,Fr-Mo,E,Radio Exterior España,S,Spanish/Castellano,Af,Af,n,4,,
17760000,0000-0100,,TWN,Sound of Hope,M,Mandarin (Standard Chinese / Beijing dialect),FE,FE,,1,,
17760000,0100-0200,,TWN,Sound of Hope,M,Mandarin (Standard Chinese / Beijing dialect),FE,FE,,1,,
17760000,0200-1200,,TWN,Sound of Hope,M,Mandarin (Standard Chinese / Beijing dialect),FE,FE,,1,,[0626]
17760000,0400-0430,,ROU,Radio Romania Int.,M,Mandarin (Standard Chinese / Beijing dialect),FE,FE,t,0,,
17760000,0500-0600,,CHN,CRI DIGITAL,M,Mandarin (Standard Chinese / Beijing dialect),Oc,Oc,k,0,,
17760000,0530-0600,,ROU,Radio Romania Int.,E,English,SAs,SAs,g,0,,
17760000,0600-0700,,CHN,CRI DIGITAL,M,Mandarin (Standard Chinese / Beijing dialect),Oc,Oc,k,0,,
17760000,1230-1300,,ROU,Radio Romania DIGITAL,M,Mandarin (Standard Chinese / Beijing dialect),FE,FE,t,0,,
17760000,2300-2400,,TWN,Sound of Hope,M,Mandarin (Standard Chinese / Beijing dialect),FE,FE,,1,,
17765000,1600-1800,,CHN,China Radio Int.,F,French,SEu,SEu,ka,0,,
17770000,0100-0900,,CHN,CNR1 DIGITAL,M,Mandarin (Standard Chinese / Beijing dialect),CHN,CHN,d,1,,[0626]
17780000,0300-0400,"Tu,Th",USA,Voice of America,E,English,SAs,SAs,/THA-u,6,1606,2510
17780000,0900-1300,,CHN,CNR 2 China Business R.,M,Mandarin (Standard Chinese / Beijing dialect),CHN,CHN,k,6,1105,1505
17780000,1000-1100,,ROU,Radio Romania Int.,F,French,NAf,NAf,t,0,,
17780000,1200-1230,,ROU,Radio Romania Int.,A,Arabic (300m),NAf,NAf,t,0,,
17780000,1700-1730,Mo-Fr,G,BBC,E,English,WAf,WAf,/ASC,0,,
17780000,1730-1800,Mo-Fr,G,BBC,E,English,WAf,WAf,/ASC,0,,
17780000,2300-0600,,CHN,CNR 2 China Business R.,M,Mandarin (Standard Chinese / Beijing dialect),CHN,CHN,k,6,1105,1505
17780000,2300-1400,,CHN,CNR1 Jammer/Firedrake,M,Mandarin (Standard Chinese / Beijing dialect),FE,FE,,1,,[0626]
17780300,0000-0100,,TWN,Sound of Hope,M,Mandarin (Standard Chinese / Beijing dialect),FE,FE,,1,,
17780300,0100-0200,,TWN,Sound of Hope,M,Mandarin (Standard Chinese / Beijing dialect),FE,FE,,1,,
17780300,0200-1200,,TWN,Sound of Hope,M,Mandarin (Standard Chinese / Beijing dialect),FE,FE,,1,,[0626]
17780300,1200-1300,,TWN,Sound of Hope,M,Mandarin (Standard Chinese / Beijing dialect),FE,FE,,1,,
17780300,1300-1400,,TWN,Sound of Hope,M,Mandarin (Standard Chinese / Beijing dialect),FE,FE,,1,,
17780300,2300-2400,,TWN,Sound of Hope,M,Mandarin (Standard Chinese / Beijing dialect),FE,FE,,1,,
17790000,0000-0030,,CZE,Radio Prague,S,Spanish/Castellano,LAm,LAm,/USA-o,1,,
17790000,0030-0100,,SVK,Radio Slovakia Int.,S,Spanish/Castellano,LAm,LAm,/USA-o,1,,
17790000,0100-0130,,TWN,Radio Taiwan Int.,S,Spanish/Castellano,LAm,LAm,/USA-o,1,,[0426]
17790000,0130-0200,,SVK,Radio Slovakia Int.,E,English,LAm,LAm,/USA-o,1,,
17790000,0300-0400,,ROU,Radio Romania DIGITAL,E,English,SAs,SAs,t,0,,
17790000,0500-0650,,J,NHK Radio Japan,J,Japanese,CAm,CAm,y,0,,
17790000,0700-0800,Su,ROU,Radio Romania Int.,RO,Romanian,ME,ME,g,0,,
17790000,0830-0950,Su,CVA,Radio Vaticana,LTO,Oriental Liturgy of Vatican Radio,Cau,Cau,,2,,
17790000,0830-0950,1.Su,CVA,Radio Vaticana,GZ,Ge'ez / Geez (liturgic language of Ethiopia),EAf,EAf,,2,,
17790000,1130-1200,Fr,CVA,Radio Vaticana,E,English,ME,ME,,1,,
17790000,1230-1250,,CVA,Radio Vaticana,R,Russian,Sib,Sib,,0,,
17790000,1430-1450,,CVA,Radio Vaticana,HI,Hindi,SAs,SAs,,0,,
17790000,1450-1510,,CVA,Radio Vaticana,TAM,Tamil,SAs,SAs,,0,,
17790000,1500-2130,,USA,PAB Radio Africa,E,English,SAm,SAm,o,1,,
17790000,1510-1530,,CVA,Radio Vaticana,MAL,Malayalam,SAs,SAs,,0,,
17790000,1530-1600,,CVA,Radio Vaticana,A,Arabic (300m),ME,ME,,5,,
17790000,2130-2200,,USA,WRMI Radio Miami Int.,E,English,ENA,ENA,o,1,,
17790000,2200-2230,,TWN,Radio Taiwan Int.,S,Spanish/Castellano,LAm,LAm,/USA-o,1,,[1125]
17790000,2230-2300,,CZE,Radio Prague,E,English,LAm,LAm,/USA-o,1,,[0626]
17790000,2300-2330,,CZE,Radio Prague,F,French,LAm,LAm,/USA-o,1,,[0626]
17790000,2330-2400,,CZE,Radio Prague,E,English,LAm,LAm,/USA-o,1,,
17800000,2200-2350,,J,NHK Radio Japan,J,Japanese,ME,ME,y,6,0108,2510
17800000,2200-2400,,J,NHK Radio Japan,J,Japanese,ME,ME,y,6,2903,3107
17800000,2300-0600,,CHN,China National Radio 8,MO,Mongolian,CHN,CHN,qq,1,,[0726]
17810000,0200-0500,,J,NHK Radio Japan,J,Japanese,SEA,SEA,y,0,,
17810000,0430-0500,,G,BBC,DR,Dari / Eastern Farsi,AFG,AFG,/OMA-a,0,,
17810000,0500-0530,,G,BBC,PS,Pashto / Pushtu,AFG,AFG,/OMA-a,0,,
17810000,0700-0730,Su-Th,G,BBC,A,Arabic (300m),EAf,EAf,/OMA-a,6,2903,2107
17810000,0700-0730,Su-Th,G,BBC,A,Arabic (300m),EAf,EAf,/UAE,6,2207,2510
17810000,0830-0930,,G,BBC,DR,Dari / Eastern Farsi,AFG,AFG,/OMA-a,0,,
17810000,0930-1030,,G,BBC,PS,Pashto / Pushtu,AFG,AFG,/OMA-a,0,,
17810000,1030-1100,,G,BBC,DR,Dari / Eastern Farsi,AFG,AFG,/OMA-a,0,,
17810000,1100-1130,,G,BBC,PS,Pashto / Pushtu,AFG,AFG,/OMA-a,0,,
17810000,1530-1630,Mo,USA,VoRW,E,English,SAs,SAs,/F-i,1,,[0625]
17815000,0600-0700,,G,BBC DIGITAL,E,English,EAf,EAf,/OMA-a,6,2903,1605
17815000,1200-1300,,F,Radio France Int.,F,French,WAf,WAf,i,0,,
17820000,0030-0330,,CHN,China Radio Int.,M,Mandarin (Standard Chinese / Beijing dialect),Oc,Oc,k,6,0107,0107
17820000,0555-1600,,CHN,China National Radio,TB,Tibetan / Lhasa Tibetan,CHN,CHN,d,6,1105,3005
17820000,0800-0900,We-Mo,CHN,China National Radio 13,UI,Uighur,CHN,CHN,d,1,1105,
17820000,0900-1000,,CHN,China National Radio 13,M,Mandarin (Standard Chinese / Beijing dialect),CHN,CHN,d,1,1105,
17820000,1000-1100,,CHN,China National Radio 13,UI,Uighur,CHN,CHN,d,1,1105,
17820000,1100-1400,,CHN,China National Radio 13,UI,Uighur,CHN,CHN,d,1,1105,
17820000,1400-1500,,CHN,China National Radio 13,UI,Uighur,CHN,CHN,d,1,1105,
17820000,1500-1600,,CHN,China National Radio 13,M,Mandarin (Standard Chinese / Beijing dialect),CHN,CHN,d,1,1105,
17820000,1600-0205,,CHN,China National Radio,UI,Uighur,CHN,CHN,d,6,1105,3005
17820000,1600-1805,,CHN,China National Radio 13,UI,Uighur,CHN,CHN,d,1,1105,[0526]
17825000,0500-0600,Su,G,BBC,E,English,EAf,EAf,/OMA-a,0,,
17825000,0500-0600,Mo-Sa,G,BBC,E,English,EAf,EAf,/OMA-a,0,,
17825000,1200-1300,,G,BBC,E,English,SAs,SAs,/OMA-a,6,2903,1206
17825000,1400-1600,,G,BBC DIGITAL,E,English,SAs,SAs,/OMA-a,6,2903,1605
17830000,0100-0800,,CHN,CNR1 DIGITAL,M,Mandarin (Standard Chinese / Beijing dialect),CHN,CHN,u,5,,[0426]
17830000,1700-1730,Mo-Fr,G,BBC,E,English,CAf,CAf,/ASC,0,,
17830000,1730-1900,Mo-Fr,G,BBC,E,English,CAf,CAf,/ASC,0,,
17830000,1900-2000,Su,TWN,Radio Taiwan Int.,F,French,WAf,WAf,/F-i,0,,
17840000,0200-0300,,CHN,China Radio Int.,M,Mandarin (Standard Chinese / Beijing dialect),SAm,SAm,b,0,,
17840000,0300-0400,,CHN,China Radio Int.,E,English,Sib,Sib,b,0,,
17840000,0400-0500,,CHN,China Radio Int.,E,English,Sib,Sib,b,0,,
17840000,0500-0600,,CHN,China Radio Int.,M,Mandarin (Standard Chinese / Beijing dialect),Sib,Sib,b,0,,
17840000,0600-0700,,CHN,China Radio Int.,M,Mandarin (Standard Chinese / Beijing dialect),Sib,Sib,b,0,,
17840000,0700-0800,,CHN,China Radio Int.,M,Mandarin (Standard Chinese / Beijing dialect),SAs,SAs,ka,0,,
17840000,0800-0900,,CHN,China Radio Int.,M,Mandarin (Standard Chinese / Beijing dialect),SAs,SAs,ka,0,,
17840000,0900-1100,,CHN,China Radio Int.,M,Mandarin (Standard Chinese / Beijing dialect),SAs,SAs,ka,0,,
17850000,0600-0700,,F,Radio France Int.,F,French,CAf,CAf,i,0,,
17850000,0700-0800,,F,Radio France Int.,F,French,CAf,CAf,i,0,,
17850000,0800-0900,,F,Radio France Int.,F,French,CAf,CAf,i,0,,
17850000,0900-1000,,F,Radio France Int.,F,French,CAf,CAf,i,0,,
17850000,1200-1300,,F,Radio France Int.,F,French,WAf,WAf,i,0,,
17850000,1800-1900,,F,Radio France Int.,F,French,CAf,CAf,i,0,,
17850000,1900-2000,,F,Radio France Int.,F,French,CAf,CAf,i,0,,
17855000,0400-0500,,CHN,China Radio Int.,E,English,CAs,CAs,b,0,,
17855000,0500-0600,,CHN,China Radio Int.,E,English,CAs,CAs,b,0,,
17860000,1100-1200,,ROU,Radio Romania Int.,E,English,EAf,EAf,t,0,,
17865000,0130-0400,,USA,Voice of America,K,Korean,FE,FE,/PHL-t,6,0507,0507
17865000,0600-0700,,CHN,China Radio Int.,F,French,SEu,SEu,ka,0,,
17865000,0700-0800,,CHN,China Radio Int.,F,French,SEu,SEu,ka,0,,
17865000,0830-0900,,S,IBRA Radio,DR,Dari / Eastern Farsi,AFG,AFG,/UAE,0,,
17865000,0900-1030,,S,IBRA Radio,DR,Dari / Eastern Farsi,AFG,AFG,/UAE,0,,[0726]
17870000,0100-0200,,CHN,CRI DIGITAL,M,Mandarin (Standard Chinese / Beijing dialect),Oc,Oc,k,0,,
17880000,0000-0100,,CHN,China Radio Int.,P,Portuguese,SAm,SAm,b,0,,
17880000,0400-0500,"Tu,Th",USA,Voice of America,E,English,FE,FE,/THA-u,6,1606,2510
17880000,0700-1300,"Tu,Th",USA,Voice of America,E,English,EEu,EEu,/D-L,6,2306,2510
17880000,1300-1400,,CHN,China Radio Int.,F,French,EAf,EAf,/MLI,0,,
17880000,1600-1700,,CHN,China Radio Int.,A,Arabic (300m),NAf,NAf,/MLI,0,,
17880000,2200-2300,,CHN,China Radio Int.,S,Spanish/Castellano,SAm,SAm,b,0,,
17880000,2300-2400,,CHN,China Radio Int.,P,Portuguese,SAm,SAm,b,0,,
17890000,0000-0600,,CHN,China National Radio 1,M,Mandarin (Standard Chinese / Beijing dialect),CHN,CHN,b,4,,
17890000,0100-0600,,CHN,China National Radio 1,M,Mandarin (Standard Chinese / Beijing dialect),CHN,CHN,b,5,,[0526]
17890000,0600-0900,We-Mo,CHN,China National Radio 1,M,Mandarin (Standard Chinese / Beijing dialect),CHN,CHN,b,1,,[0625]
17890000,0900-0930,,CHN,China National Radio 1,M,Mandarin (Standard Chinese / Beijing dialect),CHN,CHN,b,4,,
17890000,0900-1000,,CHN,China National Radio 1,M,Mandarin (Standard Chinese / Beijing dialect),CHN,CHN,b,5,,[0420]
17895000,0800-0900,,J,NHK Radio Japan,J,Japanese,ME,ME,y,6,2903,3006
17900000,0400-1500,,CLA,Iran International TV,FS,Farsi / Iranian Persian,IRN,IRN,/BUL-s,1,,[0826]
17901000,0000-2400,,PNR,Albrook HFDL (ID11),-HF,HFDL Squitter (Aircraft comms station),CAm,CAm,al,1,,
17904000,0000-2400,,NZL,Auckland Radio,E,English,Oc,Oc,a,1,,[0319]
17904000,0000-2400,,AUS,Brisbane Radio,E,English,Oc,Oc,ae,1,,
17904000,0000-2400,,FJI,Nadi Radio,E,English,Oc,Oc,n,1,,
17904000,0000-2400,,USA,San Francisco Radio CWP,E,English,WOc,WOc,/GUM-b,1,,
17904000,0000-2400,,USA,San Francisco Radio CWP,E,English,WOc,WOc,/HWA-m,1,,
17904000,0000-2400,,USA,San Francisco Radio SP,E,English,Oc,Oc,/HWA-m,1,,[1021]
17904000,0000-2400,,OCE,Tahiti Radio,E,English,Oc,Oc,fa,1,,
17907000,0000-2400,,USA,New York Radio,E,English,Car,Car,bg,1,,[0324]
17907000,0000-2400,,TRD,Piarco Radio CAR-B,E,English,Car,Car,,1,,
17916000,0000-2400,,NZL,Auckland HFDL (ID5),-HF,HFDL Squitter (Aircraft comms station),SOc,SOc,a,1,,
17916000,0000-2400,,NZL,Auckland Radio,E,English,Oc,Oc,a,1,,[0216]
17916000,0000-2400,,BOL,Santa Cruz HFDL (ID13),-HF,HFDL Squitter (Aircraft comms station),SAm,SAm,sz,1,,[0724]
17919000,0000-2400,,GUM,Agana Guam HFDL (ID16),-HF,HFDL Squitter (Aircraft comms station),WOc,WOc,h,1,,[0122]
17919000,0000-2400,,ALS,Barrow HFDL (ID9),-HF,HFDL Squitter (Aircraft comms station),NOc,NOc,ba,1,,
17919000,0000-2400,,HWA,Moloka'i HFDL (ID2),-HF,HFDL Squitter (Aircraft comms station),Oc,Oc,m,1,,
17919000,0000-2400,,USA,Riverhead HFDL (ID4),-HF,HFDL Squitter (Aircraft comms station),ENA,ENA,rh,1,,
17919000,0000-2400,,USA,San Francisco HFDL(ID1),-HF,HFDL Squitter (Aircraft comms station),WNA,WNA,dx,1,,
17922000,0000-2400,,AFS,Johannesburg HFDL (ID8),-HF,HFDL Squitter (Aircraft comms station),SAf,SAf,j,1,,
17925000,0000-2400,,USA,San Francisco R. LDOC,E,English,Oc,Oc,dx,1,,
17928000,0000-2400,,CNR,Canarias HFDL (ID17),-HF,HFDL Squitter (Aircraft comms station),WAf,WAf,gc,1,,[0724]
17928000,0000-2400,,THA,Hat Yai HFDL (ID6),-HF,HFDL Squitter (Aircraft comms station),SEA,SEA,hy,1,,
17934000,0000-2400,,ALS,Barrow HFDL (ID9),-HF,HFDL Squitter (Aircraft comms station),NOc,NOc,ba,1,,
17946000,0000-2400,,USA,New York Radio,E,English,NAO,NAO,bg,1,,[0226]
17946000,0000-2400,,USA,San Francisco Radio NP,E,English,NOc,NOc,/ALS-ba,1,,
17946000,0000-2400,,USA,San Francisco Radio NP,E,English,NOc,NOc,/HWA-m,1,,[1225]
17946000,0000-2400,,IRL,Shannon Aeradio F,E,English,NAO,NAO,s,1,,
17946000,1200-1800,,AZR,Santa Maria Radio A,E,English,NAO,NAO,sm,1,,[0425]
17952000,0000-2400,,USA,New York Radio,E,English,NAO,NAO,bg,1,,
17958000,0000-2400,,KOR,Seoul Muan HFDL (ID10),-HF,HFDL Squitter (Aircraft comms station),FE,FE,m,1,,[0521]
17967000,0000-2400,,BHR,Al Muharraq HFDL (ID15),-HF,HFDL Squitter (Aircraft comms station),ME,ME,m,1,,[0424]
17985000,0000-2400,,ISL,Reykjavik HFDL (ID3),-HF,HFDL Squitter (Aircraft comms station),NAO,NAO,r,1,,
18030000,0000-2400,,RUS,AF Transport Davlenie,R,Russian,EEu,EEu,tc,1,,
18030000,0000-2400,,RUS,AF Transport Kasta,R,Russian,EEu,EEu,to,1,,
18030000,0000-2400,,RUS,AF Transport Klarnetist,R,Russian,EEu,EEu,to,1,,
18030000,0000-2400,,RUS,AF Transport Korsar,R,Russian,EEu,EEu,m,1,,
18030000,0000-2400,,RUS,AF Transport Magnetron,R,Russian,EEu,EEu,sc,1,,
18030000,0000-2400,,RUS,AF Transport Polis,R,Russian,EEu,EEu,o2,1,,
18030000,0000-2400,,RUS,AF Transport Proselok,R,Russian,EEu,EEu,ps,1,,
18030000,0715-0725,"Mo,We",POL,E11 Polish Spy Numbers,E,English,,,p,1,0105,3108[0621]
18040000,0000-0100,,TWN,Star-Star Bc.Station,M,Mandarin (Standard Chinese / Beijing dialect),CHN,CHN,y,1,,[0924]
18040000,0100-0200,,TWN,Star-Star Bc.Station,M,Mandarin (Standard Chinese / Beijing dialect),CHN,CHN,y,1,,[0124]
18060000,0015-0225,,AUS,VMW Wiluna Met Fax,,,Oc,Oc,w,1,,
18060000,0245-0330,,AUS,VMW Wiluna Met Fax,,,Oc,Oc,w,1,,
18060000,0400-0945,,AUS,VMW Wiluna Met Fax,,,Oc,Oc,w,1,,[0524]
18060000,1015-1100,,AUS,VMW Wiluna Met Fax,,,Oc,Oc,w,1,,[0319]
18060000,2215-2400,,AUS,VMW Wiluna Met Fax,,,Oc,Oc,w,1,,
18168000,0845-0855,"Tu,Th",POL,E11 Polish Spy Numbers,E,English,,,p,1,0103,3004
18168000,0845-0855,"Tu,Th",POL,E11 Polish Spy Numbers,E,English,,,p,1,0109,3110[0924]
18180000,0000-0100,,TWN,Sound of Hope,M,Mandarin (Standard Chinese / Beijing dialect),FE,FE,,1,,[1021]
18180000,0100-0200,,TWN,Sound of Hope,M,Mandarin (Standard Chinese / Beijing dialect),FE,FE,,1,,
18180000,0200-1200,,TWN,Sound of Hope,M,Mandarin (Standard Chinese / Beijing dialect),FE,FE,,1,,[1224]
18180000,2300-1200,,CHN,CNR1 Jammer/Firedrake,M,Mandarin (Standard Chinese / Beijing dialect),FE,FE,,1,,[1119]
18180000,2300-2400,,TWN,Sound of Hope,M,Mandarin (Standard Chinese / Beijing dialect),FE,FE,,1,,
18200000,0000-0100,,TWN,Sound of Hope,M,Mandarin (Standard Chinese / Beijing dialect),FE,FE,,1,,
18200000,0100-0200,,TWN,Sound of Hope,M,Mandarin (Standard Chinese / Beijing dialect),FE,FE,,1,,
18200000,0200-1200,,TWN,Sound of Hope,M,Mandarin (Standard Chinese / Beijing dialect),FE,FE,,1,,
18200000,1200-1300,,TWN,Sound of Hope,M,Mandarin (Standard Chinese / Beijing dialect),FE,FE,,1,,
18200000,2300-1300,,CHN,CNR1 Jammer/Firedrake,M,Mandarin (Standard Chinese / Beijing dialect),FE,FE,,1,,[0925]
18200000,2300-2400,,TWN,Sound of Hope,M,Mandarin (Standard Chinese / Beijing dialect),FE,FE,,1,,
18217000,0200-0210,Su,RUS,V07 Russian Spy Numbers,S,Spanish/Castellano,FE,FE,kh,1,0102,2802
18217000,0200-0210,Su,RUS,V07 Russian Spy Numbers,S,Spanish/Castellano,FE,FE,kh,1,0110,3110
18232000,1520-1530,"Tu,Fr",RUS,E07 Russian Spy Numbers,E,English,RUS,RUS,m,1,0105,3105
18235000,0000-2400,,CHN,BAF Beijing Meteo Fax,,,FE,FE,bm,1,,
18245000,1540-1550,"Tu,Fr",RUS,E07 Russian Spy Numbers,E,English,RUS,RUS,m,1,0106,3006
18249000,0200-0210,Su,RUS,V07 Russian Spy Numbers,S,Spanish/Castellano,FE,FE,kh,1,0112,3112
18257000,1520-1530,"Tu,Fr",RUS,E07 Russian Spy Numbers,E,English,RUS,RUS,m,1,0104,3004[0423]
18285000,0600-0610,Th,RUS,E06 Russian Spy Numbers,E,English,RUS,RUS,xx,1,0111,3011[1119]
18332000,1520-1530,"Tu,Fr",RUS,E07 Russian Spy Numbers,E,English,RUS,RUS,m,1,0107,3107
18353000,1520-1530,"Tu,Fr",RUS,E07 Russian Spy Numbers,E,English,RUS,RUS,m,1,0108,3108
18425000,0600-0610,Th,RUS,E06 Russian Spy Numbers,E,English,RUS,RUS,xx,1,0110,3110[1019]
18950000,0000-0100,,TWN,Sound of Hope,M,Mandarin (Standard Chinese / Beijing dialect),FE,FE,,1,,
18950000,0100-0200,,TWN,Sound of Hope,M,Mandarin (Standard Chinese / Beijing dialect),FE,FE,,1,,
18950000,0200-1200,,TWN,Sound of Hope,M,Mandarin (Standard Chinese / Beijing dialect),FE,FE,,1,,
18950000,2200-1200,,CHN,CNR1 Jammer/Firedrake,M,Mandarin (Standard Chinese / Beijing dialect),CHN,CHN,,1,,[0726]
18950000,2200-2300,,TWN,Sound of Hope,M,Mandarin (Standard Chinese / Beijing dialect),FE,FE,,1,,
18950000,2300-2400,,TWN,Sound of Hope,M,Mandarin (Standard Chinese / Beijing dialect),FE,FE,,1,,
18970000,0000-0100,,TWN,Sound of Hope,M,Mandarin (Standard Chinese / Beijing dialect),FE,FE,,1,,[0822]
18970000,0100-0200,,TWN,Sound of Hope,M,Mandarin (Standard Chinese / Beijing dialect),FE,FE,,1,,[1021]
18970000,0200-1200,,TWN,Sound of Hope,M,Mandarin (Standard Chinese / Beijing dialect),FE,FE,,1,,[0525]
18970000,2200-1500,,CHN,CNR1 Jammer/Firedrake,M,Mandarin (Standard Chinese / Beijing dialect),CHN,CHN,,1,,[0726]
18970000,2200-2300,,TWN,Sound of Hope,M,Mandarin (Standard Chinese / Beijing dialect),FE,FE,,1,,
18970000,2300-2400,,TWN,Sound of Hope,M,Mandarin (Standard Chinese / Beijing dialect),FE,FE,,1,,[1222]
18975000,0700-0730,,CHN,CRI DIGITAL,M,Mandarin (Standard Chinese / Beijing dialect),Oc,Oc,k,0,,
18985000,0200-0300,,CHN,CRI DIGITAL,M,Mandarin (Standard Chinese / Beijing dialect),Oc,Oc,k,0,,
18985000,0500-0600,,CHN,CRI DIGITAL,M,Mandarin (Standard Chinese / Beijing dialect),Oc,Oc,k,0,,
19005000,0330-0400,,CHN,CRI DIGITAL,M,Mandarin (Standard Chinese / Beijing dialect),Oc,Oc,k,0,,
19015000,0130-0200,,CHN,CRI DIGITAL,M,Mandarin (Standard Chinese / Beijing dialect),Oc,Oc,k,0,,
19015000,0300-0330,,CHN,CRI DIGITAL,M,Mandarin (Standard Chinese / Beijing dialect),Oc,Oc,k,0,,
19015000,0400-0500,,CHN,CRI DIGITAL,M,Mandarin (Standard Chinese / Beijing dialect),Oc,Oc,k,0,,
19015000,0600-0700,,CHN,CRI DIGITAL,M,Mandarin (Standard Chinese / Beijing dialect),Oc,Oc,k,0,,
19015000,0800-0830,,CHN,CRI DIGITAL,M,Mandarin (Standard Chinese / Beijing dialect),Oc,Oc,k,0,,
19052000,0100-0200,,TWN,Star-Star Bc.Station,M,Mandarin (Standard Chinese / Beijing dialect),CHN,CHN,y,1,,
19052000,1000-1100,,TWN,Star-Star Bc.Station,M,Mandarin (Standard Chinese / Beijing dialect),CHN,CHN,y,1,,
19052000,1100-1200,,TWN,Star-Star Bc.Station,M,Mandarin (Standard Chinese / Beijing dialect),CHN,CHN,y,1,,
19052000,1300-1400,,TWN,Star-Star Bc.Station,M,Mandarin (Standard Chinese / Beijing dialect),CHN,CHN,y,1,,
19132000,1540-1550,"Tu,Fr",RUS,E07 Russian Spy Numbers,E,English,RUS,RUS,m,1,0107,3107f
19157000,1540-1550,"Tu,Fr",RUS,E07 Russian Spy Numbers,E,English,RUS,RUS,m,1,0104,3004
19172000,0200-0210,Su,RUS,V07 Russian Spy Numbers,S,Spanish/Castellano,FE,FE,kh,1,0103,3103
19184000,0820-0830,"Tu,We",POL,E11 Polish Spy Numbers,E,English,,,p,1,0103,3004
19184000,0820-0830,"Tu,We",POL,E11 Polish Spy Numbers,E,English,,,p,1,0109,3110[0924]
19184000,0845-0855,"Tu,Th",POL,E11 Polish Spy Numbers,E,English,,,p,1,0105,3108
19253000,1540-1550,"Tu,Fr",RUS,E07 Russian Spy Numbers,E,English,RUS,RUS,m,1,0108,3108
19325000,0700-0710,Th,RUS,E06 Russian Spy Numbers,E,English,RUS,RUS,xx,1,0103,3103
19432000,1540-1550,"Tu,Fr",RUS,E07 Russian Spy Numbers,E,English,RUS,RUS,m,1,0105,3105
19515000,0600-0610,"Mo,We",POL,E11 Polish Spy Numbers,E,English,,,p,1,0103,3004
19515000,0600-0610,"Mo,We",POL,E11 Polish Spy Numbers,E,English,,,p,1,0109,3110[0924]
19515000,0715-0725,"Mo,We",POL,E11 Polish Spy Numbers,E,English,,,p,1,0103,3004
19515000,0715-0725,"Mo,We",POL,E11 Polish Spy Numbers,E,English,,,p,1,0109,3110[0924]
19770000,0000-2400,,I,Romaradio IAR,I,Italian,SEu,SEu,r,1,,
19770000,0000-2400,,CHN,XSQ Guangzhou Radio,M,Mandarin (Standard Chinese / Beijing dialect),FE,FE,gx,1,,[1023]
19779000,0000-2400,,CHN,XSQ Guangzhou Radio,M,Mandarin (Standard Chinese / Beijing dialect),FE,FE,gx,1,,
19794000,0000-2400,,CHN,XSQ Guangzhou Radio,M,Mandarin (Standard Chinese / Beijing dialect),FE,FE,gx,1,,[0525]
20000000,0000-2400,,USA,WWV Colorado (m.ann.),-TS,Time Signal Station,USA,USA,fe,1,,[0726]
20025000,0100-0200,,TWN,Star-Star Bc.Station,M,Mandarin (Standard Chinese / Beijing dialect),CHN,CHN,y,1,,
20025000,1000-1100,,TWN,Star-Star Bc.Station,M,Mandarin (Standard Chinese / Beijing dialect),CHN,CHN,y,1,,
20025000,1100-1200,,TWN,Star-Star Bc.Station,M,Mandarin (Standard Chinese / Beijing dialect),CHN,CHN,y,1,,[1224]
20047700,0000-2400,,RUS,Channel Marker D,-CW,Morse Station,EEu,EEu,se,1,,[0126]
20047800,0000-2400,,RUS,Channel Marker P,-CW,Morse Station,RUS,RUS,kl,1,,[0822]
20047900,0000-2400,,RUS,Channel Marker S,-CW,Morse Station,RUS,RUS,sm,1,,[0425]
20048000,0000-2400,,RUS,Channel Marker C,-CW,Morse Station,RUS,RUS,m,1,,[1219]
20048100,0000-2400,,RUS,Channel Marker A,-CW,Morse Station,RUS,RUS,as,1,,[1025]
20048200,0000-2400,,RUS,Channel Marker F,-CW,Morse Station,FE,FE,vl,1,,[0217]
20048300,0000-2400,,RUS,Channel Marker K,-CW,Morse Station,FE,FE,pk,1,,[1122]
20048400,0000-2400,,RUS,Channel Marker M,-CW,Morse Station,FE,FE,mg,1,,[0325]
20085000,0700-0710,Th,RUS,E06 Russian Spy Numbers,E,English,RUS,RUS,xx,1,0102,2802[0219]
20095000,1000-1100,,TWN,Star-Star Bc.Station,M,Mandarin (Standard Chinese / Beijing dialect),CHN,CHN,y,1,,
20095000,1100-1200,,TWN,Star-Star Bc.Station,M,Mandarin (Standard Chinese / Beijing dialect),CHN,CHN,y,1,,[1224]
20095000,1400-1500,,TWN,Star-Star Bc.Station,M,Mandarin (Standard Chinese / Beijing dialect),CHN,CHN,y,1,,[0325]
20095000,1500-1600,,TWN,Star-Star Bc.Station,M,Mandarin (Standard Chinese / Beijing dialect),CHN,CHN,y,1,,
20140000,0700-0710,Th,RUS,E06 Russian Spy Numbers,E,English,RUS,RUS,xx,1,0111,3011[1119]
20170000,0830-0840,"Mo,Fr",POL,E11 Polish Spy Numbers,E,English,,,p,1,0103,3004[0423]
20170000,0830-0840,"Mo,Fr",POL,E11 Polish Spy Numbers,E,English,,,p,1,0109,3110[0924]
20230000,0700-0710,Th,RUS,E06 Russian Spy Numbers,E,English,RUS,RUS,xx,1,0110,3110[1019]
20469000,0015-0225,,AUS,VMC Charleville Met Fax,,,Oc,Oc,c,1,,
20469000,0245-0330,,AUS,VMC Charleville Met Fax,,,Oc,Oc,c,1,,
20469000,0400-0500,,AUS,VMC Charleville Met Fax,,,Oc,Oc,c,1,,
20469000,0600-0855,,AUS,VMC Charleville Met Fax,,,Oc,Oc,c,1,,[1221]
20469000,1915-2045,,AUS,VMC Charleville Met Fax,,,Oc,Oc,c,1,,
20469000,2215-2400,,AUS,VMC Charleville Met Fax,,,Oc,Oc,c,1,,
20905000,0725-0735,"We,Fr",POL,S11a Polish Spy Numbers,R,Russian,,,p,1,0105,3108
21470000,0400-0430,,ROU,Radio Romania Int.,M,Mandarin (Standard Chinese / Beijing dialect),FE,FE,t,6,3103,2510
21470000,0900-1000,Su,ROU,Radio Romania Int.,RO,Romanian,NAf,NAf,t,0,,
21470000,1400-1430,Mo-Fr,G,BBC,HA,Haussa,WAf,WAf,/UAE,0,,
21470000,1400-1600,Sa,G,BBC,E,English,CAf,CAf,/UAE,0,,
21470000,1530-1730,Su,G,BBC,E,English,CAf,CAf,/CVA,0,,
21480000,2030-2100,,ROU,Radio Romania Int.,E,English,ENA,ENA,t,0,,
21490000,0000-2400,,CHN,CNR1 Jammer/Firedrake,M,Mandarin (Standard Chinese / Beijing dialect),CHN,CHN,,1,,[0126]
21490100,0000-0100,,TWN,Sound of Hope,M,Mandarin (Standard Chinese / Beijing dialect),FE,FE,,1,,
21490100,0100-0200,,TWN,Sound of Hope,M,Mandarin (Standard Chinese / Beijing dialect),FE,FE,,1,,
21490100,0200-1200,,TWN,Sound of Hope,M,Mandarin (Standard Chinese / Beijing dialect),FE,FE,,1,,[0925]
21490100,1200-1300,,TWN,Sound of Hope,M,Mandarin (Standard Chinese / Beijing dialect),FE,FE,,1,,
21490100,1300-1400,,TWN,Sound of Hope,M,Mandarin (Standard Chinese / Beijing dialect),FE,FE,,1,,
21490100,1400-1500,,TWN,Sound of Hope,M,Mandarin (Standard Chinese / Beijing dialect),FE,FE,,1,,
21490100,1500-1600,,TWN,Sound of Hope,M,Mandarin (Standard Chinese / Beijing dialect),FE,FE,,1,,
21490100,1600-1700,,TWN,Sound of Hope,M,Mandarin (Standard Chinese / Beijing dialect),FE,FE,,1,,
21490100,1700-2000,,TWN,Sound of Hope,M,Mandarin (Standard Chinese / Beijing dialect),FE,FE,,1,,
21490100,2000-2100,,TWN,Sound of Hope,M,Mandarin (Standard Chinese / Beijing dialect),FE,FE,,1,,
21490100,2100-2130,,TWN,Sound of Hope,M,Mandarin (Standard Chinese / Beijing dialect),FE,FE,,1,,
21490100,2130-2200,,TWN,Sound of Hope,M,Mandarin (Standard Chinese / Beijing dialect),FE,FE,,1,,
21490100,2200-2300,,TWN,Sound of Hope,M,Mandarin (Standard Chinese / Beijing dialect),FE,FE,,1,,
21490100,2300-2400,,TWN,Sound of Hope,M,Mandarin (Standard Chinese / Beijing dialect),FE,FE,,1,,[1222]
21500000,0200-0400,,J,NHK Radio Japan,J,Japanese,SAm,SAm,y,0,,
21500000,0500-0520,,J,NHK Radio Japan,F,French,WAf,WAf,y,0,,
21500000,0700-0900,,J,NHK Radio Japan,J,Japanese,WAf,WAf,y,0,,
21510000,1100-1200,,ROU,Radio Romania Int.,E,English,EAf,EAf,t,0,,
21520000,1200-1230,,G,BBC,F,French,CAf,CAf,/UAE,6,2903,3105
21520000,1200-1230,,G,BBC,F,French,CAf,CAf,/ASC,6,0106,2510
21530000,0000-0100,,TWN,Sound of Hope,M,Mandarin (Standard Chinese / Beijing dialect),FE,FE,,1,,
21530000,0100-0200,,TWN,Sound of Hope,M,Mandarin (Standard Chinese / Beijing dialect),FE,FE,,1,,
21530000,0200-1200,,TWN,Sound of Hope,M,Mandarin (Standard Chinese / Beijing dialect),FE,FE,,1,,
21530000,1200-1300,,TWN,Sound of Hope,M,Mandarin (Standard Chinese / Beijing dialect),FE,FE,,1,,
21530000,2300-1300,,CHN,CNR1 Jammer/Firedrake,M,Mandarin (Standard Chinese / Beijing dialect),FE,FE,,1,,[0126]
21530000,2300-2400,,TWN,Sound of Hope,M,Mandarin (Standard Chinese / Beijing dialect),FE,FE,,1,,
21550000,0000-0100,,TWN,Sound of Hope,M,Mandarin (Standard Chinese / Beijing dialect),FE,FE,,1,,
21550000,0100-0200,,TWN,Sound of Hope,M,Mandarin (Standard Chinese / Beijing dialect),FE,FE,,1,,
21550000,0200-1200,,TWN,Sound of Hope,M,Mandarin (Standard Chinese / Beijing dialect),FE,FE,,1,,[0626]
21550000,0400-0430,,ROU,Radio Romania Int.,M,Mandarin (Standard Chinese / Beijing dialect),FE,FE,t,6,2903,3003
21550000,0500-0600,"Tu,Th",USA,Voice of America,E,English,FE,FE,/THA-u,6,1606,2510
21550000,1200-1300,,F,Radio France Int.,F,French,CAf,CAf,i,0,,
21550000,1200-1300,,TWN,Sound of Hope,M,Mandarin (Standard Chinese / Beijing dialect),FE,FE,,1,,
21550000,1300-1400,,TWN,Sound of Hope,M,Mandarin (Standard Chinese / Beijing dialect),FE,FE,,1,,
21550000,1400-1500,,TWN,Sound of Hope,M,Mandarin (Standard Chinese / Beijing dialect),FE,FE,,1,,
21550000,2130-1500,,CHN,CNR1 Jammer/Firedrake,M,Mandarin (Standard Chinese / Beijing dialect),CHN,CHN,d,1,,[0726]
21550000,2130-2200,,TWN,Sound of Hope,M,Mandarin (Standard Chinese / Beijing dialect),FE,FE,,1,,
21550000,2200-2300,,TWN,Sound of Hope,M,Mandarin (Standard Chinese / Beijing dialect),FE,FE,,1,,
21550000,2300-2400,,TWN,Sound of Hope,M,Mandarin (Standard Chinese / Beijing dialect),FE,FE,,1,,[0925]
21565000,1200-1400,,G,BBC,E,English,INS,INS,/MDG,0,,
21580000,0700-0800,,F,Radio France Int.,F,French,CAf,CAf,i,0,,
21580000,0800-0900,,F,Radio France Int.,F,French,CAf,CAf,i,0,,
21580000,0900-1000,,F,Radio France Int.,F,French,CAf,CAf,i,0,,
21580000,1700-1800,,F,Radio France Int.,F,French,CAf,CAf,i,0,,
21580000,1900-2000,,F,Radio France Int.,F,French,CAf,CAf,i,0,,
21590000,2200-1200,,CHN,CNR1 DIGITAL,M,Mandarin (Standard Chinese / Beijing dialect),FE,FE,u,5,,[0925]
21595100,1200-1230,,KEN,Radio Ergo,SO,Somali,EAf,EAf,/UAE,1,,
21630000,0000-0100,,TWN,Sound of Hope,M,Mandarin (Standard Chinese / Beijing dialect),FE,FE,,1,,
21630000,0100-0200,,TWN,Sound of Hope,M,Mandarin (Standard Chinese / Beijing dialect),FE,FE,,1,,
21630000,0200-1200,,TWN,Sound of Hope,M,Mandarin (Standard Chinese / Beijing dialect),FE,FE,,1,,
21630000,0400-1100,,G,BBC DIGITAL,E,English,SAs,SAs,/OMA-a,6,2903,1605
21630000,1100-1400,Sa,G,BBC,HA,Haussa,WAf,WAf,/ASC,6,1104,1804
21630000,1100-1400,Su,G,BBC,HA,Haussa,WAf,WAf,/ASC,6,1705,0106
21630000,1200-1300,,TWN,Sound of Hope,M,Mandarin (Standard Chinese / Beijing dialect),FE,FE,,1,,
21630000,1400-1430,Mo-Fr,G,BBC,HA,Haussa,WAf,WAf,/ASC,6,2903,1204
21630000,1400-1430,Mo-Fr,G,BBC,HA,Haussa,WAf,WAf,/UAE,6,1304,2404
21630000,1400-1430,Mo-Fr,G,BBC,HA,Haussa,WAf,WAf,/ASC,6,2504,2510
21630000,2200-1300,,CHN,CNR1 Jammer/Firedrake,M,Mandarin (Standard Chinese / Beijing dialect),FE,FE,,1,,[0925]
21630000,2200-2300,,TWN,Sound of Hope,M,Mandarin (Standard Chinese / Beijing dialect),FE,FE,,1,,
21630000,2300-2400,,TWN,Sound of Hope,M,Mandarin (Standard Chinese / Beijing dialect),FE,FE,,1,,[0925]
21645000,0000-0100,,TWN,Sound of Hope,M,Mandarin (Standard Chinese / Beijing dialect),FE,FE,,1,,
21645000,0100-0200,,TWN,Sound of Hope,M,Mandarin (Standard Chinese / Beijing dialect),FE,FE,,1,,
21645000,0200-1200,,TWN,Sound of Hope,M,Mandarin (Standard Chinese / Beijing dialect),FE,FE,,1,,
21645000,1200-1300,,TWN,Sound of Hope,M,Mandarin (Standard Chinese / Beijing dialect),FE,FE,,1,,
21645000,1330-1500,Sa,G,BBC,HA,Haussa,WAf,WAf,w,6,1804,2504
21645000,1500-1630,Sa,G,BBC,HA,Haussa,WAf,WAf,/ASC,6,1804,2504
21645000,2200-1300,,CHN,CNR1 Jammer/Firedrake,M,Mandarin (Standard Chinese / Beijing dialect),FE,FE,,1,,[0726]
21645000,2200-2300,,TWN,Sound of Hope,M,Mandarin (Standard Chinese / Beijing dialect),FE,FE,,1,,
21645000,2300-2400,,TWN,Sound of Hope,M,Mandarin (Standard Chinese / Beijing dialect),FE,FE,,1,,[0925]
21650000,0300-0330,,CHN,CRI DIGITAL,M,Mandarin (Standard Chinese / Beijing dialect),Oc,Oc,k,0,,
21650000,0630-0700,,CHN,CRI DIGITAL,M,Mandarin (Standard Chinese / Beijing dialect),Oc,Oc,k,0,,
21655000,0730-0800,,CHN,CRI DIGITAL,M,Mandarin (Standard Chinese / Beijing dialect),Oc,Oc,k,0,,
21660000,1700-1730,Su,USA,Follow the Bible Min.,SWA,Swahili/Kisuaheli,EAf,EAf,/ASC,1,,[0826]
21680000,0900-1000,,F,Radio France Int.,F,French,CAf,CAf,i,0,,
21680000,1200-1300,,F,Radio France Int.,F,French,CAf,CAf,i,0,,
21680000,1500-1600,,F,Radio France Int.,SWA,Swahili/Kisuaheli,EAf,EAf,i,0,,
21680000,1700-1800,,F,Radio France Int.,F,French,CAf,CAf,i,0,,
21680000,1800-1900,,F,Radio France Int.,F,French,CAf,CAf,i,0,,
21695000,0130-0400,,USA,Voice of America,M,Mandarin (Standard Chinese / Beijing dialect),FE,FE,/PHL-t,6,0507,0507
21695000,0900-1100,,CHN,CNR1 Jammer/Firedrake,M,Mandarin (Standard Chinese / Beijing dialect),FE,FE,,0,,
21695000,0900-1100,,USA,Voice of America,M,Mandarin (Standard Chinese / Beijing dialect),FE,FE,/PHL-t,0,,
21700000,1300-1334,,D,Radio DARC,D,German,As,As,/UAE,6,3005,3005
21700000,1334-1400,,SUI,C.M.Obrecht,E,English,As,As,/UAE,6,3005,3005
21720000,0200-0330,,PHL,Radyo Pilipinas,E,English,ME,ME,t,0,,
21730000,1130-1145,,CVA,Radio Vaticana,S,Spanish/Castellano,Car,Car,,0,,
21745000,1100-1145,Sa,CVA,Radio Vaticana,M,Mandarin (Standard Chinese / Beijing dialect),FE,FE,,0,,
21760000,1100-1145,Sa,CVA,Radio Vaticana,M,Mandarin (Standard Chinese / Beijing dialect),FE,FE,,0,,
21760000,1230-1250,,CVA,Radio Vaticana,R,Russian,Sib,Sib,,0,,
21775000,1100-1145,Sa,CVA,Radio Vaticana,M,Mandarin (Standard Chinese / Beijing dialect),FE,FE,,0,,
21780000,0000-0100,,TWN,Sound of Hope,M,Mandarin (Standard Chinese / Beijing dialect),FE,FE,,1,,
21780000,0100-0200,,TWN,Sound of Hope,M,Mandarin (Standard Chinese / Beijing dialect),FE,FE,,1,,
21780000,0200-1200,,TWN,Sound of Hope,M,Mandarin (Standard Chinese / Beijing dialect),FE,FE,,1,,[0726]
21780000,1200-1300,,TWN,Sound of Hope,M,Mandarin (Standard Chinese / Beijing dialect),FE,FE,,1,,
21780000,1300-1400,,TWN,Sound of Hope,M,Mandarin (Standard Chinese / Beijing dialect),FE,FE,,1,,
21780000,2300-1400,,CHN,CNR1 Jammer/Firedrake,M,Mandarin (Standard Chinese / Beijing dialect),FE,FE,,1,,
21780000,2300-2400,,TWN,Sound of Hope,M,Mandarin (Standard Chinese / Beijing dialect),FE,FE,,1,,
21830000,0430-0500,,CHN,CRI DIGITAL,M,Mandarin (Standard Chinese / Beijing dialect),Oc,Oc,k,0,,
21830000,0500-0530,,CHN,CRI DIGITAL,M,Mandarin (Standard Chinese / Beijing dialect),Oc,Oc,k,0,,
21854000,0725-0735,"We,Fr",POL,S11a Polish Spy Numbers,R,Russian,,,p,1,0103,3004
21854000,0725-0735,"We,Fr",POL,S11a Polish Spy Numbers,R,Russian,,,p,1,0109,3110
21906000,0510-0520,"Mo,We",POL,S11a Polish Spy Numbers,R,Russian,,,p,1,0111,2802
21925000,0000-2400,,USA,New York Radio,E,English,NAO,NAO,bg,1,,
21925000,0000-2400,,USA,San Francisco Radio NP,E,English,NOc,NOc,/ALS-ba,1,,
21925000,0000-2400,,USA,San Francisco Radio NP,E,English,NOc,NOc,/HWA-m,1,,
21928000,0000-2400,,GUM,Agana Guam HFDL (ID16),-HF,HFDL Squitter (Aircraft comms station),WOc,WOc,h,1,,[0724]
21928000,0000-2400,,ALS,Barrow HFDL (ID9),-HF,HFDL Squitter (Aircraft comms station),NOc,NOc,ba,1,,
21931000,0000-2400,,USA,Riverhead HFDL (ID4),-HF,HFDL Squitter (Aircraft comms station),ENA,ENA,rh,1,,[0724]
21931000,0000-2400,,KOR,Seoul Muan HFDL (ID10),-HF,HFDL Squitter (Aircraft comms station),FE,FE,m,1,,[0419]
21934000,0000-2400,,USA,San Francisco HFDL(ID1),-HF,HFDL Squitter (Aircraft comms station),WNA,WNA,dx,1,,
21937000,0000-2400,,ALS,Barrow HFDL (ID9),-HF,HFDL Squitter (Aircraft comms station),NOc,NOc,ba,1,,
21937000,0000-2400,,HWA,Moloka'i HFDL (ID2),-HF,HFDL Squitter (Aircraft comms station),Oc,Oc,m,1,,[0724]
21946000,0000-2400,,USA,New York Radio,E,English,NAO,NAO,bg,1,,
21949000,0000-2400,,THA,Hat Yai HFDL (ID6),-HF,HFDL Squitter (Aircraft comms station),SEA,SEA,hy,1,,[0122]
21949000,0000-2400,,AFS,Johannesburg HFDL (ID8),-HF,HFDL Squitter (Aircraft comms station),SAf,SAf,j,1,,[0420]
21955000,0000-2400,,CNR,Canarias HFDL (ID17),-HF,HFDL Squitter (Aircraft comms station),WAf,WAf,gc,1,,[0724]
21964000,0000-2400,,USA,New York Radio,E,English,NAO,NAO,bg,1,,[1114]
21964000,0000-2400,,USA,San Francisco R. LDOC,E,English,Oc,Oc,dx,1,,
21964000,0000-2400,,USA,San Francisco Radio CEP,E,English,EOc,EOc,dx,1,,[1016]
21982000,0000-2400,,BHR,Al Muharraq HFDL (ID15),-HF,HFDL Squitter (Aircraft comms station),ME,ME,m,1,,[0424]
21985000,0000-2400,,USA,New York Radio CAR-B,E,English,Car,Car,bg,1,,
21985000,0000-2400,,USA,San Francisco Radio CWP,E,English,WOc,WOc,/GUM-b,1,,
21997000,0000-2400,,BOL,Santa Cruz HFDL (ID13),-HF,HFDL Squitter (Aircraft comms station),SAm,SAm,sz,1,,[0325]
22376000,0130-0140,,HWA,NMO NAVTEX Honolulu,E,English,Oc,Oc,nm,1,,
22376000,0230-0240,,GUM,NRV NAVTEX Guam,E,English,WOc,WOc,,1,,
22376000,0500-0510,,GUM,NRV NAVTEX Guam,E,English,WOc,WOc,,1,,
22376000,0900-0910,,GUM,NRV NAVTEX Guam,E,English,WOc,WOc,,1,,
22376000,1500-1510,,GUM,NRV NAVTEX Guam,E,English,WOc,WOc,,1,,
22376000,1900-1910,,GUM,NRV NAVTEX Guam,E,English,WOc,WOc,,1,,
22376000,2030-2040,,HWA,NMO NAVTEX Honolulu,E,English,Oc,Oc,nm,1,,
22376000,2315-2325,,GUM,NRV NAVTEX Guam,E,English,WOc,WOc,,1,,
22442000,0000-2400,,CHN,XSV Tianjin Radio,-TY,Teletype or other digital Station (RTTY/SITOR/..),FE,FE,tj,1,,
22527000,1840-2215,,USA,NMC Fax Pt Reyes CA,,,WNA,WNA,pr,1,,[0922]
22527000,2320-2400,,USA,NMC Fax Pt Reyes CA,,,WNA,WNA,pr,1,,
22559600,0700-0715,"Mo,We",J,JFX Kagoshima Fish.Fax,,,WOc,WOc,m,1,,
22611500,0000-0900,,KOR,HLF Seoul Radio,-CW,Morse Station,FE,FE,,1,,[0421]
22688000,0000-2400,,CHN,XSV Tianjin Radio,-TY,Teletype or other digital Station (RTTY/SITOR/..),FE,FE,tj,1,,
22696000,0000-2400,,CHN,XSV Tianjin Radio,M,Mandarin (Standard Chinese / Beijing dialect),FE,FE,tj,1,,
22720000,1145-1245,,GRC,SVO Olimpia Radio,GR,Greek,SEu,SEu,o,1,,
22720000,1945-2005,,GRC,SVO Olimpia Radio,GR,Greek,SEu,SEu,o,1,,
22735000,0000-2400,,TUR,TAH Turk Radio Istanbul,E,English,ME,ME,is,1,,
22735000,0000-2400,,CHN,XSQ Guangzhou Radio,M,Mandarin (Standard Chinese / Beijing dialect),FE,FE,gx,1,,
22738000,0000-2400,,CHN,XSV Tianjin Radio,M,Mandarin (Standard Chinese / Beijing dialect),FE,FE,tj,1,,
22753000,0000-2400,,CHN,XSQ Guangzhou Radio,M,Mandarin (Standard Chinese / Beijing dialect),FE,FE,gx,1,,
22756000,0000-2400,,I,Romaradio IAR,I,Italian,SEu,SEu,r,1,,
22762000,0000-2400,,TUR,TAH Turk Radio Istanbul,E,English,ME,ME,is,1,,
22783000,0000-2400,,TUR,TAH Turk Radio Istanbul,E,English,ME,ME,is,1,,
22837000,0000-2400,,CHN,XSV Tianjin Radio,M,Mandarin (Standard Chinese / Beijing dialect),FE,FE,tj,1,,
23004000,0510-0520,"Mo,We",POL,S11a Polish Spy Numbers,R,Russian,,,p,1,0103,3004
23004000,0510-0520,"Mo,We",POL,S11a Polish Spy Numbers,R,Russian,,,p,1,0109,3110
23004000,0600-0610,"Mo,We",POL,E11 Polish Spy Numbers,E,English,,,p,1,0111,2802
23353000,0830-0840,"Mo,Fr",POL,E11 Polish Spy Numbers,E,English,,,p,1,0111,2802
23486000,0725-0735,"We,Fr",POL,S11a Polish Spy Numbers,R,Russian,,,p,1,0111,2802
25000000,0000-2400,,FIN,MIKES Espoo (1 W),-TS,Time Signal Station,FIN,FIN,o,1,,[0126]
25000000,0000-2400,,USA,WWV Colorado (m.ann.),-TS,Time Signal Station,USA,USA,fg,1,,[0126]
25800000,0000-2400,,DNK,World Music Radio,E,English,Eu,Eu,a,1,,[0826]
26151000,0000-2400,,CHN,XSV Tianjin Radio,M,Mandarin (Standard Chinese / Beijing dialect),FE,FE,tj,1,,
26163000,0000-2400,,GRC,SVO Olimpia Radio,-TY,Teletype or other digital Station (RTTY/SITOR/..),SEu,SEu,o,1,,[0817]
26172000,0000-2400,,I,Romaradio IAR,I,Italian,SEu,SEu,r,1,,
27184000,0000-2400,irr,USA,K-LOVE/Air1 Pirate Enid,E,English,CNA,CNA,en,1,,[0726]
