** Message: 09:44:15.166: environement.vala:58: Exporting primary_variable
** Message: 09:44:15.166: environement.vala:59: desktop_environnement XDG_CURRENT_DESKTOP
** Message: 09:44:15.166: environement.vala:150: confir_dirs is null, export : /etc/xdg
** Message: 09:44:15.166: environement.vala:184: Exporting XDG_CONFIG_DIRS
** Message: 09:44:15.166: environement.vala:218: custom_data :/usr/local/share:/usr/share:/usr/share/gdm:/var/lib/menu-xdg:
** Message: 09:44:15.166: environement.vala:219: data_dirs :/usr/local/share/:/usr/share/:/usr/share/gdm/:/var/lib/menu-xdg/
** Message: 09:44:15.166: environement.vala:220: data_dirs not null, export : /usr/local/share:/usr/share:/usr/share/gdm:/var/lib/menu-xdg:/usr/local/share/:/usr/share/:/usr/share/gdm/:/var/lib/menu-xdg/
** Message: 09:44:15.166: environement.vala:225: Exporting XDG_DATA_DIRS
** Message: 09:44:15.168: utils.vala:127: User config used : /home/pi/.config/lxsession/LXDE/desktop.conf
** Message: 09:44:15.168: utils.vala:148: Final file used : /home/pi/.config/lxsession/LXDE/desktop.conf
** Message: 09:44:15.168: utils.vala:39: Config system location : /etc/xdg/lxsession/LXDE
** Message: 09:44:15.168: utils.vala:45: System system path location : /etc/xdg/lxsession/LXDE/desktop.conf
** Message: 09:44:15.170: settings.vala:540: Key file does not have key “iGtk/ColorScheme” in group “GTK”
** Message: 09:44:15.170: settings.vala:540: Key file does not have key “windows_manager/command” in group “Session”
** Message: 09:44:15.170: settings.vala:540: Key file does not have key “panel/command” in group “Session”
** Message: 09:44:15.170: settings.vala:540: Key file does not have key “dock/command” in group “Session”
** Message: 09:44:15.170: settings.vala:540: Key file does not have key “file_manager/command” in group “Session”
** Message: 09:44:15.170: settings.vala:540: Key file does not have key “desktop_manager/command” in group “Session”
** Message: 09:44:15.170: settings.vala:540: Key file does not have key “launcher_manager/command” in group “Session”
** Message: 09:44:15.170: settings.vala:540: Key file does not have key “composite_manager/command” in group “Session”
** Message: 09:44:15.170: settings.vala:540: Key file does not have key “im1/command” in group “Session”
** Message: 09:44:15.170: settings.vala:540: Key file does not have key “im2/command” in group “Session”
** Message: 09:44:15.170: settings.vala:540: Key file does not have key “widget1/command” in group “Session”
** Message: 09:44:15.170: settings.vala:540: Key file does not have key “notification/command” in group “Session”
** Message: 09:44:15.170: settings.vala:540: Key file does not have key “keybindings/command” in group “Session”
** Message: 09:44:15.170: settings.vala:540: Key file does not have key “im_manager/command” in group “Session”
** Message: 09:44:15.170: settings.vala:540: Key file does not have key “screensaver/command” in group “Session”
** Message: 09:44:15.170: settings.vala:540: Key file does not have key “power_manager/command” in group “Session”
** Message: 09:44:15.170: settings.vala:540: Key file does not have key “audio_manager/command” in group “Session”
** Message: 09:44:15.170: settings.vala:540: Key file does not have key “workspace_manager/command” in group “Session”
** Message: 09:44:15.170: settings.vala:540: Key file does not have key “screenshot_manager/command” in group “Session”
** Message: 09:44:15.170: settings.vala:540: Key file does not have key “message_manager/command” in group “Session”
** Message: 09:44:15.170: settings.vala:540: Key file does not have key “upgrade_manager/command” in group “Session”
** Message: 09:44:15.170: settings.vala:540: Key file does not have key “updates_manager/command” in group “Session”
** Message: 09:44:15.170: settings.vala:540: Key file does not have key “updates_manager/timeout” in group “Session”
** Message: 09:44:15.170: settings.vala:540: Key file does not have key “crash_manager/command” in group “Session”
** Message: 09:44:15.170: settings.vala:540: Key file does not have key “crash_manager/dev_mode” in group “Session”
** Message: 09:44:15.170: settings.vala:540: Key file does not have key “crash_manager/timeout” in group “Session”
** Message: 09:44:15.170: settings.vala:540: Key file does not have key “upstart_user_session” in group “Session”
** Message: 09:44:15.170: settings.vala:540: Key file does not have key “proxy_manager/http” in group “Session”
** Message: 09:44:15.170: settings.vala:540: Key file does not have key “a11y/command” in group “Session”
** Message: 09:44:15.170: settings.vala:540: Key file does not have key “xrandr/command” in group “Session”
** Message: 09:44:15.170: settings.vala:540: Key file does not have key “network_gui/command” in group “Session”
** Message: 09:44:15.170: settings.vala:540: Key file does not have key “webbrowser/command” in group “Session”
** Message: 09:44:15.170: settings.vala:540: Key file does not have key “email/command” in group “Session”
** Message: 09:44:15.170: settings.vala:540: Key file does not have key “pdf_reader/command” in group “Session”
** Message: 09:44:15.170: settings.vala:540: Key file does not have key “video_player/command” in group “Session”
** Message: 09:44:15.170: settings.vala:540: Key file does not have key “audio_player/command” in group “Session”
** Message: 09:44:15.170: settings.vala:540: Key file does not have key “image_display/command” in group “Session”
** Message: 09:44:15.170: settings.vala:540: Key file does not have key “text_editor/command” in group “Session”
** Message: 09:44:15.170: settings.vala:540: Key file does not have key “archive/command” in group “Session”
** Message: 09:44:15.170: settings.vala:540: Key file does not have key “charmap/command” in group “Session”
** Message: 09:44:15.170: settings.vala:540: Key file does not have key “calculator/command” in group “Session”
** Message: 09:44:15.170: settings.vala:540: Key file does not have key “spreadsheet/command” in group “Session”
** Message: 09:44:15.170: settings.vala:540: Key file does not have key “bittorent/command” in group “Session”
** Message: 09:44:15.170: settings.vala:540: Key file does not have key “document/command” in group “Session”
** Message: 09:44:15.170: settings.vala:540: Key file does not have key “webcam/command” in group “Session”
** Message: 09:44:15.170: settings.vala:540: Key file does not have key “burn/command” in group “Session”
** Message: 09:44:15.171: settings.vala:540: Key file does not have key “notes/command” in group “Session”
** Message: 09:44:15.171: settings.vala:540: Key file does not have key “disk_utility/command” in group “Session”
** Message: 09:44:15.171: settings.vala:540: Key file does not have key “tasks/command” in group “Session”
** Message: 09:44:15.171: settings.vala:540: Key file does not have group “Keymap”
** Message: 09:44:15.171: settings.vala:540: Key file does not have key “laptop_mode” in group “State”
** Message: 09:44:15.171: settings.vala:540: Key file does not have key “gnome” in group “Dbus”
** Message: 09:44:15.171: settings.vala:540: Key file does not have key “type” in group “Environment”
** Message: 09:44:15.171: settings.vala:540: Key file does not have key “ubuntu_menuproxy” in group “Environment”
** Message: 09:44:15.171: settings.vala:540: Key file does not have key “toolkit_integration” in group “Environment”
** Message: 09:44:15.171: settings.vala:540: Key file does not have key “gtk/overlay_scrollbar_disable” in group “Environment”
** Message: 09:44:15.171: settings.vala:540: Key file does not have key “qt/force_theme” in group “Environment”
** Message: 09:44:15.171: settings.vala:540: Key file does not have key “qt/platform” in group “Environment”
** Message: 09:44:15.171: settings.vala:462: Monitoring: /home/pi/.config/lxsession/LXDE/desktop.conf
** Message: 09:44:15.171: settings.vala:466: Desktop file is already in config home, do nothing
** Message: 09:44:15.171: settings.vala:373: Settings default for Session, windows_manager, command : openbox
** Message: 09:44:15.171: settings.vala:373: Settings default for Session, windows_manager, session : LXDE
** Message: 09:44:15.171: settings.vala:373: Settings default for Session, launcher_manager, command : lxpanelctl
** Message: 09:44:15.171: environement.vala:79: Exporting variable
** Message: 09:44:15.171: environement.vala:80: desktop_environnement XDG_CURRENT_DESKTOP
** Message: 09:44:15.171: environement.vala:177: custom_config :
** Message: 09:44:15.171: environement.vala:178: config_dirs :/etc/xdg
** Message: 09:44:15.171: environement.vala:179: confir_dirs not null, export : /etc/xdg
** Message: 09:44:15.171: environement.vala:184: Exporting XDG_CONFIG_DIRS
** Message: 09:44:15.171: environement.vala:218: custom_data :
** Message: 09:44:15.171: environement.vala:219: data_dirs :/usr/local/share:/usr/share:/usr/share/gdm:/var/lib/menu-xdg:/usr/local/share/:/usr/share/:/usr/share/gdm/:/var/lib/menu-xdg/
** Message: 09:44:15.171: environement.vala:220: data_dirs not null, export : /usr/local/share:/usr/share:/usr/share/gdm:/var/lib/menu-xdg:/usr/local/share/:/usr/share/:/usr/share/gdm/:/var/lib/menu-xdg/
** Message: 09:44:15.171: environement.vala:225: Exporting XDG_DATA_DIRS
** Message: 09:44:15.171: utils.vala:39: Config system location : /etc/xdg/lxsession/LXDE
** Message: 09:44:15.171: utils.vala:45: System system path location : /etc/xdg/lxsession/LXDE/desktop.conf
** Message: 09:44:15.171: environement.vala:254: No entry in [Environment_variable]. Key file does not have group “Environment_variable”

** (lxsession:6768): WARNING **: 09:44:15.172: process.vala:49: Failed to execute child process “xprop” (No such file or directory)

** (lxsession:6768): WARNING **: 09:44:15.172: process.vala:50: Error when launching xprop
** Message: 09:44:15.172: utils.vala:138: Config system location : /etc/xdg/lxsession/LXDE
** Message: 09:44:15.172: utils.vala:144: System system path location : /etc/xdg/lxsession/LXDE/conffiles.conf
** Message: 09:44:15.172: utils.vala:148: Final file used : /etc/xdg/lxsession/LXDE/conffiles.conf
** Message: 09:44:15.172: options.vala:164: Activate xsettings_manager build-in
** Message: 09:44:15.172: utils.vala:39: Config system location : /etc/xdg/lxsession/LXDE
** Message: 09:44:15.172: utils.vala:45: System system path location : /etc/xdg/lxsession/LXDE/desktop.conf
** Message: 09:44:15.177: app.vala:728: polkit separate
** Message: 09:44:15.177: app.vala:728: polkit separate
** Message: 09:44:15.180: app.vala:76: Launching lxpolkit 
** Message: 09:44:15.180: utils.vala:127: User config used : /home/pi/.config/lxsession/LXDE/autostart
** Message: 09:44:15.180: utils.vala:148: Final file used : /home/pi/.config/lxsession/LXDE/autostart
** Message: 09:44:15.180: autostart.vala:42: Autostart path : /home/pi/.config/lxsession/LXDE/autostart
** Message: 09:44:15.186: app.vala:76: Launching lxpanel 
** Message: 09:44:15.191: app.vala:76: Launching pcmanfm 

** (lxsession:6768): WARNING **: 09:44:15.191: app.vala:86: Failed to execute child process “xscreensaver” (No such file or directory)

** (lxsession:6768): WARNING **: 09:44:15.191: app.vala:87: Error when launching xscreensaver
** Message: 09:44:15.197: options.vala:107: Create build-in Clipboard
** Message: 09:44:15.197: main.vala:450: Check keymap_mode (null)
** Message: 09:44:15.198: app.vala:76: Launching /usr/bin/ssh-agent 

(lxpolkit:6865): dbind-WARNING **: 09:44:15.203: AT-SPI: Error retrieving accessibility bus address: org.freedesktop.DBus.ErrorSSH_AUTH_SOCK=/tmp/ssh-o5HIuOwzS12p/agent.6871; export SSH_AUTH_SOCK;
SSH_AGENT_PID=6879; export SSH_AGENT_PID;
echo Agent pid 6879;
.ServiceUnknown: The name org.a11y.Bus was not provided by any .service files
Failure: No such entity

(polkit-mate-authentication-agent-1:6895): dbind-WARNING **: 09:44:15.254: AT-SPI: Error retrieving accessibility bus address: org.freedesktop.DBus.Error.ServiceUnknown: The name org.a11y.Bus was not provided by any .service files
Cannot register authentication agent: GDBus.Error:org.freedesktop.PolicyKit1.Error.Failed: An authentication agent already exists for the given subject
** Message: 09:44:15.291: app.vala:130: /usr/bin/ssh-agent exit with this type of exit: 0

(nm-applet:6888): dbind-WARNING **: 09:44:15.335: AT-SPI: Error retrieving accessibility bus address: org.freedesktop.DBus.Error.ServiceUnknown: The name org.a11y.Bus was not provided by any .service files

(lxpolkit:6908): dbind-WARNING **: 09:44:15.338: AT-SPI: Error retrieving accessibility bus address: org.freedesktop.DBus.Error.ServiceUnknown: The name org.a11y.Bus was not provided by any .service files

(lxpanel:6867): dbind-WARNING **: 09:44:15.338: AT-SPI: Error retrieving accessibility bus address: org.freedesktop.DBus.Error.ServiceUnknown: The name org.a11y.Bus was not provided by any .service files

(pcmanfm:6868): dbind-WARNING **: 09:44:15.340: AT-SPI: Error retrieving accessibility bus address: org.freedesktop.DBus.Error.ServiceUnknown: The name org.a11y.Bus was not provided by any .service files
** Message: 09:44:15.342: main.vala:40: lxpolkit is already running. Exiting

(light-locker:6918): dbind-WARNING **: 09:44:15.386: AT-SPI: Error retrieving accessibility bus address: org.freedesktop.DBus.Error.ServiceUnknown: The name org.a11y.Bus was not provided by any .service files

(diodon:6921): dbind-WARNING **: 09:44:15.399: AT-SPI: Error retrieving accessibility bus address: org.freedesktop.DBus.Error.ServiceUnknown: The name org.a11y.Bus was not provided by any .service files
Openbox-Message: Unable to find a valid menu file "/usr/share/lxde/openbox/menu.xml"

(lxpanel:6867): GLib-GIO-CRITICAL **: 09:44:15.537: GFileInfo created without standard::edit-name

(lxpanel:6867): GLib-GIO-CRITICAL **: 09:44:15.537: file ../../../gio/gfileinfo.c: line 1757 (g_file_info_get_edit_name): should not be reached

(lxpanel:6867): GLib-GIO-CRITICAL **: 09:44:15.537: GFileInfo created without standard::size

(lxpanel:6867): GLib-GIO-CRITICAL **: 09:44:15.537: file ../../../gio/gfileinfo.c: line 1860 (g_file_info_get_size): should not be reached

(lxpanel:6867): GLib-GIO-CRITICAL **: 09:44:15.537: GFileInfo created without standard::content-type

(lxpanel:6867): GLib-GIO-CRITICAL **: 09:44:15.537: file ../../../gio/gfileinfo.c: line 1836 (g_file_info_get_content_type): should not be reached

(lxpanel:6867): GLib-GIO-CRITICAL **: 09:44:15.537: GFileInfo created without standard::is-symlink

(lxpanel:6867): GLib-GIO-CRITICAL **: 09:44:15.537: file ../../../gio/gfileinfo.c: line 1691 (g_file_info_get_is_symlink): should not be reached

(lxpanel:6867): GLib-GIO-CRITICAL **: 09:44:15.537: GFileInfo created without standard::is-hidden

(lxpanel:6867): GLib-GIO-CRITICAL **: 09:44:15.537: file ../../../gio/gfileinfo.c: line 1647 (g_file_info_get_is_hidden): should not be reached

(lxpanel:6867): GLib-GIO-CRITICAL **: 09:44:15.537: GFileInfo created without standard::is-backup

(lxpanel:6867): GLib-GIO-CRITICAL **: 09:44:15.537: file ../../../gio/gfileinfo.c: line 1669 (g_file_info_get_is_backup): should not be reached

(lxpanel:6867): GLib-GIO-CRITICAL **: 09:44:15.537: GFileInfo created without standard::is-symlink

(lxpanel:6867): GLib-GIO-CRITICAL **: 09:44:15.537: file ../../../gio/gfileinfo.c: line 1691 (g_file_info_get_is_symlink): should not be reached

(lxpanel:6867): GLib-GIO-CRITICAL **: 09:44:15.537: GFileInfo created without standard::is-symlink

(lxpanel:6867): GLib-GIO-CRITICAL **: 09:44:15.538: file ../../../gio/gfileinfo.c: line 1691 (g_file_info_get_is_symlink): should not be reached

(lxpanel:6867): GLib-GIO-CRITICAL **: 09:44:15.538: GFileInfo created without standard::is-symlink

(lxpanel:6867): GLib-GIO-CRITICAL **: 09:44:15.538: file ../../../gio/gfileinfo.c: line 1691 (g_file_info_get_is_symlink): should not be reached

(lxpanel:6867): GLib-GIO-CRITICAL **: 09:44:15.538: GFileInfo created without standard::is-symlink

(lxpanel:6867): GLib-GIO-CRITICAL **: 09:44:15.538: file ../../../gio/gfileinfo.c: line 1691 (g_file_info_get_is_symlink): should not be reached

(lxpanel:6867): GLib-GIO-CRITICAL **: 09:44:15.538: GFileInfo created without standard::is-symlink

(lxpanel:6867): GLib-GIO-CRITICAL **: 09:44:15.538: file ../../../gio/gfileinfo.c: line 1691 (g_file_info_get_is_symlink): should not be reached

(lxpanel:6867): GLib-GIO-CRITICAL **: 09:44:15.538: GFileInfo created without standard::is-symlink

(lxpanel:6867): GLib-GIO-CRITICAL **: 09:44:15.538: file ../../../gio/gfileinfo.c: line 1691 (g_file_info_get_is_symlink): should not be reached

(lxpanel:6867): GLib-GIO-CRITICAL **: 09:44:15.538: GFileInfo created without standard::is-symlink

(lxpanel:6867): GLib-GIO-CRITICAL **: 09:44:15.538: file ../../../gio/gfileinfo.c: line 1691 (g_file_info_get_is_symlink): should not be reached

(lxpanel:6867): GLib-GIO-CRITICAL **: 09:44:15.538: GFileInfo created without standard::is-symlink

(lxpanel:6867): GLib-GIO-CRITICAL **: 09:44:15.538: file ../../../gio/gfileinfo.c: line 1691 (g_file_info_get_is_symlink): should not be reached

(lxpanel:6867): GLib-GIO-CRITICAL **: 09:44:15.538: GFileInfo created without standard::is-symlink

(lxpanel:6867): GLib-GIO-CRITICAL **: 09:44:15.538: file ../../../gio/gfileinfo.c: line 1691 (g_file_info_get_is_symlink): should not be reached

(lxpanel:6867): GLib-GIO-CRITICAL **: 09:44:15.538: GFileInfo created without standard::is-symlink

(lxpanel:6867): GLib-GIO-CRITICAL **: 09:44:15.538: file ../../../gio/gfileinfo.c: line 1691 (g_file_info_get_is_symlink): should not be reached

(lxpanel:6867): GLib-GIO-CRITICAL **: 09:44:15.538: GFileInfo created without standard::is-symlink

(lxpanel:6867): GLib-GIO-CRITICAL **: 09:44:15.538: file ../../../gio/gfileinfo.c: line 1691 (g_file_info_get_is_symlink): should not be reached

(lxpanel:6867): GLib-GIO-CRITICAL **: 09:44:15.538: GFileInfo created without standard::is-symlink

(lxpanel:6867): GLib-GIO-CRITICAL **: 09:44:15.538: file ../../../gio/gfileinfo.c: line 1691 (g_file_info_get_is_symlink): should not be reached

(lxpanel:6867): GLib-GIO-CRITICAL **: 09:44:15.538: GFileInfo created without standard::is-symlink

(lxpanel:6867): GLib-GIO-CRITICAL **: 09:44:15.538: file ../../../gio/gfileinfo.c: line 1691 (g_file_info_get_is_symlink): should not be reached

(lxpanel:6867): GLib-GIO-CRITICAL **: 09:44:15.538: GFileInfo created without standard::is-symlink

(lxpanel:6867): GLib-GIO-CRITICAL **: 09:44:15.538: file ../../../gio/gfileinfo.c: line 1691 (g_file_info_get_is_symlink): should not be reached

(lxpanel:6867): GLib-GIO-CRITICAL **: 09:44:15.538: GFileInfo created without standard::is-symlink

(lxpanel:6867): GLib-GIO-CRITICAL **: 09:44:15.538: file ../../../gio/gfileinfo.c: line 1691 (g_file_info_get_is_symlink): should not be reached

(lxpanel:6867): GLib-GIO-CRITICAL **: 09:44:15.538: GFileInfo created without standard::is-symlink

(lxpanel:6867): GLib-GIO-CRITICAL **: 09:44:15.538: file ../../../gio/gfileinfo.c: line 1691 (g_file_info_get_is_symlink): should not be reached

(lxpanel:6867): GLib-GIO-CRITICAL **: 09:44:15.538: GFileInfo created without standard::is-symlink

(lxpanel:6867): GLib-GIO-CRITICAL **: 09:44:15.538: file ../../../gio/gfileinfo.c: line 1691 (g_file_info_get_is_symlink): should not be reached

(lxpanel:6867): GLib-GIO-CRITICAL **: 09:44:15.538: GFileInfo created without standard::is-symlink

(lxpanel:6867): GLib-GIO-CRITICAL **: 09:44:15.538: file ../../../gio/gfileinfo.c: line 1691 (g_file_info_get_is_symlink): should not be reached

(lxpanel:6867): GLib-GIO-CRITICAL **: 09:44:15.538: GFileInfo created without standard::is-symlink

(lxpanel:6867): GLib-GIO-CRITICAL **: 09:44:15.538: file ../../../gio/gfileinfo.c: line 1691 (g_file_info_get_is_symlink): should not be reached

(lxpanel:6867): GLib-GIO-CRITICAL **: 09:44:15.538: GFileInfo created without standard::is-symlink

(lxpanel:6867): GLib-GIO-CRITICAL **: 09:44:15.538: file ../../../gio/gfileinfo.c: line 1691 (g_file_info_get_is_symlink): should not be reached

(lxpanel:6867): GLib-GIO-CRITICAL **: 09:44:15.538: GFileInfo created without standard::is-symlink

(lxpanel:6867): GLib-GIO-CRITICAL **: 09:44:15.538: file ../../../gio/gfileinfo.c: line 1691 (g_file_info_get_is_symlink): should not be reached

(lxpanel:6867): GLib-GIO-CRITICAL **: 09:44:15.538: GFileInfo created without standard::is-symlink

(lxpanel:6867): GLib-GIO-CRITICAL **: 09:44:15.538: file ../../../gio/gfileinfo.c: line 1691 (g_file_info_get_is_symlink): should not be reached

(lxpanel:6867): GLib-GIO-CRITICAL **: 09:44:15.538: GFileInfo created without standard::is-symlink

(lxpanel:6867): GLib-GIO-CRITICAL **: 09:44:15.538: file ../../../gio/gfileinfo.c: line 1691 (g_file_info_get_is_symlink): should not be reached

(lxpanel:6867): GLib-GIO-CRITICAL **: 09:44:15.538: GFileInfo created without standard::is-symlink

(lxpanel:6867): GLib-GIO-CRITICAL **: 09:44:15.538: file ../../../gio/gfileinfo.c: line 1691 (g_file_info_get_is_symlink): should not be reached

(lxpanel:6867): GLib-GIO-CRITICAL **: 09:44:15.538: GFileInfo created without standard::is-symlink

(lxpanel:6867): GLib-GIO-CRITICAL **: 09:44:15.538: file ../../../gio/gfileinfo.c: line 1691 (g_file_info_get_is_symlink): should not be reached

(lxpanel:6867): GLib-GIO-CRITICAL **: 09:44:15.538: GFileInfo created without standard::is-symlink

(lxpanel:6867): GLib-GIO-CRITICAL **: 09:44:15.538: file ../../../gio/gfileinfo.c: line 1691 (g_file_info_get_is_symlink): should not be reached

(lxpanel:6867): GLib-GIO-CRITICAL **: 09:44:15.538: GFileInfo created without standard::is-symlink

(lxpanel:6867): GLib-GIO-CRITICAL **: 09:44:15.538: file ../../../gio/gfileinfo.c: line 1691 (g_file_info_get_is_symlink): should not be reached

(lxpanel:6867): GLib-GIO-CRITICAL **: 09:44:15.538: GFileInfo created without standard::is-symlink

(lxpanel:6867): GLib-GIO-CRITICAL **: 09:44:15.538: file ../../../gio/gfileinfo.c: line 1691 (g_file_info_get_is_symlink): should not be reached

(lxpanel:6867): GLib-GIO-CRITICAL **: 09:44:15.538: GFileInfo created without standard::is-symlink

(lxpanel:6867): GLib-GIO-CRITICAL **: 09:44:15.538: file ../../../gio/gfileinfo.c: line 1691 (g_file_info_get_is_symlink): should not be reached

(lxpanel:6867): GLib-GIO-CRITICAL **: 09:44:15.538: GFileInfo created without standard::is-symlink

(lxpanel:6867): GLib-GIO-CRITICAL **: 09:44:15.538: file ../../../gio/gfileinfo.c: line 1691 (g_file_info_get_is_symlink): should not be reached

(lxpanel:6867): GLib-GIO-CRITICAL **: 09:44:15.538: GFileInfo created without standard::is-symlink

(lxpanel:6867): GLib-GIO-CRITICAL **: 09:44:15.538: file ../../../gio/gfileinfo.c: line 1691 (g_file_info_get_is_symlink): should not be reached

(lxpanel:6867): GLib-GIO-CRITICAL **: 09:44:15.538: GFileInfo created without standard::is-symlink

(lxpanel:6867): GLib-GIO-CRITICAL **: 09:44:15.538: file ../../../gio/gfileinfo.c: line 1691 (g_file_info_get_is_symlink): should not be reached

(lxpanel:6867): GLib-GIO-CRITICAL **: 09:44:15.538: GFileInfo created without standard::is-symlink

(lxpanel:6867): GLib-GIO-CRITICAL **: 09:44:15.538: file ../../../gio/gfileinfo.c: line 1691 (g_file_info_get_is_symlink): should not be reached

(lxpanel:6867): GLib-GIO-CRITICAL **: 09:44:15.538: GFileInfo created without standard::is-symlink

(lxpanel:6867): GLib-GIO-CRITICAL **: 09:44:15.538: file ../../../gio/gfileinfo.c: line 1691 (g_file_info_get_is_symlink): should not be reached

(lxpanel:6867): GLib-GIO-CRITICAL **: 09:44:15.538: GFileInfo created without standard::is-symlink

(lxpanel:6867): GLib-GIO-CRITICAL **: 09:44:15.538: file ../../../gio/gfileinfo.c: line 1691 (g_file_info_get_is_symlink): should not be reached

(lxpanel:6867): GLib-GIO-CRITICAL **: 09:44:15.538: GFileInfo created without standard::is-symlink

(lxpanel:6867): GLib-GIO-CRITICAL **: 09:44:15.538: file ../../../gio/gfileinfo.c: line 1691 (g_file_info_get_is_symlink): should not be reached

(lxpanel:6867): GLib-GIO-CRITICAL **: 09:44:15.538: GFileInfo created without standard::is-symlink

(lxpanel:6867): GLib-GIO-CRITICAL **: 09:44:15.538: file ../../../gio/gfileinfo.c: line 1691 (g_file_info_get_is_symlink): should not be reached

(lxpanel:6867): GLib-GIO-CRITICAL **: 09:44:15.538: GFileInfo created without standard::is-symlink

(lxpanel:6867): GLib-GIO-CRITICAL **: 09:44:15.538: file ../../../gio/gfileinfo.c: line 1691 (g_file_info_get_is_symlink): should not be reached

(lxpanel:6867): GLib-GIO-CRITICAL **: 09:44:15.538: GFileInfo created without standard::is-symlink

(lxpanel:6867): GLib-GIO-CRITICAL **: 09:44:15.538: file ../../../gio/gfileinfo.c: line 1691 (g_file_info_get_is_symlink): should not be reached

(lxpanel:6867): GLib-GIO-CRITICAL **: 09:44:15.538: GFileInfo created without standard::is-symlink

(lxpanel:6867): GLib-GIO-CRITICAL **: 09:44:15.538: file ../../../gio/gfileinfo.c: line 1691 (g_file_info_get_is_symlink): should not be reached

(lxpanel:6867): GLib-GIO-CRITICAL **: 09:44:15.538: GFileInfo created without standard::is-symlink

(lxpanel:6867): GLib-GIO-CRITICAL **: 09:44:15.538: file ../../../gio/gfileinfo.c: line 1691 (g_file_info_get_is_symlink): should not be reached

(lxpanel:6867): GLib-GIO-CRITICAL **: 09:44:15.538: GFileInfo created without standard::is-symlink

(lxpanel:6867): GLib-GIO-CRITICAL **: 09:44:15.538: file ../../../gio/gfileinfo.c: line 1691 (g_file_info_get_is_symlink): should not be reached

(lxpanel:6867): GLib-GIO-CRITICAL **: 09:44:15.539: GFileInfo created without standard::is-symlink

(lxpanel:6867): GLib-GIO-CRITICAL **: 09:44:15.539: file ../../../gio/gfileinfo.c: line 1691 (g_file_info_get_is_symlink): should not be reached

(lxpanel:6867): GLib-GIO-CRITICAL **: 09:44:15.539: GFileInfo created without standard::is-symlink

(lxpanel:6867): GLib-GIO-CRITICAL **: 09:44:15.539: file ../../../gio/gfileinfo.c: line 1691 (g_file_info_get_is_symlink): should not be reached

(lxpanel:6867): GLib-GIO-CRITICAL **: 09:44:15.539: GFileInfo created without standard::is-symlink

(lxpanel:6867): GLib-GIO-CRITICAL **: 09:44:15.539: file ../../../gio/gfileinfo.c: line 1691 (g_file_info_get_is_symlink): should not be reached

(lxpanel:6867): GLib-GIO-CRITICAL **: 09:44:15.539: GFileInfo created without standard::is-symlink

(lxpanel:6867): GLib-GIO-CRITICAL **: 09:44:15.539: file ../../../gio/gfileinfo.c: line 1691 (g_file_info_get_is_symlink): should not be reached

(lxpanel:6867): GLib-GIO-CRITICAL **: 09:44:15.539: GFileInfo created without standard::is-symlink

(lxpanel:6867): GLib-GIO-CRITICAL **: 09:44:15.539: file ../../../gio/gfileinfo.c: line 1691 (g_file_info_get_is_symlink): should not be reached

(lxpanel:6867): GLib-GIO-CRITICAL **: 09:44:15.539: GFileInfo created without standard::is-symlink

(lxpanel:6867): GLib-GIO-CRITICAL **: 09:44:15.539: file ../../../gio/gfileinfo.c: line 1691 (g_file_info_get_is_symlink): should not be reached

(lxpanel:6867): GLib-GIO-CRITICAL **: 09:44:15.539: GFileInfo created without standard::is-symlink

(lxpanel:6867): GLib-GIO-CRITICAL **: 09:44:15.539: file ../../../gio/gfileinfo.c: line 1691 (g_file_info_get_is_symlink): should not be reached

(lxpanel:6867): GLib-GIO-CRITICAL **: 09:44:15.539: GFileInfo created without standard::is-symlink

(lxpanel:6867): GLib-GIO-CRITICAL **: 09:44:15.539: file ../../../gio/gfileinfo.c: line 1691 (g_file_info_get_is_symlink): should not be reached

(lxpanel:6867): GLib-GIO-CRITICAL **: 09:44:15.539: GFileInfo created without standard::is-symlink

(lxpanel:6867): GLib-GIO-CRITICAL **: 09:44:15.539: file ../../../gio/gfileinfo.c: line 1691 (g_file_info_get_is_symlink): should not be reached

(lxpanel:6867): GLib-GIO-CRITICAL **: 09:44:15.539: GFileInfo created without standard::is-symlink

(lxpanel:6867): GLib-GIO-CRITICAL **: 09:44:15.539: file ../../../gio/gfileinfo.c: line 1691 (g_file_info_get_is_symlink): should not be reached

(lxpanel:6867): GLib-GIO-CRITICAL **: 09:44:15.539: GFileInfo created without standard::is-symlink

(lxpanel:6867): GLib-GIO-CRITICAL **: 09:44:15.539: file ../../../gio/gfileinfo.c: line 1691 (g_file_info_get_is_symlink): should not be reached

(lxpanel:6867): GLib-GIO-CRITICAL **: 09:44:15.539: GFileInfo created without standard::is-symlink

(lxpanel:6867): GLib-GIO-CRITICAL **: 09:44:15.539: file ../../../gio/gfileinfo.c: line 1691 (g_file_info_get_is_symlink): should not be reached

(lxpanel:6867): GLib-GIO-CRITICAL **: 09:44:15.539: GFileInfo created without standard::is-symlink

(lxpanel:6867): GLib-GIO-CRITICAL **: 09:44:15.539: file ../../../gio/gfileinfo.c: line 1691 (g_file_info_get_is_symlink): should not be reached

(lxpanel:6867): GLib-GIO-CRITICAL **: 09:44:15.539: GFileInfo created without standard::edit-name

(lxpanel:6867): GLib-GIO-CRITICAL **: 09:44:15.539: file ../../../gio/gfileinfo.c: line 1757 (g_file_info_get_edit_name): should not be reached

(lxpanel:6867): GLib-GIO-CRITICAL **: 09:44:15.539: GFileInfo created without standard::size

(lxpanel:6867): GLib-GIO-CRITICAL **: 09:44:15.539: file ../../../gio/gfileinfo.c: line 1860 (g_file_info_get_size): should not be reached

(lxpanel:6867): GLib-GIO-CRITICAL **: 09:44:15.539: GFileInfo created without standard::content-type

(lxpanel:6867): GLib-GIO-CRITICAL **: 09:44:15.539: file ../../../gio/gfileinfo.c: line 1836 (g_file_info_get_content_type): should not be reached

(lxpanel:6867): GLib-GIO-CRITICAL **: 09:44:15.539: GFileInfo created without standard::is-symlink

(lxpanel:6867): GLib-GIO-CRITICAL **: 09:44:15.539: GFileInfo created without standard::is-symlink

(lxpanel:6867): GLib-GIO-CRITICAL **: 09:44:15.539: file ../../../gio/gfileinfo.c: line 1691 (g_file_info_get_is_symlink): should not be reached

(lxpanel:6867): GLib-GIO-CRITICAL **: 09:44:15.539: file ../../../gio/gfileinfo.c: line 1691 (g_file_info_get_is_symlink): should not be reached

(lxpanel:6867): GLib-GIO-CRITICAL **: 09:44:15.539: GFileInfo created without standard::is-symlink

(lxpanel:6867): GLib-GIO-CRITICAL **: 09:44:15.539: GFileInfo created without standard::is-hidden

(lxpanel:6867): GLib-GIO-CRITICAL **: 09:44:15.539: file ../../../gio/gfileinfo.c: line 1691 (g_file_info_get_is_symlink): should not be reached

(lxpanel:6867): GLib-GIO-CRITICAL **: 09:44:15.539: file ../../../gio/gfileinfo.c: line 1647 (g_file_info_get_is_hidden): should not be reached

(lxpanel:6867): GLib-GIO-CRITICAL **: 09:44:15.539: GFileInfo created without standard::is-backup

(lxpanel:6867): GLib-GIO-CRITICAL **: 09:44:15.539: file ../../../gio/gfileinfo.c: line 1669 (g_file_info_get_is_backup): should not be reached

(lxpanel:6867): GLib-GIO-CRITICAL **: 09:44:15.539: GFileInfo created without standard::is-symlink

(lxpanel:6867): GLib-GIO-CRITICAL **: 09:44:15.539: file ../../../gio/gfileinfo.c: line 1691 (g_file_info_get_is_symlink): should not be reached

(lxpanel:6867): GLib-GIO-CRITICAL **: 09:44:15.539: GFileInfo created without standard::is-symlink

(lxpanel:6867): GLib-GIO-CRITICAL **: 09:44:15.539: file ../../../gio/gfileinfo.c: line 1691 (g_file_info_get_is_symlink): should not be reached

(lxpanel:6867): GLib-GIO-CRITICAL **: 09:44:15.539: GFileInfo created without standard::is-symlink

(lxpanel:6867): GLib-GIO-CRITICAL **: 09:44:15.539: GFileInfo created without standard::is-symlink

(lxpanel:6867): GLib-GIO-CRITICAL **: 09:44:15.539: file ../../../gio/gfileinfo.c: line 1691 (g_file_info_get_is_symlink): should not be reached

(lxpanel:6867): GLib-GIO-CRITICAL **: 09:44:15.539: file ../../../gio/gfileinfo.c: line 1691 (g_file_info_get_is_symlink): should not be reached

(lxpanel:6867): GLib-GIO-CRITICAL **: 09:44:15.539: GFileInfo created without standard::is-symlink

(lxpanel:6867): GLib-GIO-CRITICAL **: 09:44:15.539: file ../../../gio/gfileinfo.c: line 1691 (g_file_info_get_is_symlink): should not be reached

(lxpanel:6867): GLib-GIO-CRITICAL **: 09:44:15.539: GFileInfo created without standard::is-symlink

(lxpanel:6867): GLib-GIO-CRITICAL **: 09:44:15.539: file ../../../gio/gfileinfo.c: line 1691 (g_file_info_get_is_symlink): should not be reached

(lxpanel:6867): GLib-GIO-CRITICAL **: 09:44:15.539: GFileInfo created without standard::is-symlink

(lxpanel:6867): GLib-GIO-CRITICAL **: 09:44:15.539: file ../../../gio/gfileinfo.c: line 1691 (g_file_info_get_is_symlink): should not be reached

(lxpanel:6867): GLib-GIO-CRITICAL **: 09:44:15.539: GFileInfo created without standard::is-symlink

(lxpanel:6867): GLib-GIO-CRITICAL **: 09:44:15.539: file ../../../gio/gfileinfo.c: line 1691 (g_file_info_get_is_symlink): should not be reached

(lxpanel:6867): GLib-GIO-CRITICAL **: 09:44:15.539: GFileInfo created without standard::is-symlink

(lxpanel:6867): GLib-GIO-CRITICAL **: 09:44:15.539: GFileInfo created without standard::is-symlink

(lxpanel:6867): GLib-GIO-CRITICAL **: 09:44:15.539: file ../../../gio/gfileinfo.c: line 1691 (g_file_info_get_is_symlink): should not be reached

(lxpanel:6867): GLib-GIO-CRITICAL **: 09:44:15.539: file ../../../gio/gfileinfo.c: line 1691 (g_file_info_get_is_symlink): should not be reached

(lxpanel:6867): GLib-GIO-CRITICAL **: 09:44:15.539: GFileInfo created without standard::is-symlink

(lxpanel:6867): GLib-GIO-CRITICAL **: 09:44:15.539: file ../../../gio/gfileinfo.c: line 1691 (g_file_info_get_is_symlink): should not be reached

(lxpanel:6867): GLib-GIO-CRITICAL **: 09:44:15.539: GFileInfo created without standard::is-symlink

(lxpanel:6867): GLib-GIO-CRITICAL **: 09:44:15.539: file ../../../gio/gfileinfo.c: line 1691 (g_file_info_get_is_symlink): should not be reached

(lxpanel:6867): GLib-GIO-CRITICAL **: 09:44:15.539: GFileInfo created without standard::is-symlink

(lxpanel:6867): GLib-GIO-CRITICAL **: 09:44:15.539: file ../../../gio/gfileinfo.c: line 1691 (g_file_info_get_is_symlink): should not be reached

(lxpanel:6867): GLib-GIO-CRITICAL **: 09:44:15.539: GFileInfo created without standard::is-symlink

(lxpanel:6867): GLib-GIO-CRITICAL **: 09:44:15.539: file ../../../gio/gfileinfo.c: line 1691 (g_file_info_get_is_symlink): should not be reached

(lxpanel:6867): GLib-GIO-CRITICAL **: 09:44:15.539: GFileInfo created without standard::is-symlink

(lxpanel:6867): GLib-GIO-CRITICAL **: 09:44:15.539: file ../../../gio/gfileinfo.c: line 1691 (g_file_info_get_is_symlink): should not be reached

(lxpanel:6867): GLib-GIO-CRITICAL **: 09:44:15.539: GFileInfo created without standard::is-symlink

(lxpanel:6867): GLib-GIO-CRITICAL **: 09:44:15.539: file ../../../gio/gfileinfo.c: line 1691 (g_file_info_get_is_symlink): should not be reached

(lxpanel:6867): GLib-GIO-CRITICAL **: 09:44:15.539: GFileInfo created without standard::is-symlink

(lxpanel:6867): GLib-GIO-CRITICAL **: 09:44:15.539: file ../../../gio/gfileinfo.c: line 1691 (g_file_info_get_is_symlink): should not be reached

(lxpanel:6867): GLib-GIO-CRITICAL **: 09:44:15.539: GFileInfo created without standard::is-symlink

(lxpanel:6867): GLib-GIO-CRITICAL **: 09:44:15.539: file ../../../gio/gfileinfo.c: line 1691 (g_file_info_get_is_symlink): should not be reached

(lxpanel:6867): GLib-GIO-CRITICAL **: 09:44:15.539: GFileInfo created without standard::is-symlink

(lxpanel:6867): GLib-GIO-CRITICAL **: 09:44:15.539: file ../../../gio/gfileinfo.c: line 1691 (g_file_info_get_is_symlink): should not be reached

(lxpanel:6867): GLib-GIO-CRITICAL **: 09:44:15.539: GFileInfo created without standard::is-symlink

(lxpanel:6867): GLib-GIO-CRITICAL **: 09:44:15.539: file ../../../gio/gfileinfo.c: line 1691 (g_file_info_get_is_symlink): should not be reached

(lxpanel:6867): GLib-GIO-CRITICAL **: 09:44:15.539: GFileInfo created without standard::is-symlink

(lxpanel:6867): GLib-GIO-CRITICAL **: 09:44:15.539: file ../../../gio/gfileinfo.c: line 1691 (g_file_info_get_is_symlink): should not be reached

(lxpanel:6867): GLib-GIO-CRITICAL **: 09:44:15.539: GFileInfo created without standard::is-symlink

(lxpanel:6867): GLib-GIO-CRITICAL **: 09:44:15.539: file ../../../gio/gfileinfo.c: line 1691 (g_file_info_get_is_symlink): should not be reached

(lxpanel:6867): GLib-GIO-CRITICAL **: 09:44:15.539: GFileInfo created without standard::is-symlink

(lxpanel:6867): GLib-GIO-CRITICAL **: 09:44:15.539: file ../../../gio/gfileinfo.c: line 1691 (g_file_info_get_is_symlink): should not be reached

(lxpanel:6867): GLib-GIO-CRITICAL **: 09:44:15.539: GFileInfo created without standard::is-symlink

(lxpanel:6867): GLib-GIO-CRITICAL **: 09:44:15.539: file ../../../gio/gfileinfo.c: line 1691 (g_file_info_get_is_symlink): should not be reached

(lxpanel:6867): GLib-GIO-CRITICAL **: 09:44:15.539: GFileInfo created without standard::is-symlink

(lxpanel:6867): GLib-GIO-CRITICAL **: 09:44:15.539: file ../../../gio/gfileinfo.c: line 1691 (g_file_info_get_is_symlink): should not be reached

(lxpanel:6867): GLib-GIO-CRITICAL **: 09:44:15.539: GFileInfo created without standard::is-symlink

(lxpanel:6867): GLib-GIO-CRITICAL **: 09:44:15.539: file ../../../gio/gfileinfo.c: line 1691 (g_file_info_get_is_symlink): should not be reached

(lxpanel:6867): GLib-GIO-CRITICAL **: 09:44:15.539: GFileInfo created without standard::is-symlink

(lxpanel:6867): GLib-GIO-CRITICAL **: 09:44:15.539: file ../../../gio/gfileinfo.c: line 1691 (g_file_info_get_is_symlink): should not be reached

(lxpanel:6867): GLib-GIO-CRITICAL **: 09:44:15.539: GFileInfo created without standard::is-symlink

(lxpanel:6867): GLib-GIO-CRITICAL **: 09:44:15.539: file ../../../gio/gfileinfo.c: line 1691 (g_file_info_get_is_symlink): should not be reached

(lxpanel:6867): GLib-GIO-CRITICAL **: 09:44:15.540: GFileInfo created without standard::is-symlink

(lxpanel:6867): GLib-GIO-CRITICAL **: 09:44:15.540: file ../../../gio/gfileinfo.c: line 1691 (g_file_info_get_is_symlink): should not be reached

(lxpanel:6867): GLib-GIO-CRITICAL **: 09:44:15.540: GFileInfo created without standard::is-symlink

(lxpanel:6867): GLib-GIO-CRITICAL **: 09:44:15.540: file ../../../gio/gfileinfo.c: line 1691 (g_file_info_get_is_symlink): should not be reached

(lxpanel:6867): GLib-GIO-CRITICAL **: 09:44:15.540: GFileInfo created without standard::is-symlink

(lxpanel:6867): GLib-GIO-CRITICAL **: 09:44:15.540: file ../../../gio/gfileinfo.c: line 1691 (g_file_info_get_is_symlink): should not be reached

(lxpanel:6867): GLib-GIO-CRITICAL **: 09:44:15.540: GFileInfo created without standard::is-symlink

(lxpanel:6867): GLib-GIO-CRITICAL **: 09:44:15.540: file ../../../gio/gfileinfo.c: line 1691 (g_file_info_get_is_symlink): should not be reached

(lxpanel:6867): GLib-GIO-CRITICAL **: 09:44:15.540: GFileInfo created without standard::is-symlink

(lxpanel:6867): GLib-GIO-CRITICAL **: 09:44:15.540: file ../../../gio/gfileinfo.c: line 1691 (g_file_info_get_is_symlink): should not be reached

(lxpanel:6867): GLib-GIO-CRITICAL **: 09:44:15.540: GFileInfo created without standard::is-symlink

(lxpanel:6867): GLib-GIO-CRITICAL **: 09:44:15.540: file ../../../gio/gfileinfo.c: line 1691 (g_file_info_get_is_symlink): should not be reached

(lxpanel:6867): GLib-GIO-CRITICAL **: 09:44:15.540: GFileInfo created without standard::is-symlink

(lxpanel:6867): GLib-GIO-CRITICAL **: 09:44:15.540: file ../../../gio/gfileinfo.c: line 1691 (g_file_info_get_is_symlink): should not be reached

(lxpanel:6867): GLib-GIO-CRITICAL **: 09:44:15.540: GFileInfo created without standard::is-symlink

(lxpanel:6867): GLib-GIO-CRITICAL **: 09:44:15.540: file ../../../gio/gfileinfo.c: line 1691 (g_file_info_get_is_symlink): should not be reached

(lxpanel:6867): GLib-GIO-CRITICAL **: 09:44:15.540: GFileInfo created without standard::is-symlink

(lxpanel:6867): GLib-GIO-CRITICAL **: 09:44:15.540: file ../../../gio/gfileinfo.c: line 1691 (g_file_info_get_is_symlink): should not be reached

(lxpanel:6867): GLib-GIO-CRITICAL **: 09:44:15.540: GFileInfo created without standard::size

(lxpanel:6867): GLib-GIO-CRITICAL **: 09:44:15.540: file ../../../gio/gfileinfo.c: line 1860 (g_file_info_get_size): should not be reached

(lxpanel:6867): GLib-GIO-CRITICAL **: 09:44:15.540: GFileInfo created without standard::edit-name

(lxpanel:6867): GLib-GIO-CRITICAL **: 09:44:15.540: file ../../../gio/gfileinfo.c: line 1757 (g_file_info_get_edit_name): should not be reached

(lxpanel:6867): GLib-GIO-CRITICAL **: 09:44:15.540: GFileInfo created without standard::size

(lxpanel:6867): GLib-GIO-CRITICAL **: 09:44:15.540: file ../../../gio/gfileinfo.c: line 1860 (g_file_info_get_size): should not be reached

(lxpanel:6867): GLib-GIO-CRITICAL **: 09:44:15.540: GFileInfo created without standard::is-symlink

(lxpanel:6867): GLib-GIO-CRITICAL **: 09:44:15.540: file ../../../gio/gfileinfo.c: line 1691 (g_file_info_get_is_symlink): should not be reached

(lxpanel:6867): GLib-GIO-CRITICAL **: 09:44:15.539: GFileInfo created without standard::is-symlink

(lxpanel:6867): GLib-GIO-CRITICAL **: 09:44:15.540: file ../../../gio/gfileinfo.c: line 1691 (g_file_info_get_is_symlink): should not be reached

(lxpanel:6867): GLib-GIO-CRITICAL **: 09:44:15.540: GFileInfo created without standard::is-symlink

(lxpanel:6867): GLib-GIO-CRITICAL **: 09:44:15.540: file ../../../gio/gfileinfo.c: line 1691 (g_file_info_get_is_symlink): should not be reached

(lxpanel:6867): GLib-GIO-CRITICAL **: 09:44:15.540: GFileInfo created without standard::is-symlink

(lxpanel:6867): GLib-GIO-CRITICAL **: 09:44:15.540: GFileInfo created without standard::is-backup

(lxpanel:6867): GLib-GIO-CRITICAL **: 09:44:15.540: file ../../../gio/gfileinfo.c: line 1691 (g_file_info_get_is_symlink): should not be reached

(lxpanel:6867): GLib-GIO-CRITICAL **: 09:44:15.540: file ../../../gio/gfileinfo.c: line 1669 (g_file_info_get_is_backup): should not be reached

(lxpanel:6867): GLib-GIO-CRITICAL **: 09:44:15.540: GFileInfo created without standard::is-symlink

(lxpanel:6867): GLib-GIO-CRITICAL **: 09:44:15.540: file ../../../gio/gfileinfo.c: line 1691 (g_file_info_get_is_symlink): should not be reached

(lxpanel:6867): GLib-GIO-CRITICAL **: 09:44:15.541: GFileInfo created without standard::is-symlink

(lxpanel:6867): GLib-GIO-CRITICAL **: 09:44:15.541: GFileInfo created without standard::is-symlink

(lxpanel:6867): GLib-GIO-CRITICAL **: 09:44:15.541: file ../../../gio/gfileinfo.c: line 1691 (g_file_info_get_is_symlink): should not be reached

(lxpanel:6867): GLib-GIO-CRITICAL **: 09:44:15.541: file ../../../gio/gfileinfo.c: line 1691 (g_file_info_get_is_symlink): should not be reached

(lxpanel:6867): GLib-GIO-CRITICAL **: 09:44:15.541: GFileInfo created without standard::is-symlink

(lxpanel:6867): GLib-GIO-CRITICAL **: 09:44:15.541: file ../../../gio/gfileinfo.c: line 1691 (g_file_info_get_is_symlink): should not be reached

(lxpanel:6867): GLib-GIO-CRITICAL **: 09:44:15.541: GFileInfo created without standard::is-symlink

(lxpanel:6867): GLib-GIO-CRITICAL **: 09:44:15.541: GFileInfo created without standard::is-symlink

(lxpanel:6867): GLib-GIO-CRITICAL **: 09:44:15.541: file ../../../gio/gfileinfo.c: line 1691 (g_file_info_get_is_symlink): should not be reached

(lxpanel:6867): GLib-GIO-CRITICAL **: 09:44:15.541: GFileInfo created without standard::is-symlink

(lxpanel:6867): GLib-GIO-CRITICAL **: 09:44:15.541: file ../../../gio/gfileinfo.c: line 1691 (g_file_info_get_is_symlink): should not be reached

(lxpanel:6867): GLib-GIO-CRITICAL **: 09:44:15.541: GFileInfo created without standard::is-symlink

(lxpanel:6867): GLib-GIO-CRITICAL **: 09:44:15.541: file ../../../gio/gfileinfo.c: line 1691 (g_file_info_get_is_symlink): should not be reached

(lxpanel:6867): GLib-GIO-CRITICAL **: 09:44:15.541: GFileInfo created without standard::is-symlink

(lxpanel:6867): GLib-GIO-CRITICAL **: 09:44:15.541: file ../../../gio/gfileinfo.c: line 1691 (g_file_info_get_is_symlink): should not be reached

(lxpanel:6867): GLib-GIO-CRITICAL **: 09:44:15.541: GFileInfo created without standard::is-symlink

(lxpanel:6867): GLib-GIO-CRITICAL **: 09:44:15.541: file ../../../gio/gfileinfo.c: line 1691 (g_file_info_get_is_symlink): should not be reached

(lxpanel:6867): GLib-GIO-CRITICAL **: 09:44:15.541: file ../../../gio/gfileinfo.c: line 1691 (g_file_info_get_is_symlink): should not be reached

(lxpanel:6867): GLib-GIO-CRITICAL **: 09:44:15.541: GFileInfo created without standard::is-symlink

(lxpanel:6867): GLib-GIO-CRITICAL **: 09:44:15.541: file ../../../gio/gfileinfo.c: line 1691 (g_file_info_get_is_symlink): should not be reached

(lxpanel:6867): GLib-GIO-CRITICAL **: 09:44:15.541: GFileInfo created without standard::is-symlink

(lxpanel:6867): GLib-GIO-CRITICAL **: 09:44:15.541: file ../../../gio/gfileinfo.c: line 1691 (g_file_info_get_is_symlink): should not be reached

(lxpanel:6867): GLib-GIO-CRITICAL **: 09:44:15.541: GFileInfo created without standard::is-symlink

(lxpanel:6867): GLib-GIO-CRITICAL **: 09:44:15.541: GFileInfo created without standard::is-symlink

(lxpanel:6867): GLib-GIO-CRITICAL **: 09:44:15.541: file ../../../gio/gfileinfo.c: line 1691 (g_file_info_get_is_symlink): should not be reached

(lxpanel:6867): GLib-GIO-CRITICAL **: 09:44:15.541: file ../../../gio/gfileinfo.c: line 1691 (g_file_info_get_is_symlink): should not be reached

(lxpanel:6867): GLib-GIO-CRITICAL **: 09:44:15.541: GFileInfo created without standard::is-symlink

(lxpanel:6867): GLib-GIO-CRITICAL **: 09:44:15.541: file ../../../gio/gfileinfo.c: line 1691 (g_file_info_get_is_symlink): should not be reached

(lxpanel:6867): GLib-GIO-CRITICAL **: 09:44:15.541: GFileInfo created without standard::is-symlink

(lxpanel:6867): GLib-GIO-CRITICAL **: 09:44:15.541: file ../../../gio/gfileinfo.c: line 1691 (g_file_info_get_is_symlink): should not be reached

(lxpanel:6867): GLib-GIO-CRITICAL **: 09:44:15.541: GFileInfo created without standard::is-symlink

(lxpanel:6867): GLib-GIO-CRITICAL **: 09:44:15.541: GFileInfo created without standard::is-symlink

(lxpanel:6867): GLib-GIO-CRITICAL **: 09:44:15.541: file ../../../gio/gfileinfo.c: line 1691 (g_file_info_get_is_symlink): should not be reached

(lxpanel:6867): GLib-GIO-CRITICAL **: 09:44:15.541: GFileInfo created without standard::is-symlink

(lxpanel:6867): GLib-GIO-CRITICAL **: 09:44:15.541: file ../../../gio/gfileinfo.c: line 1691 (g_file_info_get_is_symlink): should not be reached

(lxpanel:6867): GLib-GIO-CRITICAL **: 09:44:15.541: GFileInfo created without standard::is-symlink

(lxpanel:6867): GLib-GIO-CRITICAL **: 09:44:15.541: file ../../../gio/gfileinfo.c: line 1691 (g_file_info_get_is_symlink): should not be reached

(lxpanel:6867): GLib-GIO-CRITICAL **: 09:44:15.541: GFileInfo created without standard::is-symlink

(lxpanel:6867): GLib-GIO-CRITICAL **: 09:44:15.541: file ../../../gio/gfileinfo.c: line 1691 (g_file_info_get_is_symlink): should not be reached

(lxpanel:6867): GLib-GIO-CRITICAL **: 09:44:15.541: GFileInfo created without standard::size

(lxpanel:6867): GLib-GIO-CRITICAL **: 09:44:15.541: file ../../../gio/gfileinfo.c: line 1860 (g_file_info_get_size): should not be reached

(lxpanel:6867): GLib-GIO-CRITICAL **: 09:44:15.541: GFileInfo created without standard::edit-name

(lxpanel:6867): GLib-GIO-CRITICAL **: 09:44:15.541: file ../../../gio/gfileinfo.c: line 1757 (g_file_info_get_edit_name): should not be reached

(lxpanel:6867): GLib-GIO-CRITICAL **: 09:44:15.541: GFileInfo created without standard::size

(lxpanel:6867): GLib-GIO-CRITICAL **: 09:44:15.541: file ../../../gio/gfileinfo.c: line 1860 (g_file_info_get_size): should not be reached

(lxpanel:6867): GLib-GIO-CRITICAL **: 09:44:15.541: GFileInfo created without standard::is-symlink

(lxpanel:6867): GLib-GIO-CRITICAL **: 09:44:15.541: file ../../../gio/gfileinfo.c: line 1691 (g_file_info_get_is_symlink): should not be reached

(lxpanel:6867): GLib-GIO-CRITICAL **: 09:44:15.541: file ../../../gio/gfileinfo.c: line 1691 (g_file_info_get_is_symlink): should not be reached

(lxpanel:6867): GLib-GIO-CRITICAL **: 09:44:15.541: GFileInfo created without standard::is-symlink

(lxpanel:6867): GLib-GIO-CRITICAL **: 09:44:15.541: file ../../../gio/gfileinfo.c: line 1691 (g_file_info_get_is_symlink): should not be reached

(lxpanel:6867): GLib-GIO-CRITICAL **: 09:44:15.541: GFileInfo created without standard::is-symlink

(lxpanel:6867): GLib-GIO-CRITICAL **: 09:44:15.541: file ../../../gio/gfileinfo.c: line 1691 (g_file_info_get_is_symlink): should not be reached

(lxpanel:6867): GLib-GIO-CRITICAL **: 09:44:15.541: GFileInfo created without standard::is-symlink

(lxpanel:6867): GLib-GIO-CRITICAL **: 09:44:15.541: file ../../../gio/gfileinfo.c: line 1691 (g_file_info_get_is_symlink): should not be reached

(lxpanel:6867): GLib-GIO-CRITICAL **: 09:44:15.541: GFileInfo created without standard::is-symlink

(lxpanel:6867): GLib-GIO-CRITICAL **: 09:44:15.541: file ../../../gio/gfileinfo.c: line 1691 (g_file_info_get_is_symlink): should not be reached

(lxpanel:6867): GLib-GIO-CRITICAL **: 09:44:15.541: GFileInfo created without standard::is-symlink

(lxpanel:6867): GLib-GIO-CRITICAL **: 09:44:15.541: file ../../../gio/gfileinfo.c: line 1691 (g_file_info_get_is_symlink): should not be reached

(lxpanel:6867): GLib-GIO-CRITICAL **: 09:44:15.541: GFileInfo created without standard::is-symlink

(lxpanel:6867): GLib-GIO-CRITICAL **: 09:44:15.541: file ../../../gio/gfileinfo.c: line 1691 (g_file_info_get_is_symlink): should not be reached

(lxpanel:6867): GLib-GIO-CRITICAL **: 09:44:15.541: GFileInfo created without standard::is-symlink

(lxpanel:6867): GLib-GIO-CRITICAL **: 09:44:15.541: file ../../../gio/gfileinfo.c: line 1691 (g_file_info_get_is_symlink): should not be reached

(lxpanel:6867): GLib-GIO-CRITICAL **: 09:44:15.541: GFileInfo created without standard::is-symlink

(lxpanel:6867): GLib-GIO-CRITICAL **: 09:44:15.541: file ../../../gio/gfileinfo.c: line 1691 (g_file_info_get_is_symlink): should not be reached

(lxpanel:6867): GLib-GIO-CRITICAL **: 09:44:15.541: GFileInfo created without standard::is-symlink

(lxpanel:6867): GLib-GIO-CRITICAL **: 09:44:15.541: file ../../../gio/gfileinfo.c: line 1691 (g_file_info_get_is_symlink): should not be reached

(lxpanel:6867): GLib-GIO-CRITICAL **: 09:44:15.541: GFileInfo created without standard::is-symlink

(lxpanel:6867): GLib-GIO-CRITICAL **: 09:44:15.541: file ../../../gio/gfileinfo.c: line 1691 (g_file_info_get_is_symlink): should not be reached

(lxpanel:6867): GLib-GIO-CRITICAL **: 09:44:15.541: GFileInfo created without standard::is-symlink

(lxpanel:6867): GLib-GIO-CRITICAL **: 09:44:15.541: file ../../../gio/gfileinfo.c: line 1691 (g_file_info_get_is_symlink): should not be reached

(lxpanel:6867): GLib-GIO-CRITICAL **: 09:44:15.541: GFileInfo created without standard::is-symlink

(lxpanel:6867): GLib-GIO-CRITICAL **: 09:44:15.541: file ../../../gio/gfileinfo.c: line 1691 (g_file_info_get_is_symlink): should not be reached

(lxpanel:6867): GLib-GIO-CRITICAL **: 09:44:15.541: GFileInfo created without standard::is-backup

(lxpanel:6867): GLib-GIO-CRITICAL **: 09:44:15.542: file ../../../gio/gfileinfo.c: line 1669 (g_file_info_get_is_backup): should not be reached

(lxpanel:6867): GLib-GIO-CRITICAL **: 09:44:15.542: GFileInfo created without standard::is-symlink

(lxpanel:6867): GLib-GIO-CRITICAL **: 09:44:15.542: file ../../../gio/gfileinfo.c: line 1691 (g_file_info_get_is_symlink): should not be reached

(lxpanel:6867): GLib-GIO-CRITICAL **: 09:44:15.542: GFileInfo created without standard::is-symlink

(lxpanel:6867): GLib-GIO-CRITICAL **: 09:44:15.542: file ../../../gio/gfileinfo.c: line 1691 (g_file_info_get_is_symlink): should not be reached

(lxpanel:6867): GLib-GIO-CRITICAL **: 09:44:15.542: GFileInfo created without standard::is-symlink

(lxpanel:6867): GLib-GIO-CRITICAL **: 09:44:15.542: file ../../../gio/gfileinfo.c: line 1691 (g_file_info_get_is_symlink): should not be reached

(lxpanel:6867): GLib-GIO-CRITICAL **: 09:44:15.542: GFileInfo created without standard::is-symlink

(lxpanel:6867): GLib-GIO-CRITICAL **: 09:44:15.542: file ../../../gio/gfileinfo.c: line 1691 (g_file_info_get_is_symlink): should not be reached

(lxpanel:6867): GLib-GIO-CRITICAL **: 09:44:15.542: GFileInfo created without standard::is-symlink

(lxpanel:6867): GLib-GIO-CRITICAL **: 09:44:15.542: file ../../../gio/gfileinfo.c: line 1691 (g_file_info_get_is_symlink): should not be reached

(lxpanel:6867): GLib-GIO-CRITICAL **: 09:44:15.542: GFileInfo created without standard::is-symlink

(lxpanel:6867): GLib-GIO-CRITICAL **: 09:44:15.542: file ../../../gio/gfileinfo.c: line 1691 (g_file_info_get_is_symlink): should not be reached

(lxpanel:6867): GLib-GIO-CRITICAL **: 09:44:15.542: GFileInfo created without standard::is-symlink

(lxpanel:6867): GLib-GIO-CRITICAL **: 09:44:15.542: file ../../../gio/gfileinfo.c: line 1691 (g_file_info_get_is_symlink): should not be reached

(lxpanel:6867): GLib-GIO-CRITICAL **: 09:44:15.542: GFileInfo created without standard::is-symlink

(lxpanel:6867): GLib-GIO-CRITICAL **: 09:44:15.542: file ../../../gio/gfileinfo.c: line 1691 (g_file_info_get_is_symlink): should not be reached

(lxpanel:6867): GLib-GIO-CRITICAL **: 09:44:15.542: GFileInfo created without standard::is-symlink

(lxpanel:6867): GLib-GIO-CRITICAL **: 09:44:15.542: GFileInfo created without standard::is-symlink

(lxpanel:6867): GLib-GIO-CRITICAL **: 09:44:15.542: file ../../../gio/gfileinfo.c: line 1691 (g_file_info_get_is_symlink): should not be reached

(lxpanel:6867): GLib-GIO-CRITICAL **: 09:44:15.542: file ../../../gio/gfileinfo.c: line 1691 (g_file_info_get_is_symlink): should not be reached

(lxpanel:6867): GLib-GIO-CRITICAL **: 09:44:15.542: GFileInfo created without standard::is-symlink

(lxpanel:6867): GLib-GIO-CRITICAL **: 09:44:15.542: file ../../../gio/gfileinfo.c: line 1691 (g_file_info_get_is_symlink): should not be reached

(lxpanel:6867): GLib-GIO-CRITICAL **: 09:44:15.542: GFileInfo created without standard::is-symlink

(lxpanel:6867): GLib-GIO-CRITICAL **: 09:44:15.542: file ../../../gio/gfileinfo.c: line 1691 (g_file_info_get_is_symlink): should not be reached

(lxpanel:6867): GLib-GIO-CRITICAL **: 09:44:15.542: GFileInfo created without standard::is-symlink

(lxpanel:6867): GLib-GIO-CRITICAL **: 09:44:15.542: GFileInfo created without standard::is-symlink

(lxpanel:6867): GLib-GIO-CRITICAL **: 09:44:15.542: file ../../../gio/gfileinfo.c: line 1691 (g_file_info_get_is_symlink): should not be reached

(lxpanel:6867): GLib-GIO-CRITICAL **: 09:44:15.542: GFileInfo created without standard::is-symlink

(lxpanel:6867): GLib-GIO-CRITICAL **: 09:44:15.542: file ../../../gio/gfileinfo.c: line 1691 (g_file_info_get_is_symlink): should not be reached

(lxpanel:6867): GLib-GIO-CRITICAL **: 09:44:15.542: GFileInfo created without standard::is-symlink

(lxpanel:6867): GLib-GIO-CRITICAL **: 09:44:15.542: file ../../../gio/gfileinfo.c: line 1691 (g_file_info_get_is_symlink): should not be reached

(lxpanel:6867): GLib-GIO-CRITICAL **: 09:44:15.542: GFileInfo created without standard::is-symlink

(lxpanel:6867): GLib-GIO-CRITICAL **: 09:44:15.542: file ../../../gio/gfileinfo.c: line 1691 (g_file_info_get_is_symlink): should not be reached

(lxpanel:6867): GLib-GIO-CRITICAL **: 09:44:15.542: GFileInfo created without standard::is-symlink

(lxpanel:6867): GLib-GIO-CRITICAL **: 09:44:15.542: file ../../../gio/gfileinfo.c: line 1691 (g_file_info_get_is_symlink): should not be reached

(lxpanel:6867): GLib-GIO-CRITICAL **: 09:44:15.542: file ../../../gio/gfileinfo.c: line 1691 (g_file_info_get_is_symlink): should not be reached

(lxpanel:6867): GLib-GIO-CRITICAL **: 09:44:15.542: GFileInfo created without standard::is-symlink

(lxpanel:6867): GLib-GIO-CRITICAL **: 09:44:15.542: file ../../../gio/gfileinfo.c: line 1691 (g_file_info_get_is_symlink): should not be reached

(lxpanel:6867): GLib-GIO-CRITICAL **: 09:44:15.542: GFileInfo created without standard::is-symlink

(lxpanel:6867): GLib-GIO-CRITICAL **: 09:44:15.542: file ../../../gio/gfileinfo.c: line 1691 (g_file_info_get_is_symlink): should not be reached

(lxpanel:6867): GLib-GIO-CRITICAL **: 09:44:15.542: GFileInfo created without standard::is-symlink

(lxpanel:6867): GLib-GIO-CRITICAL **: 09:44:15.542: file ../../../gio/gfileinfo.c: line 1691 (g_file_info_get_is_symlink): should not be reached

(lxpanel:6867): GLib-GIO-CRITICAL **: 09:44:15.542: GFileInfo created without standard::is-symlink

(lxpanel:6867): GLib-GIO-CRITICAL **: 09:44:15.542: file ../../../gio/gfileinfo.c: line 1691 (g_file_info_get_is_symlink): should not be reached

(lxpanel:6867): GLib-GIO-CRITICAL **: 09:44:15.542: GFileInfo created without standard::is-symlink

(lxpanel:6867): GLib-GIO-CRITICAL **: 09:44:15.542: file ../../../gio/gfileinfo.c: line 1691 (g_file_info_get_is_symlink): should not be reached

(lxpanel:6867): GLib-GIO-CRITICAL **: 09:44:15.542: GFileInfo created without standard::is-symlink

(lxpanel:6867): GLib-GIO-CRITICAL **: 09:44:15.542: file ../../../gio/gfileinfo.c: line 1691 (g_file_info_get_is_symlink): should not be reached

(lxpanel:6867): GLib-GIO-CRITICAL **: 09:44:15.543: GFileInfo created without standard::is-symlink

(lxpanel:6867): GLib-GIO-CRITICAL **: 09:44:15.543: file ../../../gio/gfileinfo.c: line 1691 (g_file_info_get_is_symlink): should not be reached

(lxpanel:6867): GLib-GIO-CRITICAL **: 09:44:15.543: GFileInfo created without standard::is-symlink

(lxpanel:6867): GLib-GIO-CRITICAL **: 09:44:15.543: file ../../../gio/gfileinfo.c: line 1691 (g_file_info_get_is_symlink): should not be reached

(lxpanel:6867): GLib-GIO-CRITICAL **: 09:44:15.543: GFileInfo created without standard::is-symlink

(lxpanel:6867): GLib-GIO-CRITICAL **: 09:44:15.543: file ../../../gio/gfileinfo.c: line 1691 (g_file_info_get_is_symlink): should not be reached

(lxpanel:6867): GLib-GIO-CRITICAL **: 09:44:15.543: GFileInfo created without standard::is-symlink

(lxpanel:6867): GLib-GIO-CRITICAL **: 09:44:15.543: file ../../../gio/gfileinfo.c: line 1691 (g_file_info_get_is_symlink): should not be reached

(lxpanel:6867): GLib-GIO-CRITICAL **: 09:44:15.543: GFileInfo created without standard::is-symlink

(lxpanel:6867): GLib-GIO-CRITICAL **: 09:44:15.543: file ../../../gio/gfileinfo.c: line 1691 (g_file_info_get_is_symlink): should not be reached

(lxpanel:6867): GLib-GIO-CRITICAL **: 09:44:15.543: GFileInfo created without standard::is-symlink

(lxpanel:6867): GLib-GIO-CRITICAL **: 09:44:15.543: file ../../../gio/gfileinfo.c: line 1691 (g_file_info_get_is_symlink): should not be reached

(lxpanel:6867): GLib-GIO-CRITICAL **: 09:44:15.543: GFileInfo created without standard::is-symlink

(lxpanel:6867): GLib-GIO-CRITICAL **: 09:44:15.543: file ../../../gio/gfileinfo.c: line 1691 (g_file_info_get_is_symlink): should not be reached

(lxpanel:6867): GLib-GIO-CRITICAL **: 09:44:15.543: GFileInfo created without standard::is-symlink

(lxpanel:6867): GLib-GIO-CRITICAL **: 09:44:15.543: file ../../../gio/gfileinfo.c: line 1691 (g_file_info_get_is_symlink): should not be reached

(lxpanel:6867): GLib-GIO-CRITICAL **: 09:44:15.543: GFileInfo created without standard::is-symlink

(lxpanel:6867): GLib-GIO-CRITICAL **: 09:44:15.543: file ../../../gio/gfileinfo.c: line 1691 (g_file_info_get_is_symlink): should not be reached

(lxpanel:6867): GLib-GIO-CRITICAL **: 09:44:15.543: GFileInfo created without standard::is-symlink

(lxpanel:6867): GLib-GIO-CRITICAL **: 09:44:15.543: file ../../../gio/gfileinfo.c: line 1691 (g_file_info_get_is_symlink): should not be reached

(lxpanel:6867): GLib-GIO-CRITICAL **: 09:44:15.543: GFileInfo created without standard::is-symlink

(lxpanel:6867): GLib-GIO-CRITICAL **: 09:44:15.543: file ../../../gio/gfileinfo.c: line 1691 (g_file_info_get_is_symlink): should not be reached

(lxpanel:6867): GLib-GIO-CRITICAL **: 09:44:15.543: GFileInfo created without standard::is-symlink

(lxpanel:6867): GLib-GIO-CRITICAL **: 09:44:15.543: file ../../../gio/gfileinfo.c: line 1691 (g_file_info_get_is_symlink): should not be reached

(lxpanel:6867): GLib-GIO-CRITICAL **: 09:44:15.543: GFileInfo created without standard::is-symlink

(lxpanel:6867): GLib-GIO-CRITICAL **: 09:44:15.543: file ../../../gio/gfileinfo.c: line 1691 (g_file_info_get_is_symlink): should not be reached

(lxpanel:6867): GLib-GIO-CRITICAL **: 09:44:15.543: GFileInfo created without standard::is-symlink

(lxpanel:6867): GLib-GIO-CRITICAL **: 09:44:15.543: file ../../../gio/gfileinfo.c: line 1691 (g_file_info_get_is_symlink): should not be reached

(lxpanel:6867): GLib-GIO-CRITICAL **: 09:44:15.543: GFileInfo created without standard::is-symlink

(lxpanel:6867): GLib-GIO-CRITICAL **: 09:44:15.543: file ../../../gio/gfileinfo.c: line 1691 (g_file_info_get_is_symlink): should not be reached

(lxpanel:6867): GLib-GIO-CRITICAL **: 09:44:15.543: GFileInfo created without standard::is-symlink

(lxpanel:6867): GLib-GIO-CRITICAL **: 09:44:15.543: file ../../../gio/gfileinfo.c: line 1691 (g_file_info_get_is_symlink): should not be reached

(lxpanel:6867): GLib-GIO-CRITICAL **: 09:44:15.543: GFileInfo created without standard::is-symlink

(lxpanel:6867): GLib-GIO-CRITICAL **: 09:44:15.543: file ../../../gio/gfileinfo.c: line 1691 (g_file_info_get_is_symlink): should not be reached

(lxpanel:6867): GLib-GIO-CRITICAL **: 09:44:15.543: GFileInfo created without standard::is-symlink

(lxpanel:6867): GLib-GIO-CRITICAL **: 09:44:15.543: file ../../../gio/gfileinfo.c: line 1691 (g_file_info_get_is_symlink): should not be reached

(lxpanel:6867): GLib-GIO-CRITICAL **: 09:44:15.543: GFileInfo created without standard::is-symlink

(lxpanel:6867): GLib-GIO-CRITICAL **: 09:44:15.543: file ../../../gio/gfileinfo.c: line 1691 (g_file_info_get_is_symlink): should not be reached

(lxpanel:6867): GLib-GIO-CRITICAL **: 09:44:15.543: GFileInfo created without standard::is-symlink

(lxpanel:6867): GLib-GIO-CRITICAL **: 09:44:15.543: file ../../../gio/gfileinfo.c: line 1691 (g_file_info_get_is_symlink): should not be reached

(lxpanel:6867): GLib-GIO-CRITICAL **: 09:44:15.543: GFileInfo created without standard::is-symlink

(lxpanel:6867): GLib-GIO-CRITICAL **: 09:44:15.543: file ../../../gio/gfileinfo.c: line 1691 (g_file_info_get_is_symlink): should not be reached

(lxpanel:6867): GLib-GIO-CRITICAL **: 09:44:15.543: GFileInfo created without standard::is-symlink

(lxpanel:6867): GLib-GIO-CRITICAL **: 09:44:15.543: file ../../../gio/gfileinfo.c: line 1691 (g_file_info_get_is_symlink): should not be reached

(lxpanel:6867): GLib-GIO-CRITICAL **: 09:44:15.543: GFileInfo created without standard::is-symlink

(lxpanel:6867): GLib-GIO-CRITICAL **: 09:44:15.543: file ../../../gio/gfileinfo.c: line 1691 (g_file_info_get_is_symlink): should not be reached

(lxpanel:6867): GLib-GIO-CRITICAL **: 09:44:15.543: GFileInfo created without standard::is-symlink

(lxpanel:6867): GLib-GIO-CRITICAL **: 09:44:15.543: file ../../../gio/gfileinfo.c: line 1691 (g_file_info_get_is_symlink): should not be reached

(lxpanel:6867): GLib-GIO-CRITICAL **: 09:44:15.543: GFileInfo created without standard::is-symlink

(lxpanel:6867): GLib-GIO-CRITICAL **: 09:44:15.543: file ../../../gio/gfileinfo.c: line 1691 (g_file_info_get_is_symlink): should not be reached

(lxpanel:6867): GLib-GIO-CRITICAL **: 09:44:15.543: GFileInfo created without standard::is-symlink

(lxpanel:6867): GLib-GIO-CRITICAL **: 09:44:15.543: file ../../../gio/gfileinfo.c: line 1691 (g_file_info_get_is_symlink): should not be reached

(lxpanel:6867): GLib-GIO-CRITICAL **: 09:44:15.543: GFileInfo created without standard::is-symlink

(lxpanel:6867): GLib-GIO-CRITICAL **: 09:44:15.543: file ../../../gio/gfileinfo.c: line 1691 (g_file_info_get_is_symlink): should not be reached

(lxpanel:6867): GLib-GIO-CRITICAL **: 09:44:15.543: GFileInfo created without standard::is-symlink

(lxpanel:6867): GLib-GIO-CRITICAL **: 09:44:15.543: file ../../../gio/gfileinfo.c: line 1691 (g_file_info_get_is_symlink): should not be reached

(lxpanel:6867): GLib-GIO-CRITICAL **: 09:44:15.543: GFileInfo created without standard::is-symlink

(lxpanel:6867): GLib-GIO-CRITICAL **: 09:44:15.543: file ../../../gio/gfileinfo.c: line 1691 (g_file_info_get_is_symlink): should not be reached

(lxpanel:6867): GLib-GIO-CRITICAL **: 09:44:15.543: GFileInfo created without standard::is-symlink

(lxpanel:6867): GLib-GIO-CRITICAL **: 09:44:15.543: file ../../../gio/gfileinfo.c: line 1691 (g_file_info_get_is_symlink): should not be reached

(lxpanel:6867): GLib-GIO-CRITICAL **: 09:44:15.543: GFileInfo created without standard::is-symlink

(lxpanel:6867): GLib-GIO-CRITICAL **: 09:44:15.543: file ../../../gio/gfileinfo.c: line 1691 (g_file_info_get_is_symlink): should not be reached

(lxpanel:6867): GLib-GIO-CRITICAL **: 09:44:15.543: GFileInfo created without standard::is-symlink

(lxpanel:6867): GLib-GIO-CRITICAL **: 09:44:15.543: file ../../../gio/gfileinfo.c: line 1691 (g_file_info_get_is_symlink): should not be reached

(lxpanel:6867): GLib-GIO-CRITICAL **: 09:44:15.543: GFileInfo created without standard::is-symlink

(lxpanel:6867): GLib-GIO-CRITICAL **: 09:44:15.543: file ../../../gio/gfileinfo.c: line 1691 (g_file_info_get_is_symlink): should not be reached

(lxpanel:6867): GLib-GIO-CRITICAL **: 09:44:15.543: GFileInfo created without standard::is-symlink

(lxpanel:6867): GLib-GIO-CRITICAL **: 09:44:15.544: file ../../../gio/gfileinfo.c: line 1691 (g_file_info_get_is_symlink): should not be reached

(lxpanel:6867): GLib-GIO-CRITICAL **: 09:44:15.544: GFileInfo created without standard::is-symlink

(lxpanel:6867): GLib-GIO-CRITICAL **: 09:44:15.544: file ../../../gio/gfileinfo.c: line 1691 (g_file_info_get_is_symlink): should not be reached

(lxpanel:6867): GLib-GIO-CRITICAL **: 09:44:15.544: GFileInfo created without standard::is-symlink

(lxpanel:6867): GLib-GIO-CRITICAL **: 09:44:15.544: file ../../../gio/gfileinfo.c: line 1691 (g_file_info_get_is_symlink): should not be reached

(lxpanel:6867): GLib-GIO-CRITICAL **: 09:44:15.544: GFileInfo created without standard::is-symlink

(lxpanel:6867): GLib-GIO-CRITICAL **: 09:44:15.544: file ../../../gio/gfileinfo.c: line 1691 (g_file_info_get_is_symlink): should not be reached

(lxpanel:6867): GLib-GIO-CRITICAL **: 09:44:15.544: GFileInfo created without standard::is-symlink

(lxpanel:6867): GLib-GIO-CRITICAL **: 09:44:15.544: file ../../../gio/gfileinfo.c: line 1691 (g_file_info_get_is_symlink): should not be reached

(lxpanel:6867): GLib-GIO-CRITICAL **: 09:44:15.544: GFileInfo created without standard::is-symlink

(lxpanel:6867): GLib-GIO-CRITICAL **: 09:44:15.544: file ../../../gio/gfileinfo.c: line 1691 (g_file_info_get_is_symlink): should not be reached

(lxpanel:6867): GLib-GIO-CRITICAL **: 09:44:15.544: GFileInfo created without standard::is-symlink

(lxpanel:6867): GLib-GIO-CRITICAL **: 09:44:15.544: file ../../../gio/gfileinfo.c: line 1691 (g_file_info_get_is_symlink): should not be reached

(lxpanel:6867): GLib-GIO-CRITICAL **: 09:44:15.544: GFileInfo created without standard::is-symlink

(lxpanel:6867): GLib-GIO-CRITICAL **: 09:44:15.544: file ../../../gio/gfileinfo.c: line 1691 (g_file_info_get_is_symlink): should not be reached

(lxpanel:6867): GLib-GIO-CRITICAL **: 09:44:15.544: GFileInfo created without standard::is-symlink

(lxpanel:6867): GLib-GIO-CRITICAL **: 09:44:15.544: file ../../../gio/gfileinfo.c: line 1691 (g_file_info_get_is_symlink): should not be reached

(lxpanel:6867): GLib-GIO-CRITICAL **: 09:44:15.544: GFileInfo created without standard::is-symlink

(lxpanel:6867): GLib-GIO-CRITICAL **: 09:44:15.544: file ../../../gio/gfileinfo.c: line 1691 (g_file_info_get_is_symlink): should not be reached

(lxpanel:6867): GLib-GIO-CRITICAL **: 09:44:15.544: GFileInfo created without standard::is-symlink

(lxpanel:6867): GLib-GIO-CRITICAL **: 09:44:15.544: file ../../../gio/gfileinfo.c: line 1691 (g_file_info_get_is_symlink): should not be reached

(lxpanel:6867): GLib-GIO-CRITICAL **: 09:44:15.544: GFileInfo created without standard::is-symlink

(lxpanel:6867): GLib-GIO-CRITICAL **: 09:44:15.544: file ../../../gio/gfileinfo.c: line 1691 (g_file_info_get_is_symlink): should not be reached

(lxpanel:6867): GLib-GIO-CRITICAL **: 09:44:15.544: GFileInfo created without standard::is-symlink

(lxpanel:6867): GLib-GIO-CRITICAL **: 09:44:15.544: file ../../../gio/gfileinfo.c: line 1691 (g_file_info_get_is_symlink): should not be reached

(lxpanel:6867): GLib-GIO-CRITICAL **: 09:44:15.544: GFileInfo created without standard::is-symlink

(lxpanel:6867): GLib-GIO-CRITICAL **: 09:44:15.544: file ../../../gio/gfileinfo.c: line 1691 (g_file_info_get_is_symlink): should not be reached

(lxpanel:6867): GLib-GIO-CRITICAL **: 09:44:15.544: GFileInfo created without standard::is-symlink

(lxpanel:6867): GLib-GIO-CRITICAL **: 09:44:15.544: file ../../../gio/gfileinfo.c: line 1691 (g_file_info_get_is_symlink): should not be reached

(lxpanel:6867): GLib-GIO-CRITICAL **: 09:44:15.544: GFileInfo created without standard::is-symlink

(lxpanel:6867): GLib-GIO-CRITICAL **: 09:44:15.544: file ../../../gio/gfileinfo.c: line 1691 (g_file_info_get_is_symlink): should not be reached

(lxpanel:6867): GLib-GIO-CRITICAL **: 09:44:15.544: GFileInfo created without standard::is-symlink

(lxpanel:6867): GLib-GIO-CRITICAL **: 09:44:15.544: file ../../../gio/gfileinfo.c: line 1691 (g_file_info_get_is_symlink): should not be reached

(lxpanel:6867): GLib-GIO-CRITICAL **: 09:44:15.544: GFileInfo created without standard::is-symlink

(lxpanel:6867): GLib-GIO-CRITICAL **: 09:44:15.544: file ../../../gio/gfileinfo.c: line 1691 (g_file_info_get_is_symlink): should not be reached

(lxpanel:6867): GLib-GIO-CRITICAL **: 09:44:15.544: GFileInfo created without standard::is-symlink

(lxpanel:6867): GLib-GIO-CRITICAL **: 09:44:15.544: file ../../../gio/gfileinfo.c: line 1691 (g_file_info_get_is_symlink): should not be reached

(lxpanel:6867): GLib-GIO-CRITICAL **: 09:44:15.544: GFileInfo created without standard::is-symlink

(lxpanel:6867): GLib-GIO-CRITICAL **: 09:44:15.544: file ../../../gio/gfileinfo.c: line 1691 (g_file_info_get_is_symlink): should not be reached

(lxpanel:6867): GLib-GIO-CRITICAL **: 09:44:15.544: GFileInfo created without standard::is-symlink

(lxpanel:6867): GLib-GIO-CRITICAL **: 09:44:15.544: file ../../../gio/gfileinfo.c: line 1691 (g_file_info_get_is_symlink): should not be reached

(lxpanel:6867): GLib-GIO-CRITICAL **: 09:44:15.544: GFileInfo created without standard::is-symlink

(lxpanel:6867): GLib-GIO-CRITICAL **: 09:44:15.544: file ../../../gio/gfileinfo.c: line 1691 (g_file_info_get_is_symlink): should not be reached

(lxpanel:6867): GLib-GIO-CRITICAL **: 09:44:15.544: GFileInfo created without standard::is-symlink

(lxpanel:6867): GLib-GIO-CRITICAL **: 09:44:15.544: file ../../../gio/gfileinfo.c: line 1691 (g_file_info_get_is_symlink): should not be reached

(lxpanel:6867): GLib-GIO-CRITICAL **: 09:44:15.544: GFileInfo created without standard::is-symlink

(lxpanel:6867): GLib-GIO-CRITICAL **: 09:44:15.544: file ../../../gio/gfileinfo.c: line 1691 (g_file_info_get_is_symlink): should not be reached

(lxpanel:6867): GLib-GIO-CRITICAL **: 09:44:15.544: GFileInfo created without standard::is-symlink

(lxpanel:6867): GLib-GIO-CRITICAL **: 09:44:15.544: file ../../../gio/gfileinfo.c: line 1691 (g_file_info_get_is_symlink): should not be reached

(lxpanel:6867): GLib-GIO-CRITICAL **: 09:44:15.544: GFileInfo created without standard::is-symlink

(lxpanel:6867): GLib-GIO-CRITICAL **: 09:44:15.544: file ../../../gio/gfileinfo.c: line 1691 (g_file_info_get_is_symlink): should not be reached

(lxpanel:6867): GLib-GIO-CRITICAL **: 09:44:15.544: GFileInfo created without standard::is-symlink

(lxpanel:6867): GLib-GIO-CRITICAL **: 09:44:15.544: file ../../../gio/gfileinfo.c: line 1691 (g_file_info_get_is_symlink): should not be reached

(lxpanel:6867): GLib-GIO-CRITICAL **: 09:44:15.582: GFileInfo created without standard::edit-name

(lxpanel:6867): GLib-GIO-CRITICAL **: 09:44:15.582: file ../../../gio/gfileinfo.c: line 1757 (g_file_info_get_edit_name): should not be reached

(lxpanel:6867): GLib-GIO-CRITICAL **: 09:44:15.582: GFileInfo created without standard::size

(lxpanel:6867): GLib-GIO-CRITICAL **: 09:44:15.582: file ../../../gio/gfileinfo.c: line 1860 (g_file_info_get_size): should not be reached

(lxpanel:6867): GLib-GIO-CRITICAL **: 09:44:15.582: GFileInfo created without standard::content-type

(lxpanel:6867): GLib-GIO-CRITICAL **: 09:44:15.582: file ../../../gio/gfileinfo.c: line 1836 (g_file_info_get_content_type): should not be reached

(lxpanel:6867): GLib-GIO-CRITICAL **: 09:44:15.582: GFileInfo created without standard::is-symlink

(lxpanel:6867): GLib-GIO-CRITICAL **: 09:44:15.582: file ../../../gio/gfileinfo.c: line 1691 (g_file_info_get_is_symlink): should not be reached

(lxpanel:6867): GLib-GIO-CRITICAL **: 09:44:15.582: GFileInfo created without standard::is-hidden

(lxpanel:6867): GLib-GIO-CRITICAL **: 09:44:15.582: file ../../../gio/gfileinfo.c: line 1647 (g_file_info_get_is_hidden): should not be reached

(lxpanel:6867): GLib-GIO-CRITICAL **: 09:44:15.582: GFileInfo created without standard::is-backup

(lxpanel:6867): GLib-GIO-CRITICAL **: 09:44:15.582: file ../../../gio/gfileinfo.c: line 1669 (g_file_info_get_is_backup): should not be reached

(lxpanel:6867): GLib-GIO-CRITICAL **: 09:44:15.582: GFileInfo created without standard::is-symlink

(lxpanel:6867): GLib-GIO-CRITICAL **: 09:44:15.582: file ../../../gio/gfileinfo.c: line 1691 (g_file_info_get_is_symlink): should not be reached

(lxpanel:6867): GLib-GIO-CRITICAL **: 09:44:15.582: GFileInfo created without standard::is-symlink

(lxpanel:6867): GLib-GIO-CRITICAL **: 09:44:15.582: file ../../../gio/gfileinfo.c: line 1691 (g_file_info_get_is_symlink): should not be reached

(lxpanel:6867): GLib-GIO-CRITICAL **: 09:44:15.582: GFileInfo created without standard::is-symlink

(lxpanel:6867): GLib-GIO-CRITICAL **: 09:44:15.583: file ../../../gio/gfileinfo.c: line 1691 (g_file_info_get_is_symlink): should not be reached

(lxpanel:6867): GLib-GIO-CRITICAL **: 09:44:15.583: GFileInfo created without standard::is-symlink

(lxpanel:6867): GLib-GIO-CRITICAL **: 09:44:15.583: file ../../../gio/gfileinfo.c: line 1691 (g_file_info_get_is_symlink): should not be reached

(lxpanel:6867): GLib-GIO-CRITICAL **: 09:44:15.583: GFileInfo created without standard::is-symlink

(lxpanel:6867): GLib-GIO-CRITICAL **: 09:44:15.583: file ../../../gio/gfileinfo.c: line 1691 (g_file_info_get_is_symlink): should not be reached

(lxpanel:6867): GLib-GIO-CRITICAL **: 09:44:15.583: GFileInfo created without standard::is-symlink

(lxpanel:6867): GLib-GIO-CRITICAL **: 09:44:15.583: file ../../../gio/gfileinfo.c: line 1691 (g_file_info_get_is_symlink): should not be reached

(lxpanel:6867): GLib-GIO-CRITICAL **: 09:44:15.583: GFileInfo created without standard::is-symlink

(lxpanel:6867): GLib-GIO-CRITICAL **: 09:44:15.583: file ../../../gio/gfileinfo.c: line 1691 (g_file_info_get_is_symlink): should not be reached

(lxpanel:6867): GLib-GIO-CRITICAL **: 09:44:15.583: GFileInfo created without standard::is-symlink

(lxpanel:6867): GLib-GIO-CRITICAL **: 09:44:15.583: file ../../../gio/gfileinfo.c: line 1691 (g_file_info_get_is_symlink): should not be reached

(lxpanel:6867): GLib-GIO-CRITICAL **: 09:44:15.583: GFileInfo created without standard::is-symlink

(lxpanel:6867): GLib-GIO-CRITICAL **: 09:44:15.583: file ../../../gio/gfileinfo.c: line 1691 (g_file_info_get_is_symlink): should not be reached

(lxpanel:6867): GLib-GIO-CRITICAL **: 09:44:15.583: GFileInfo created without standard::is-symlink

(lxpanel:6867): GLib-GIO-CRITICAL **: 09:44:15.583: file ../../../gio/gfileinfo.c: line 1691 (g_file_info_get_is_symlink): should not be reached

(lxpanel:6867): GLib-GIO-CRITICAL **: 09:44:15.583: GFileInfo created without standard::is-symlink

(lxpanel:6867): GLib-GIO-CRITICAL **: 09:44:15.583: file ../../../gio/gfileinfo.c: line 1691 (g_file_info_get_is_symlink): should not be reached

(lxpanel:6867): GLib-GIO-CRITICAL **: 09:44:15.583: GFileInfo created without standard::is-symlink

(lxpanel:6867): GLib-GIO-CRITICAL **: 09:44:15.583: file ../../../gio/gfileinfo.c: line 1691 (g_file_info_get_is_symlink): should not be reached

(lxpanel:6867): GLib-GIO-CRITICAL **: 09:44:15.583: GFileInfo created without standard::is-symlink

(lxpanel:6867): GLib-GIO-CRITICAL **: 09:44:15.583: file ../../../gio/gfileinfo.c: line 1691 (g_file_info_get_is_symlink): should not be reached

(lxpanel:6867): GLib-GIO-CRITICAL **: 09:44:15.583: GFileInfo created without standard::is-symlink

(lxpanel:6867): GLib-GIO-CRITICAL **: 09:44:15.583: file ../../../gio/gfileinfo.c: line 1691 (g_file_info_get_is_symlink): should not be reached

(lxpanel:6867): GLib-GIO-CRITICAL **: 09:44:15.583: GFileInfo created without standard::is-symlink

(lxpanel:6867): GLib-GIO-CRITICAL **: 09:44:15.583: file ../../../gio/gfileinfo.c: line 1691 (g_file_info_get_is_symlink): should not be reached

(lxpanel:6867): GLib-GIO-CRITICAL **: 09:44:15.583: GFileInfo created without standard::is-symlink

(lxpanel:6867): GLib-GIO-CRITICAL **: 09:44:15.583: file ../../../gio/gfileinfo.c: line 1691 (g_file_info_get_is_symlink): should not be reached

(lxpanel:6867): GLib-GIO-CRITICAL **: 09:44:15.583: GFileInfo created without standard::is-symlink

(lxpanel:6867): GLib-GIO-CRITICAL **: 09:44:15.583: file ../../../gio/gfileinfo.c: line 1691 (g_file_info_get_is_symlink): should not be reached

(lxpanel:6867): GLib-GIO-CRITICAL **: 09:44:15.583: GFileInfo created without standard::is-symlink

(lxpanel:6867): GLib-GIO-CRITICAL **: 09:44:15.583: file ../../../gio/gfileinfo.c: line 1691 (g_file_info_get_is_symlink): should not be reached

(lxpanel:6867): GLib-GIO-CRITICAL **: 09:44:15.583: GFileInfo created without standard::is-symlink

(lxpanel:6867): GLib-GIO-CRITICAL **: 09:44:15.583: file ../../../gio/gfileinfo.c: line 1691 (g_file_info_get_is_symlink): should not be reached

(lxpanel:6867): GLib-GIO-CRITICAL **: 09:44:15.583: GFileInfo created without standard::is-symlink

(lxpanel:6867): GLib-GIO-CRITICAL **: 09:44:15.583: file ../../../gio/gfileinfo.c: line 1691 (g_file_info_get_is_symlink): should not be reached

(lxpanel:6867): GLib-GIO-CRITICAL **: 09:44:15.583: GFileInfo created without standard::is-symlink

(lxpanel:6867): GLib-GIO-CRITICAL **: 09:44:15.583: file ../../../gio/gfileinfo.c: line 1691 (g_file_info_get_is_symlink): should not be reached

(lxpanel:6867): GLib-GIO-CRITICAL **: 09:44:15.583: GFileInfo created without standard::is-symlink

(lxpanel:6867): GLib-GIO-CRITICAL **: 09:44:15.583: file ../../../gio/gfileinfo.c: line 1691 (g_file_info_get_is_symlink): should not be reached

(lxpanel:6867): GLib-GIO-CRITICAL **: 09:44:15.583: GFileInfo created without standard::is-symlink

(lxpanel:6867): GLib-GIO-CRITICAL **: 09:44:15.583: file ../../../gio/gfileinfo.c: line 1691 (g_file_info_get_is_symlink): should not be reached

(lxpanel:6867): GLib-GIO-CRITICAL **: 09:44:15.583: GFileInfo created without standard::is-symlink

(lxpanel:6867): GLib-GIO-CRITICAL **: 09:44:15.583: file ../../../gio/gfileinfo.c: line 1691 (g_file_info_get_is_symlink): should not be reached

(lxpanel:6867): GLib-GIO-CRITICAL **: 09:44:15.583: GFileInfo created without standard::is-symlink

(lxpanel:6867): GLib-GIO-CRITICAL **: 09:44:15.583: file ../../../gio/gfileinfo.c: line 1691 (g_file_info_get_is_symlink): should not be reached

(lxpanel:6867): GLib-GIO-CRITICAL **: 09:44:15.583: GFileInfo created without standard::is-symlink

(lxpanel:6867): GLib-GIO-CRITICAL **: 09:44:15.583: file ../../../gio/gfileinfo.c: line 1691 (g_file_info_get_is_symlink): should not be reached

(lxpanel:6867): GLib-GIO-CRITICAL **: 09:44:15.583: GFileInfo created without standard::is-symlink

(lxpanel:6867): GLib-GIO-CRITICAL **: 09:44:15.583: file ../../../gio/gfileinfo.c: line 1691 (g_file_info_get_is_symlink): should not be reached

(lxpanel:6867): GLib-GIO-CRITICAL **: 09:44:15.583: GFileInfo created without standard::is-symlink

(lxpanel:6867): GLib-GIO-CRITICAL **: 09:44:15.583: file ../../../gio/gfileinfo.c: line 1691 (g_file_info_get_is_symlink): should not be reached

(lxpanel:6867): GLib-GIO-CRITICAL **: 09:44:15.583: GFileInfo created without standard::is-symlink

(lxpanel:6867): GLib-GIO-CRITICAL **: 09:44:15.583: file ../../../gio/gfileinfo.c: line 1691 (g_file_info_get_is_symlink): should not be reached

(lxpanel:6867): GLib-GIO-CRITICAL **: 09:44:15.583: GFileInfo created without standard::is-symlink

(lxpanel:6867): GLib-GIO-CRITICAL **: 09:44:15.583: file ../../../gio/gfileinfo.c: line 1691 (g_file_info_get_is_symlink): should not be reached

(lxpanel:6867): GLib-GIO-CRITICAL **: 09:44:15.583: GFileInfo created without standard::is-symlink

(lxpanel:6867): GLib-GIO-CRITICAL **: 09:44:15.583: file ../../../gio/gfileinfo.c: line 1691 (g_file_info_get_is_symlink): should not be reached

(lxpanel:6867): GLib-GIO-CRITICAL **: 09:44:15.583: GFileInfo created without standard::edit-name

(lxpanel:6867): GLib-GIO-CRITICAL **: 09:44:15.583: file ../../../gio/gfileinfo.c: line 1757 (g_file_info_get_edit_name): should not be reached

(lxpanel:6867): GLib-GIO-CRITICAL **: 09:44:15.583: GFileInfo created without standard::is-symlink

(lxpanel:6867): GLib-GIO-CRITICAL **: 09:44:15.583: GFileInfo created without standard::size

(lxpanel:6867): GLib-GIO-CRITICAL **: 09:44:15.583: file ../../../gio/gfileinfo.c: line 1691 (g_file_info_get_is_symlink): should not be reached

(lxpanel:6867): GLib-GIO-CRITICAL **: 09:44:15.583: file ../../../gio/gfileinfo.c: line 1860 (g_file_info_get_size): should not be reached

(lxpanel:6867): GLib-GIO-CRITICAL **: 09:44:15.583: GFileInfo created without standard::content-type

(lxpanel:6867): GLib-GIO-CRITICAL **: 09:44:15.583: GFileInfo created without standard::is-symlink

(lxpanel:6867): GLib-GIO-CRITICAL **: 09:44:15.583: file ../../../gio/gfileinfo.c: line 1691 (g_file_info_get_is_symlink): should not be reached

(lxpanel:6867): GLib-GIO-CRITICAL **: 09:44:15.583: GFileInfo created without standard::is-symlink

(lxpanel:6867): GLib-GIO-CRITICAL **: 09:44:15.583: file ../../../gio/gfileinfo.c: line 1691 (g_file_info_get_is_symlink): should not be reached

(lxpanel:6867): GLib-GIO-CRITICAL **: 09:44:15.583: GFileInfo created without standard::is-symlink

(lxpanel:6867): GLib-GIO-CRITICAL **: 09:44:15.583: file ../../../gio/gfileinfo.c: line 1691 (g_file_info_get_is_symlink): should not be reached

(lxpanel:6867): GLib-GIO-CRITICAL **: 09:44:15.583: file ../../../gio/gfileinfo.c: line 1836 (g_file_info_get_content_type): should not be reached

(lxpanel:6867): GLib-GIO-CRITICAL **: 09:44:15.583: GFileInfo created without standard::is-symlink

(lxpanel:6867): GLib-GIO-CRITICAL **: 09:44:15.583: GFileInfo created without standard::is-symlink

(lxpanel:6867): GLib-GIO-CRITICAL **: 09:44:15.583: file ../../../gio/gfileinfo.c: line 1691 (g_file_info_get_is_symlink): should not be reached

(lxpanel:6867): GLib-GIO-CRITICAL **: 09:44:15.583: file ../../../gio/gfileinfo.c: line 1691 (g_file_info_get_is_symlink): should not be reached

(lxpanel:6867): GLib-GIO-CRITICAL **: 09:44:15.583: GFileInfo created without standard::is-symlink

(lxpanel:6867): GLib-GIO-CRITICAL **: 09:44:15.583: file ../../../gio/gfileinfo.c: line 1691 (g_file_info_get_is_symlink): should not be reached

(lxpanel:6867): GLib-GIO-CRITICAL **: 09:44:15.583: GFileInfo created without standard::is-symlink

(lxpanel:6867): GLib-GIO-CRITICAL **: 09:44:15.583: file ../../../gio/gfileinfo.c: line 1691 (g_file_info_get_is_symlink): should not be reached

(lxpanel:6867): GLib-GIO-CRITICAL **: 09:44:15.583: GFileInfo created without standard::is-symlink

(lxpanel:6867): GLib-GIO-CRITICAL **: 09:44:15.583: file ../../../gio/gfileinfo.c: line 1691 (g_file_info_get_is_symlink): should not be reached

(lxpanel:6867): GLib-GIO-CRITICAL **: 09:44:15.583: GFileInfo created without standard::is-hidden

(lxpanel:6867): GLib-GIO-CRITICAL **: 09:44:15.583: file ../../../gio/gfileinfo.c: line 1647 (g_file_info_get_is_hidden): should not be reached

(lxpanel:6867): GLib-GIO-CRITICAL **: 09:44:15.583: GFileInfo created without standard::is-backup

(lxpanel:6867): GLib-GIO-CRITICAL **: 09:44:15.583: file ../../../gio/gfileinfo.c: line 1669 (g_file_info_get_is_backup): should not be reached

(lxpanel:6867): GLib-GIO-CRITICAL **: 09:44:15.583: GFileInfo created without standard::is-symlink

(lxpanel:6867): GLib-GIO-CRITICAL **: 09:44:15.583: GFileInfo created without standard::is-symlink

(lxpanel:6867): GLib-GIO-CRITICAL **: 09:44:15.583: file ../../../gio/gfileinfo.c: line 1691 (g_file_info_get_is_symlink): should not be reached

(lxpanel:6867): GLib-GIO-CRITICAL **: 09:44:15.583: file ../../../gio/gfileinfo.c: line 1691 (g_file_info_get_is_symlink): should not be reached

(lxpanel:6867): GLib-GIO-CRITICAL **: 09:44:15.583: GFileInfo created without standard::is-symlink

(lxpanel:6867): GLib-GIO-CRITICAL **: 09:44:15.583: GFileInfo created without standard::is-symlink

(lxpanel:6867): GLib-GIO-CRITICAL **: 09:44:15.583: file ../../../gio/gfileinfo.c: line 1691 (g_file_info_get_is_symlink): should not be reached

(lxpanel:6867): GLib-GIO-CRITICAL **: 09:44:15.583: file ../../../gio/gfileinfo.c: line 1691 (g_file_info_get_is_symlink): should not be reached

(lxpanel:6867): GLib-GIO-CRITICAL **: 09:44:15.583: GFileInfo created without standard::is-symlink

(lxpanel:6867): GLib-GIO-CRITICAL **: 09:44:15.583: GFileInfo created without standard::is-symlink

(lxpanel:6867): GLib-GIO-CRITICAL **: 09:44:15.583: file ../../../gio/gfileinfo.c: line 1691 (g_file_info_get_is_symlink): should not be reached

(lxpanel:6867): GLib-GIO-CRITICAL **: 09:44:15.583: file ../../../gio/gfileinfo.c: line 1691 (g_file_info_get_is_symlink): should not be reached

(lxpanel:6867): GLib-GIO-CRITICAL **: 09:44:15.583: GFileInfo created without standard::is-symlink

(lxpanel:6867): GLib-GIO-CRITICAL **: 09:44:15.583: file ../../../gio/gfileinfo.c: line 1691 (g_file_info_get_is_symlink): should not be reached

(lxpanel:6867): GLib-GIO-CRITICAL **: 09:44:15.583: GFileInfo created without standard::is-symlink

(lxpanel:6867): GLib-GIO-CRITICAL **: 09:44:15.583: file ../../../gio/gfileinfo.c: line 1691 (g_file_info_get_is_symlink): should not be reached

(lxpanel:6867): GLib-GIO-CRITICAL **: 09:44:15.583: GFileInfo created without standard::is-symlink

(lxpanel:6867): GLib-GIO-CRITICAL **: 09:44:15.583: file ../../../gio/gfileinfo.c: line 1691 (g_file_info_get_is_symlink): should not be reached

(lxpanel:6867): GLib-GIO-CRITICAL **: 09:44:15.583: GFileInfo created without standard::is-symlink

(lxpanel:6867): GLib-GIO-CRITICAL **: 09:44:15.583: file ../../../gio/gfileinfo.c: line 1691 (g_file_info_get_is_symlink): should not be reached

(lxpanel:6867): GLib-GIO-CRITICAL **: 09:44:15.583: GFileInfo created without standard::is-symlink

(lxpanel:6867): GLib-GIO-CRITICAL **: 09:44:15.583: file ../../../gio/gfileinfo.c: line 1691 (g_file_info_get_is_symlink): should not be reached

(lxpanel:6867): GLib-GIO-CRITICAL **: 09:44:15.583: GFileInfo created without standard::is-symlink

(lxpanel:6867): GLib-GIO-CRITICAL **: 09:44:15.583: file ../../../gio/gfileinfo.c: line 1691 (g_file_info_get_is_symlink): should not be reached

(lxpanel:6867): GLib-GIO-CRITICAL **: 09:44:15.583: GFileInfo created without standard::is-symlink

(lxpanel:6867): GLib-GIO-CRITICAL **: 09:44:15.583: file ../../../gio/gfileinfo.c: line 1691 (g_file_info_get_is_symlink): should not be reached

(lxpanel:6867): GLib-GIO-CRITICAL **: 09:44:15.583: GFileInfo created without standard::is-symlink

(lxpanel:6867): GLib-GIO-CRITICAL **: 09:44:15.583: file ../../../gio/gfileinfo.c: line 1691 (g_file_info_get_is_symlink): should not be reached

(lxpanel:6867): GLib-GIO-CRITICAL **: 09:44:15.583: GFileInfo created without standard::is-symlink

(lxpanel:6867): GLib-GIO-CRITICAL **: 09:44:15.583: file ../../../gio/gfileinfo.c: line 1691 (g_file_info_get_is_symlink): should not be reached

(lxpanel:6867): GLib-GIO-CRITICAL **: 09:44:15.583: GFileInfo created without standard::is-symlink

(lxpanel:6867): GLib-GIO-CRITICAL **: 09:44:15.583: file ../../../gio/gfileinfo.c: line 1691 (g_file_info_get_is_symlink): should not be reached

(lxpanel:6867): GLib-GIO-CRITICAL **: 09:44:15.583: GFileInfo created without standard::is-symlink

(lxpanel:6867): GLib-GIO-CRITICAL **: 09:44:15.583: file ../../../gio/gfileinfo.c: line 1691 (g_file_info_get_is_symlink): should not be reached

(lxpanel:6867): GLib-GIO-CRITICAL **: 09:44:15.583: GFileInfo created without standard::is-symlink

(lxpanel:6867): GLib-GIO-CRITICAL **: 09:44:15.583: file ../../../gio/gfileinfo.c: line 1691 (g_file_info_get_is_symlink): should not be reached

(lxpanel:6867): GLib-GIO-CRITICAL **: 09:44:15.583: GFileInfo created without standard::is-symlink

(lxpanel:6867): GLib-GIO-CRITICAL **: 09:44:15.583: file ../../../gio/gfileinfo.c: line 1691 (g_file_info_get_is_symlink): should not be reached

(lxpanel:6867): GLib-GIO-CRITICAL **: 09:44:15.583: GFileInfo created without standard::is-symlink

(lxpanel:6867): GLib-GIO-CRITICAL **: 09:44:15.583: file ../../../gio/gfileinfo.c: line 1691 (g_file_info_get_is_symlink): should not be reached

(lxpanel:6867): GLib-GIO-CRITICAL **: 09:44:15.583: GFileInfo created without standard::is-symlink

(lxpanel:6867): GLib-GIO-CRITICAL **: 09:44:15.583: file ../../../gio/gfileinfo.c: line 1691 (g_file_info_get_is_symlink): should not be reached

(lxpanel:6867): GLib-GIO-CRITICAL **: 09:44:15.583: GFileInfo created without standard::is-symlink

(lxpanel:6867): GLib-GIO-CRITICAL **: 09:44:15.583: file ../../../gio/gfileinfo.c: line 1691 (g_file_info_get_is_symlink): should not be reached

(lxpanel:6867): GLib-GIO-CRITICAL **: 09:44:15.583: GFileInfo created without standard::is-symlink

(lxpanel:6867): GLib-GIO-CRITICAL **: 09:44:15.583: GFileInfo created without standard::is-symlink

(lxpanel:6867): GLib-GIO-CRITICAL **: 09:44:15.584: file ../../../gio/gfileinfo.c: line 1691 (g_file_info_get_is_symlink): should not be reached

(lxpanel:6867): GLib-GIO-CRITICAL **: 09:44:15.584: file ../../../gio/gfileinfo.c: line 1691 (g_file_info_get_is_symlink): should not be reached

(lxpanel:6867): GLib-GIO-CRITICAL **: 09:44:15.584: GFileInfo created without standard::size

(lxpanel:6867): GLib-GIO-CRITICAL **: 09:44:15.584: GFileInfo created without standard::is-symlink

(lxpanel:6867): GLib-GIO-CRITICAL **: 09:44:15.584: file ../../../gio/gfileinfo.c: line 1860 (g_file_info_get_size): should not be reached

(lxpanel:6867): GLib-GIO-CRITICAL **: 09:44:15.584: file ../../../gio/gfileinfo.c: line 1691 (g_file_info_get_is_symlink): should not be reached

(lxpanel:6867): GLib-GIO-CRITICAL **: 09:44:15.584: GFileInfo created without standard::is-symlink

(lxpanel:6867): GLib-GIO-CRITICAL **: 09:44:15.584: GFileInfo created without standard::edit-name

(lxpanel:6867): GLib-GIO-CRITICAL **: 09:44:15.584: file ../../../gio/gfileinfo.c: line 1691 (g_file_info_get_is_symlink): should not be reached

(lxpanel:6867): GLib-GIO-CRITICAL **: 09:44:15.584: file ../../../gio/gfileinfo.c: line 1757 (g_file_info_get_edit_name): should not be reached

(lxpanel:6867): GLib-GIO-CRITICAL **: 09:44:15.584: GFileInfo created without standard::size

(lxpanel:6867): GLib-GIO-CRITICAL **: 09:44:15.584: file ../../../gio/gfileinfo.c: line 1860 (g_file_info_get_size): should not be reached

(lxpanel:6867): GLib-GIO-CRITICAL **: 09:44:15.584: GFileInfo created without standard::is-symlink

(lxpanel:6867): GLib-GIO-CRITICAL **: 09:44:15.584: GFileInfo created without standard::is-symlink

(lxpanel:6867): GLib-GIO-CRITICAL **: 09:44:15.584: file ../../../gio/gfileinfo.c: line 1691 (g_file_info_get_is_symlink): should not be reached

(lxpanel:6867): GLib-GIO-CRITICAL **: 09:44:15.584: file ../../../gio/gfileinfo.c: line 1691 (g_file_info_get_is_symlink): should not be reached

(lxpanel:6867): GLib-GIO-CRITICAL **: 09:44:15.584: GFileInfo created without standard::is-backup

(lxpanel:6867): GLib-GIO-CRITICAL **: 09:44:15.584: GFileInfo created without standard::is-symlink

(lxpanel:6867): GLib-GIO-CRITICAL **: 09:44:15.584: file ../../../gio/gfileinfo.c: line 1669 (g_file_info_get_is_backup): should not be reached

(lxpanel:6867): GLib-GIO-CRITICAL **: 09:44:15.584: file ../../../gio/gfileinfo.c: line 1691 (g_file_info_get_is_symlink): should not be reached

(lxpanel:6867): GLib-GIO-CRITICAL **: 09:44:15.584: GFileInfo created without standard::is-symlink

(lxpanel:6867): GLib-GIO-CRITICAL **: 09:44:15.584: GFileInfo created without standard::is-symlink

(lxpanel:6867): GLib-GIO-CRITICAL **: 09:44:15.584: file ../../../gio/gfileinfo.c: line 1691 (g_file_info_get_is_symlink): should not be reached

(lxpanel:6867): GLib-GIO-CRITICAL **: 09:44:15.584: file ../../../gio/gfileinfo.c: line 1691 (g_file_info_get_is_symlink): should not be reached

(lxpanel:6867): GLib-GIO-CRITICAL **: 09:44:15.584: GFileInfo created without standard::is-symlink

(lxpanel:6867): GLib-GIO-CRITICAL **: 09:44:15.584: file ../../../gio/gfileinfo.c: line 1691 (g_file_info_get_is_symlink): should not be reached

(lxpanel:6867): GLib-GIO-CRITICAL **: 09:44:15.584: GFileInfo created without standard::is-symlink

(lxpanel:6867): GLib-GIO-CRITICAL **: 09:44:15.584: GFileInfo created without standard::is-symlink

(lxpanel:6867): GLib-GIO-CRITICAL **: 09:44:15.584: file ../../../gio/gfileinfo.c: line 1691 (g_file_info_get_is_symlink): should not be reached

(lxpanel:6867): GLib-GIO-CRITICAL **: 09:44:15.584: file ../../../gio/gfileinfo.c: line 1691 (g_file_info_get_is_symlink): should not be reached

(lxpanel:6867): GLib-GIO-CRITICAL **: 09:44:15.584: GFileInfo created without standard::is-symlink

(lxpanel:6867): GLib-GIO-CRITICAL **: 09:44:15.584: file ../../../gio/gfileinfo.c: line 1691 (g_file_info_get_is_symlink): should not be reached

(lxpanel:6867): GLib-GIO-CRITICAL **: 09:44:15.584: GFileInfo created without standard::is-symlink

(lxpanel:6867): GLib-GIO-CRITICAL **: 09:44:15.584: file ../../../gio/gfileinfo.c: line 1691 (g_file_info_get_is_symlink): should not be reached

(lxpanel:6867): GLib-GIO-CRITICAL **: 09:44:15.584: GFileInfo created without standard::is-symlink

(lxpanel:6867): GLib-GIO-CRITICAL **: 09:44:15.584: file ../../../gio/gfileinfo.c: line 1691 (g_file_info_get_is_symlink): should not be reached

(lxpanel:6867): GLib-GIO-CRITICAL **: 09:44:15.584: GFileInfo created without standard::is-symlink

(lxpanel:6867): GLib-GIO-CRITICAL **: 09:44:15.584: GFileInfo created without standard::is-symlink

(lxpanel:6867): GLib-GIO-CRITICAL **: 09:44:15.584: file ../../../gio/gfileinfo.c: line 1691 (g_file_info_get_is_symlink): should not be reached

(lxpanel:6867): GLib-GIO-CRITICAL **: 09:44:15.584: file ../../../gio/gfileinfo.c: line 1691 (g_file_info_get_is_symlink): should not be reached

(lxpanel:6867): GLib-GIO-CRITICAL **: 09:44:15.584: GFileInfo created without standard::is-symlink

(lxpanel:6867): GLib-GIO-CRITICAL **: 09:44:15.584: GFileInfo created without standard::is-symlink

(lxpanel:6867): GLib-GIO-CRITICAL **: 09:44:15.584: file ../../../gio/gfileinfo.c: line 1691 (g_file_info_get_is_symlink): should not be reached

(lxpanel:6867): GLib-GIO-CRITICAL **: 09:44:15.584: file ../../../gio/gfileinfo.c: line 1691 (g_file_info_get_is_symlink): should not be reached

(lxpanel:6867): GLib-GIO-CRITICAL **: 09:44:15.584: GFileInfo created without standard::is-symlink

(lxpanel:6867): GLib-GIO-CRITICAL **: 09:44:15.584: GFileInfo created without standard::is-symlink

(lxpanel:6867): GLib-GIO-CRITICAL **: 09:44:15.584: file ../../../gio/gfileinfo.c: line 1691 (g_file_info_get_is_symlink): should not be reached

(lxpanel:6867): GLib-GIO-CRITICAL **: 09:44:15.584: file ../../../gio/gfileinfo.c: line 1691 (g_file_info_get_is_symlink): should not be reached

(lxpanel:6867): GLib-GIO-CRITICAL **: 09:44:15.584: GFileInfo created without standard::is-symlink

(lxpanel:6867): GLib-GIO-CRITICAL **: 09:44:15.584: GFileInfo created without standard::is-symlink

(lxpanel:6867): GLib-GIO-CRITICAL **: 09:44:15.584: file ../../../gio/gfileinfo.c: line 1691 (g_file_info_get_is_symlink): should not be reached

(lxpanel:6867): GLib-GIO-CRITICAL **: 09:44:15.584: file ../../../gio/gfileinfo.c: line 1691 (g_file_info_get_is_symlink): should not be reached

(lxpanel:6867): GLib-GIO-CRITICAL **: 09:44:15.584: GFileInfo created without standard::is-symlink

(lxpanel:6867): GLib-GIO-CRITICAL **: 09:44:15.584: GFileInfo created without standard::is-symlink

(lxpanel:6867): GLib-GIO-CRITICAL **: 09:44:15.584: file ../../../gio/gfileinfo.c: line 1691 (g_file_info_get_is_symlink): should not be reached

(lxpanel:6867): GLib-GIO-CRITICAL **: 09:44:15.584: file ../../../gio/gfileinfo.c: line 1691 (g_file_info_get_is_symlink): should not be reached

(lxpanel:6867): GLib-GIO-CRITICAL **: 09:44:15.584: GFileInfo created without standard::is-symlink

(lxpanel:6867): GLib-GIO-CRITICAL **: 09:44:15.584: GFileInfo created without standard::is-symlink

(lxpanel:6867): GLib-GIO-CRITICAL **: 09:44:15.584: file ../../../gio/gfileinfo.c: line 1691 (g_file_info_get_is_symlink): should not be reached

(lxpanel:6867): GLib-GIO-CRITICAL **: 09:44:15.584: file ../../../gio/gfileinfo.c: line 1691 (g_file_info_get_is_symlink): should not be reached

(lxpanel:6867): GLib-GIO-CRITICAL **: 09:44:15.584: GFileInfo created without standard::is-symlink

(lxpanel:6867): GLib-GIO-CRITICAL **: 09:44:15.584: GFileInfo created without standard::is-symlink

(lxpanel:6867): GLib-GIO-CRITICAL **: 09:44:15.584: file ../../../gio/gfileinfo.c: line 1691 (g_file_info_get_is_symlink): should not be reached

(lxpanel:6867): GLib-GIO-CRITICAL **: 09:44:15.584: file ../../../gio/gfileinfo.c: line 1691 (g_file_info_get_is_symlink): should not be reached

(lxpanel:6867): GLib-GIO-CRITICAL **: 09:44:15.584: GFileInfo created without standard::is-symlink

(lxpanel:6867): GLib-GIO-CRITICAL **: 09:44:15.584: file ../../../gio/gfileinfo.c: line 1691 (g_file_info_get_is_symlink): should not be reached

(lxpanel:6867): GLib-GIO-CRITICAL **: 09:44:15.584: GFileInfo created without standard::is-symlink

(lxpanel:6867): GLib-GIO-CRITICAL **: 09:44:15.584: file ../../../gio/gfileinfo.c: line 1691 (g_file_info_get_is_symlink): should not be reached

(lxpanel:6867): GLib-GIO-CRITICAL **: 09:44:15.584: GFileInfo created without standard::is-symlink

(lxpanel:6867): GLib-GIO-CRITICAL **: 09:44:15.584: file ../../../gio/gfileinfo.c: line 1691 (g_file_info_get_is_symlink): should not be reached

(lxpanel:6867): GLib-GIO-CRITICAL **: 09:44:15.584: GFileInfo created without standard::is-symlink

(lxpanel:6867): GLib-GIO-CRITICAL **: 09:44:15.584: file ../../../gio/gfileinfo.c: line 1691 (g_file_info_get_is_symlink): should not be reached

(lxpanel:6867): GLib-GIO-CRITICAL **: 09:44:15.584: GFileInfo created without standard::is-symlink

(lxpanel:6867): GLib-GIO-CRITICAL **: 09:44:15.584: file ../../../gio/gfileinfo.c: line 1691 (g_file_info_get_is_symlink): should not be reached

(lxpanel:6867): GLib-GIO-CRITICAL **: 09:44:15.584: GFileInfo created without standard::is-symlink

(lxpanel:6867): GLib-GIO-CRITICAL **: 09:44:15.584: file ../../../gio/gfileinfo.c: line 1691 (g_file_info_get_is_symlink): should not be reached

(lxpanel:6867): GLib-GIO-CRITICAL **: 09:44:15.584: GFileInfo created without standard::is-symlink

(lxpanel:6867): GLib-GIO-CRITICAL **: 09:44:15.584: file ../../../gio/gfileinfo.c: line 1691 (g_file_info_get_is_symlink): should not be reached

(lxpanel:6867): GLib-GIO-CRITICAL **: 09:44:15.584: GFileInfo created without standard::is-symlink

(lxpanel:6867): GLib-GIO-CRITICAL **: 09:44:15.584: file ../../../gio/gfileinfo.c: line 1691 (g_file_info_get_is_symlink): should not be reached

(lxpanel:6867): GLib-GIO-CRITICAL **: 09:44:15.584: GFileInfo created without standard::is-symlink

(lxpanel:6867): GLib-GIO-CRITICAL **: 09:44:15.584: file ../../../gio/gfileinfo.c: line 1691 (g_file_info_get_is_symlink): should not be reached

(lxpanel:6867): GLib-GIO-CRITICAL **: 09:44:15.584: GFileInfo created without standard::is-symlink

(lxpanel:6867): GLib-GIO-CRITICAL **: 09:44:15.584: file ../../../gio/gfileinfo.c: line 1691 (g_file_info_get_is_symlink): should not be reached

(lxpanel:6867): GLib-GIO-CRITICAL **: 09:44:15.584: GFileInfo created without standard::is-symlink

(lxpanel:6867): GLib-GIO-CRITICAL **: 09:44:15.584: file ../../../gio/gfileinfo.c: line 1691 (g_file_info_get_is_symlink): should not be reached

(lxpanel:6867): GLib-GIO-CRITICAL **: 09:44:15.584: GFileInfo created without standard::is-symlink

(lxpanel:6867): GLib-GIO-CRITICAL **: 09:44:15.584: file ../../../gio/gfileinfo.c: line 1691 (g_file_info_get_is_symlink): should not be reached

(lxpanel:6867): GLib-GIO-CRITICAL **: 09:44:15.584: GFileInfo created without standard::is-symlink

(lxpanel:6867): GLib-GIO-CRITICAL **: 09:44:15.584: file ../../../gio/gfileinfo.c: line 1691 (g_file_info_get_is_symlink): should not be reached

(lxpanel:6867): GLib-GIO-CRITICAL **: 09:44:15.584: GFileInfo created without standard::is-symlink

(lxpanel:6867): GLib-GIO-CRITICAL **: 09:44:15.584: file ../../../gio/gfileinfo.c: line 1691 (g_file_info_get_is_symlink): should not be reached

(lxpanel:6867): GLib-GIO-CRITICAL **: 09:44:15.584: GFileInfo created without standard::is-symlink

(lxpanel:6867): GLib-GIO-CRITICAL **: 09:44:15.584: file ../../../gio/gfileinfo.c: line 1691 (g_file_info_get_is_symlink): should not be reached

(lxpanel:6867): GLib-GIO-CRITICAL **: 09:44:15.584: GFileInfo created without standard::is-symlink

(lxpanel:6867): GLib-GIO-CRITICAL **: 09:44:15.584: file ../../../gio/gfileinfo.c: line 1691 (g_file_info_get_is_symlink): should not be reached

(lxpanel:6867): GLib-GIO-CRITICAL **: 09:44:15.584: GFileInfo created without standard::is-symlink

(lxpanel:6867): GLib-GIO-CRITICAL **: 09:44:15.584: file ../../../gio/gfileinfo.c: line 1691 (g_file_info_get_is_symlink): should not be reached

(lxpanel:6867): GLib-GIO-CRITICAL **: 09:44:15.584: GFileInfo created without standard::is-symlink

(lxpanel:6867): GLib-GIO-CRITICAL **: 09:44:15.584: GFileInfo created without standard::is-symlink

(lxpanel:6867): GLib-GIO-CRITICAL **: 09:44:15.584: file ../../../gio/gfileinfo.c: line 1691 (g_file_info_get_is_symlink): should not be reached

(lxpanel:6867): GLib-GIO-CRITICAL **: 09:44:15.584: file ../../../gio/gfileinfo.c: line 1691 (g_file_info_get_is_symlink): should not be reached

(lxpanel:6867): GLib-GIO-CRITICAL **: 09:44:15.584: GFileInfo created without standard::is-symlink

(lxpanel:6867): GLib-GIO-CRITICAL **: 09:44:15.584: file ../../../gio/gfileinfo.c: line 1691 (g_file_info_get_is_symlink): should not be reached

(lxpanel:6867): GLib-GIO-CRITICAL **: 09:44:15.584: GFileInfo created without standard::is-symlink

(lxpanel:6867): GLib-GIO-CRITICAL **: 09:44:15.584: file ../../../gio/gfileinfo.c: line 1691 (g_file_info_get_is_symlink): should not be reached

(lxpanel:6867): GLib-GIO-CRITICAL **: 09:44:15.584: GFileInfo created without standard::is-symlink

(lxpanel:6867): GLib-GIO-CRITICAL **: 09:44:15.584: GFileInfo created without standard::is-symlink

(lxpanel:6867): GLib-GIO-CRITICAL **: 09:44:15.584: file ../../../gio/gfileinfo.c: line 1691 (g_file_info_get_is_symlink): should not be reached

(lxpanel:6867): GLib-GIO-CRITICAL **: 09:44:15.584: file ../../../gio/gfileinfo.c: line 1691 (g_file_info_get_is_symlink): should not be reached

(lxpanel:6867): GLib-GIO-CRITICAL **: 09:44:15.584: GFileInfo created without standard::is-symlink

(lxpanel:6867): GLib-GIO-CRITICAL **: 09:44:15.584: GFileInfo created without standard::is-symlink

(lxpanel:6867): GLib-GIO-CRITICAL **: 09:44:15.584: file ../../../gio/gfileinfo.c: line 1691 (g_file_info_get_is_symlink): should not be reached

(lxpanel:6867): GLib-GIO-CRITICAL **: 09:44:15.584: file ../../../gio/gfileinfo.c: line 1691 (g_file_info_get_is_symlink): should not be reached

(lxpanel:6867): GLib-GIO-CRITICAL **: 09:44:15.584: GFileInfo created without standard::is-symlink

(lxpanel:6867): GLib-GIO-CRITICAL **: 09:44:15.584: GFileInfo created without standard::is-symlink

(lxpanel:6867): GLib-GIO-CRITICAL **: 09:44:15.584: file ../../../gio/gfileinfo.c: line 1691 (g_file_info_get_is_symlink): should not be reached

(lxpanel:6867): GLib-GIO-CRITICAL **: 09:44:15.584: file ../../../gio/gfileinfo.c: line 1691 (g_file_info_get_is_symlink): should not be reached

(lxpanel:6867): GLib-GIO-CRITICAL **: 09:44:15.584: GFileInfo created without standard::is-symlink

(lxpanel:6867): GLib-GIO-CRITICAL **: 09:44:15.584: GFileInfo created without standard::is-symlink

(lxpanel:6867): GLib-GIO-CRITICAL **: 09:44:15.584: file ../../../gio/gfileinfo.c: line 1691 (g_file_info_get_is_symlink): should not be reached

(lxpanel:6867): GLib-GIO-CRITICAL **: 09:44:15.584: file ../../../gio/gfileinfo.c: line 1691 (g_file_info_get_is_symlink): should not be reached

(lxpanel:6867): GLib-GIO-CRITICAL **: 09:44:15.584: GFileInfo created without standard::is-symlink

(lxpanel:6867): GLib-GIO-CRITICAL **: 09:44:15.584: GFileInfo created without standard::is-symlink

(lxpanel:6867): GLib-GIO-CRITICAL **: 09:44:15.584: file ../../../gio/gfileinfo.c: line 1691 (g_file_info_get_is_symlink): should not be reached

(lxpanel:6867): GLib-GIO-CRITICAL **: 09:44:15.584: file ../../../gio/gfileinfo.c: line 1691 (g_file_info_get_is_symlink): should not be reached

(lxpanel:6867): GLib-GIO-CRITICAL **: 09:44:15.584: GFileInfo created without standard::is-symlink

(lxpanel:6867): GLib-GIO-CRITICAL **: 09:44:15.584: GFileInfo created without standard::is-symlink

(lxpanel:6867): GLib-GIO-CRITICAL **: 09:44:15.584: file ../../../gio/gfileinfo.c: line 1691 (g_file_info_get_is_symlink): should not be reached

(lxpanel:6867): GLib-GIO-CRITICAL **: 09:44:15.584: file ../../../gio/gfileinfo.c: line 1691 (g_file_info_get_is_symlink): should not be reached

(lxpanel:6867): GLib-GIO-CRITICAL **: 09:44:15.584: GFileInfo created without standard::is-symlink

(lxpanel:6867): GLib-GIO-CRITICAL **: 09:44:15.584: GFileInfo created without standard::is-symlink

(lxpanel:6867): GLib-GIO-CRITICAL **: 09:44:15.584: file ../../../gio/gfileinfo.c: line 1691 (g_file_info_get_is_symlink): should not be reached

(lxpanel:6867): GLib-GIO-CRITICAL **: 09:44:15.584: file ../../../gio/gfileinfo.c: line 1691 (g_file_info_get_is_symlink): should not be reached

(lxpanel:6867): GLib-GIO-CRITICAL **: 09:44:15.584: GFileInfo created without standard::is-symlink

(lxpanel:6867): GLib-GIO-CRITICAL **: 09:44:15.584: GFileInfo created without standard::is-symlink

(lxpanel:6867): GLib-GIO-CRITICAL **: 09:44:15.584: file ../../../gio/gfileinfo.c: line 1691 (g_file_info_get_is_symlink): should not be reached

(lxpanel:6867): GLib-GIO-CRITICAL **: 09:44:15.584: file ../../../gio/gfileinfo.c: line 1691 (g_file_info_get_is_symlink): should not be reached

(lxpanel:6867): GLib-GIO-CRITICAL **: 09:44:15.584: GFileInfo created without standard::is-symlink

(lxpanel:6867): GLib-GIO-CRITICAL **: 09:44:15.584: GFileInfo created without standard::is-symlink

(lxpanel:6867): GLib-GIO-CRITICAL **: 09:44:15.584: file ../../../gio/gfileinfo.c: line 1691 (g_file_info_get_is_symlink): should not be reached

(lxpanel:6867): GLib-GIO-CRITICAL **: 09:44:15.584: file ../../../gio/gfileinfo.c: line 1691 (g_file_info_get_is_symlink): should not be reached

(lxpanel:6867): GLib-GIO-CRITICAL **: 09:44:15.584: GFileInfo created without standard::is-symlink

(lxpanel:6867): GLib-GIO-CRITICAL **: 09:44:15.584: GFileInfo created without standard::is-symlink

(lxpanel:6867): GLib-GIO-CRITICAL **: 09:44:15.584: file ../../../gio/gfileinfo.c: line 1691 (g_file_info_get_is_symlink): should not be reached

(lxpanel:6867): GLib-GIO-CRITICAL **: 09:44:15.584: GFileInfo created without standard::is-symlink

(lxpanel:6867): GLib-GIO-CRITICAL **: 09:44:15.584: file ../../../gio/gfileinfo.c: line 1691 (g_file_info_get_is_symlink): should not be reached

(lxpanel:6867): GLib-GIO-CRITICAL **: 09:44:15.584: GFileInfo created without standard::is-symlink

(lxpanel:6867): GLib-GIO-CRITICAL **: 09:44:15.584: file ../../../gio/gfileinfo.c: line 1691 (g_file_info_get_is_symlink): should not be reached

(lxpanel:6867): GLib-GIO-CRITICAL **: 09:44:15.584: GFileInfo created without standard::is-symlink

(lxpanel:6867): GLib-GIO-CRITICAL **: 09:44:15.584: file ../../../gio/gfileinfo.c: line 1691 (g_file_info_get_is_symlink): should not be reached

(lxpanel:6867): GLib-GIO-CRITICAL **: 09:44:15.584: GFileInfo created without standard::is-symlink

(lxpanel:6867): GLib-GIO-CRITICAL **: 09:44:15.584: file ../../../gio/gfileinfo.c: line 1691 (g_file_info_get_is_symlink): should not be reached

(lxpanel:6867): GLib-GIO-CRITICAL **: 09:44:15.584: GFileInfo created without standard::is-symlink

(lxpanel:6867): GLib-GIO-CRITICAL **: 09:44:15.584: file ../../../gio/gfileinfo.c: line 1691 (g_file_info_get_is_symlink): should not be reached

(lxpanel:6867): GLib-GIO-CRITICAL **: 09:44:15.584: GFileInfo created without standard::is-symlink

(lxpanel:6867): GLib-GIO-CRITICAL **: 09:44:15.584: file ../../../gio/gfileinfo.c: line 1691 (g_file_info_get_is_symlink): should not be reached

(lxpanel:6867): GLib-GIO-CRITICAL **: 09:44:15.584: GFileInfo created without standard::is-symlink

(lxpanel:6867): GLib-GIO-CRITICAL **: 09:44:15.584: file ../../../gio/gfileinfo.c: line 1691 (g_file_info_get_is_symlink): should not be reached

(lxpanel:6867): GLib-GIO-CRITICAL **: 09:44:15.584: GFileInfo created without standard::is-symlink

(lxpanel:6867): GLib-GIO-CRITICAL **: 09:44:15.584: file ../../../gio/gfileinfo.c: line 1691 (g_file_info_get_is_symlink): should not be reached

(lxpanel:6867): GLib-GIO-CRITICAL **: 09:44:15.585: GFileInfo created without standard::is-symlink

(lxpanel:6867): GLib-GIO-CRITICAL **: 09:44:15.585: file ../../../gio/gfileinfo.c: line 1691 (g_file_info_get_is_symlink): should not be reached

(lxpanel:6867): GLib-GIO-CRITICAL **: 09:44:15.585: GFileInfo created without standard::is-symlink

(lxpanel:6867): GLib-GIO-CRITICAL **: 09:44:15.585: file ../../../gio/gfileinfo.c: line 1691 (g_file_info_get_is_symlink): should not be reached

(lxpanel:6867): GLib-GIO-CRITICAL **: 09:44:15.585: GFileInfo created without standard::is-symlink

(lxpanel:6867): GLib-GIO-CRITICAL **: 09:44:15.585: file ../../../gio/gfileinfo.c: line 1691 (g_file_info_get_is_symlink): should not be reached

(lxpanel:6867): GLib-GIO-CRITICAL **: 09:44:15.585: GFileInfo created without standard::is-symlink

(lxpanel:6867): GLib-GIO-CRITICAL **: 09:44:15.585: file ../../../gio/gfileinfo.c: line 1691 (g_file_info_get_is_symlink): should not be reached

(lxpanel:6867): GLib-GIO-CRITICAL **: 09:44:15.585: GFileInfo created without standard::is-symlink

(lxpanel:6867): GLib-GIO-CRITICAL **: 09:44:15.585: file ../../../gio/gfileinfo.c: line 1691 (g_file_info_get_is_symlink): should not be reached

(lxpanel:6867): GLib-GIO-CRITICAL **: 09:44:15.585: GFileInfo created without standard::is-symlink

(lxpanel:6867): GLib-GIO-CRITICAL **: 09:44:15.585: file ../../../gio/gfileinfo.c: line 1691 (g_file_info_get_is_symlink): should not be reached

(lxpanel:6867): GLib-GIO-CRITICAL **: 09:44:15.585: GFileInfo created without standard::is-symlink

(lxpanel:6867): GLib-GIO-CRITICAL **: 09:44:15.585: file ../../../gio/gfileinfo.c: line 1691 (g_file_info_get_is_symlink): should not be reached

(lxpanel:6867): GLib-GIO-CRITICAL **: 09:44:15.585: GFileInfo created without standard::is-symlink

(lxpanel:6867): GLib-GIO-CRITICAL **: 09:44:15.585: file ../../../gio/gfileinfo.c: line 1691 (g_file_info_get_is_symlink): should not be reached

(lxpanel:6867): GLib-GIO-CRITICAL **: 09:44:15.585: GFileInfo created without standard::is-symlink

(lxpanel:6867): GLib-GIO-CRITICAL **: 09:44:15.585: file ../../../gio/gfileinfo.c: line 1691 (g_file_info_get_is_symlink): should not be reached

(lxpanel:6867): GLib-GIO-CRITICAL **: 09:44:15.585: GFileInfo created without standard::is-symlink

(lxpanel:6867): GLib-GIO-CRITICAL **: 09:44:15.585: file ../../../gio/gfileinfo.c: line 1691 (g_file_info_get_is_symlink): should not be reached

(lxpanel:6867): GLib-GIO-CRITICAL **: 09:44:15.585: GFileInfo created without standard::is-symlink

(lxpanel:6867): GLib-GIO-CRITICAL **: 09:44:15.585: file ../../../gio/gfileinfo.c: line 1691 (g_file_info_get_is_symlink): should not be reached

(lxpanel:6867): GLib-GIO-CRITICAL **: 09:44:15.585: GFileInfo created without standard::is-symlink

(lxpanel:6867): GLib-GIO-CRITICAL **: 09:44:15.585: file ../../../gio/gfileinfo.c: line 1691 (g_file_info_get_is_symlink): should not be reached

(lxpanel:6867): GLib-GIO-CRITICAL **: 09:44:15.584: file ../../../gio/gfileinfo.c: line 1691 (g_file_info_get_is_symlink): should not be reached

(lxpanel:6867): GLib-GIO-CRITICAL **: 09:44:15.585: GFileInfo created without standard::is-symlink

(lxpanel:6867): GLib-GIO-CRITICAL **: 09:44:15.585: file ../../../gio/gfileinfo.c: line 1691 (g_file_info_get_is_symlink): should not be reached

(lxpanel:6867): GLib-GIO-CRITICAL **: 09:44:15.585: GFileInfo created without standard::is-symlink

(lxpanel:6867): GLib-GIO-CRITICAL **: 09:44:15.585: file ../../../gio/gfileinfo.c: line 1691 (g_file_info_get_is_symlink): should not be reached

(lxpanel:6867): GLib-GIO-CRITICAL **: 09:44:15.585: GFileInfo created without standard::size

(lxpanel:6867): GLib-GIO-CRITICAL **: 09:44:15.585: file ../../../gio/gfileinfo.c: line 1860 (g_file_info_get_size): should not be reached

(lxpanel:6867): GLib-GIO-CRITICAL **: 09:44:15.585: GFileInfo created without standard::edit-name

(lxpanel:6867): GLib-GIO-CRITICAL **: 09:44:15.585: file ../../../gio/gfileinfo.c: line 1757 (g_file_info_get_edit_name): should not be reached

(lxpanel:6867): GLib-GIO-CRITICAL **: 09:44:15.585: GFileInfo created without standard::size

(lxpanel:6867): GLib-GIO-CRITICAL **: 09:44:15.585: file ../../../gio/gfileinfo.c: line 1860 (g_file_info_get_size): should not be reached

(lxpanel:6867): GLib-GIO-CRITICAL **: 09:44:15.585: GFileInfo created without standard::is-symlink

(lxpanel:6867): GLib-GIO-CRITICAL **: 09:44:15.585: file ../../../gio/gfileinfo.c: line 1691 (g_file_info_get_is_symlink): should not be reached

(lxpanel:6867): GLib-GIO-CRITICAL **: 09:44:15.585: GFileInfo created without standard::is-backup

(lxpanel:6867): GLib-GIO-CRITICAL **: 09:44:15.585: file ../../../gio/gfileinfo.c: line 1669 (g_file_info_get_is_backup): should not be reached

(lxpanel:6867): GLib-GIO-CRITICAL **: 09:44:15.585: GFileInfo created without standard::is-symlink

(lxpanel:6867): GLib-GIO-CRITICAL **: 09:44:15.585: file ../../../gio/gfileinfo.c: line 1691 (g_file_info_get_is_symlink): should not be reached

(lxpanel:6867): GLib-GIO-CRITICAL **: 09:44:15.585: GFileInfo created without standard::is-symlink

(lxpanel:6867): GLib-GIO-CRITICAL **: 09:44:15.585: file ../../../gio/gfileinfo.c: line 1691 (g_file_info_get_is_symlink): should not be reached

(lxpanel:6867): GLib-GIO-CRITICAL **: 09:44:15.585: GFileInfo created without standard::is-symlink

(lxpanel:6867): GLib-GIO-CRITICAL **: 09:44:15.585: file ../../../gio/gfileinfo.c: line 1691 (g_file_info_get_is_symlink): should not be reached

(lxpanel:6867): GLib-GIO-CRITICAL **: 09:44:15.585: GFileInfo created without standard::is-symlink

(lxpanel:6867): GLib-GIO-CRITICAL **: 09:44:15.585: file ../../../gio/gfileinfo.c: line 1691 (g_file_info_get_is_symlink): should not be reached

(lxpanel:6867): GLib-GIO-CRITICAL **: 09:44:15.585: GFileInfo created without standard::is-symlink

(lxpanel:6867): GLib-GIO-CRITICAL **: 09:44:15.585: file ../../../gio/gfileinfo.c: line 1691 (g_file_info_get_is_symlink): should not be reached

(lxpanel:6867): GLib-GIO-CRITICAL **: 09:44:15.585: GFileInfo created without standard::is-symlink

(lxpanel:6867): GLib-GIO-CRITICAL **: 09:44:15.585: file ../../../gio/gfileinfo.c: line 1691 (g_file_info_get_is_symlink): should not be reached

(lxpanel:6867): GLib-GIO-CRITICAL **: 09:44:15.585: GFileInfo created without standard::is-symlink

(lxpanel:6867): GLib-GIO-CRITICAL **: 09:44:15.585: file ../../../gio/gfileinfo.c: line 1691 (g_file_info_get_is_symlink): should not be reached

(lxpanel:6867): GLib-GIO-CRITICAL **: 09:44:15.585: GFileInfo created without standard::is-symlink

(lxpanel:6867): GLib-GIO-CRITICAL **: 09:44:15.585: file ../../../gio/gfileinfo.c: line 1691 (g_file_info_get_is_symlink): should not be reached

(lxpanel:6867): GLib-GIO-CRITICAL **: 09:44:15.585: GFileInfo created without standard::is-symlink

(lxpanel:6867): GLib-GIO-CRITICAL **: 09:44:15.585: file ../../../gio/gfileinfo.c: line 1691 (g_file_info_get_is_symlink): should not be reached

(lxpanel:6867): GLib-GIO-CRITICAL **: 09:44:15.585: GFileInfo created without standard::is-symlink

(lxpanel:6867): GLib-GIO-CRITICAL **: 09:44:15.585: file ../../../gio/gfileinfo.c: line 1691 (g_file_info_get_is_symlink): should not be reached

(lxpanel:6867): GLib-GIO-CRITICAL **: 09:44:15.585: GFileInfo created without standard::is-symlink

(lxpanel:6867): GLib-GIO-CRITICAL **: 09:44:15.585: file ../../../gio/gfileinfo.c: line 1691 (g_file_info_get_is_symlink): should not be reached

(lxpanel:6867): GLib-GIO-CRITICAL **: 09:44:15.585: GFileInfo created without standard::is-symlink

(lxpanel:6867): GLib-GIO-CRITICAL **: 09:44:15.585: file ../../../gio/gfileinfo.c: line 1691 (g_file_info_get_is_symlink): should not be reached

(lxpanel:6867): GLib-GIO-CRITICAL **: 09:44:15.585: GFileInfo created without standard::is-symlink

(lxpanel:6867): GLib-GIO-CRITICAL **: 09:44:15.585: file ../../../gio/gfileinfo.c: line 1691 (g_file_info_get_is_symlink): should not be reached

(lxpanel:6867): GLib-GIO-CRITICAL **: 09:44:15.585: GFileInfo created without standard::is-symlink

(lxpanel:6867): GLib-GIO-CRITICAL **: 09:44:15.585: file ../../../gio/gfileinfo.c: line 1691 (g_file_info_get_is_symlink): should not be reached

(lxpanel:6867): GLib-GIO-CRITICAL **: 09:44:15.585: GFileInfo created without standard::is-symlink

(lxpanel:6867): GLib-GIO-CRITICAL **: 09:44:15.585: file ../../../gio/gfileinfo.c: line 1691 (g_file_info_get_is_symlink): should not be reached

(lxpanel:6867): GLib-GIO-CRITICAL **: 09:44:15.585: GFileInfo created without standard::is-symlink

(lxpanel:6867): GLib-GIO-CRITICAL **: 09:44:15.585: file ../../../gio/gfileinfo.c: line 1691 (g_file_info_get_is_symlink): should not be reached

(lxpanel:6867): GLib-GIO-CRITICAL **: 09:44:15.585: GFileInfo created without standard::is-symlink

(lxpanel:6867): GLib-GIO-CRITICAL **: 09:44:15.585: file ../../../gio/gfileinfo.c: line 1691 (g_file_info_get_is_symlink): should not be reached

(lxpanel:6867): GLib-GIO-CRITICAL **: 09:44:15.585: GFileInfo created without standard::is-symlink

(lxpanel:6867): GLib-GIO-CRITICAL **: 09:44:15.585: file ../../../gio/gfileinfo.c: line 1691 (g_file_info_get_is_symlink): should not be reached

(lxpanel:6867): GLib-GIO-CRITICAL **: 09:44:15.585: GFileInfo created without standard::is-symlink

(lxpanel:6867): GLib-GIO-CRITICAL **: 09:44:15.585: file ../../../gio/gfileinfo.c: line 1691 (g_file_info_get_is_symlink): should not be reached

(lxpanel:6867): GLib-GIO-CRITICAL **: 09:44:15.585: GFileInfo created without standard::is-symlink

(lxpanel:6867): GLib-GIO-CRITICAL **: 09:44:15.585: file ../../../gio/gfileinfo.c: line 1691 (g_file_info_get_is_symlink): should not be reached

(lxpanel:6867): GLib-GIO-CRITICAL **: 09:44:15.585: GFileInfo created without standard::is-symlink

(lxpanel:6867): GLib-GIO-CRITICAL **: 09:44:15.585: file ../../../gio/gfileinfo.c: line 1691 (g_file_info_get_is_symlink): should not be reached

(lxpanel:6867): GLib-GIO-CRITICAL **: 09:44:15.585: GFileInfo created without standard::is-symlink

(lxpanel:6867): GLib-GIO-CRITICAL **: 09:44:15.585: file ../../../gio/gfileinfo.c: line 1691 (g_file_info_get_is_symlink): should not be reached

(lxpanel:6867): GLib-GIO-CRITICAL **: 09:44:15.586: GFileInfo created without standard::is-symlink

(lxpanel:6867): GLib-GIO-CRITICAL **: 09:44:15.586: file ../../../gio/gfileinfo.c: line 1691 (g_file_info_get_is_symlink): should not be reached

(lxpanel:6867): GLib-GIO-CRITICAL **: 09:44:15.586: GFileInfo created without standard::is-symlink

(lxpanel:6867): GLib-GIO-CRITICAL **: 09:44:15.586: file ../../../gio/gfileinfo.c: line 1691 (g_file_info_get_is_symlink): should not be reached

(lxpanel:6867): GLib-GIO-CRITICAL **: 09:44:15.586: GFileInfo created without standard::is-symlink

(lxpanel:6867): GLib-GIO-CRITICAL **: 09:44:15.586: file ../../../gio/gfileinfo.c: line 1691 (g_file_info_get_is_symlink): should not be reached

(lxpanel:6867): GLib-GIO-CRITICAL **: 09:44:15.586: GFileInfo created without standard::is-symlink

(lxpanel:6867): GLib-GIO-CRITICAL **: 09:44:15.586: file ../../../gio/gfileinfo.c: line 1691 (g_file_info_get_is_symlink): should not be reached

(lxpanel:6867): GLib-GIO-CRITICAL **: 09:44:15.586: GFileInfo created without standard::is-symlink

(lxpanel:6867): GLib-GIO-CRITICAL **: 09:44:15.586: file ../../../gio/gfileinfo.c: line 1691 (g_file_info_get_is_symlink): should not be reached

(lxpanel:6867): GLib-GIO-CRITICAL **: 09:44:15.586: GFileInfo created without standard::is-symlink

(lxpanel:6867): GLib-GIO-CRITICAL **: 09:44:15.586: file ../../../gio/gfileinfo.c: line 1691 (g_file_info_get_is_symlink): should not be reached

(lxpanel:6867): GLib-GIO-CRITICAL **: 09:44:15.586: GFileInfo created without standard::is-symlink

(lxpanel:6867): GLib-GIO-CRITICAL **: 09:44:15.586: file ../../../gio/gfileinfo.c: line 1691 (g_file_info_get_is_symlink): should not be reached

(lxpanel:6867): GLib-GIO-CRITICAL **: 09:44:15.586: GFileInfo created without standard::is-symlink

(lxpanel:6867): GLib-GIO-CRITICAL **: 09:44:15.586: file ../../../gio/gfileinfo.c: line 1691 (g_file_info_get_is_symlink): should not be reached

(lxpanel:6867): GLib-GIO-CRITICAL **: 09:44:15.586: GFileInfo created without standard::is-symlink

(lxpanel:6867): GLib-GIO-CRITICAL **: 09:44:15.586: file ../../../gio/gfileinfo.c: line 1691 (g_file_info_get_is_symlink): should not be reached

(lxpanel:6867): GLib-GIO-CRITICAL **: 09:44:15.586: GFileInfo created without standard::is-symlink

(lxpanel:6867): GLib-GIO-CRITICAL **: 09:44:15.586: file ../../../gio/gfileinfo.c: line 1691 (g_file_info_get_is_symlink): should not be reached

(lxpanel:6867): GLib-GIO-CRITICAL **: 09:44:15.586: GFileInfo created without standard::is-symlink

(lxpanel:6867): GLib-GIO-CRITICAL **: 09:44:15.586: file ../../../gio/gfileinfo.c: line 1691 (g_file_info_get_is_symlink): should not be reached

(lxpanel:6867): GLib-GIO-CRITICAL **: 09:44:15.586: GFileInfo created without standard::is-symlink

(lxpanel:6867): GLib-GIO-CRITICAL **: 09:44:15.586: file ../../../gio/gfileinfo.c: line 1691 (g_file_info_get_is_symlink): should not be reached

(lxpanel:6867): GLib-GIO-CRITICAL **: 09:44:15.586: GFileInfo created without standard::is-symlink

(lxpanel:6867): GLib-GIO-CRITICAL **: 09:44:15.586: file ../../../gio/gfileinfo.c: line 1691 (g_file_info_get_is_symlink): should not be reached

(lxpanel:6867): GLib-GIO-CRITICAL **: 09:44:15.586: GFileInfo created without standard::is-symlink

(lxpanel:6867): GLib-GIO-CRITICAL **: 09:44:15.586: file ../../../gio/gfileinfo.c: line 1691 (g_file_info_get_is_symlink): should not be reached

(lxpanel:6867): GLib-GIO-CRITICAL **: 09:44:15.586: GFileInfo created without standard::is-symlink

(lxpanel:6867): GLib-GIO-CRITICAL **: 09:44:15.586: file ../../../gio/gfileinfo.c: line 1691 (g_file_info_get_is_symlink): should not be reached

(lxpanel:6867): GLib-GIO-CRITICAL **: 09:44:15.586: GFileInfo created without standard::is-symlink

(lxpanel:6867): GLib-GIO-CRITICAL **: 09:44:15.586: file ../../../gio/gfileinfo.c: line 1691 (g_file_info_get_is_symlink): should not be reached

(lxpanel:6867): GLib-GIO-CRITICAL **: 09:44:15.586: GFileInfo created without standard::is-symlink

(lxpanel:6867): GLib-GIO-CRITICAL **: 09:44:15.586: file ../../../gio/gfileinfo.c: line 1691 (g_file_info_get_is_symlink): should not be reached

(lxpanel:6867): GLib-GIO-CRITICAL **: 09:44:15.586: GFileInfo created without standard::is-symlink

(lxpanel:6867): GLib-GIO-CRITICAL **: 09:44:15.586: file ../../../gio/gfileinfo.c: line 1691 (g_file_info_get_is_symlink): should not be reached

(lxpanel:6867): GLib-GIO-CRITICAL **: 09:44:15.586: GFileInfo created without standard::is-symlink

(lxpanel:6867): GLib-GIO-CRITICAL **: 09:44:15.586: file ../../../gio/gfileinfo.c: line 1691 (g_file_info_get_is_symlink): should not be reached

(lxpanel:6867): GLib-GIO-CRITICAL **: 09:44:15.586: GFileInfo created without standard::is-symlink

(lxpanel:6867): GLib-GIO-CRITICAL **: 09:44:15.586: file ../../../gio/gfileinfo.c: line 1691 (g_file_info_get_is_symlink): should not be reached

(lxpanel:6867): GLib-GIO-CRITICAL **: 09:44:15.586: GFileInfo created without standard::is-symlink

(lxpanel:6867): GLib-GIO-CRITICAL **: 09:44:15.586: file ../../../gio/gfileinfo.c: line 1691 (g_file_info_get_is_symlink): should not be reached

(lxpanel:6867): GLib-GIO-CRITICAL **: 09:44:15.586: GFileInfo created without standard::is-symlink

(lxpanel:6867): GLib-GIO-CRITICAL **: 09:44:15.586: file ../../../gio/gfileinfo.c: line 1691 (g_file_info_get_is_symlink): should not be reached

(lxpanel:6867): GLib-GIO-CRITICAL **: 09:44:15.586: GFileInfo created without standard::is-symlink

(lxpanel:6867): GLib-GIO-CRITICAL **: 09:44:15.586: file ../../../gio/gfileinfo.c: line 1691 (g_file_info_get_is_symlink): should not be reached

(lxpanel:6867): GLib-GIO-CRITICAL **: 09:44:15.586: GFileInfo created without standard::is-symlink

(lxpanel:6867): GLib-GIO-CRITICAL **: 09:44:15.586: file ../../../gio/gfileinfo.c: line 1691 (g_file_info_get_is_symlink): should not be reached

(lxpanel:6867): GLib-GIO-CRITICAL **: 09:44:15.586: GFileInfo created without standard::is-symlink

(lxpanel:6867): GLib-GIO-CRITICAL **: 09:44:15.586: file ../../../gio/gfileinfo.c: line 1691 (g_file_info_get_is_symlink): should not be reached

(lxpanel:6867): GLib-GIO-CRITICAL **: 09:44:15.586: GFileInfo created without standard::is-symlink

(lxpanel:6867): GLib-GIO-CRITICAL **: 09:44:15.586: file ../../../gio/gfileinfo.c: line 1691 (g_file_info_get_is_symlink): should not be reached

(lxpanel:6867): GLib-GIO-CRITICAL **: 09:44:15.586: GFileInfo created without standard::is-symlink

(lxpanel:6867): GLib-GIO-CRITICAL **: 09:44:15.586: file ../../../gio/gfileinfo.c: line 1691 (g_file_info_get_is_symlink): should not be reached

(lxpanel:6867): GLib-GIO-CRITICAL **: 09:44:15.586: GFileInfo created without standard::is-symlink

(lxpanel:6867): GLib-GIO-CRITICAL **: 09:44:15.586: file ../../../gio/gfileinfo.c: line 1691 (g_file_info_get_is_symlink): should not be reached

(lxpanel:6867): GLib-GIO-CRITICAL **: 09:44:15.586: GFileInfo created without standard::is-symlink

(lxpanel:6867): GLib-GIO-CRITICAL **: 09:44:15.586: file ../../../gio/gfileinfo.c: line 1691 (g_file_info_get_is_symlink): should not be reached

(lxpanel:6867): GLib-GIO-CRITICAL **: 09:44:15.586: GFileInfo created without standard::is-symlink

(lxpanel:6867): GLib-GIO-CRITICAL **: 09:44:15.586: file ../../../gio/gfileinfo.c: line 1691 (g_file_info_get_is_symlink): should not be reached

(lxpanel:6867): GLib-GIO-CRITICAL **: 09:44:15.586: GFileInfo created without standard::is-symlink

(lxpanel:6867): GLib-GIO-CRITICAL **: 09:44:15.586: file ../../../gio/gfileinfo.c: line 1691 (g_file_info_get_is_symlink): should not be reached

(lxpanel:6867): GLib-GIO-CRITICAL **: 09:44:15.586: GFileInfo created without standard::is-symlink

(lxpanel:6867): GLib-GIO-CRITICAL **: 09:44:15.586: file ../../../gio/gfileinfo.c: line 1691 (g_file_info_get_is_symlink): should not be reached

(lxpanel:6867): GLib-GIO-CRITICAL **: 09:44:15.586: GFileInfo created without standard::is-symlink

(lxpanel:6867): GLib-GIO-CRITICAL **: 09:44:15.586: file ../../../gio/gfileinfo.c: line 1691 (g_file_info_get_is_symlink): should not be reached

(lxpanel:6867): GLib-GIO-CRITICAL **: 09:44:15.586: GFileInfo created without standard::is-symlink

(lxpanel:6867): GLib-GIO-CRITICAL **: 09:44:15.586: file ../../../gio/gfileinfo.c: line 1691 (g_file_info_get_is_symlink): should not be reached

(lxpanel:6867): GLib-GIO-CRITICAL **: 09:44:15.586: GFileInfo created without standard::is-symlink

(lxpanel:6867): GLib-GIO-CRITICAL **: 09:44:15.586: file ../../../gio/gfileinfo.c: line 1691 (g_file_info_get_is_symlink): should not be reached

(lxpanel:6867): GLib-GIO-CRITICAL **: 09:44:15.586: GFileInfo created without standard::is-symlink

(lxpanel:6867): GLib-GIO-CRITICAL **: 09:44:15.586: file ../../../gio/gfileinfo.c: line 1691 (g_file_info_get_is_symlink): should not be reached

(lxpanel:6867): GLib-GIO-CRITICAL **: 09:44:15.586: GFileInfo created without standard::is-symlink

(lxpanel:6867): GLib-GIO-CRITICAL **: 09:44:15.586: file ../../../gio/gfileinfo.c: line 1691 (g_file_info_get_is_symlink): should not be reached

(lxpanel:6867): GLib-GIO-CRITICAL **: 09:44:15.586: GFileInfo created without standard::is-symlink

(lxpanel:6867): GLib-GIO-CRITICAL **: 09:44:15.586: file ../../../gio/gfileinfo.c: line 1691 (g_file_info_get_is_symlink): should not be reached

(lxpanel:6867): GLib-GIO-CRITICAL **: 09:44:15.586: GFileInfo created without standard::is-symlink

(lxpanel:6867): GLib-GIO-CRITICAL **: 09:44:15.586: file ../../../gio/gfileinfo.c: line 1691 (g_file_info_get_is_symlink): should not be reached

(lxpanel:6867): GLib-GIO-CRITICAL **: 09:44:15.586: GFileInfo created without standard::is-symlink

(lxpanel:6867): GLib-GIO-CRITICAL **: 09:44:15.586: file ../../../gio/gfileinfo.c: line 1691 (g_file_info_get_is_symlink): should not be reached

(pcmanfm:6868): GLib-GIO-CRITICAL **: 09:44:15.715: GFileInfo created without standard::edit-name

(pcmanfm:6868): GLib-GIO-CRITICAL **: 09:44:15.715: file ../../../gio/gfileinfo.c: line 1757 (g_file_info_get_edit_name): should not be reached

(pcmanfm:6868): GLib-GIO-CRITICAL **: 09:44:15.715: GFileInfo created without standard::size

(pcmanfm:6868): GLib-GIO-CRITICAL **: 09:44:15.715: file ../../../gio/gfileinfo.c: line 1860 (g_file_info_get_size): should not be reached

(pcmanfm:6868): GLib-GIO-CRITICAL **: 09:44:15.715: GFileInfo created without standard::is-symlink

(pcmanfm:6868): GLib-GIO-CRITICAL **: 09:44:15.715: file ../../../gio/gfileinfo.c: line 1691 (g_file_info_get_is_symlink): should not be reached

(pcmanfm:6868): GLib-GIO-CRITICAL **: 09:44:15.715: GFileInfo created without standard::is-hidden

(pcmanfm:6868): GLib-GIO-CRITICAL **: 09:44:15.715: file ../../../gio/gfileinfo.c: line 1647 (g_file_info_get_is_hidden): should not be reached

(pcmanfm:6868): GLib-GIO-CRITICAL **: 09:44:15.715: GFileInfo created without standard::is-backup

(pcmanfm:6868): GLib-GIO-CRITICAL **: 09:44:15.715: file ../../../gio/gfileinfo.c: line 1669 (g_file_info_get_is_backup): should not be reached

(diodon:6921): libayatana-appindicator-WARNING **: 09:44:15.901: libayatana-appindicator is deprecated. Please use libayatana-appindicator-glib in newly written code.

** (lxpanel:6867): WARNING **: 09:44:16.032: lxpanel : X error: BadWindow (invalid Window parameter)

** (lxpanel:6867): WARNING **: 09:44:16.032: lxpanel : X error: BadWindow (invalid Window parameter)

** (lxpanel:6867): WARNING **: 09:44:16.032: lxpanel : X error: BadWindow (invalid Window parameter)

(diodon:6921): Gdk-CRITICAL **: 09:44:16.059: gdk_window_thaw_toplevel_updates: assertion 'window->update_and_descendants_freeze_count > 0' failed

** (lxpanel:6867): WARNING **: 09:44:16.693: lxpanel : X error: BadWindow (invalid Window parameter)

** (lxpanel:6867): WARNING **: 09:44:16.693: lxpanel : X error: BadWindow (invalid Window parameter)

** (lxpanel:6867): WARNING **: 09:44:16.693: lxpanel : X error: BadWindow (invalid Window parameter)

** (lxpanel:6867): WARNING **: 09:44:16.706: lxpanel : X error: BadWindow (invalid Window parameter)

** (lxpanel:6867): WARNING **: 09:44:16.706: lxpanel : X error: BadWindow (invalid Window parameter)

** (lxpanel:6867): WARNING **: 09:44:16.706: lxpanel : X error: BadWindow (invalid Window parameter)

(lxpanel:6867): GLib-GIO-CRITICAL **: 09:59:12.327: GFileInfo created without standard::edit-name

(lxpanel:6867): GLib-GIO-CRITICAL **: 09:59:12.327: file ../../../gio/gfileinfo.c: line 1757 (g_file_info_get_edit_name): should not be reached

(lxpanel:6867): GLib-GIO-CRITICAL **: 09:59:12.327: GFileInfo created without standard::size

(lxpanel:6867): GLib-GIO-CRITICAL **: 09:59:12.327: file ../../../gio/gfileinfo.c: line 1860 (g_file_info_get_size): should not be reached

(lxpanel:6867): GLib-GIO-CRITICAL **: 09:59:12.327: GFileInfo created without standard::is-symlink

(lxpanel:6867): GLib-GIO-CRITICAL **: 09:59:12.327: file ../../../gio/gfileinfo.c: line 1691 (g_file_info_get_is_symlink): should not be reached

(lxpanel:6867): GLib-GIO-CRITICAL **: 09:59:12.327: GFileInfo created without standard::is-backup

(lxpanel:6867): GLib-GIO-CRITICAL **: 09:59:12.327: file ../../../gio/gfileinfo.c: line 1669 (g_file_info_get_is_backup): should not be reached

(lxterminal:25169): dbind-WARNING **: 09:59:12.372: AT-SPI: Error retrieving accessibility bus address: org.freedesktop.DBus.Error.ServiceUnknown: The name org.a11y.Bus was not provided by any .service files

** (lxpanel:6867): WARNING **: 09:59:12.565: task button : X error

** (lxpanel:6867): WARNING **: 10:07:55.941: task button : X error
** Message: 10:10:17.481: settings.vala:509: Desktop file change, reloading XSettings daemon
** Message: 10:10:17.481: options.vala:186: Reload xsettings_manager build-in
** Message: 10:10:17.481: utils.vala:39: Config system location : /etc/xdg/lxsession/LXDE
** Message: 10:10:17.481: utils.vala:45: System system path location : /etc/xdg/lxsession/LXDE/desktop.conf
** Message: 10:10:17.487: settings.vala:503: Reload the xsettings option
** Message: 10:10:17.487: settings.vala:509: Desktop file change, reloading XSettings daemon
** Message: 10:10:17.487: options.vala:186: Reload xsettings_manager build-in
** Message: 10:10:17.487: utils.vala:39: Config system location : /etc/xdg/lxsession/LXDE
** Message: 10:10:17.487: utils.vala:45: System system path location : /etc/xdg/lxsession/LXDE/desktop.conf
** Message: 10:10:17.493: settings.vala:503: Reload the xsettings option
** Message: 10:10:17.493: settings.vala:509: Desktop file change, reloading XSettings daemon
** Message: 10:10:17.493: options.vala:186: Reload xsettings_manager build-in
** Message: 10:10:17.493: utils.vala:39: Config system location : /etc/xdg/lxsession/LXDE
** Message: 10:10:17.493: utils.vala:45: System system path location : /etc/xdg/lxsession/LXDE/desktop.conf
Openbox-Message: Unable to find a valid menu file "/usr/share/lxde/openbox/menu.xml"
** Message: 10:10:17.568: settings.vala:503: Reload the xsettings option

(lxpanel:6867): dbind-WARNING **: 10:14:04.970: AT-SPI: Error retrieving accessibility bus address: org.freedesktop.DBus.Error.ServiceUnknown: The name org.a11y.Bus was not provided by any .service files

(lxpanel:6867): GLib-GIO-CRITICAL **: 10:14:05.072: GFileInfo created without standard::edit-name

(lxpanel:6867): GLib-GIO-CRITICAL **: 10:14:05.072: GFileInfo created without standard::edit-name

(lxpanel:6867): GLib-GIO-CRITICAL **: 10:14:05.072: file ../../../gio/gfileinfo.c: line 1757 (g_file_info_get_edit_name): should not be reached

(lxpanel:6867): GLib-GIO-CRITICAL **: 10:14:05.072: file ../../../gio/gfileinfo.c: line 1757 (g_file_info_get_edit_name): should not be reached

(lxpanel:6867): GLib-GIO-CRITICAL **: 10:14:05.072: GFileInfo created without standard::size

(lxpanel:6867): GLib-GIO-CRITICAL **: 10:14:05.072: GFileInfo created without standard::size

(lxpanel:6867): GLib-GIO-CRITICAL **: 10:14:05.072: file ../../../gio/gfileinfo.c: line 1860 (g_file_info_get_size): should not be reached

(lxpanel:6867): GLib-GIO-CRITICAL **: 10:14:05.072: file ../../../gio/gfileinfo.c: line 1860 (g_file_info_get_size): should not be reached

(lxpanel:6867): GLib-GIO-CRITICAL **: 10:14:05.072: GFileInfo created without standard::content-type

(lxpanel:6867): GLib-GIO-CRITICAL **: 10:14:05.072: GFileInfo created without standard::content-type

(lxpanel:6867): GLib-GIO-CRITICAL **: 10:14:05.072: file ../../../gio/gfileinfo.c: line 1836 (g_file_info_get_content_type): should not be reached

(lxpanel:6867): GLib-GIO-CRITICAL **: 10:14:05.072: file ../../../gio/gfileinfo.c: line 1836 (g_file_info_get_content_type): should not be reached

(lxpanel:6867): GLib-GIO-CRITICAL **: 10:14:05.072: GFileInfo created without standard::is-symlink

(lxpanel:6867): GLib-GIO-CRITICAL **: 10:14:05.072: GFileInfo created without standard::is-symlink

(lxpanel:6867): GLib-GIO-CRITICAL **: 10:14:05.072: file ../../../gio/gfileinfo.c: line 1691 (g_file_info_get_is_symlink): should not be reached

(lxpanel:6867): GLib-GIO-CRITICAL **: 10:14:05.072: file ../../../gio/gfileinfo.c: line 1691 (g_file_info_get_is_symlink): should not be reached

(lxpanel:6867): GLib-GIO-CRITICAL **: 10:14:05.072: GFileInfo created without standard::is-hidden

(lxpanel:6867): GLib-GIO-CRITICAL **: 10:14:05.072: GFileInfo created without standard::is-hidden

(lxpanel:6867): GLib-GIO-CRITICAL **: 10:14:05.072: file ../../../gio/gfileinfo.c: line 1647 (g_file_info_get_is_hidden): should not be reached

(lxpanel:6867): GLib-GIO-CRITICAL **: 10:14:05.072: GFileInfo created without standard::is-backup

(lxpanel:6867): GLib-GIO-CRITICAL **: 10:14:05.072: file ../../../gio/gfileinfo.c: line 1647 (g_file_info_get_is_hidden): should not be reached

(lxpanel:6867): GLib-GIO-CRITICAL **: 10:14:05.072: file ../../../gio/gfileinfo.c: line 1669 (g_file_info_get_is_backup): should not be reached

(lxpanel:6867): GLib-GIO-CRITICAL **: 10:14:05.072: GFileInfo created without standard::is-backup

(lxpanel:6867): GLib-GIO-CRITICAL **: 10:14:05.072: file ../../../gio/gfileinfo.c: line 1669 (g_file_info_get_is_backup): should not be reached

(lxpanel:6867): GLib-GIO-CRITICAL **: 10:14:05.072: GFileInfo created without standard::is-symlink

(lxpanel:6867): GLib-GIO-CRITICAL **: 10:14:05.072: GFileInfo created without standard::is-symlink

(lxpanel:6867): GLib-GIO-CRITICAL **: 10:14:05.072: file ../../../gio/gfileinfo.c: line 1691 (g_file_info_get_is_symlink): should not be reached

(lxpanel:6867): GLib-GIO-CRITICAL **: 10:14:05.072: file ../../../gio/gfileinfo.c: line 1691 (g_file_info_get_is_symlink): should not be reached

(lxpanel:6867): GLib-GIO-CRITICAL **: 10:14:05.072: GFileInfo created without standard::is-symlink

(lxpanel:6867): GLib-GIO-CRITICAL **: 10:14:05.072: GFileInfo created without standard::is-symlink

(lxpanel:6867): GLib-GIO-CRITICAL **: 10:14:05.072: file ../../../gio/gfileinfo.c: line 1691 (g_file_info_get_is_symlink): should not be reached

(lxpanel:6867): GLib-GIO-CRITICAL **: 10:14:05.072: file ../../../gio/gfileinfo.c: line 1691 (g_file_info_get_is_symlink): should not be reached

(lxpanel:6867): GLib-GIO-CRITICAL **: 10:14:05.072: GFileInfo created without standard::is-symlink

(lxpanel:6867): GLib-GIO-CRITICAL **: 10:14:05.072: file ../../../gio/gfileinfo.c: line 1691 (g_file_info_get_is_symlink): should not be reached

(lxpanel:6867): GLib-GIO-CRITICAL **: 10:14:05.072: GFileInfo created without standard::is-symlink

(lxpanel:6867): GLib-GIO-CRITICAL **: 10:14:05.072: file ../../../gio/gfileinfo.c: line 1691 (g_file_info_get_is_symlink): should not be reached

(lxpanel:6867): GLib-GIO-CRITICAL **: 10:14:05.072: GFileInfo created without standard::is-symlink

(lxpanel:6867): GLib-GIO-CRITICAL **: 10:14:05.072: file ../../../gio/gfileinfo.c: line 1691 (g_file_info_get_is_symlink): should not be reached

(lxpanel:6867): GLib-GIO-CRITICAL **: 10:14:05.072: GFileInfo created without standard::is-symlink

(lxpanel:6867): GLib-GIO-CRITICAL **: 10:14:05.072: file ../../../gio/gfileinfo.c: line 1691 (g_file_info_get_is_symlink): should not be reached

(lxpanel:6867): GLib-GIO-CRITICAL **: 10:14:05.072: GFileInfo created without standard::is-symlink

(lxpanel:6867): GLib-GIO-CRITICAL **: 10:14:05.072: file ../../../gio/gfileinfo.c: line 1691 (g_file_info_get_is_symlink): should not be reached

(lxpanel:6867): GLib-GIO-CRITICAL **: 10:14:05.072: GFileInfo created without standard::is-symlink

(lxpanel:6867): GLib-GIO-CRITICAL **: 10:14:05.072: file ../../../gio/gfileinfo.c: line 1691 (g_file_info_get_is_symlink): should not be reached

(lxpanel:6867): GLib-GIO-CRITICAL **: 10:14:05.072: GFileInfo created without standard::is-symlink

(lxpanel:6867): GLib-GIO-CRITICAL **: 10:14:05.072: file ../../../gio/gfileinfo.c: line 1691 (g_file_info_get_is_symlink): should not be reached

(lxpanel:6867): GLib-GIO-CRITICAL **: 10:14:05.072: GFileInfo created without standard::is-symlink

(lxpanel:6867): GLib-GIO-CRITICAL **: 10:14:05.072: file ../../../gio/gfileinfo.c: line 1691 (g_file_info_get_is_symlink): should not be reached

(lxpanel:6867): GLib-GIO-CRITICAL **: 10:14:05.072: GFileInfo created without standard::is-symlink

(lxpanel:6867): GLib-GIO-CRITICAL **: 10:14:05.072: file ../../../gio/gfileinfo.c: line 1691 (g_file_info_get_is_symlink): should not be reached

(lxpanel:6867): GLib-GIO-CRITICAL **: 10:14:05.072: GFileInfo created without standard::is-symlink

(lxpanel:6867): GLib-GIO-CRITICAL **: 10:14:05.072: file ../../../gio/gfileinfo.c: line 1691 (g_file_info_get_is_symlink): should not be reached

(lxpanel:6867): GLib-GIO-CRITICAL **: 10:14:05.072: GFileInfo created without standard::is-symlink

(lxpanel:6867): GLib-GIO-CRITICAL **: 10:14:05.072: file ../../../gio/gfileinfo.c: line 1691 (g_file_info_get_is_symlink): should not be reached

(lxpanel:6867): GLib-GIO-CRITICAL **: 10:14:05.072: GFileInfo created without standard::is-symlink

(lxpanel:6867): GLib-GIO-CRITICAL **: 10:14:05.072: file ../../../gio/gfileinfo.c: line 1691 (g_file_info_get_is_symlink): should not be reached

(lxpanel:6867): GLib-GIO-CRITICAL **: 10:14:05.072: GFileInfo created without standard::is-symlink

(lxpanel:6867): GLib-GIO-CRITICAL **: 10:14:05.072: file ../../../gio/gfileinfo.c: line 1691 (g_file_info_get_is_symlink): should not be reached

(lxpanel:6867): GLib-GIO-CRITICAL **: 10:14:05.072: GFileInfo created without standard::is-symlink

(lxpanel:6867): GLib-GIO-CRITICAL **: 10:14:05.072: file ../../../gio/gfileinfo.c: line 1691 (g_file_info_get_is_symlink): should not be reached

(lxpanel:6867): GLib-GIO-CRITICAL **: 10:14:05.072: GFileInfo created without standard::is-symlink

(lxpanel:6867): GLib-GIO-CRITICAL **: 10:14:05.072: file ../../../gio/gfileinfo.c: line 1691 (g_file_info_get_is_symlink): should not be reached

(lxpanel:6867): GLib-GIO-CRITICAL **: 10:14:05.072: GFileInfo created without standard::is-symlink

(lxpanel:6867): GLib-GIO-CRITICAL **: 10:14:05.072: file ../../../gio/gfileinfo.c: line 1691 (g_file_info_get_is_symlink): should not be reached

(lxpanel:6867): GLib-GIO-CRITICAL **: 10:14:05.072: GFileInfo created without standard::is-symlink

(lxpanel:6867): GLib-GIO-CRITICAL **: 10:14:05.072: file ../../../gio/gfileinfo.c: line 1691 (g_file_info_get_is_symlink): should not be reached

(lxpanel:6867): GLib-GIO-CRITICAL **: 10:14:05.072: GFileInfo created without standard::is-symlink

(lxpanel:6867): GLib-GIO-CRITICAL **: 10:14:05.072: file ../../../gio/gfileinfo.c: line 1691 (g_file_info_get_is_symlink): should not be reached

(lxpanel:6867): GLib-GIO-CRITICAL **: 10:14:05.072: GFileInfo created without standard::is-symlink

(lxpanel:6867): GLib-GIO-CRITICAL **: 10:14:05.072: GFileInfo created without standard::is-symlink

(lxpanel:6867): GLib-GIO-CRITICAL **: 10:14:05.072: file ../../../gio/gfileinfo.c: line 1691 (g_file_info_get_is_symlink): should not be reached

(lxpanel:6867): GLib-GIO-CRITICAL **: 10:14:05.072: file ../../../gio/gfileinfo.c: line 1691 (g_file_info_get_is_symlink): should not be reached

(lxpanel:6867): GLib-GIO-CRITICAL **: 10:14:05.072: GFileInfo created without standard::is-symlink

(lxpanel:6867): GLib-GIO-CRITICAL **: 10:14:05.072: GFileInfo created without standard::is-symlink

(lxpanel:6867): GLib-GIO-CRITICAL **: 10:14:05.072: file ../../../gio/gfileinfo.c: line 1691 (g_file_info_get_is_symlink): should not be reached

(lxpanel:6867): GLib-GIO-CRITICAL **: 10:14:05.072: file ../../../gio/gfileinfo.c: line 1691 (g_file_info_get_is_symlink): should not be reached

(lxpanel:6867): GLib-GIO-CRITICAL **: 10:14:05.072: GFileInfo created without standard::is-symlink

(lxpanel:6867): GLib-GIO-CRITICAL **: 10:14:05.072: GFileInfo created without standard::is-symlink

(lxpanel:6867): GLib-GIO-CRITICAL **: 10:14:05.072: file ../../../gio/gfileinfo.c: line 1691 (g_file_info_get_is_symlink): should not be reached

(lxpanel:6867): GLib-GIO-CRITICAL **: 10:14:05.072: file ../../../gio/gfileinfo.c: line 1691 (g_file_info_get_is_symlink): should not be reached

(lxpanel:6867): GLib-GIO-CRITICAL **: 10:14:05.073: GFileInfo created without standard::is-symlink

(lxpanel:6867): GLib-GIO-CRITICAL **: 10:14:05.073: file ../../../gio/gfileinfo.c: line 1691 (g_file_info_get_is_symlink): should not be reached

(lxpanel:6867): GLib-GIO-CRITICAL **: 10:14:05.073: GFileInfo created without standard::is-symlink

(lxpanel:6867): GLib-GIO-CRITICAL **: 10:14:05.073: file ../../../gio/gfileinfo.c: line 1691 (g_file_info_get_is_symlink): should not be reached

(lxpanel:6867): GLib-GIO-CRITICAL **: 10:14:05.073: GFileInfo created without standard::is-symlink

(lxpanel:6867): GLib-GIO-CRITICAL **: 10:14:05.073: GFileInfo created without standard::is-symlink

(lxpanel:6867): GLib-GIO-CRITICAL **: 10:14:05.073: file ../../../gio/gfileinfo.c: line 1691 (g_file_info_get_is_symlink): should not be reached

(lxpanel:6867): GLib-GIO-CRITICAL **: 10:14:05.073: file ../../../gio/gfileinfo.c: line 1691 (g_file_info_get_is_symlink): should not be reached

(lxpanel:6867): GLib-GIO-CRITICAL **: 10:14:05.073: GFileInfo created without standard::is-symlink

(lxpanel:6867): GLib-GIO-CRITICAL **: 10:14:05.073: GFileInfo created without standard::is-symlink

(lxpanel:6867): GLib-GIO-CRITICAL **: 10:14:05.073: file ../../../gio/gfileinfo.c: line 1691 (g_file_info_get_is_symlink): should not be reached

(lxpanel:6867): GLib-GIO-CRITICAL **: 10:14:05.073: file ../../../gio/gfileinfo.c: line 1691 (g_file_info_get_is_symlink): should not be reached

(lxpanel:6867): GLib-GIO-CRITICAL **: 10:14:05.073: GFileInfo created without standard::is-symlink

(lxpanel:6867): GLib-GIO-CRITICAL **: 10:14:05.073: GFileInfo created without standard::is-symlink

(lxpanel:6867): GLib-GIO-CRITICAL **: 10:14:05.073: file ../../../gio/gfileinfo.c: line 1691 (g_file_info_get_is_symlink): should not be reached

(lxpanel:6867): GLib-GIO-CRITICAL **: 10:14:05.073: file ../../../gio/gfileinfo.c: line 1691 (g_file_info_get_is_symlink): should not be reached

(lxpanel:6867): GLib-GIO-CRITICAL **: 10:14:05.073: GFileInfo created without standard::is-symlink

(lxpanel:6867): GLib-GIO-CRITICAL **: 10:14:05.073: GFileInfo created without standard::is-symlink

(lxpanel:6867): GLib-GIO-CRITICAL **: 10:14:05.073: file ../../../gio/gfileinfo.c: line 1691 (g_file_info_get_is_symlink): should not be reached

(lxpanel:6867): GLib-GIO-CRITICAL **: 10:14:05.073: file ../../../gio/gfileinfo.c: line 1691 (g_file_info_get_is_symlink): should not be reached

(lxpanel:6867): GLib-GIO-CRITICAL **: 10:14:05.073: GFileInfo created without standard::is-symlink

(lxpanel:6867): GLib-GIO-CRITICAL **: 10:14:05.073: file ../../../gio/gfileinfo.c: line 1691 (g_file_info_get_is_symlink): should not be reached

(lxpanel:6867): GLib-GIO-CRITICAL **: 10:14:05.073: GFileInfo created without standard::is-symlink

(lxpanel:6867): GLib-GIO-CRITICAL **: 10:14:05.073: file ../../../gio/gfileinfo.c: line 1691 (g_file_info_get_is_symlink): should not be reached

(lxpanel:6867): GLib-GIO-CRITICAL **: 10:14:05.073: GFileInfo created without standard::is-symlink

(lxpanel:6867): GLib-GIO-CRITICAL **: 10:14:05.073: file ../../../gio/gfileinfo.c: line 1691 (g_file_info_get_is_symlink): should not be reached

(lxpanel:6867): GLib-GIO-CRITICAL **: 10:14:05.073: GFileInfo created without standard::is-symlink

(lxpanel:6867): GLib-GIO-CRITICAL **: 10:14:05.073: file ../../../gio/gfileinfo.c: line 1691 (g_file_info_get_is_symlink): should not be reached

(lxpanel:6867): GLib-GIO-CRITICAL **: 10:14:05.073: GFileInfo created without standard::is-symlink

(lxpanel:6867): GLib-GIO-CRITICAL **: 10:14:05.073: file ../../../gio/gfileinfo.c: line 1691 (g_file_info_get_is_symlink): should not be reached

(lxpanel:6867): GLib-GIO-CRITICAL **: 10:14:05.073: GFileInfo created without standard::is-symlink

(lxpanel:6867): GLib-GIO-CRITICAL **: 10:14:05.073: file ../../../gio/gfileinfo.c: line 1691 (g_file_info_get_is_symlink): should not be reached

(lxpanel:6867): GLib-GIO-CRITICAL **: 10:14:05.073: GFileInfo created without standard::is-symlink

(lxpanel:6867): GLib-GIO-CRITICAL **: 10:14:05.073: file ../../../gio/gfileinfo.c: line 1691 (g_file_info_get_is_symlink): should not be reached

(lxpanel:6867): GLib-GIO-CRITICAL **: 10:14:05.073: GFileInfo created without standard::is-symlink

(lxpanel:6867): GLib-GIO-CRITICAL **: 10:14:05.073: file ../../../gio/gfileinfo.c: line 1691 (g_file_info_get_is_symlink): should not be reached

(lxpanel:6867): GLib-GIO-CRITICAL **: 10:14:05.073: GFileInfo created without standard::is-symlink

(lxpanel:6867): GLib-GIO-CRITICAL **: 10:14:05.073: GFileInfo created without standard::is-symlink

(lxpanel:6867): GLib-GIO-CRITICAL **: 10:14:05.073: file ../../../gio/gfileinfo.c: line 1691 (g_file_info_get_is_symlink): should not be reached

(lxpanel:6867): GLib-GIO-CRITICAL **: 10:14:05.073: file ../../../gio/gfileinfo.c: line 1691 (g_file_info_get_is_symlink): should not be reached

(lxpanel:6867): GLib-GIO-CRITICAL **: 10:14:05.073: GFileInfo created without standard::is-symlink

(lxpanel:6867): GLib-GIO-CRITICAL **: 10:14:05.073: GFileInfo created without standard::is-symlink

(lxpanel:6867): GLib-GIO-CRITICAL **: 10:14:05.073: file ../../../gio/gfileinfo.c: line 1691 (g_file_info_get_is_symlink): should not be reached

(lxpanel:6867): GLib-GIO-CRITICAL **: 10:14:05.073: file ../../../gio/gfileinfo.c: line 1691 (g_file_info_get_is_symlink): should not be reached

(lxpanel:6867): GLib-GIO-CRITICAL **: 10:14:05.073: GFileInfo created without standard::is-symlink

(lxpanel:6867): GLib-GIO-CRITICAL **: 10:14:05.073: file ../../../gio/gfileinfo.c: line 1691 (g_file_info_get_is_symlink): should not be reached

(lxpanel:6867): GLib-GIO-CRITICAL **: 10:14:05.073: GFileInfo created without standard::is-symlink

(lxpanel:6867): GLib-GIO-CRITICAL **: 10:14:05.073: file ../../../gio/gfileinfo.c: line 1691 (g_file_info_get_is_symlink): should not be reached

(lxpanel:6867): GLib-GIO-CRITICAL **: 10:14:05.073: GFileInfo created without standard::is-symlink

(lxpanel:6867): GLib-GIO-CRITICAL **: 10:14:05.073: file ../../../gio/gfileinfo.c: line 1691 (g_file_info_get_is_symlink): should not be reached

(lxpanel:6867): GLib-GIO-CRITICAL **: 10:14:05.073: GFileInfo created without standard::is-symlink

(lxpanel:6867): GLib-GIO-CRITICAL **: 10:14:05.073: file ../../../gio/gfileinfo.c: line 1691 (g_file_info_get_is_symlink): should not be reached

(lxpanel:6867): GLib-GIO-CRITICAL **: 10:14:05.073: GFileInfo created without standard::is-symlink

(lxpanel:6867): GLib-GIO-CRITICAL **: 10:14:05.073: file ../../../gio/gfileinfo.c: line 1691 (g_file_info_get_is_symlink): should not be reached

(lxpanel:6867): GLib-GIO-CRITICAL **: 10:14:05.073: GFileInfo created without standard::is-symlink

(lxpanel:6867): GLib-GIO-CRITICAL **: 10:14:05.073: file ../../../gio/gfileinfo.c: line 1691 (g_file_info_get_is_symlink): should not be reached

(lxpanel:6867): GLib-GIO-CRITICAL **: 10:14:05.073: GFileInfo created without standard::is-symlink

(lxpanel:6867): GLib-GIO-CRITICAL **: 10:14:05.073: file ../../../gio/gfileinfo.c: line 1691 (g_file_info_get_is_symlink): should not be reached

(lxpanel:6867): GLib-GIO-CRITICAL **: 10:14:05.073: GFileInfo created without standard::is-symlink

(lxpanel:6867): GLib-GIO-CRITICAL **: 10:14:05.073: file ../../../gio/gfileinfo.c: line 1691 (g_file_info_get_is_symlink): should not be reached

(lxpanel:6867): GLib-GIO-CRITICAL **: 10:14:05.073: GFileInfo created without standard::is-symlink

(lxpanel:6867): GLib-GIO-CRITICAL **: 10:14:05.073: file ../../../gio/gfileinfo.c: line 1691 (g_file_info_get_is_symlink): should not be reached

(lxpanel:6867): GLib-GIO-CRITICAL **: 10:14:05.073: GFileInfo created without standard::is-symlink

(lxpanel:6867): GLib-GIO-CRITICAL **: 10:14:05.073: file ../../../gio/gfileinfo.c: line 1691 (g_file_info_get_is_symlink): should not be reached

(lxpanel:6867): GLib-GIO-CRITICAL **: 10:14:05.073: GFileInfo created without standard::is-symlink

(lxpanel:6867): GLib-GIO-CRITICAL **: 10:14:05.073: file ../../../gio/gfileinfo.c: line 1691 (g_file_info_get_is_symlink): should not be reached

(lxpanel:6867): GLib-GIO-CRITICAL **: 10:14:05.073: GFileInfo created without standard::is-symlink

(lxpanel:6867): GLib-GIO-CRITICAL **: 10:14:05.073: GFileInfo created without standard::size

(lxpanel:6867): GLib-GIO-CRITICAL **: 10:14:05.073: file ../../../gio/gfileinfo.c: line 1691 (g_file_info_get_is_symlink): should not be reached

(lxpanel:6867): GLib-GIO-CRITICAL **: 10:14:05.073: file ../../../gio/gfileinfo.c: line 1860 (g_file_info_get_size): should not be reached

(lxpanel:6867): GLib-GIO-CRITICAL **: 10:14:05.073: GFileInfo created without standard::edit-name

(lxpanel:6867): GLib-GIO-CRITICAL **: 10:14:05.073: GFileInfo created without standard::is-symlink

(lxpanel:6867): GLib-GIO-CRITICAL **: 10:14:05.073: file ../../../gio/gfileinfo.c: line 1757 (g_file_info_get_edit_name): should not be reached

(lxpanel:6867): GLib-GIO-CRITICAL **: 10:14:05.073: file ../../../gio/gfileinfo.c: line 1691 (g_file_info_get_is_symlink): should not be reached

(lxpanel:6867): GLib-GIO-CRITICAL **: 10:14:05.073: GFileInfo created without standard::size

(lxpanel:6867): GLib-GIO-CRITICAL **: 10:14:05.073: file ../../../gio/gfileinfo.c: line 1860 (g_file_info_get_size): should not be reached

(lxpanel:6867): GLib-GIO-CRITICAL **: 10:14:05.073: GFileInfo created without standard::is-symlink

(lxpanel:6867): GLib-GIO-CRITICAL **: 10:14:05.073: GFileInfo created without standard::is-symlink

(lxpanel:6867): GLib-GIO-CRITICAL **: 10:14:05.073: file ../../../gio/gfileinfo.c: line 1691 (g_file_info_get_is_symlink): should not be reached

(lxpanel:6867): GLib-GIO-CRITICAL **: 10:14:05.073: file ../../../gio/gfileinfo.c: line 1691 (g_file_info_get_is_symlink): should not be reached

(lxpanel:6867): GLib-GIO-CRITICAL **: 10:14:05.073: GFileInfo created without standard::is-backup

(lxpanel:6867): GLib-GIO-CRITICAL **: 10:14:05.073: file ../../../gio/gfileinfo.c: line 1669 (g_file_info_get_is_backup): should not be reached

(lxpanel:6867): GLib-GIO-CRITICAL **: 10:14:05.073: GFileInfo created without standard::is-symlink

(lxpanel:6867): GLib-GIO-CRITICAL **: 10:14:05.073: file ../../../gio/gfileinfo.c: line 1691 (g_file_info_get_is_symlink): should not be reached

(lxpanel:6867): GLib-GIO-CRITICAL **: 10:14:05.073: GFileInfo created without standard::is-symlink

(lxpanel:6867): GLib-GIO-CRITICAL **: 10:14:05.073: file ../../../gio/gfileinfo.c: line 1691 (g_file_info_get_is_symlink): should not be reached

(lxpanel:6867): GLib-GIO-CRITICAL **: 10:14:05.073: GFileInfo created without standard::is-symlink

(lxpanel:6867): GLib-GIO-CRITICAL **: 10:14:05.073: file ../../../gio/gfileinfo.c: line 1691 (g_file_info_get_is_symlink): should not be reached

(lxpanel:6867): GLib-GIO-CRITICAL **: 10:14:05.073: GFileInfo created without standard::is-symlink

(lxpanel:6867): GLib-GIO-CRITICAL **: 10:14:05.073: file ../../../gio/gfileinfo.c: line 1691 (g_file_info_get_is_symlink): should not be reached

(lxpanel:6867): GLib-GIO-CRITICAL **: 10:14:05.073: GFileInfo created without standard::is-symlink

(lxpanel:6867): GLib-GIO-CRITICAL **: 10:14:05.073: file ../../../gio/gfileinfo.c: line 1691 (g_file_info_get_is_symlink): should not be reached

(lxpanel:6867): GLib-GIO-CRITICAL **: 10:14:05.073: GFileInfo created without standard::is-symlink

(lxpanel:6867): GLib-GIO-CRITICAL **: 10:14:05.073: file ../../../gio/gfileinfo.c: line 1691 (g_file_info_get_is_symlink): should not be reached

(lxpanel:6867): GLib-GIO-CRITICAL **: 10:14:05.073: GFileInfo created without standard::is-symlink

(lxpanel:6867): GLib-GIO-CRITICAL **: 10:14:05.073: file ../../../gio/gfileinfo.c: line 1691 (g_file_info_get_is_symlink): should not be reached

(lxpanel:6867): GLib-GIO-CRITICAL **: 10:14:05.073: GFileInfo created without standard::is-symlink

(lxpanel:6867): GLib-GIO-CRITICAL **: 10:14:05.073: file ../../../gio/gfileinfo.c: line 1691 (g_file_info_get_is_symlink): should not be reached

(lxpanel:6867): GLib-GIO-CRITICAL **: 10:14:05.073: GFileInfo created without standard::is-symlink

(lxpanel:6867): GLib-GIO-CRITICAL **: 10:14:05.073: file ../../../gio/gfileinfo.c: line 1691 (g_file_info_get_is_symlink): should not be reached

(lxpanel:6867): GLib-GIO-CRITICAL **: 10:14:05.073: GFileInfo created without standard::is-symlink

(lxpanel:6867): GLib-GIO-CRITICAL **: 10:14:05.073: GFileInfo created without standard::is-symlink

(lxpanel:6867): GLib-GIO-CRITICAL **: 10:14:05.073: file ../../../gio/gfileinfo.c: line 1691 (g_file_info_get_is_symlink): should not be reached

(lxpanel:6867): GLib-GIO-CRITICAL **: 10:14:05.073: file ../../../gio/gfileinfo.c: line 1691 (g_file_info_get_is_symlink): should not be reached

(lxpanel:6867): GLib-GIO-CRITICAL **: 10:14:05.073: GFileInfo created without standard::is-symlink

(lxpanel:6867): GLib-GIO-CRITICAL **: 10:14:05.073: GFileInfo created without standard::is-symlink

(lxpanel:6867): GLib-GIO-CRITICAL **: 10:14:05.073: file ../../../gio/gfileinfo.c: line 1691 (g_file_info_get_is_symlink): should not be reached

(lxpanel:6867): GLib-GIO-CRITICAL **: 10:14:05.073: file ../../../gio/gfileinfo.c: line 1691 (g_file_info_get_is_symlink): should not be reached

(lxpanel:6867): GLib-GIO-CRITICAL **: 10:14:05.073: GFileInfo created without standard::is-symlink

(lxpanel:6867): GLib-GIO-CRITICAL **: 10:14:05.073: GFileInfo created without standard::is-symlink

(lxpanel:6867): GLib-GIO-CRITICAL **: 10:14:05.073: file ../../../gio/gfileinfo.c: line 1691 (g_file_info_get_is_symlink): should not be reached

(lxpanel:6867): GLib-GIO-CRITICAL **: 10:14:05.073: file ../../../gio/gfileinfo.c: line 1691 (g_file_info_get_is_symlink): should not be reached

(lxpanel:6867): GLib-GIO-CRITICAL **: 10:14:05.073: GFileInfo created without standard::is-symlink

(lxpanel:6867): GLib-GIO-CRITICAL **: 10:14:05.073: GFileInfo created without standard::is-symlink

(lxpanel:6867): GLib-GIO-CRITICAL **: 10:14:05.073: file ../../../gio/gfileinfo.c: line 1691 (g_file_info_get_is_symlink): should not be reached

(lxpanel:6867): GLib-GIO-CRITICAL **: 10:14:05.073: file ../../../gio/gfileinfo.c: line 1691 (g_file_info_get_is_symlink): should not be reached

(lxpanel:6867): GLib-GIO-CRITICAL **: 10:14:05.073: GFileInfo created without standard::is-symlink

(lxpanel:6867): GLib-GIO-CRITICAL **: 10:14:05.073: GFileInfo created without standard::is-symlink

(lxpanel:6867): GLib-GIO-CRITICAL **: 10:14:05.073: file ../../../gio/gfileinfo.c: line 1691 (g_file_info_get_is_symlink): should not be reached

(lxpanel:6867): GLib-GIO-CRITICAL **: 10:14:05.073: file ../../../gio/gfileinfo.c: line 1691 (g_file_info_get_is_symlink): should not be reached

(lxpanel:6867): GLib-GIO-CRITICAL **: 10:14:05.073: GFileInfo created without standard::is-symlink

(lxpanel:6867): GLib-GIO-CRITICAL **: 10:14:05.073: GFileInfo created without standard::is-symlink

(lxpanel:6867): GLib-GIO-CRITICAL **: 10:14:05.073: file ../../../gio/gfileinfo.c: line 1691 (g_file_info_get_is_symlink): should not be reached

(lxpanel:6867): GLib-GIO-CRITICAL **: 10:14:05.073: file ../../../gio/gfileinfo.c: line 1691 (g_file_info_get_is_symlink): should not be reached

(lxpanel:6867): GLib-GIO-CRITICAL **: 10:14:05.073: GFileInfo created without standard::is-symlink

(lxpanel:6867): GLib-GIO-CRITICAL **: 10:14:05.073: GFileInfo created without standard::is-symlink

(lxpanel:6867): GLib-GIO-CRITICAL **: 10:14:05.073: file ../../../gio/gfileinfo.c: line 1691 (g_file_info_get_is_symlink): should not be reached

(lxpanel:6867): GLib-GIO-CRITICAL **: 10:14:05.073: file ../../../gio/gfileinfo.c: line 1691 (g_file_info_get_is_symlink): should not be reached

(lxpanel:6867): GLib-GIO-CRITICAL **: 10:14:05.073: GFileInfo created without standard::is-symlink

(lxpanel:6867): GLib-GIO-CRITICAL **: 10:14:05.073: GFileInfo created without standard::is-symlink

(lxpanel:6867): GLib-GIO-CRITICAL **: 10:14:05.073: file ../../../gio/gfileinfo.c: line 1691 (g_file_info_get_is_symlink): should not be reached

(lxpanel:6867): GLib-GIO-CRITICAL **: 10:14:05.073: file ../../../gio/gfileinfo.c: line 1691 (g_file_info_get_is_symlink): should not be reached

(lxpanel:6867): GLib-GIO-CRITICAL **: 10:14:05.073: GFileInfo created without standard::is-symlink

(lxpanel:6867): GLib-GIO-CRITICAL **: 10:14:05.073: GFileInfo created without standard::is-symlink

(lxpanel:6867): GLib-GIO-CRITICAL **: 10:14:05.073: file ../../../gio/gfileinfo.c: line 1691 (g_file_info_get_is_symlink): should not be reached

(lxpanel:6867): GLib-GIO-CRITICAL **: 10:14:05.073: file ../../../gio/gfileinfo.c: line 1691 (g_file_info_get_is_symlink): should not be reached

(lxpanel:6867): GLib-GIO-CRITICAL **: 10:14:05.073: GFileInfo created without standard::is-symlink

(lxpanel:6867): GLib-GIO-CRITICAL **: 10:14:05.073: GFileInfo created without standard::is-symlink

(lxpanel:6867): GLib-GIO-CRITICAL **: 10:14:05.073: file ../../../gio/gfileinfo.c: line 1691 (g_file_info_get_is_symlink): should not be reached

(lxpanel:6867): GLib-GIO-CRITICAL **: 10:14:05.073: file ../../../gio/gfileinfo.c: line 1691 (g_file_info_get_is_symlink): should not be reached

(lxpanel:6867): GLib-GIO-CRITICAL **: 10:14:05.073: GFileInfo created without standard::is-symlink

(lxpanel:6867): GLib-GIO-CRITICAL **: 10:14:05.073: GFileInfo created without standard::is-symlink

(lxpanel:6867): GLib-GIO-CRITICAL **: 10:14:05.073: file ../../../gio/gfileinfo.c: line 1691 (g_file_info_get_is_symlink): should not be reached

(lxpanel:6867): GLib-GIO-CRITICAL **: 10:14:05.073: file ../../../gio/gfileinfo.c: line 1691 (g_file_info_get_is_symlink): should not be reached

(lxpanel:6867): GLib-GIO-CRITICAL **: 10:14:05.073: GFileInfo created without standard::is-symlink

(lxpanel:6867): GLib-GIO-CRITICAL **: 10:14:05.073: GFileInfo created without standard::is-symlink

(lxpanel:6867): GLib-GIO-CRITICAL **: 10:14:05.073: file ../../../gio/gfileinfo.c: line 1691 (g_file_info_get_is_symlink): should not be reached

(lxpanel:6867): GLib-GIO-CRITICAL **: 10:14:05.073: file ../../../gio/gfileinfo.c: line 1691 (g_file_info_get_is_symlink): should not be reached

(lxpanel:6867): GLib-GIO-CRITICAL **: 10:14:05.073: GFileInfo created without standard::is-symlink

(lxpanel:6867): GLib-GIO-CRITICAL **: 10:14:05.073: GFileInfo created without standard::is-symlink

(lxpanel:6867): GLib-GIO-CRITICAL **: 10:14:05.073: file ../../../gio/gfileinfo.c: line 1691 (g_file_info_get_is_symlink): should not be reached

(lxpanel:6867): GLib-GIO-CRITICAL **: 10:14:05.073: file ../../../gio/gfileinfo.c: line 1691 (g_file_info_get_is_symlink): should not be reached

(lxpanel:6867): GLib-GIO-CRITICAL **: 10:14:05.073: GFileInfo created without standard::is-symlink

(lxpanel:6867): GLib-GIO-CRITICAL **: 10:14:05.073: file ../../../gio/gfileinfo.c: line 1691 (g_file_info_get_is_symlink): should not be reached

(lxpanel:6867): GLib-GIO-CRITICAL **: 10:14:05.073: GFileInfo created without standard::is-symlink

(lxpanel:6867): GLib-GIO-CRITICAL **: 10:14:05.073: file ../../../gio/gfileinfo.c: line 1691 (g_file_info_get_is_symlink): should not be reached

(lxpanel:6867): GLib-GIO-CRITICAL **: 10:14:05.073: GFileInfo created without standard::is-symlink

(lxpanel:6867): GLib-GIO-CRITICAL **: 10:14:05.073: GFileInfo created without standard::is-symlink

(lxpanel:6867): GLib-GIO-CRITICAL **: 10:14:05.073: file ../../../gio/gfileinfo.c: line 1691 (g_file_info_get_is_symlink): should not be reached

(lxpanel:6867): GLib-GIO-CRITICAL **: 10:14:05.073: file ../../../gio/gfileinfo.c: line 1691 (g_file_info_get_is_symlink): should not be reached

(lxpanel:6867): GLib-GIO-CRITICAL **: 10:14:05.073: GFileInfo created without standard::is-symlink

(lxpanel:6867): GLib-GIO-CRITICAL **: 10:14:05.073: file ../../../gio/gfileinfo.c: line 1691 (g_file_info_get_is_symlink): should not be reached

(lxpanel:6867): GLib-GIO-CRITICAL **: 10:14:05.073: GFileInfo created without standard::is-symlink

(lxpanel:6867): GLib-GIO-CRITICAL **: 10:14:05.073: file ../../../gio/gfileinfo.c: line 1691 (g_file_info_get_is_symlink): should not be reached

(lxpanel:6867): GLib-GIO-CRITICAL **: 10:14:05.073: GFileInfo created without standard::is-symlink

(lxpanel:6867): GLib-GIO-CRITICAL **: 10:14:05.073: file ../../../gio/gfileinfo.c: line 1691 (g_file_info_get_is_symlink): should not be reached

(lxpanel:6867): GLib-GIO-CRITICAL **: 10:14:05.073: GFileInfo created without standard::is-symlink

(lxpanel:6867): GLib-GIO-CRITICAL **: 10:14:05.073: file ../../../gio/gfileinfo.c: line 1691 (g_file_info_get_is_symlink): should not be reached

(lxpanel:6867): GLib-GIO-CRITICAL **: 10:14:05.073: GFileInfo created without standard::is-symlink

(lxpanel:6867): GLib-GIO-CRITICAL **: 10:14:05.073: file ../../../gio/gfileinfo.c: line 1691 (g_file_info_get_is_symlink): should not be reached

(lxpanel:6867): GLib-GIO-CRITICAL **: 10:14:05.073: GFileInfo created without standard::is-symlink

(lxpanel:6867): GLib-GIO-CRITICAL **: 10:14:05.073: file ../../../gio/gfileinfo.c: line 1691 (g_file_info_get_is_symlink): should not be reached

(lxpanel:6867): GLib-GIO-CRITICAL **: 10:14:05.073: GFileInfo created without standard::is-symlink

(lxpanel:6867): GLib-GIO-CRITICAL **: 10:14:05.073: file ../../../gio/gfileinfo.c: line 1691 (g_file_info_get_is_symlink): should not be reached

(lxpanel:6867): GLib-GIO-CRITICAL **: 10:14:05.073: GFileInfo created without standard::is-symlink

(lxpanel:6867): GLib-GIO-CRITICAL **: 10:14:05.073: GFileInfo created without standard::is-symlink

(lxpanel:6867): GLib-GIO-CRITICAL **: 10:14:05.073: file ../../../gio/gfileinfo.c: line 1691 (g_file_info_get_is_symlink): should not be reached

(lxpanel:6867): GLib-GIO-CRITICAL **: 10:14:05.073: file ../../../gio/gfileinfo.c: line 1691 (g_file_info_get_is_symlink): should not be reached

(lxpanel:6867): GLib-GIO-CRITICAL **: 10:14:05.073: GFileInfo created without standard::is-symlink

(lxpanel:6867): GLib-GIO-CRITICAL **: 10:14:05.073: GFileInfo created without standard::is-symlink

(lxpanel:6867): GLib-GIO-CRITICAL **: 10:14:05.073: file ../../../gio/gfileinfo.c: line 1691 (g_file_info_get_is_symlink): should not be reached

(lxpanel:6867): GLib-GIO-CRITICAL **: 10:14:05.073: file ../../../gio/gfileinfo.c: line 1691 (g_file_info_get_is_symlink): should not be reached

(lxpanel:6867): GLib-GIO-CRITICAL **: 10:14:05.073: GFileInfo created without standard::is-symlink

(lxpanel:6867): GLib-GIO-CRITICAL **: 10:14:05.073: GFileInfo created without standard::is-symlink

(lxpanel:6867): GLib-GIO-CRITICAL **: 10:14:05.073: file ../../../gio/gfileinfo.c: line 1691 (g_file_info_get_is_symlink): should not be reached

(lxpanel:6867): GLib-GIO-CRITICAL **: 10:14:05.073: file ../../../gio/gfileinfo.c: line 1691 (g_file_info_get_is_symlink): should not be reached

(lxpanel:6867): GLib-GIO-CRITICAL **: 10:14:05.073: GFileInfo created without standard::is-symlink

(lxpanel:6867): GLib-GIO-CRITICAL **: 10:14:05.073: GFileInfo created without standard::is-symlink

(lxpanel:6867): GLib-GIO-CRITICAL **: 10:14:05.073: file ../../../gio/gfileinfo.c: line 1691 (g_file_info_get_is_symlink): should not be reached

(lxpanel:6867): GLib-GIO-CRITICAL **: 10:14:05.073: file ../../../gio/gfileinfo.c: line 1691 (g_file_info_get_is_symlink): should not be reached

(lxpanel:6867): GLib-GIO-CRITICAL **: 10:14:05.074: GFileInfo created without standard::is-symlink

(lxpanel:6867): GLib-GIO-CRITICAL **: 10:14:05.074: GFileInfo created without standard::is-symlink

(lxpanel:6867): GLib-GIO-CRITICAL **: 10:14:05.074: file ../../../gio/gfileinfo.c: line 1691 (g_file_info_get_is_symlink): should not be reached

(lxpanel:6867): GLib-GIO-CRITICAL **: 10:14:05.074: file ../../../gio/gfileinfo.c: line 1691 (g_file_info_get_is_symlink): should not be reached

(lxpanel:6867): GLib-GIO-CRITICAL **: 10:14:05.074: GFileInfo created without standard::is-symlink

(lxpanel:6867): GLib-GIO-CRITICAL **: 10:14:05.074: GFileInfo created without standard::is-symlink

(lxpanel:6867): GLib-GIO-CRITICAL **: 10:14:05.074: file ../../../gio/gfileinfo.c: line 1691 (g_file_info_get_is_symlink): should not be reached

(lxpanel:6867): GLib-GIO-CRITICAL **: 10:14:05.074: file ../../../gio/gfileinfo.c: line 1691 (g_file_info_get_is_symlink): should not be reached

(lxpanel:6867): GLib-GIO-CRITICAL **: 10:14:05.074: GFileInfo created without standard::is-symlink

(lxpanel:6867): GLib-GIO-CRITICAL **: 10:14:05.074: GFileInfo created without standard::is-symlink

(lxpanel:6867): GLib-GIO-CRITICAL **: 10:14:05.074: file ../../../gio/gfileinfo.c: line 1691 (g_file_info_get_is_symlink): should not be reached

(lxpanel:6867): GLib-GIO-CRITICAL **: 10:14:05.074: file ../../../gio/gfileinfo.c: line 1691 (g_file_info_get_is_symlink): should not be reached

(lxpanel:6867): GLib-GIO-CRITICAL **: 10:14:05.074: GFileInfo created without standard::is-symlink

(lxpanel:6867): GLib-GIO-CRITICAL **: 10:14:05.074: GFileInfo created without standard::is-symlink

(lxpanel:6867): GLib-GIO-CRITICAL **: 10:14:05.074: file ../../../gio/gfileinfo.c: line 1691 (g_file_info_get_is_symlink): should not be reached

(lxpanel:6867): GLib-GIO-CRITICAL **: 10:14:05.074: GFileInfo created without standard::is-symlink

(lxpanel:6867): GLib-GIO-CRITICAL **: 10:14:05.074: file ../../../gio/gfileinfo.c: line 1691 (g_file_info_get_is_symlink): should not be reached

(lxpanel:6867): GLib-GIO-CRITICAL **: 10:14:05.074: GFileInfo created without standard::is-symlink

(lxpanel:6867): GLib-GIO-CRITICAL **: 10:14:05.074: file ../../../gio/gfileinfo.c: line 1691 (g_file_info_get_is_symlink): should not be reached

(lxpanel:6867): GLib-GIO-CRITICAL **: 10:14:05.074: GFileInfo created without standard::is-symlink

(lxpanel:6867): GLib-GIO-CRITICAL **: 10:14:05.074: file ../../../gio/gfileinfo.c: line 1691 (g_file_info_get_is_symlink): should not be reached

(lxpanel:6867): GLib-GIO-CRITICAL **: 10:14:05.074: GFileInfo created without standard::is-symlink

(lxpanel:6867): GLib-GIO-CRITICAL **: 10:14:05.074: file ../../../gio/gfileinfo.c: line 1691 (g_file_info_get_is_symlink): should not be reached

(lxpanel:6867): GLib-GIO-CRITICAL **: 10:14:05.074: GFileInfo created without standard::is-symlink

(lxpanel:6867): GLib-GIO-CRITICAL **: 10:14:05.074: file ../../../gio/gfileinfo.c: line 1691 (g_file_info_get_is_symlink): should not be reached

(lxpanel:6867): GLib-GIO-CRITICAL **: 10:14:05.074: GFileInfo created without standard::is-symlink

(lxpanel:6867): GLib-GIO-CRITICAL **: 10:14:05.074: file ../../../gio/gfileinfo.c: line 1691 (g_file_info_get_is_symlink): should not be reached

(lxpanel:6867): GLib-GIO-CRITICAL **: 10:14:05.074: GFileInfo created without standard::is-symlink

(lxpanel:6867): GLib-GIO-CRITICAL **: 10:14:05.074: file ../../../gio/gfileinfo.c: line 1691 (g_file_info_get_is_symlink): should not be reached

(lxpanel:6867): GLib-GIO-CRITICAL **: 10:14:05.074: GFileInfo created without standard::is-symlink

(lxpanel:6867): GLib-GIO-CRITICAL **: 10:14:05.074: file ../../../gio/gfileinfo.c: line 1691 (g_file_info_get_is_symlink): should not be reached

(lxpanel:6867): GLib-GIO-CRITICAL **: 10:14:05.074: file ../../../gio/gfileinfo.c: line 1691 (g_file_info_get_is_symlink): should not be reached

(lxpanel:6867): GLib-GIO-CRITICAL **: 10:14:05.074: GFileInfo created without standard::is-symlink

(lxpanel:6867): GLib-GIO-CRITICAL **: 10:14:05.074: file ../../../gio/gfileinfo.c: line 1691 (g_file_info_get_is_symlink): should not be reached

(lxpanel:6867): GLib-GIO-CRITICAL **: 10:14:05.074: GFileInfo created without standard::is-symlink

(lxpanel:6867): GLib-GIO-CRITICAL **: 10:14:05.074: GFileInfo created without standard::is-symlink

(lxpanel:6867): GLib-GIO-CRITICAL **: 10:14:05.074: file ../../../gio/gfileinfo.c: line 1691 (g_file_info_get_is_symlink): should not be reached

(lxpanel:6867): GLib-GIO-CRITICAL **: 10:14:05.074: file ../../../gio/gfileinfo.c: line 1691 (g_file_info_get_is_symlink): should not be reached

(lxpanel:6867): GLib-GIO-CRITICAL **: 10:14:05.074: GFileInfo created without standard::is-symlink

(lxpanel:6867): GLib-GIO-CRITICAL **: 10:14:05.074: file ../../../gio/gfileinfo.c: line 1691 (g_file_info_get_is_symlink): should not be reached

(lxpanel:6867): GLib-GIO-CRITICAL **: 10:14:05.074: GFileInfo created without standard::is-symlink

(lxpanel:6867): GLib-GIO-CRITICAL **: 10:14:05.074: file ../../../gio/gfileinfo.c: line 1691 (g_file_info_get_is_symlink): should not be reached

(lxpanel:6867): GLib-GIO-CRITICAL **: 10:14:05.074: GFileInfo created without standard::is-symlink

(lxpanel:6867): GLib-GIO-CRITICAL **: 10:14:05.074: GFileInfo created without standard::is-symlink

(lxpanel:6867): GLib-GIO-CRITICAL **: 10:14:05.074: file ../../../gio/gfileinfo.c: line 1691 (g_file_info_get_is_symlink): should not be reached

(lxpanel:6867): GLib-GIO-CRITICAL **: 10:14:05.074: GFileInfo created without standard::is-symlink

(lxpanel:6867): GLib-GIO-CRITICAL **: 10:14:05.074: file ../../../gio/gfileinfo.c: line 1691 (g_file_info_get_is_symlink): should not be reached

(lxpanel:6867): GLib-GIO-CRITICAL **: 10:14:05.074: GFileInfo created without standard::is-symlink

(lxpanel:6867): GLib-GIO-CRITICAL **: 10:14:05.074: file ../../../gio/gfileinfo.c: line 1691 (g_file_info_get_is_symlink): should not be reached

(lxpanel:6867): GLib-GIO-CRITICAL **: 10:14:05.074: GFileInfo created without standard::is-symlink

(lxpanel:6867): GLib-GIO-CRITICAL **: 10:14:05.074: file ../../../gio/gfileinfo.c: line 1691 (g_file_info_get_is_symlink): should not be reached

(lxpanel:6867): GLib-GIO-CRITICAL **: 10:14:05.074: GFileInfo created without standard::is-symlink

(lxpanel:6867): GLib-GIO-CRITICAL **: 10:14:05.074: file ../../../gio/gfileinfo.c: line 1691 (g_file_info_get_is_symlink): should not be reached

(lxpanel:6867): GLib-GIO-CRITICAL **: 10:14:05.074: GFileInfo created without standard::size

(lxpanel:6867): GLib-GIO-CRITICAL **: 10:14:05.074: file ../../../gio/gfileinfo.c: line 1860 (g_file_info_get_size): should not be reached

(lxpanel:6867): GLib-GIO-CRITICAL **: 10:14:05.074: GFileInfo created without standard::edit-name

(lxpanel:6867): GLib-GIO-CRITICAL **: 10:14:05.074: file ../../../gio/gfileinfo.c: line 1757 (g_file_info_get_edit_name): should not be reached

(lxpanel:6867): GLib-GIO-CRITICAL **: 10:14:05.074: GFileInfo created without standard::size

(lxpanel:6867): GLib-GIO-CRITICAL **: 10:14:05.074: file ../../../gio/gfileinfo.c: line 1860 (g_file_info_get_size): should not be reached

(lxpanel:6867): GLib-GIO-CRITICAL **: 10:14:05.074: GFileInfo created without standard::is-symlink

(lxpanel:6867): GLib-GIO-CRITICAL **: 10:14:05.074: file ../../../gio/gfileinfo.c: line 1691 (g_file_info_get_is_symlink): should not be reached

(lxpanel:6867): GLib-GIO-CRITICAL **: 10:14:05.074: file ../../../gio/gfileinfo.c: line 1691 (g_file_info_get_is_symlink): should not be reached

(lxpanel:6867): GLib-GIO-CRITICAL **: 10:14:05.074: GFileInfo created without standard::is-backup

(lxpanel:6867): GLib-GIO-CRITICAL **: 10:14:05.074: file ../../../gio/gfileinfo.c: line 1669 (g_file_info_get_is_backup): should not be reached

(lxpanel:6867): GLib-GIO-CRITICAL **: 10:14:05.074: GFileInfo created without standard::is-symlink

(lxpanel:6867): GLib-GIO-CRITICAL **: 10:14:05.074: file ../../../gio/gfileinfo.c: line 1691 (g_file_info_get_is_symlink): should not be reached

(lxpanel:6867): GLib-GIO-CRITICAL **: 10:14:05.074: GFileInfo created without standard::is-symlink

(lxpanel:6867): GLib-GIO-CRITICAL **: 10:14:05.074: file ../../../gio/gfileinfo.c: line 1691 (g_file_info_get_is_symlink): should not be reached

(lxpanel:6867): GLib-GIO-CRITICAL **: 10:14:05.074: GFileInfo created without standard::is-symlink

(lxpanel:6867): GLib-GIO-CRITICAL **: 10:14:05.074: file ../../../gio/gfileinfo.c: line 1691 (g_file_info_get_is_symlink): should not be reached

(lxpanel:6867): GLib-GIO-CRITICAL **: 10:14:05.074: GFileInfo created without standard::is-symlink

(lxpanel:6867): GLib-GIO-CRITICAL **: 10:14:05.074: file ../../../gio/gfileinfo.c: line 1691 (g_file_info_get_is_symlink): should not be reached

(lxpanel:6867): GLib-GIO-CRITICAL **: 10:14:05.074: GFileInfo created without standard::is-symlink

(lxpanel:6867): GLib-GIO-CRITICAL **: 10:14:05.074: file ../../../gio/gfileinfo.c: line 1691 (g_file_info_get_is_symlink): should not be reached

(lxpanel:6867): GLib-GIO-CRITICAL **: 10:14:05.074: GFileInfo created without standard::is-symlink

(lxpanel:6867): GLib-GIO-CRITICAL **: 10:14:05.074: GFileInfo created without standard::is-symlink

(lxpanel:6867): GLib-GIO-CRITICAL **: 10:14:05.074: file ../../../gio/gfileinfo.c: line 1691 (g_file_info_get_is_symlink): should not be reached

(lxpanel:6867): GLib-GIO-CRITICAL **: 10:14:05.074: file ../../../gio/gfileinfo.c: line 1691 (g_file_info_get_is_symlink): should not be reached

(lxpanel:6867): GLib-GIO-CRITICAL **: 10:14:05.074: GFileInfo created without standard::is-symlink

(lxpanel:6867): GLib-GIO-CRITICAL **: 10:14:05.074: file ../../../gio/gfileinfo.c: line 1691 (g_file_info_get_is_symlink): should not be reached

(lxpanel:6867): GLib-GIO-CRITICAL **: 10:14:05.074: GFileInfo created without standard::is-symlink

(lxpanel:6867): GLib-GIO-CRITICAL **: 10:14:05.074: file ../../../gio/gfileinfo.c: line 1691 (g_file_info_get_is_symlink): should not be reached

(lxpanel:6867): GLib-GIO-CRITICAL **: 10:14:05.074: GFileInfo created without standard::is-symlink

(lxpanel:6867): GLib-GIO-CRITICAL **: 10:14:05.074: file ../../../gio/gfileinfo.c: line 1691 (g_file_info_get_is_symlink): should not be reached

(lxpanel:6867): GLib-GIO-CRITICAL **: 10:14:05.074: GFileInfo created without standard::is-symlink

(lxpanel:6867): GLib-GIO-CRITICAL **: 10:14:05.074: file ../../../gio/gfileinfo.c: line 1691 (g_file_info_get_is_symlink): should not be reached

(lxpanel:6867): GLib-GIO-CRITICAL **: 10:14:05.074: GFileInfo created without standard::is-symlink

(lxpanel:6867): GLib-GIO-CRITICAL **: 10:14:05.074: file ../../../gio/gfileinfo.c: line 1691 (g_file_info_get_is_symlink): should not be reached

(lxpanel:6867): GLib-GIO-CRITICAL **: 10:14:05.074: GFileInfo created without standard::is-symlink

(lxpanel:6867): GLib-GIO-CRITICAL **: 10:14:05.074: file ../../../gio/gfileinfo.c: line 1691 (g_file_info_get_is_symlink): should not be reached

(lxpanel:6867): GLib-GIO-CRITICAL **: 10:14:05.074: GFileInfo created without standard::is-symlink

(lxpanel:6867): GLib-GIO-CRITICAL **: 10:14:05.074: file ../../../gio/gfileinfo.c: line 1691 (g_file_info_get_is_symlink): should not be reached

(lxpanel:6867): GLib-GIO-CRITICAL **: 10:14:05.074: GFileInfo created without standard::is-symlink

(lxpanel:6867): GLib-GIO-CRITICAL **: 10:14:05.074: GFileInfo created without standard::is-symlink

(lxpanel:6867): GLib-GIO-CRITICAL **: 10:14:05.074: file ../../../gio/gfileinfo.c: line 1691 (g_file_info_get_is_symlink): should not be reached

(lxpanel:6867): GLib-GIO-CRITICAL **: 10:14:05.074: GFileInfo created without standard::is-symlink

(lxpanel:6867): GLib-GIO-CRITICAL **: 10:14:05.074: file ../../../gio/gfileinfo.c: line 1691 (g_file_info_get_is_symlink): should not be reached

(lxpanel:6867): GLib-GIO-CRITICAL **: 10:14:05.074: GFileInfo created without standard::is-symlink

(lxpanel:6867): GLib-GIO-CRITICAL **: 10:14:05.074: file ../../../gio/gfileinfo.c: line 1691 (g_file_info_get_is_symlink): should not be reached

(lxpanel:6867): GLib-GIO-CRITICAL **: 10:14:05.074: GFileInfo created without standard::is-symlink

(lxpanel:6867): GLib-GIO-CRITICAL **: 10:14:05.074: file ../../../gio/gfileinfo.c: line 1691 (g_file_info_get_is_symlink): should not be reached

(lxpanel:6867): GLib-GIO-CRITICAL **: 10:14:05.074: GFileInfo created without standard::is-symlink

(lxpanel:6867): GLib-GIO-CRITICAL **: 10:14:05.074: file ../../../gio/gfileinfo.c: line 1691 (g_file_info_get_is_symlink): should not be reached

(lxpanel:6867): GLib-GIO-CRITICAL **: 10:14:05.074: GFileInfo created without standard::is-symlink

(lxpanel:6867): GLib-GIO-CRITICAL **: 10:14:05.074: file ../../../gio/gfileinfo.c: line 1691 (g_file_info_get_is_symlink): should not be reached

(lxpanel:6867): GLib-GIO-CRITICAL **: 10:14:05.074: GFileInfo created without standard::is-symlink

(lxpanel:6867): GLib-GIO-CRITICAL **: 10:14:05.074: file ../../../gio/gfileinfo.c: line 1691 (g_file_info_get_is_symlink): should not be reached

(lxpanel:6867): GLib-GIO-CRITICAL **: 10:14:05.074: GFileInfo created without standard::is-symlink

(lxpanel:6867): GLib-GIO-CRITICAL **: 10:14:05.074: file ../../../gio/gfileinfo.c: line 1691 (g_file_info_get_is_symlink): should not be reached

(lxpanel:6867): GLib-GIO-CRITICAL **: 10:14:05.074: GFileInfo created without standard::is-symlink

(lxpanel:6867): GLib-GIO-CRITICAL **: 10:14:05.074: file ../../../gio/gfileinfo.c: line 1691 (g_file_info_get_is_symlink): should not be reached

(lxpanel:6867): GLib-GIO-CRITICAL **: 10:14:05.074: GFileInfo created without standard::is-symlink

(lxpanel:6867): GLib-GIO-CRITICAL **: 10:14:05.074: file ../../../gio/gfileinfo.c: line 1691 (g_file_info_get_is_symlink): should not be reached

(lxpanel:6867): GLib-GIO-CRITICAL **: 10:14:05.074: GFileInfo created without standard::is-symlink

(lxpanel:6867): GLib-GIO-CRITICAL **: 10:14:05.074: file ../../../gio/gfileinfo.c: line 1691 (g_file_info_get_is_symlink): should not be reached

(lxpanel:6867): GLib-GIO-CRITICAL **: 10:14:05.074: GFileInfo created without standard::is-symlink

(lxpanel:6867): GLib-GIO-CRITICAL **: 10:14:05.074: file ../../../gio/gfileinfo.c: line 1691 (g_file_info_get_is_symlink): should not be reached

(lxpanel:6867): GLib-GIO-CRITICAL **: 10:14:05.074: GFileInfo created without standard::is-symlink

(lxpanel:6867): GLib-GIO-CRITICAL **: 10:14:05.074: file ../../../gio/gfileinfo.c: line 1691 (g_file_info_get_is_symlink): should not be reached

(lxpanel:6867): GLib-GIO-CRITICAL **: 10:14:05.074: GFileInfo created without standard::is-symlink

(lxpanel:6867): GLib-GIO-CRITICAL **: 10:14:05.074: file ../../../gio/gfileinfo.c: line 1691 (g_file_info_get_is_symlink): should not be reached

(lxpanel:6867): GLib-GIO-CRITICAL **: 10:14:05.074: GFileInfo created without standard::is-symlink

(lxpanel:6867): GLib-GIO-CRITICAL **: 10:14:05.074: file ../../../gio/gfileinfo.c: line 1691 (g_file_info_get_is_symlink): should not be reached

(lxpanel:6867): GLib-GIO-CRITICAL **: 10:14:05.074: GFileInfo created without standard::is-symlink

(lxpanel:6867): GLib-GIO-CRITICAL **: 10:14:05.074: file ../../../gio/gfileinfo.c: line 1691 (g_file_info_get_is_symlink): should not be reached

(lxpanel:6867): GLib-GIO-CRITICAL **: 10:14:05.074: file ../../../gio/gfileinfo.c: line 1691 (g_file_info_get_is_symlink): should not be reached

(lxpanel:6867): GLib-GIO-CRITICAL **: 10:14:05.074: GFileInfo created without standard::is-symlink

(lxpanel:6867): GLib-GIO-CRITICAL **: 10:14:05.074: file ../../../gio/gfileinfo.c: line 1691 (g_file_info_get_is_symlink): should not be reached

(lxpanel:6867): GLib-GIO-CRITICAL **: 10:14:05.074: GFileInfo created without standard::is-symlink

(lxpanel:6867): GLib-GIO-CRITICAL **: 10:14:05.074: file ../../../gio/gfileinfo.c: line 1691 (g_file_info_get_is_symlink): should not be reached

(lxpanel:6867): GLib-GIO-CRITICAL **: 10:14:05.074: GFileInfo created without standard::is-symlink

(lxpanel:6867): GLib-GIO-CRITICAL **: 10:14:05.075: file ../../../gio/gfileinfo.c: line 1691 (g_file_info_get_is_symlink): should not be reached

(lxpanel:6867): GLib-GIO-CRITICAL **: 10:14:05.075: GFileInfo created without standard::is-symlink

(lxpanel:6867): GLib-GIO-CRITICAL **: 10:14:05.075: file ../../../gio/gfileinfo.c: line 1691 (g_file_info_get_is_symlink): should not be reached

(lxpanel:6867): GLib-GIO-CRITICAL **: 10:14:05.075: GFileInfo created without standard::is-symlink

(lxpanel:6867): GLib-GIO-CRITICAL **: 10:14:05.075: file ../../../gio/gfileinfo.c: line 1691 (g_file_info_get_is_symlink): should not be reached

(lxpanel:6867): GLib-GIO-CRITICAL **: 10:14:05.075: GFileInfo created without standard::is-symlink

(lxpanel:6867): GLib-GIO-CRITICAL **: 10:14:05.075: file ../../../gio/gfileinfo.c: line 1691 (g_file_info_get_is_symlink): should not be reached

(lxpanel:6867): GLib-GIO-CRITICAL **: 10:14:05.075: GFileInfo created without standard::is-symlink

(lxpanel:6867): GLib-GIO-CRITICAL **: 10:14:05.075: file ../../../gio/gfileinfo.c: line 1691 (g_file_info_get_is_symlink): should not be reached

(lxpanel:6867): GLib-GIO-CRITICAL **: 10:14:05.075: GFileInfo created without standard::is-symlink

(lxpanel:6867): GLib-GIO-CRITICAL **: 10:14:05.075: file ../../../gio/gfileinfo.c: line 1691 (g_file_info_get_is_symlink): should not be reached

(lxpanel:6867): GLib-GIO-CRITICAL **: 10:14:05.075: GFileInfo created without standard::is-symlink

(lxpanel:6867): GLib-GIO-CRITICAL **: 10:14:05.075: file ../../../gio/gfileinfo.c: line 1691 (g_file_info_get_is_symlink): should not be reached

(lxpanel:6867): GLib-GIO-CRITICAL **: 10:14:05.075: GFileInfo created without standard::is-symlink

(lxpanel:6867): GLib-GIO-CRITICAL **: 10:14:05.075: file ../../../gio/gfileinfo.c: line 1691 (g_file_info_get_is_symlink): should not be reached

(lxpanel:6867): GLib-GIO-CRITICAL **: 10:14:05.075: GFileInfo created without standard::is-symlink

(lxpanel:6867): GLib-GIO-CRITICAL **: 10:14:05.075: file ../../../gio/gfileinfo.c: line 1691 (g_file_info_get_is_symlink): should not be reached

(lxpanel:6867): GLib-GIO-CRITICAL **: 10:14:05.075: GFileInfo created without standard::is-symlink

(lxpanel:6867): GLib-GIO-CRITICAL **: 10:14:05.075: file ../../../gio/gfileinfo.c: line 1691 (g_file_info_get_is_symlink): should not be reached

(lxpanel:6867): GLib-GIO-CRITICAL **: 10:14:05.075: GFileInfo created without standard::is-symlink

(lxpanel:6867): GLib-GIO-CRITICAL **: 10:14:05.075: file ../../../gio/gfileinfo.c: line 1691 (g_file_info_get_is_symlink): should not be reached

(lxpanel:6867): GLib-GIO-CRITICAL **: 10:14:05.075: GFileInfo created without standard::is-symlink

(lxpanel:6867): GLib-GIO-CRITICAL **: 10:14:05.075: file ../../../gio/gfileinfo.c: line 1691 (g_file_info_get_is_symlink): should not be reached

(lxpanel:6867): GLib-GIO-CRITICAL **: 10:14:05.075: GFileInfo created without standard::is-symlink

(lxpanel:6867): GLib-GIO-CRITICAL **: 10:14:05.075: file ../../../gio/gfileinfo.c: line 1691 (g_file_info_get_is_symlink): should not be reached

(lxpanel:6867): GLib-GIO-CRITICAL **: 10:14:05.075: GFileInfo created without standard::is-symlink

(lxpanel:6867): GLib-GIO-CRITICAL **: 10:14:05.075: file ../../../gio/gfileinfo.c: line 1691 (g_file_info_get_is_symlink): should not be reached

(lxpanel:6867): GLib-GIO-CRITICAL **: 10:14:05.075: GFileInfo created without standard::is-symlink

(lxpanel:6867): GLib-GIO-CRITICAL **: 10:14:05.075: file ../../../gio/gfileinfo.c: line 1691 (g_file_info_get_is_symlink): should not be reached

(lxpanel:6867): GLib-GIO-CRITICAL **: 10:14:05.075: GFileInfo created without standard::is-symlink

(lxpanel:6867): GLib-GIO-CRITICAL **: 10:14:05.075: file ../../../gio/gfileinfo.c: line 1691 (g_file_info_get_is_symlink): should not be reached

(lxpanel:6867): GLib-GIO-CRITICAL **: 10:14:05.075: GFileInfo created without standard::is-symlink

(lxpanel:6867): GLib-GIO-CRITICAL **: 10:14:05.075: file ../../../gio/gfileinfo.c: line 1691 (g_file_info_get_is_symlink): should not be reached

(lxpanel:6867): GLib-GIO-CRITICAL **: 10:14:05.075: GFileInfo created without standard::is-symlink

(lxpanel:6867): GLib-GIO-CRITICAL **: 10:14:05.075: file ../../../gio/gfileinfo.c: line 1691 (g_file_info_get_is_symlink): should not be reached

(lxpanel:6867): GLib-GIO-CRITICAL **: 10:14:05.075: GFileInfo created without standard::is-symlink

(lxpanel:6867): GLib-GIO-CRITICAL **: 10:14:05.075: file ../../../gio/gfileinfo.c: line 1691 (g_file_info_get_is_symlink): should not be reached

(lxpanel:6867): GLib-GIO-CRITICAL **: 10:14:05.075: GFileInfo created without standard::is-symlink

(lxpanel:6867): GLib-GIO-CRITICAL **: 10:14:05.075: file ../../../gio/gfileinfo.c: line 1691 (g_file_info_get_is_symlink): should not be reached

(lxpanel:6867): GLib-GIO-CRITICAL **: 10:14:05.075: GFileInfo created without standard::is-symlink

(lxpanel:6867): GLib-GIO-CRITICAL **: 10:14:05.075: file ../../../gio/gfileinfo.c: line 1691 (g_file_info_get_is_symlink): should not be reached

(lxpanel:6867): GLib-GIO-CRITICAL **: 10:14:05.075: GFileInfo created without standard::is-symlink

(lxpanel:6867): GLib-GIO-CRITICAL **: 10:14:05.075: file ../../../gio/gfileinfo.c: line 1691 (g_file_info_get_is_symlink): should not be reached

(lxpanel:6867): GLib-GIO-CRITICAL **: 10:14:05.075: GFileInfo created without standard::is-symlink

(lxpanel:6867): GLib-GIO-CRITICAL **: 10:14:05.075: file ../../../gio/gfileinfo.c: line 1691 (g_file_info_get_is_symlink): should not be reached

(lxpanel:6867): GLib-GIO-CRITICAL **: 10:14:05.075: GFileInfo created without standard::is-symlink

(lxpanel:6867): GLib-GIO-CRITICAL **: 10:14:05.075: file ../../../gio/gfileinfo.c: line 1691 (g_file_info_get_is_symlink): should not be reached

(lxpanel:6867): GLib-GIO-CRITICAL **: 10:14:05.075: GFileInfo created without standard::is-symlink

(lxpanel:6867): GLib-GIO-CRITICAL **: 10:14:05.075: file ../../../gio/gfileinfo.c: line 1691 (g_file_info_get_is_symlink): should not be reached

(lxpanel:6867): GLib-GIO-CRITICAL **: 10:14:05.075: GFileInfo created without standard::is-symlink

(lxpanel:6867): GLib-GIO-CRITICAL **: 10:14:05.075: file ../../../gio/gfileinfo.c: line 1691 (g_file_info_get_is_symlink): should not be reached

(lxpanel:6867): GLib-GIO-CRITICAL **: 10:14:05.075: GFileInfo created without standard::is-symlink

(lxpanel:6867): GLib-GIO-CRITICAL **: 10:14:05.075: file ../../../gio/gfileinfo.c: line 1691 (g_file_info_get_is_symlink): should not be reached

(lxpanel:6867): GLib-GIO-CRITICAL **: 10:14:05.075: GFileInfo created without standard::is-symlink

(lxpanel:6867): GLib-GIO-CRITICAL **: 10:14:05.075: file ../../../gio/gfileinfo.c: line 1691 (g_file_info_get_is_symlink): should not be reached

(lxpanel:6867): GLib-GIO-CRITICAL **: 10:14:05.075: GFileInfo created without standard::is-symlink

(lxpanel:6867): GLib-GIO-CRITICAL **: 10:14:05.075: file ../../../gio/gfileinfo.c: line 1691 (g_file_info_get_is_symlink): should not be reached

(lxpanel:6867): GLib-GIO-CRITICAL **: 10:14:05.075: GFileInfo created without standard::is-symlink

(lxpanel:6867): GLib-GIO-CRITICAL **: 10:14:05.075: file ../../../gio/gfileinfo.c: line 1691 (g_file_info_get_is_symlink): should not be reached

(lxpanel:6867): GLib-GIO-CRITICAL **: 10:14:05.075: GFileInfo created without standard::is-symlink

(lxpanel:6867): GLib-GIO-CRITICAL **: 10:14:05.075: file ../../../gio/gfileinfo.c: line 1691 (g_file_info_get_is_symlink): should not be reached

(lxpanel:6867): GLib-GIO-CRITICAL **: 10:14:05.075: GFileInfo created without standard::is-symlink

(lxpanel:6867): GLib-GIO-CRITICAL **: 10:14:05.075: file ../../../gio/gfileinfo.c: line 1691 (g_file_info_get_is_symlink): should not be reached

(lxpanel:6867): GLib-GIO-CRITICAL **: 10:14:05.075: GFileInfo created without standard::is-symlink

(lxpanel:6867): GLib-GIO-CRITICAL **: 10:14:05.075: file ../../../gio/gfileinfo.c: line 1691 (g_file_info_get_is_symlink): should not be reached

(lxpanel:6867): GLib-GIO-CRITICAL **: 10:14:05.075: GFileInfo created without standard::is-symlink

(lxpanel:6867): GLib-GIO-CRITICAL **: 10:14:05.075: file ../../../gio/gfileinfo.c: line 1691 (g_file_info_get_is_symlink): should not be reached

(lxpanel:6867): GLib-GIO-CRITICAL **: 10:14:05.075: GFileInfo created without standard::is-symlink

(lxpanel:6867): GLib-GIO-CRITICAL **: 10:14:05.075: file ../../../gio/gfileinfo.c: line 1691 (g_file_info_get_is_symlink): should not be reached

(lxpanel:6867): GLib-GIO-CRITICAL **: 10:14:05.075: GFileInfo created without standard::is-symlink

(lxpanel:6867): GLib-GIO-CRITICAL **: 10:14:05.075: file ../../../gio/gfileinfo.c: line 1691 (g_file_info_get_is_symlink): should not be reached

(lxpanel:6867): GLib-GIO-CRITICAL **: 10:14:05.099: GFileInfo created without standard::edit-name

(lxpanel:6867): GLib-GIO-CRITICAL **: 10:14:05.099: GFileInfo created without standard::edit-name

(lxpanel:6867): GLib-GIO-CRITICAL **: 10:14:05.099: file ../../../gio/gfileinfo.c: line 1757 (g_file_info_get_edit_name): should not be reached

(lxpanel:6867): GLib-GIO-CRITICAL **: 10:14:05.099: file ../../../gio/gfileinfo.c: line 1757 (g_file_info_get_edit_name): should not be reached

(lxpanel:6867): GLib-GIO-CRITICAL **: 10:14:05.099: GFileInfo created without standard::size

(lxpanel:6867): GLib-GIO-CRITICAL **: 10:14:05.099: file ../../../gio/gfileinfo.c: line 1860 (g_file_info_get_size): should not be reached

(lxpanel:6867): GLib-GIO-CRITICAL **: 10:14:05.099: GFileInfo created without standard::size

(lxpanel:6867): GLib-GIO-CRITICAL **: 10:14:05.099: GFileInfo created without standard::content-type

(lxpanel:6867): GLib-GIO-CRITICAL **: 10:14:05.099: file ../../../gio/gfileinfo.c: line 1860 (g_file_info_get_size): should not be reached

(lxpanel:6867): GLib-GIO-CRITICAL **: 10:14:05.099: file ../../../gio/gfileinfo.c: line 1836 (g_file_info_get_content_type): should not be reached

(lxpanel:6867): GLib-GIO-CRITICAL **: 10:14:05.099: GFileInfo created without standard::is-symlink

(lxpanel:6867): GLib-GIO-CRITICAL **: 10:14:05.099: GFileInfo created without standard::content-type

(lxpanel:6867): GLib-GIO-CRITICAL **: 10:14:05.099: file ../../../gio/gfileinfo.c: line 1691 (g_file_info_get_is_symlink): should not be reached

(lxpanel:6867): GLib-GIO-CRITICAL **: 10:14:05.099: file ../../../gio/gfileinfo.c: line 1836 (g_file_info_get_content_type): should not be reached

(lxpanel:6867): GLib-GIO-CRITICAL **: 10:14:05.099: GFileInfo created without standard::is-hidden

(lxpanel:6867): GLib-GIO-CRITICAL **: 10:14:05.099: GFileInfo created without standard::is-symlink

(lxpanel:6867): GLib-GIO-CRITICAL **: 10:14:05.099: file ../../../gio/gfileinfo.c: line 1647 (g_file_info_get_is_hidden): should not be reached

(lxpanel:6867): GLib-GIO-CRITICAL **: 10:14:05.099: file ../../../gio/gfileinfo.c: line 1691 (g_file_info_get_is_symlink): should not be reached

(lxpanel:6867): GLib-GIO-CRITICAL **: 10:14:05.099: GFileInfo created without standard::is-backup

(lxpanel:6867): GLib-GIO-CRITICAL **: 10:14:05.099: file ../../../gio/gfileinfo.c: line 1669 (g_file_info_get_is_backup): should not be reached

(lxpanel:6867): GLib-GIO-CRITICAL **: 10:14:05.099: GFileInfo created without standard::is-hidden

(lxpanel:6867): GLib-GIO-CRITICAL **: 10:14:05.099: file ../../../gio/gfileinfo.c: line 1647 (g_file_info_get_is_hidden): should not be reached

(lxpanel:6867): GLib-GIO-CRITICAL **: 10:14:05.099: GFileInfo created without standard::is-backup

(lxpanel:6867): GLib-GIO-CRITICAL **: 10:14:05.099: file ../../../gio/gfileinfo.c: line 1669 (g_file_info_get_is_backup): should not be reached

(lxpanel:6867): GLib-GIO-CRITICAL **: 10:14:05.099: GFileInfo created without standard::is-symlink

(lxpanel:6867): GLib-GIO-CRITICAL **: 10:14:05.099: GFileInfo created without standard::is-symlink

(lxpanel:6867): GLib-GIO-CRITICAL **: 10:14:05.099: file ../../../gio/gfileinfo.c: line 1691 (g_file_info_get_is_symlink): should not be reached

(lxpanel:6867): GLib-GIO-CRITICAL **: 10:14:05.099: file ../../../gio/gfileinfo.c: line 1691 (g_file_info_get_is_symlink): should not be reached

(lxpanel:6867): GLib-GIO-CRITICAL **: 10:14:05.099: GFileInfo created without standard::is-symlink

(lxpanel:6867): GLib-GIO-CRITICAL **: 10:14:05.099: GFileInfo created without standard::is-symlink

(lxpanel:6867): GLib-GIO-CRITICAL **: 10:14:05.099: file ../../../gio/gfileinfo.c: line 1691 (g_file_info_get_is_symlink): should not be reached

(lxpanel:6867): GLib-GIO-CRITICAL **: 10:14:05.099: file ../../../gio/gfileinfo.c: line 1691 (g_file_info_get_is_symlink): should not be reached

(lxpanel:6867): GLib-GIO-CRITICAL **: 10:14:05.099: GFileInfo created without standard::is-symlink

(lxpanel:6867): GLib-GIO-CRITICAL **: 10:14:05.099: GFileInfo created without standard::is-symlink

(lxpanel:6867): GLib-GIO-CRITICAL **: 10:14:05.099: file ../../../gio/gfileinfo.c: line 1691 (g_file_info_get_is_symlink): should not be reached

(lxpanel:6867): GLib-GIO-CRITICAL **: 10:14:05.099: file ../../../gio/gfileinfo.c: line 1691 (g_file_info_get_is_symlink): should not be reached

(lxpanel:6867): GLib-GIO-CRITICAL **: 10:14:05.099: GFileInfo created without standard::is-symlink

(lxpanel:6867): GLib-GIO-CRITICAL **: 10:14:05.099: GFileInfo created without standard::is-symlink

(lxpanel:6867): GLib-GIO-CRITICAL **: 10:14:05.099: file ../../../gio/gfileinfo.c: line 1691 (g_file_info_get_is_symlink): should not be reached

(lxpanel:6867): GLib-GIO-CRITICAL **: 10:14:05.099: file ../../../gio/gfileinfo.c: line 1691 (g_file_info_get_is_symlink): should not be reached

(lxpanel:6867): GLib-GIO-CRITICAL **: 10:14:05.099: GFileInfo created without standard::is-symlink

(lxpanel:6867): GLib-GIO-CRITICAL **: 10:14:05.099: GFileInfo created without standard::is-symlink

(lxpanel:6867): GLib-GIO-CRITICAL **: 10:14:05.099: file ../../../gio/gfileinfo.c: line 1691 (g_file_info_get_is_symlink): should not be reached

(lxpanel:6867): GLib-GIO-CRITICAL **: 10:14:05.099: file ../../../gio/gfileinfo.c: line 1691 (g_file_info_get_is_symlink): should not be reached

(lxpanel:6867): GLib-GIO-CRITICAL **: 10:14:05.099: GFileInfo created without standard::is-symlink

(lxpanel:6867): GLib-GIO-CRITICAL **: 10:14:05.099: GFileInfo created without standard::is-symlink

(lxpanel:6867): GLib-GIO-CRITICAL **: 10:14:05.099: file ../../../gio/gfileinfo.c: line 1691 (g_file_info_get_is_symlink): should not be reached

(lxpanel:6867): GLib-GIO-CRITICAL **: 10:14:05.099: file ../../../gio/gfileinfo.c: line 1691 (g_file_info_get_is_symlink): should not be reached

(lxpanel:6867): GLib-GIO-CRITICAL **: 10:14:05.099: GFileInfo created without standard::is-symlink

(lxpanel:6867): GLib-GIO-CRITICAL **: 10:14:05.099: GFileInfo created without standard::is-symlink

(lxpanel:6867): GLib-GIO-CRITICAL **: 10:14:05.099: file ../../../gio/gfileinfo.c: line 1691 (g_file_info_get_is_symlink): should not be reached

(lxpanel:6867): GLib-GIO-CRITICAL **: 10:14:05.099: file ../../../gio/gfileinfo.c: line 1691 (g_file_info_get_is_symlink): should not be reached

(lxpanel:6867): GLib-GIO-CRITICAL **: 10:14:05.099: GFileInfo created without standard::is-symlink

(lxpanel:6867): GLib-GIO-CRITICAL **: 10:14:05.099: GFileInfo created without standard::is-symlink

(lxpanel:6867): GLib-GIO-CRITICAL **: 10:14:05.099: file ../../../gio/gfileinfo.c: line 1691 (g_file_info_get_is_symlink): should not be reached

(lxpanel:6867): GLib-GIO-CRITICAL **: 10:14:05.099: file ../../../gio/gfileinfo.c: line 1691 (g_file_info_get_is_symlink): should not be reached

(lxpanel:6867): GLib-GIO-CRITICAL **: 10:14:05.099: GFileInfo created without standard::is-symlink

(lxpanel:6867): GLib-GIO-CRITICAL **: 10:14:05.099: GFileInfo created without standard::is-symlink

(lxpanel:6867): GLib-GIO-CRITICAL **: 10:14:05.099: file ../../../gio/gfileinfo.c: line 1691 (g_file_info_get_is_symlink): should not be reached

(lxpanel:6867): GLib-GIO-CRITICAL **: 10:14:05.099: file ../../../gio/gfileinfo.c: line 1691 (g_file_info_get_is_symlink): should not be reached

(lxpanel:6867): GLib-GIO-CRITICAL **: 10:14:05.099: GFileInfo created without standard::is-symlink

(lxpanel:6867): GLib-GIO-CRITICAL **: 10:14:05.099: GFileInfo created without standard::is-symlink

(lxpanel:6867): GLib-GIO-CRITICAL **: 10:14:05.099: file ../../../gio/gfileinfo.c: line 1691 (g_file_info_get_is_symlink): should not be reached

(lxpanel:6867): GLib-GIO-CRITICAL **: 10:14:05.099: file ../../../gio/gfileinfo.c: line 1691 (g_file_info_get_is_symlink): should not be reached

(lxpanel:6867): GLib-GIO-CRITICAL **: 10:14:05.099: GFileInfo created without standard::is-symlink

(lxpanel:6867): GLib-GIO-CRITICAL **: 10:14:05.099: GFileInfo created without standard::is-symlink

(lxpanel:6867): GLib-GIO-CRITICAL **: 10:14:05.099: file ../../../gio/gfileinfo.c: line 1691 (g_file_info_get_is_symlink): should not be reached

(lxpanel:6867): GLib-GIO-CRITICAL **: 10:14:05.099: file ../../../gio/gfileinfo.c: line 1691 (g_file_info_get_is_symlink): should not be reached

(lxpanel:6867): GLib-GIO-CRITICAL **: 10:14:05.099: GFileInfo created without standard::is-symlink

(lxpanel:6867): GLib-GIO-CRITICAL **: 10:14:05.099: GFileInfo created without standard::is-symlink

(lxpanel:6867): GLib-GIO-CRITICAL **: 10:14:05.099: file ../../../gio/gfileinfo.c: line 1691 (g_file_info_get_is_symlink): should not be reached

(lxpanel:6867): GLib-GIO-CRITICAL **: 10:14:05.099: file ../../../gio/gfileinfo.c: line 1691 (g_file_info_get_is_symlink): should not be reached

(lxpanel:6867): GLib-GIO-CRITICAL **: 10:14:05.099: GFileInfo created without standard::is-symlink

(lxpanel:6867): GLib-GIO-CRITICAL **: 10:14:05.099: GFileInfo created without standard::is-symlink

(lxpanel:6867): GLib-GIO-CRITICAL **: 10:14:05.099: file ../../../gio/gfileinfo.c: line 1691 (g_file_info_get_is_symlink): should not be reached

(lxpanel:6867): GLib-GIO-CRITICAL **: 10:14:05.099: file ../../../gio/gfileinfo.c: line 1691 (g_file_info_get_is_symlink): should not be reached

(lxpanel:6867): GLib-GIO-CRITICAL **: 10:14:05.099: GFileInfo created without standard::is-symlink

(lxpanel:6867): GLib-GIO-CRITICAL **: 10:14:05.099: GFileInfo created without standard::is-symlink

(lxpanel:6867): GLib-GIO-CRITICAL **: 10:14:05.099: file ../../../gio/gfileinfo.c: line 1691 (g_file_info_get_is_symlink): should not be reached

(lxpanel:6867): GLib-GIO-CRITICAL **: 10:14:05.099: file ../../../gio/gfileinfo.c: line 1691 (g_file_info_get_is_symlink): should not be reached

(lxpanel:6867): GLib-GIO-CRITICAL **: 10:14:05.099: GFileInfo created without standard::is-symlink

(lxpanel:6867): GLib-GIO-CRITICAL **: 10:14:05.099: file ../../../gio/gfileinfo.c: line 1691 (g_file_info_get_is_symlink): should not be reached

(lxpanel:6867): GLib-GIO-CRITICAL **: 10:14:05.099: GFileInfo created without standard::is-symlink

(lxpanel:6867): GLib-GIO-CRITICAL **: 10:14:05.099: file ../../../gio/gfileinfo.c: line 1691 (g_file_info_get_is_symlink): should not be reached

(lxpanel:6867): GLib-GIO-CRITICAL **: 10:14:05.099: GFileInfo created without standard::is-symlink

(lxpanel:6867): GLib-GIO-CRITICAL **: 10:14:05.099: file ../../../gio/gfileinfo.c: line 1691 (g_file_info_get_is_symlink): should not be reached

(lxpanel:6867): GLib-GIO-CRITICAL **: 10:14:05.099: GFileInfo created without standard::is-symlink

(lxpanel:6867): GLib-GIO-CRITICAL **: 10:14:05.099: file ../../../gio/gfileinfo.c: line 1691 (g_file_info_get_is_symlink): should not be reached

(lxpanel:6867): GLib-GIO-CRITICAL **: 10:14:05.099: GFileInfo created without standard::is-symlink

(lxpanel:6867): GLib-GIO-CRITICAL **: 10:14:05.099: file ../../../gio/gfileinfo.c: line 1691 (g_file_info_get_is_symlink): should not be reached

(lxpanel:6867): GLib-GIO-CRITICAL **: 10:14:05.099: GFileInfo created without standard::is-symlink

(lxpanel:6867): GLib-GIO-CRITICAL **: 10:14:05.099: file ../../../gio/gfileinfo.c: line 1691 (g_file_info_get_is_symlink): should not be reached

(lxpanel:6867): GLib-GIO-CRITICAL **: 10:14:05.099: GFileInfo created without standard::is-symlink

(lxpanel:6867): GLib-GIO-CRITICAL **: 10:14:05.099: file ../../../gio/gfileinfo.c: line 1691 (g_file_info_get_is_symlink): should not be reached

(lxpanel:6867): GLib-GIO-CRITICAL **: 10:14:05.099: GFileInfo created without standard::is-symlink

(lxpanel:6867): GLib-GIO-CRITICAL **: 10:14:05.099: file ../../../gio/gfileinfo.c: line 1691 (g_file_info_get_is_symlink): should not be reached

(lxpanel:6867): GLib-GIO-CRITICAL **: 10:14:05.099: GFileInfo created without standard::is-symlink

(lxpanel:6867): GLib-GIO-CRITICAL **: 10:14:05.099: file ../../../gio/gfileinfo.c: line 1691 (g_file_info_get_is_symlink): should not be reached

(lxpanel:6867): GLib-GIO-CRITICAL **: 10:14:05.099: GFileInfo created without standard::is-symlink

(lxpanel:6867): GLib-GIO-CRITICAL **: 10:14:05.099: file ../../../gio/gfileinfo.c: line 1691 (g_file_info_get_is_symlink): should not be reached

(lxpanel:6867): GLib-GIO-CRITICAL **: 10:14:05.099: GFileInfo created without standard::is-symlink

(lxpanel:6867): GLib-GIO-CRITICAL **: 10:14:05.099: file ../../../gio/gfileinfo.c: line 1691 (g_file_info_get_is_symlink): should not be reached

(lxpanel:6867): GLib-GIO-CRITICAL **: 10:14:05.099: GFileInfo created without standard::is-symlink

(lxpanel:6867): GLib-GIO-CRITICAL **: 10:14:05.099: file ../../../gio/gfileinfo.c: line 1691 (g_file_info_get_is_symlink): should not be reached

(lxpanel:6867): GLib-GIO-CRITICAL **: 10:14:05.099: GFileInfo created without standard::is-symlink

(lxpanel:6867): GLib-GIO-CRITICAL **: 10:14:05.099: file ../../../gio/gfileinfo.c: line 1691 (g_file_info_get_is_symlink): should not be reached

(lxpanel:6867): GLib-GIO-CRITICAL **: 10:14:05.099: GFileInfo created without standard::is-symlink

(lxpanel:6867): GLib-GIO-CRITICAL **: 10:14:05.099: file ../../../gio/gfileinfo.c: line 1691 (g_file_info_get_is_symlink): should not be reached

(lxpanel:6867): GLib-GIO-CRITICAL **: 10:14:05.100: GFileInfo created without standard::is-symlink

(lxpanel:6867): GLib-GIO-CRITICAL **: 10:14:05.100: file ../../../gio/gfileinfo.c: line 1691 (g_file_info_get_is_symlink): should not be reached

(lxpanel:6867): GLib-GIO-CRITICAL **: 10:14:05.100: GFileInfo created without standard::is-symlink

(lxpanel:6867): GLib-GIO-CRITICAL **: 10:14:05.100: file ../../../gio/gfileinfo.c: line 1691 (g_file_info_get_is_symlink): should not be reached

(lxpanel:6867): GLib-GIO-CRITICAL **: 10:14:05.100: GFileInfo created without standard::is-symlink

(lxpanel:6867): GLib-GIO-CRITICAL **: 10:14:05.100: GFileInfo created without standard::is-symlink

(lxpanel:6867): GLib-GIO-CRITICAL **: 10:14:05.100: file ../../../gio/gfileinfo.c: line 1691 (g_file_info_get_is_symlink): should not be reached

(lxpanel:6867): GLib-GIO-CRITICAL **: 10:14:05.100: file ../../../gio/gfileinfo.c: line 1691 (g_file_info_get_is_symlink): should not be reached

(lxpanel:6867): GLib-GIO-CRITICAL **: 10:14:05.100: GFileInfo created without standard::is-symlink

(lxpanel:6867): GLib-GIO-CRITICAL **: 10:14:05.100: file ../../../gio/gfileinfo.c: line 1691 (g_file_info_get_is_symlink): should not be reached

(lxpanel:6867): GLib-GIO-CRITICAL **: 10:14:05.100: GFileInfo created without standard::is-symlink

(lxpanel:6867): GLib-GIO-CRITICAL **: 10:14:05.100: file ../../../gio/gfileinfo.c: line 1691 (g_file_info_get_is_symlink): should not be reached

(lxpanel:6867): GLib-GIO-CRITICAL **: 10:14:05.100: GFileInfo created without standard::is-symlink

(lxpanel:6867): GLib-GIO-CRITICAL **: 10:14:05.100: GFileInfo created without standard::is-symlink

(lxpanel:6867): GLib-GIO-CRITICAL **: 10:14:05.100: file ../../../gio/gfileinfo.c: line 1691 (g_file_info_get_is_symlink): should not be reached

(lxpanel:6867): GLib-GIO-CRITICAL **: 10:14:05.100: file ../../../gio/gfileinfo.c: line 1691 (g_file_info_get_is_symlink): should not be reached

(lxpanel:6867): GLib-GIO-CRITICAL **: 10:14:05.100: GFileInfo created without standard::is-symlink

(lxpanel:6867): GLib-GIO-CRITICAL **: 10:14:05.100: GFileInfo created without standard::is-symlink

(lxpanel:6867): GLib-GIO-CRITICAL **: 10:14:05.100: file ../../../gio/gfileinfo.c: line 1691 (g_file_info_get_is_symlink): should not be reached

(lxpanel:6867): GLib-GIO-CRITICAL **: 10:14:05.100: file ../../../gio/gfileinfo.c: line 1691 (g_file_info_get_is_symlink): should not be reached

(lxpanel:6867): GLib-GIO-CRITICAL **: 10:14:05.100: GFileInfo created without standard::is-symlink

(lxpanel:6867): GLib-GIO-CRITICAL **: 10:14:05.100: GFileInfo created without standard::is-symlink

(lxpanel:6867): GLib-GIO-CRITICAL **: 10:14:05.100: file ../../../gio/gfileinfo.c: line 1691 (g_file_info_get_is_symlink): should not be reached

(lxpanel:6867): GLib-GIO-CRITICAL **: 10:14:05.100: file ../../../gio/gfileinfo.c: line 1691 (g_file_info_get_is_symlink): should not be reached

(lxpanel:6867): GLib-GIO-CRITICAL **: 10:14:05.100: GFileInfo created without standard::is-symlink

(lxpanel:6867): GLib-GIO-CRITICAL **: 10:14:05.100: GFileInfo created without standard::is-symlink

(lxpanel:6867): GLib-GIO-CRITICAL **: 10:14:05.100: file ../../../gio/gfileinfo.c: line 1691 (g_file_info_get_is_symlink): should not be reached

(lxpanel:6867): GLib-GIO-CRITICAL **: 10:14:05.100: file ../../../gio/gfileinfo.c: line 1691 (g_file_info_get_is_symlink): should not be reached

(lxpanel:6867): GLib-GIO-CRITICAL **: 10:14:05.100: GFileInfo created without standard::is-symlink

(lxpanel:6867): GLib-GIO-CRITICAL **: 10:14:05.100: GFileInfo created without standard::is-symlink

(lxpanel:6867): GLib-GIO-CRITICAL **: 10:14:05.100: file ../../../gio/gfileinfo.c: line 1691 (g_file_info_get_is_symlink): should not be reached

(lxpanel:6867): GLib-GIO-CRITICAL **: 10:14:05.100: file ../../../gio/gfileinfo.c: line 1691 (g_file_info_get_is_symlink): should not be reached

(lxpanel:6867): GLib-GIO-CRITICAL **: 10:14:05.100: GFileInfo created without standard::is-symlink

(lxpanel:6867): GLib-GIO-CRITICAL **: 10:14:05.100: GFileInfo created without standard::is-symlink

(lxpanel:6867): GLib-GIO-CRITICAL **: 10:14:05.100: file ../../../gio/gfileinfo.c: line 1691 (g_file_info_get_is_symlink): should not be reached

(lxpanel:6867): GLib-GIO-CRITICAL **: 10:14:05.100: file ../../../gio/gfileinfo.c: line 1691 (g_file_info_get_is_symlink): should not be reached

(lxpanel:6867): GLib-GIO-CRITICAL **: 10:14:05.100: GFileInfo created without standard::is-symlink

(lxpanel:6867): GLib-GIO-CRITICAL **: 10:14:05.100: GFileInfo created without standard::is-symlink

(lxpanel:6867): GLib-GIO-CRITICAL **: 10:14:05.100: file ../../../gio/gfileinfo.c: line 1691 (g_file_info_get_is_symlink): should not be reached

(lxpanel:6867): GLib-GIO-CRITICAL **: 10:14:05.100: file ../../../gio/gfileinfo.c: line 1691 (g_file_info_get_is_symlink): should not be reached

(lxpanel:6867): GLib-GIO-CRITICAL **: 10:14:05.100: GFileInfo created without standard::is-symlink

(lxpanel:6867): GLib-GIO-CRITICAL **: 10:14:05.100: file ../../../gio/gfileinfo.c: line 1691 (g_file_info_get_is_symlink): should not be reached

(lxpanel:6867): GLib-GIO-CRITICAL **: 10:14:05.100: GFileInfo created without standard::is-symlink

(lxpanel:6867): GLib-GIO-CRITICAL **: 10:14:05.100: file ../../../gio/gfileinfo.c: line 1691 (g_file_info_get_is_symlink): should not be reached

(lxpanel:6867): GLib-GIO-CRITICAL **: 10:14:05.100: GFileInfo created without standard::is-symlink

(lxpanel:6867): GLib-GIO-CRITICAL **: 10:14:05.100: file ../../../gio/gfileinfo.c: line 1691 (g_file_info_get_is_symlink): should not be reached

(lxpanel:6867): GLib-GIO-CRITICAL **: 10:14:05.100: GFileInfo created without standard::is-symlink

(lxpanel:6867): GLib-GIO-CRITICAL **: 10:14:05.100: file ../../../gio/gfileinfo.c: line 1691 (g_file_info_get_is_symlink): should not be reached

(lxpanel:6867): GLib-GIO-CRITICAL **: 10:14:05.100: GFileInfo created without standard::is-symlink

(lxpanel:6867): GLib-GIO-CRITICAL **: 10:14:05.100: GFileInfo created without standard::is-symlink

(lxpanel:6867): GLib-GIO-CRITICAL **: 10:14:05.100: file ../../../gio/gfileinfo.c: line 1691 (g_file_info_get_is_symlink): should not be reached

(lxpanel:6867): GLib-GIO-CRITICAL **: 10:14:05.100: GFileInfo created without standard::is-symlink

(lxpanel:6867): GLib-GIO-CRITICAL **: 10:14:05.100: file ../../../gio/gfileinfo.c: line 1691 (g_file_info_get_is_symlink): should not be reached

(lxpanel:6867): GLib-GIO-CRITICAL **: 10:14:05.100: GFileInfo created without standard::is-symlink

(lxpanel:6867): GLib-GIO-CRITICAL **: 10:14:05.100: file ../../../gio/gfileinfo.c: line 1691 (g_file_info_get_is_symlink): should not be reached

(lxpanel:6867): GLib-GIO-CRITICAL **: 10:14:05.100: GFileInfo created without standard::is-symlink

(lxpanel:6867): GLib-GIO-CRITICAL **: 10:14:05.100: file ../../../gio/gfileinfo.c: line 1691 (g_file_info_get_is_symlink): should not be reached

(lxpanel:6867): GLib-GIO-CRITICAL **: 10:14:05.100: GFileInfo created without standard::is-symlink

(lxpanel:6867): GLib-GIO-CRITICAL **: 10:14:05.100: file ../../../gio/gfileinfo.c: line 1691 (g_file_info_get_is_symlink): should not be reached

(lxpanel:6867): GLib-GIO-CRITICAL **: 10:14:05.100: GFileInfo created without standard::is-symlink

(lxpanel:6867): GLib-GIO-CRITICAL **: 10:14:05.100: file ../../../gio/gfileinfo.c: line 1691 (g_file_info_get_is_symlink): should not be reached

(lxpanel:6867): GLib-GIO-CRITICAL **: 10:14:05.100: GFileInfo created without standard::is-symlink

(lxpanel:6867): GLib-GIO-CRITICAL **: 10:14:05.100: file ../../../gio/gfileinfo.c: line 1691 (g_file_info_get_is_symlink): should not be reached

(lxpanel:6867): GLib-GIO-CRITICAL **: 10:14:05.100: GFileInfo created without standard::is-symlink

(lxpanel:6867): GLib-GIO-CRITICAL **: 10:14:05.100: file ../../../gio/gfileinfo.c: line 1691 (g_file_info_get_is_symlink): should not be reached

(lxpanel:6867): GLib-GIO-CRITICAL **: 10:14:05.100: GFileInfo created without standard::is-symlink

(lxpanel:6867): GLib-GIO-CRITICAL **: 10:14:05.100: file ../../../gio/gfileinfo.c: line 1691 (g_file_info_get_is_symlink): should not be reached

(lxpanel:6867): GLib-GIO-CRITICAL **: 10:14:05.100: GFileInfo created without standard::is-symlink

(lxpanel:6867): GLib-GIO-CRITICAL **: 10:14:05.100: file ../../../gio/gfileinfo.c: line 1691 (g_file_info_get_is_symlink): should not be reached

(lxpanel:6867): GLib-GIO-CRITICAL **: 10:14:05.100: GFileInfo created without standard::is-symlink

(lxpanel:6867): GLib-GIO-CRITICAL **: 10:14:05.100: file ../../../gio/gfileinfo.c: line 1691 (g_file_info_get_is_symlink): should not be reached

(lxpanel:6867): GLib-GIO-CRITICAL **: 10:14:05.100: GFileInfo created without standard::is-symlink

(lxpanel:6867): GLib-GIO-CRITICAL **: 10:14:05.100: file ../../../gio/gfileinfo.c: line 1691 (g_file_info_get_is_symlink): should not be reached

(lxpanel:6867): GLib-GIO-CRITICAL **: 10:14:05.100: GFileInfo created without standard::is-symlink

(lxpanel:6867): GLib-GIO-CRITICAL **: 10:14:05.100: file ../../../gio/gfileinfo.c: line 1691 (g_file_info_get_is_symlink): should not be reached

(lxpanel:6867): GLib-GIO-CRITICAL **: 10:14:05.100: GFileInfo created without standard::is-symlink

(lxpanel:6867): GLib-GIO-CRITICAL **: 10:14:05.100: file ../../../gio/gfileinfo.c: line 1691 (g_file_info_get_is_symlink): should not be reached

(lxpanel:6867): GLib-GIO-CRITICAL **: 10:14:05.100: GFileInfo created without standard::is-symlink

(lxpanel:6867): GLib-GIO-CRITICAL **: 10:14:05.100: file ../../../gio/gfileinfo.c: line 1691 (g_file_info_get_is_symlink): should not be reached

(lxpanel:6867): GLib-GIO-CRITICAL **: 10:14:05.100: GFileInfo created without standard::is-symlink

(lxpanel:6867): GLib-GIO-CRITICAL **: 10:14:05.100: file ../../../gio/gfileinfo.c: line 1691 (g_file_info_get_is_symlink): should not be reached

(lxpanel:6867): GLib-GIO-CRITICAL **: 10:14:05.100: GFileInfo created without standard::is-symlink

(lxpanel:6867): GLib-GIO-CRITICAL **: 10:14:05.100: file ../../../gio/gfileinfo.c: line 1691 (g_file_info_get_is_symlink): should not be reached

(lxpanel:6867): GLib-GIO-CRITICAL **: 10:14:05.100: GFileInfo created without standard::size

(lxpanel:6867): GLib-GIO-CRITICAL **: 10:14:05.100: file ../../../gio/gfileinfo.c: line 1860 (g_file_info_get_size): should not be reached

(lxpanel:6867): GLib-GIO-CRITICAL **: 10:14:05.100: file ../../../gio/gfileinfo.c: line 1691 (g_file_info_get_is_symlink): should not be reached

(lxpanel:6867): GLib-GIO-CRITICAL **: 10:14:05.100: GFileInfo created without standard::edit-name

(lxpanel:6867): GLib-GIO-CRITICAL **: 10:14:05.100: file ../../../gio/gfileinfo.c: line 1757 (g_file_info_get_edit_name): should not be reached

(lxpanel:6867): GLib-GIO-CRITICAL **: 10:14:05.100: GFileInfo created without standard::size

(lxpanel:6867): GLib-GIO-CRITICAL **: 10:14:05.100: file ../../../gio/gfileinfo.c: line 1860 (g_file_info_get_size): should not be reached

(lxpanel:6867): GLib-GIO-CRITICAL **: 10:14:05.100: GFileInfo created without standard::is-symlink

(lxpanel:6867): GLib-GIO-CRITICAL **: 10:14:05.100: file ../../../gio/gfileinfo.c: line 1691 (g_file_info_get_is_symlink): should not be reached

(lxpanel:6867): GLib-GIO-CRITICAL **: 10:14:05.100: GFileInfo created without standard::is-symlink

(lxpanel:6867): GLib-GIO-CRITICAL **: 10:14:05.100: file ../../../gio/gfileinfo.c: line 1691 (g_file_info_get_is_symlink): should not be reached

(lxpanel:6867): GLib-GIO-CRITICAL **: 10:14:05.100: GFileInfo created without standard::is-backup

(lxpanel:6867): GLib-GIO-CRITICAL **: 10:14:05.100: file ../../../gio/gfileinfo.c: line 1669 (g_file_info_get_is_backup): should not be reached

(lxpanel:6867): GLib-GIO-CRITICAL **: 10:14:05.100: GFileInfo created without standard::is-symlink

(lxpanel:6867): GLib-GIO-CRITICAL **: 10:14:05.100: file ../../../gio/gfileinfo.c: line 1691 (g_file_info_get_is_symlink): should not be reached

(lxpanel:6867): GLib-GIO-CRITICAL **: 10:14:05.100: GFileInfo created without standard::is-symlink

(lxpanel:6867): GLib-GIO-CRITICAL **: 10:14:05.100: file ../../../gio/gfileinfo.c: line 1691 (g_file_info_get_is_symlink): should not be reached

(lxpanel:6867): GLib-GIO-CRITICAL **: 10:14:05.100: GFileInfo created without standard::is-symlink

(lxpanel:6867): GLib-GIO-CRITICAL **: 10:14:05.100: file ../../../gio/gfileinfo.c: line 1691 (g_file_info_get_is_symlink): should not be reached

(lxpanel:6867): GLib-GIO-CRITICAL **: 10:14:05.100: GFileInfo created without standard::is-symlink

(lxpanel:6867): GLib-GIO-CRITICAL **: 10:14:05.100: GFileInfo created without standard::is-symlink

(lxpanel:6867): GLib-GIO-CRITICAL **: 10:14:05.100: file ../../../gio/gfileinfo.c: line 1691 (g_file_info_get_is_symlink): should not be reached

(lxpanel:6867): GLib-GIO-CRITICAL **: 10:14:05.100: GFileInfo created without standard::is-symlink

(lxpanel:6867): GLib-GIO-CRITICAL **: 10:14:05.100: file ../../../gio/gfileinfo.c: line 1691 (g_file_info_get_is_symlink): should not be reached

(lxpanel:6867): GLib-GIO-CRITICAL **: 10:14:05.100: file ../../../gio/gfileinfo.c: line 1691 (g_file_info_get_is_symlink): should not be reached

(lxpanel:6867): GLib-GIO-CRITICAL **: 10:14:05.100: GFileInfo created without standard::is-symlink

(lxpanel:6867): GLib-GIO-CRITICAL **: 10:14:05.100: file ../../../gio/gfileinfo.c: line 1691 (g_file_info_get_is_symlink): should not be reached

(lxpanel:6867): GLib-GIO-CRITICAL **: 10:14:05.101: GFileInfo created without standard::is-symlink

(lxpanel:6867): GLib-GIO-CRITICAL **: 10:14:05.101: GFileInfo created without standard::is-symlink

(lxpanel:6867): GLib-GIO-CRITICAL **: 10:14:05.101: file ../../../gio/gfileinfo.c: line 1691 (g_file_info_get_is_symlink): should not be reached

(lxpanel:6867): GLib-GIO-CRITICAL **: 10:14:05.101: file ../../../gio/gfileinfo.c: line 1691 (g_file_info_get_is_symlink): should not be reached

(lxpanel:6867): GLib-GIO-CRITICAL **: 10:14:05.101: GFileInfo created without standard::is-symlink

(lxpanel:6867): GLib-GIO-CRITICAL **: 10:14:05.101: GFileInfo created without standard::is-symlink

(lxpanel:6867): GLib-GIO-CRITICAL **: 10:14:05.101: file ../../../gio/gfileinfo.c: line 1691 (g_file_info_get_is_symlink): should not be reached

(lxpanel:6867): GLib-GIO-CRITICAL **: 10:14:05.101: file ../../../gio/gfileinfo.c: line 1691 (g_file_info_get_is_symlink): should not be reached

(lxpanel:6867): GLib-GIO-CRITICAL **: 10:14:05.101: GFileInfo created without standard::is-symlink

(lxpanel:6867): GLib-GIO-CRITICAL **: 10:14:05.101: GFileInfo created without standard::is-symlink

(lxpanel:6867): GLib-GIO-CRITICAL **: 10:14:05.101: file ../../../gio/gfileinfo.c: line 1691 (g_file_info_get_is_symlink): should not be reached

(lxpanel:6867): GLib-GIO-CRITICAL **: 10:14:05.101: file ../../../gio/gfileinfo.c: line 1691 (g_file_info_get_is_symlink): should not be reached

(lxpanel:6867): GLib-GIO-CRITICAL **: 10:14:05.101: GFileInfo created without standard::is-symlink

(lxpanel:6867): GLib-GIO-CRITICAL **: 10:14:05.101: GFileInfo created without standard::is-symlink

(lxpanel:6867): GLib-GIO-CRITICAL **: 10:14:05.101: file ../../../gio/gfileinfo.c: line 1691 (g_file_info_get_is_symlink): should not be reached

(lxpanel:6867): GLib-GIO-CRITICAL **: 10:14:05.101: file ../../../gio/gfileinfo.c: line 1691 (g_file_info_get_is_symlink): should not be reached

(lxpanel:6867): GLib-GIO-CRITICAL **: 10:14:05.101: GFileInfo created without standard::is-symlink

(lxpanel:6867): GLib-GIO-CRITICAL **: 10:14:05.101: file ../../../gio/gfileinfo.c: line 1691 (g_file_info_get_is_symlink): should not be reached

(lxpanel:6867): GLib-GIO-CRITICAL **: 10:14:05.101: GFileInfo created without standard::is-symlink

(lxpanel:6867): GLib-GIO-CRITICAL **: 10:14:05.101: GFileInfo created without standard::is-symlink

(lxpanel:6867): GLib-GIO-CRITICAL **: 10:14:05.101: file ../../../gio/gfileinfo.c: line 1691 (g_file_info_get_is_symlink): should not be reached

(lxpanel:6867): GLib-GIO-CRITICAL **: 10:14:05.101: file ../../../gio/gfileinfo.c: line 1691 (g_file_info_get_is_symlink): should not be reached

(lxpanel:6867): GLib-GIO-CRITICAL **: 10:14:05.101: GFileInfo created without standard::is-symlink

(lxpanel:6867): GLib-GIO-CRITICAL **: 10:14:05.101: file ../../../gio/gfileinfo.c: line 1691 (g_file_info_get_is_symlink): should not be reached

(lxpanel:6867): GLib-GIO-CRITICAL **: 10:14:05.101: GFileInfo created without standard::is-symlink

(lxpanel:6867): GLib-GIO-CRITICAL **: 10:14:05.101: file ../../../gio/gfileinfo.c: line 1691 (g_file_info_get_is_symlink): should not be reached

(lxpanel:6867): GLib-GIO-CRITICAL **: 10:14:05.101: GFileInfo created without standard::is-symlink

(lxpanel:6867): GLib-GIO-CRITICAL **: 10:14:05.101: file ../../../gio/gfileinfo.c: line 1691 (g_file_info_get_is_symlink): should not be reached

(lxpanel:6867): GLib-GIO-CRITICAL **: 10:14:05.101: GFileInfo created without standard::is-symlink

(lxpanel:6867): GLib-GIO-CRITICAL **: 10:14:05.101: GFileInfo created without standard::is-symlink

(lxpanel:6867): GLib-GIO-CRITICAL **: 10:14:05.101: file ../../../gio/gfileinfo.c: line 1691 (g_file_info_get_is_symlink): should not be reached

(lxpanel:6867): GLib-GIO-CRITICAL **: 10:14:05.101: file ../../../gio/gfileinfo.c: line 1691 (g_file_info_get_is_symlink): should not be reached

(lxpanel:6867): GLib-GIO-CRITICAL **: 10:14:05.101: GFileInfo created without standard::is-symlink

(lxpanel:6867): GLib-GIO-CRITICAL **: 10:14:05.101: GFileInfo created without standard::is-symlink

(lxpanel:6867): GLib-GIO-CRITICAL **: 10:14:05.101: file ../../../gio/gfileinfo.c: line 1691 (g_file_info_get_is_symlink): should not be reached

(lxpanel:6867): GLib-GIO-CRITICAL **: 10:14:05.101: file ../../../gio/gfileinfo.c: line 1691 (g_file_info_get_is_symlink): should not be reached

(lxpanel:6867): GLib-GIO-CRITICAL **: 10:14:05.101: GFileInfo created without standard::is-symlink

(lxpanel:6867): GLib-GIO-CRITICAL **: 10:14:05.101: GFileInfo created without standard::size

(lxpanel:6867): GLib-GIO-CRITICAL **: 10:14:05.101: file ../../../gio/gfileinfo.c: line 1691 (g_file_info_get_is_symlink): should not be reached

(lxpanel:6867): GLib-GIO-CRITICAL **: 10:14:05.101: file ../../../gio/gfileinfo.c: line 1860 (g_file_info_get_size): should not be reached

(lxpanel:6867): GLib-GIO-CRITICAL **: 10:14:05.101: GFileInfo created without standard::is-symlink

(lxpanel:6867): GLib-GIO-CRITICAL **: 10:14:05.101: file ../../../gio/gfileinfo.c: line 1691 (g_file_info_get_is_symlink): should not be reached

(lxpanel:6867): GLib-GIO-CRITICAL **: 10:14:05.101: GFileInfo created without standard::edit-name

(lxpanel:6867): GLib-GIO-CRITICAL **: 10:14:05.101: file ../../../gio/gfileinfo.c: line 1757 (g_file_info_get_edit_name): should not be reached

(lxpanel:6867): GLib-GIO-CRITICAL **: 10:14:05.101: GFileInfo created without standard::is-symlink

(lxpanel:6867): GLib-GIO-CRITICAL **: 10:14:05.101: GFileInfo created without standard::size

(lxpanel:6867): GLib-GIO-CRITICAL **: 10:14:05.101: file ../../../gio/gfileinfo.c: line 1691 (g_file_info_get_is_symlink): should not be reached

(lxpanel:6867): GLib-GIO-CRITICAL **: 10:14:05.101: file ../../../gio/gfileinfo.c: line 1860 (g_file_info_get_size): should not be reached

(lxpanel:6867): GLib-GIO-CRITICAL **: 10:14:05.101: GFileInfo created without standard::is-symlink

(lxpanel:6867): GLib-GIO-CRITICAL **: 10:14:05.101: file ../../../gio/gfileinfo.c: line 1691 (g_file_info_get_is_symlink): should not be reached

(lxpanel:6867): GLib-GIO-CRITICAL **: 10:14:05.101: GFileInfo created without standard::is-symlink

(lxpanel:6867): GLib-GIO-CRITICAL **: 10:14:05.101: GFileInfo created without standard::is-backup

(lxpanel:6867): GLib-GIO-CRITICAL **: 10:14:05.101: file ../../../gio/gfileinfo.c: line 1691 (g_file_info_get_is_symlink): should not be reached

(lxpanel:6867): GLib-GIO-CRITICAL **: 10:14:05.101: file ../../../gio/gfileinfo.c: line 1669 (g_file_info_get_is_backup): should not be reached

(lxpanel:6867): GLib-GIO-CRITICAL **: 10:14:05.101: GFileInfo created without standard::is-symlink

(lxpanel:6867): GLib-GIO-CRITICAL **: 10:14:05.101: file ../../../gio/gfileinfo.c: line 1691 (g_file_info_get_is_symlink): should not be reached

(lxpanel:6867): GLib-GIO-CRITICAL **: 10:14:05.101: GFileInfo created without standard::is-symlink

(lxpanel:6867): GLib-GIO-CRITICAL **: 10:14:05.101: file ../../../gio/gfileinfo.c: line 1691 (g_file_info_get_is_symlink): should not be reached

(lxpanel:6867): GLib-GIO-CRITICAL **: 10:14:05.101: GFileInfo created without standard::is-symlink

(lxpanel:6867): GLib-GIO-CRITICAL **: 10:14:05.101: GFileInfo created without standard::is-symlink

(lxpanel:6867): GLib-GIO-CRITICAL **: 10:14:05.101: file ../../../gio/gfileinfo.c: line 1691 (g_file_info_get_is_symlink): should not be reached

(lxpanel:6867): GLib-GIO-CRITICAL **: 10:14:05.101: file ../../../gio/gfileinfo.c: line 1691 (g_file_info_get_is_symlink): should not be reached

(lxpanel:6867): GLib-GIO-CRITICAL **: 10:14:05.101: GFileInfo created without standard::is-symlink

(lxpanel:6867): GLib-GIO-CRITICAL **: 10:14:05.101: GFileInfo created without standard::is-symlink

(lxpanel:6867): GLib-GIO-CRITICAL **: 10:14:05.101: file ../../../gio/gfileinfo.c: line 1691 (g_file_info_get_is_symlink): should not be reached

(lxpanel:6867): GLib-GIO-CRITICAL **: 10:14:05.101: file ../../../gio/gfileinfo.c: line 1691 (g_file_info_get_is_symlink): should not be reached

(lxpanel:6867): GLib-GIO-CRITICAL **: 10:14:05.101: GFileInfo created without standard::is-symlink

(lxpanel:6867): GLib-GIO-CRITICAL **: 10:14:05.101: GFileInfo created without standard::is-symlink

(lxpanel:6867): GLib-GIO-CRITICAL **: 10:14:05.101: file ../../../gio/gfileinfo.c: line 1691 (g_file_info_get_is_symlink): should not be reached

(lxpanel:6867): GLib-GIO-CRITICAL **: 10:14:05.101: file ../../../gio/gfileinfo.c: line 1691 (g_file_info_get_is_symlink): should not be reached

(lxpanel:6867): GLib-GIO-CRITICAL **: 10:14:05.101: GFileInfo created without standard::is-symlink

(lxpanel:6867): GLib-GIO-CRITICAL **: 10:14:05.101: file ../../../gio/gfileinfo.c: line 1691 (g_file_info_get_is_symlink): should not be reached

(lxpanel:6867): GLib-GIO-CRITICAL **: 10:14:05.101: GFileInfo created without standard::is-symlink

(lxpanel:6867): GLib-GIO-CRITICAL **: 10:14:05.101: file ../../../gio/gfileinfo.c: line 1691 (g_file_info_get_is_symlink): should not be reached

(lxpanel:6867): GLib-GIO-CRITICAL **: 10:14:05.101: GFileInfo created without standard::is-symlink

(lxpanel:6867): GLib-GIO-CRITICAL **: 10:14:05.101: GFileInfo created without standard::is-symlink

(lxpanel:6867): GLib-GIO-CRITICAL **: 10:14:05.101: file ../../../gio/gfileinfo.c: line 1691 (g_file_info_get_is_symlink): should not be reached

(lxpanel:6867): GLib-GIO-CRITICAL **: 10:14:05.101: file ../../../gio/gfileinfo.c: line 1691 (g_file_info_get_is_symlink): should not be reached

(lxpanel:6867): GLib-GIO-CRITICAL **: 10:14:05.101: GFileInfo created without standard::is-symlink

(lxpanel:6867): GLib-GIO-CRITICAL **: 10:14:05.101: file ../../../gio/gfileinfo.c: line 1691 (g_file_info_get_is_symlink): should not be reached

(lxpanel:6867): GLib-GIO-CRITICAL **: 10:14:05.101: GFileInfo created without standard::is-symlink

(lxpanel:6867): GLib-GIO-CRITICAL **: 10:14:05.101: file ../../../gio/gfileinfo.c: line 1691 (g_file_info_get_is_symlink): should not be reached

(lxpanel:6867): GLib-GIO-CRITICAL **: 10:14:05.101: GFileInfo created without standard::is-symlink

(lxpanel:6867): GLib-GIO-CRITICAL **: 10:14:05.101: file ../../../gio/gfileinfo.c: line 1691 (g_file_info_get_is_symlink): should not be reached

(lxpanel:6867): GLib-GIO-CRITICAL **: 10:14:05.101: GFileInfo created without standard::is-symlink

(lxpanel:6867): GLib-GIO-CRITICAL **: 10:14:05.101: GFileInfo created without standard::is-symlink

(lxpanel:6867): GLib-GIO-CRITICAL **: 10:14:05.101: file ../../../gio/gfileinfo.c: line 1691 (g_file_info_get_is_symlink): should not be reached

(lxpanel:6867): GLib-GIO-CRITICAL **: 10:14:05.101: file ../../../gio/gfileinfo.c: line 1691 (g_file_info_get_is_symlink): should not be reached

(lxpanel:6867): GLib-GIO-CRITICAL **: 10:14:05.101: GFileInfo created without standard::is-symlink

(lxpanel:6867): GLib-GIO-CRITICAL **: 10:14:05.101: GFileInfo created without standard::is-symlink

(lxpanel:6867): GLib-GIO-CRITICAL **: 10:14:05.101: file ../../../gio/gfileinfo.c: line 1691 (g_file_info_get_is_symlink): should not be reached

(lxpanel:6867): GLib-GIO-CRITICAL **: 10:14:05.101: file ../../../gio/gfileinfo.c: line 1691 (g_file_info_get_is_symlink): should not be reached

(lxpanel:6867): GLib-GIO-CRITICAL **: 10:14:05.101: GFileInfo created without standard::is-symlink

(lxpanel:6867): GLib-GIO-CRITICAL **: 10:14:05.101: GFileInfo created without standard::is-symlink

(lxpanel:6867): GLib-GIO-CRITICAL **: 10:14:05.101: file ../../../gio/gfileinfo.c: line 1691 (g_file_info_get_is_symlink): should not be reached

(lxpanel:6867): GLib-GIO-CRITICAL **: 10:14:05.101: file ../../../gio/gfileinfo.c: line 1691 (g_file_info_get_is_symlink): should not be reached

(lxpanel:6867): GLib-GIO-CRITICAL **: 10:14:05.101: GFileInfo created without standard::is-symlink

(lxpanel:6867): GLib-GIO-CRITICAL **: 10:14:05.101: file ../../../gio/gfileinfo.c: line 1691 (g_file_info_get_is_symlink): should not be reached

(lxpanel:6867): GLib-GIO-CRITICAL **: 10:14:05.101: GFileInfo created without standard::is-symlink

(lxpanel:6867): GLib-GIO-CRITICAL **: 10:14:05.101: file ../../../gio/gfileinfo.c: line 1691 (g_file_info_get_is_symlink): should not be reached

(lxpanel:6867): GLib-GIO-CRITICAL **: 10:14:05.101: GFileInfo created without standard::is-symlink

(lxpanel:6867): GLib-GIO-CRITICAL **: 10:14:05.101: file ../../../gio/gfileinfo.c: line 1691 (g_file_info_get_is_symlink): should not be reached

(lxpanel:6867): GLib-GIO-CRITICAL **: 10:14:05.101: GFileInfo created without standard::is-symlink

(lxpanel:6867): GLib-GIO-CRITICAL **: 10:14:05.101: file ../../../gio/gfileinfo.c: line 1691 (g_file_info_get_is_symlink): should not be reached

(lxpanel:6867): GLib-GIO-CRITICAL **: 10:14:05.101: GFileInfo created without standard::is-symlink

(lxpanel:6867): GLib-GIO-CRITICAL **: 10:14:05.101: file ../../../gio/gfileinfo.c: line 1691 (g_file_info_get_is_symlink): should not be reached

(lxpanel:6867): GLib-GIO-CRITICAL **: 10:14:05.101: GFileInfo created without standard::is-symlink

(lxpanel:6867): GLib-GIO-CRITICAL **: 10:14:05.101: file ../../../gio/gfileinfo.c: line 1691 (g_file_info_get_is_symlink): should not be reached

(lxpanel:6867): GLib-GIO-CRITICAL **: 10:14:05.101: GFileInfo created without standard::is-symlink

(lxpanel:6867): GLib-GIO-CRITICAL **: 10:14:05.101: file ../../../gio/gfileinfo.c: line 1691 (g_file_info_get_is_symlink): should not be reached

(lxpanel:6867): GLib-GIO-CRITICAL **: 10:14:05.101: GFileInfo created without standard::is-symlink

(lxpanel:6867): GLib-GIO-CRITICAL **: 10:14:05.101: file ../../../gio/gfileinfo.c: line 1691 (g_file_info_get_is_symlink): should not be reached

(lxpanel:6867): GLib-GIO-CRITICAL **: 10:14:05.101: GFileInfo created without standard::is-symlink

(lxpanel:6867): GLib-GIO-CRITICAL **: 10:14:05.101: GFileInfo created without standard::is-symlink

(lxpanel:6867): GLib-GIO-CRITICAL **: 10:14:05.101: file ../../../gio/gfileinfo.c: line 1691 (g_file_info_get_is_symlink): should not be reached

(lxpanel:6867): GLib-GIO-CRITICAL **: 10:14:05.101: file ../../../gio/gfileinfo.c: line 1691 (g_file_info_get_is_symlink): should not be reached

(lxpanel:6867): GLib-GIO-CRITICAL **: 10:14:05.101: GFileInfo created without standard::is-symlink

(lxpanel:6867): GLib-GIO-CRITICAL **: 10:14:05.101: GFileInfo created without standard::is-symlink

(lxpanel:6867): GLib-GIO-CRITICAL **: 10:14:05.101: file ../../../gio/gfileinfo.c: line 1691 (g_file_info_get_is_symlink): should not be reached

(lxpanel:6867): GLib-GIO-CRITICAL **: 10:14:05.101: file ../../../gio/gfileinfo.c: line 1691 (g_file_info_get_is_symlink): should not be reached

(lxpanel:6867): GLib-GIO-CRITICAL **: 10:14:05.101: GFileInfo created without standard::is-symlink

(lxpanel:6867): GLib-GIO-CRITICAL **: 10:14:05.101: GFileInfo created without standard::is-symlink

(lxpanel:6867): GLib-GIO-CRITICAL **: 10:14:05.101: file ../../../gio/gfileinfo.c: line 1691 (g_file_info_get_is_symlink): should not be reached

(lxpanel:6867): GLib-GIO-CRITICAL **: 10:14:05.101: file ../../../gio/gfileinfo.c: line 1691 (g_file_info_get_is_symlink): should not be reached

(lxpanel:6867): GLib-GIO-CRITICAL **: 10:14:05.101: GFileInfo created without standard::is-symlink

(lxpanel:6867): GLib-GIO-CRITICAL **: 10:14:05.101: GFileInfo created without standard::is-symlink

(lxpanel:6867): GLib-GIO-CRITICAL **: 10:14:05.101: file ../../../gio/gfileinfo.c: line 1691 (g_file_info_get_is_symlink): should not be reached

(lxpanel:6867): GLib-GIO-CRITICAL **: 10:14:05.101: file ../../../gio/gfileinfo.c: line 1691 (g_file_info_get_is_symlink): should not be reached

(lxpanel:6867): GLib-GIO-CRITICAL **: 10:14:05.101: GFileInfo created without standard::is-symlink

(lxpanel:6867): GLib-GIO-CRITICAL **: 10:14:05.101: GFileInfo created without standard::is-symlink

(lxpanel:6867): GLib-GIO-CRITICAL **: 10:14:05.101: file ../../../gio/gfileinfo.c: line 1691 (g_file_info_get_is_symlink): should not be reached

(lxpanel:6867): GLib-GIO-CRITICAL **: 10:14:05.101: file ../../../gio/gfileinfo.c: line 1691 (g_file_info_get_is_symlink): should not be reached

(lxpanel:6867): GLib-GIO-CRITICAL **: 10:14:05.101: GFileInfo created without standard::is-symlink

(lxpanel:6867): GLib-GIO-CRITICAL **: 10:14:05.101: file ../../../gio/gfileinfo.c: line 1691 (g_file_info_get_is_symlink): should not be reached

(lxpanel:6867): GLib-GIO-CRITICAL **: 10:14:05.101: GFileInfo created without standard::is-symlink

(lxpanel:6867): GLib-GIO-CRITICAL **: 10:14:05.101: file ../../../gio/gfileinfo.c: line 1691 (g_file_info_get_is_symlink): should not be reached

(lxpanel:6867): GLib-GIO-CRITICAL **: 10:14:05.101: GFileInfo created without standard::is-symlink

(lxpanel:6867): GLib-GIO-CRITICAL **: 10:14:05.101: file ../../../gio/gfileinfo.c: line 1691 (g_file_info_get_is_symlink): should not be reached

(lxpanel:6867): GLib-GIO-CRITICAL **: 10:14:05.101: GFileInfo created without standard::is-symlink

(lxpanel:6867): GLib-GIO-CRITICAL **: 10:14:05.101: file ../../../gio/gfileinfo.c: line 1691 (g_file_info_get_is_symlink): should not be reached

(lxpanel:6867): GLib-GIO-CRITICAL **: 10:14:05.101: GFileInfo created without standard::is-symlink

(lxpanel:6867): GLib-GIO-CRITICAL **: 10:14:05.101: file ../../../gio/gfileinfo.c: line 1691 (g_file_info_get_is_symlink): should not be reached

(lxpanel:6867): GLib-GIO-CRITICAL **: 10:14:05.101: GFileInfo created without standard::is-symlink

(lxpanel:6867): GLib-GIO-CRITICAL **: 10:14:05.101: file ../../../gio/gfileinfo.c: line 1691 (g_file_info_get_is_symlink): should not be reached

(lxpanel:6867): GLib-GIO-CRITICAL **: 10:14:05.101: GFileInfo created without standard::is-symlink

(lxpanel:6867): GLib-GIO-CRITICAL **: 10:14:05.101: file ../../../gio/gfileinfo.c: line 1691 (g_file_info_get_is_symlink): should not be reached

(lxpanel:6867): GLib-GIO-CRITICAL **: 10:14:05.101: GFileInfo created without standard::is-symlink

(lxpanel:6867): GLib-GIO-CRITICAL **: 10:14:05.101: GFileInfo created without standard::is-symlink

(lxpanel:6867): GLib-GIO-CRITICAL **: 10:14:05.101: file ../../../gio/gfileinfo.c: line 1691 (g_file_info_get_is_symlink): should not be reached

(lxpanel:6867): GLib-GIO-CRITICAL **: 10:14:05.101: file ../../../gio/gfileinfo.c: line 1691 (g_file_info_get_is_symlink): should not be reached

(lxpanel:6867): GLib-GIO-CRITICAL **: 10:14:05.101: GFileInfo created without standard::is-symlink

(lxpanel:6867): GLib-GIO-CRITICAL **: 10:14:05.101: file ../../../gio/gfileinfo.c: line 1691 (g_file_info_get_is_symlink): should not be reached

(lxpanel:6867): GLib-GIO-CRITICAL **: 10:14:05.101: GFileInfo created without standard::is-symlink

(lxpanel:6867): GLib-GIO-CRITICAL **: 10:14:05.101: file ../../../gio/gfileinfo.c: line 1691 (g_file_info_get_is_symlink): should not be reached

(lxpanel:6867): GLib-GIO-CRITICAL **: 10:14:05.101: GFileInfo created without standard::is-symlink

(lxpanel:6867): GLib-GIO-CRITICAL **: 10:14:05.101: file ../../../gio/gfileinfo.c: line 1691 (g_file_info_get_is_symlink): should not be reached

(lxpanel:6867): GLib-GIO-CRITICAL **: 10:14:05.101: GFileInfo created without standard::is-symlink

(lxpanel:6867): GLib-GIO-CRITICAL **: 10:14:05.101: file ../../../gio/gfileinfo.c: line 1691 (g_file_info_get_is_symlink): should not be reached

(lxpanel:6867): GLib-GIO-CRITICAL **: 10:14:05.101: GFileInfo created without standard::is-symlink

(lxpanel:6867): GLib-GIO-CRITICAL **: 10:14:05.101: file ../../../gio/gfileinfo.c: line 1691 (g_file_info_get_is_symlink): should not be reached

(lxpanel:6867): GLib-GIO-CRITICAL **: 10:14:05.101: GFileInfo created without standard::is-symlink

(lxpanel:6867): GLib-GIO-CRITICAL **: 10:14:05.101: file ../../../gio/gfileinfo.c: line 1691 (g_file_info_get_is_symlink): should not be reached

(lxpanel:6867): GLib-GIO-CRITICAL **: 10:14:05.101: GFileInfo created without standard::is-symlink

(lxpanel:6867): GLib-GIO-CRITICAL **: 10:14:05.101: file ../../../gio/gfileinfo.c: line 1691 (g_file_info_get_is_symlink): should not be reached

(lxpanel:6867): GLib-GIO-CRITICAL **: 10:14:05.101: GFileInfo created without standard::is-symlink

(lxpanel:6867): GLib-GIO-CRITICAL **: 10:14:05.101: file ../../../gio/gfileinfo.c: line 1691 (g_file_info_get_is_symlink): should not be reached

(lxpanel:6867): GLib-GIO-CRITICAL **: 10:14:05.101: GFileInfo created without standard::is-symlink

(lxpanel:6867): GLib-GIO-CRITICAL **: 10:14:05.101: file ../../../gio/gfileinfo.c: line 1691 (g_file_info_get_is_symlink): should not be reached

(lxpanel:6867): GLib-GIO-CRITICAL **: 10:14:05.101: GFileInfo created without standard::is-symlink

(lxpanel:6867): GLib-GIO-CRITICAL **: 10:14:05.101: file ../../../gio/gfileinfo.c: line 1691 (g_file_info_get_is_symlink): should not be reached

(lxpanel:6867): GLib-GIO-CRITICAL **: 10:14:05.101: GFileInfo created without standard::is-symlink

(lxpanel:6867): GLib-GIO-CRITICAL **: 10:14:05.101: file ../../../gio/gfileinfo.c: line 1691 (g_file_info_get_is_symlink): should not be reached

(lxpanel:6867): GLib-GIO-CRITICAL **: 10:14:05.101: GFileInfo created without standard::is-symlink

(lxpanel:6867): GLib-GIO-CRITICAL **: 10:14:05.101: GFileInfo created without standard::is-symlink

(lxpanel:6867): GLib-GIO-CRITICAL **: 10:14:05.101: file ../../../gio/gfileinfo.c: line 1691 (g_file_info_get_is_symlink): should not be reached

(lxpanel:6867): GLib-GIO-CRITICAL **: 10:14:05.101: file ../../../gio/gfileinfo.c: line 1691 (g_file_info_get_is_symlink): should not be reached

(lxpanel:6867): GLib-GIO-CRITICAL **: 10:14:05.101: GFileInfo created without standard::is-symlink

(lxpanel:6867): GLib-GIO-CRITICAL **: 10:14:05.101: GFileInfo created without standard::is-symlink

(lxpanel:6867): GLib-GIO-CRITICAL **: 10:14:05.101: file ../../../gio/gfileinfo.c: line 1691 (g_file_info_get_is_symlink): should not be reached

(lxpanel:6867): GLib-GIO-CRITICAL **: 10:14:05.101: file ../../../gio/gfileinfo.c: line 1691 (g_file_info_get_is_symlink): should not be reached

(lxpanel:6867): GLib-GIO-CRITICAL **: 10:14:05.101: GFileInfo created without standard::is-symlink

(lxpanel:6867): GLib-GIO-CRITICAL **: 10:14:05.101: file ../../../gio/gfileinfo.c: line 1691 (g_file_info_get_is_symlink): should not be reached

(lxpanel:6867): GLib-GIO-CRITICAL **: 10:14:05.101: GFileInfo created without standard::is-symlink

(lxpanel:6867): GLib-GIO-CRITICAL **: 10:14:05.101: file ../../../gio/gfileinfo.c: line 1691 (g_file_info_get_is_symlink): should not be reached

(lxpanel:6867): GLib-GIO-CRITICAL **: 10:14:05.102: GFileInfo created without standard::is-symlink

(lxpanel:6867): GLib-GIO-CRITICAL **: 10:14:05.102: GFileInfo created without standard::is-symlink

(lxpanel:6867): GLib-GIO-CRITICAL **: 10:14:05.102: file ../../../gio/gfileinfo.c: line 1691 (g_file_info_get_is_symlink): should not be reached

(lxpanel:6867): GLib-GIO-CRITICAL **: 10:14:05.102: file ../../../gio/gfileinfo.c: line 1691 (g_file_info_get_is_symlink): should not be reached

(lxpanel:6867): GLib-GIO-CRITICAL **: 10:14:05.102: GFileInfo created without standard::is-symlink

(lxpanel:6867): GLib-GIO-CRITICAL **: 10:14:05.102: GFileInfo created without standard::is-symlink

(lxpanel:6867): GLib-GIO-CRITICAL **: 10:14:05.102: file ../../../gio/gfileinfo.c: line 1691 (g_file_info_get_is_symlink): should not be reached

(lxpanel:6867): GLib-GIO-CRITICAL **: 10:14:05.102: file ../../../gio/gfileinfo.c: line 1691 (g_file_info_get_is_symlink): should not be reached

(lxpanel:6867): GLib-GIO-CRITICAL **: 10:14:05.102: GFileInfo created without standard::is-symlink

(lxpanel:6867): GLib-GIO-CRITICAL **: 10:14:05.102: GFileInfo created without standard::is-symlink

(lxpanel:6867): GLib-GIO-CRITICAL **: 10:14:05.102: file ../../../gio/gfileinfo.c: line 1691 (g_file_info_get_is_symlink): should not be reached

(lxpanel:6867): GLib-GIO-CRITICAL **: 10:14:05.102: file ../../../gio/gfileinfo.c: line 1691 (g_file_info_get_is_symlink): should not be reached

(lxpanel:6867): GLib-GIO-CRITICAL **: 10:14:05.102: GFileInfo created without standard::is-symlink

(lxpanel:6867): GLib-GIO-CRITICAL **: 10:14:05.102: GFileInfo created without standard::is-symlink

(lxpanel:6867): GLib-GIO-CRITICAL **: 10:14:05.102: file ../../../gio/gfileinfo.c: line 1691 (g_file_info_get_is_symlink): should not be reached

(lxpanel:6867): GLib-GIO-CRITICAL **: 10:14:05.102: file ../../../gio/gfileinfo.c: line 1691 (g_file_info_get_is_symlink): should not be reached

(lxpanel:6867): GLib-GIO-CRITICAL **: 10:14:05.102: GFileInfo created without standard::is-symlink

(lxpanel:6867): GLib-GIO-CRITICAL **: 10:14:05.102: GFileInfo created without standard::is-symlink

(lxpanel:6867): GLib-GIO-CRITICAL **: 10:14:05.102: file ../../../gio/gfileinfo.c: line 1691 (g_file_info_get_is_symlink): should not be reached

(lxpanel:6867): GLib-GIO-CRITICAL **: 10:14:05.102: file ../../../gio/gfileinfo.c: line 1691 (g_file_info_get_is_symlink): should not be reached

(lxpanel:6867): GLib-GIO-CRITICAL **: 10:14:05.102: GFileInfo created without standard::is-symlink

(lxpanel:6867): GLib-GIO-CRITICAL **: 10:14:05.102: GFileInfo created without standard::is-symlink

(lxpanel:6867): GLib-GIO-CRITICAL **: 10:14:05.102: file ../../../gio/gfileinfo.c: line 1691 (g_file_info_get_is_symlink): should not be reached

(lxpanel:6867): GLib-GIO-CRITICAL **: 10:14:05.102: file ../../../gio/gfileinfo.c: line 1691 (g_file_info_get_is_symlink): should not be reached

(lxpanel:6867): GLib-GIO-CRITICAL **: 10:14:05.102: GFileInfo created without standard::is-symlink

(lxpanel:6867): GLib-GIO-CRITICAL **: 10:14:05.102: file ../../../gio/gfileinfo.c: line 1691 (g_file_info_get_is_symlink): should not be reached

(lxpanel:6867): GLib-GIO-CRITICAL **: 10:14:05.102: GFileInfo created without standard::is-symlink

(lxpanel:6867): GLib-GIO-CRITICAL **: 10:14:05.102: file ../../../gio/gfileinfo.c: line 1691 (g_file_info_get_is_symlink): should not be reached

(lxpanel:6867): GLib-GIO-CRITICAL **: 10:14:05.102: GFileInfo created without standard::is-symlink

(lxpanel:6867): GLib-GIO-CRITICAL **: 10:14:05.102: file ../../../gio/gfileinfo.c: line 1691 (g_file_info_get_is_symlink): should not be reached

(lxpanel:6867): GLib-GIO-CRITICAL **: 10:14:05.102: GFileInfo created without standard::is-symlink

(lxpanel:6867): GLib-GIO-CRITICAL **: 10:14:05.102: file ../../../gio/gfileinfo.c: line 1691 (g_file_info_get_is_symlink): should not be reached

(lxpanel:6867): GLib-GIO-CRITICAL **: 10:14:05.102: GFileInfo created without standard::is-symlink

(lxpanel:6867): GLib-GIO-CRITICAL **: 10:14:05.102: file ../../../gio/gfileinfo.c: line 1691 (g_file_info_get_is_symlink): should not be reached

(lxpanel:6867): GLib-GIO-CRITICAL **: 10:14:05.102: GFileInfo created without standard::is-symlink

(lxpanel:6867): GLib-GIO-CRITICAL **: 10:14:05.102: file ../../../gio/gfileinfo.c: line 1691 (g_file_info_get_is_symlink): should not be reached

(lxpanel:6867): GLib-GIO-CRITICAL **: 10:14:05.102: GFileInfo created without standard::is-symlink

(lxpanel:6867): GLib-GIO-CRITICAL **: 10:14:05.102: file ../../../gio/gfileinfo.c: line 1691 (g_file_info_get_is_symlink): should not be reached

(lxpanel:6867): GLib-GIO-CRITICAL **: 10:14:05.102: GFileInfo created without standard::is-symlink

(lxpanel:6867): GLib-GIO-CRITICAL **: 10:14:05.102: file ../../../gio/gfileinfo.c: line 1691 (g_file_info_get_is_symlink): should not be reached

(lxpanel:6867): GLib-GIO-CRITICAL **: 10:14:05.102: GFileInfo created without standard::is-symlink

(lxpanel:6867): GLib-GIO-CRITICAL **: 10:14:05.102: file ../../../gio/gfileinfo.c: line 1691 (g_file_info_get_is_symlink): should not be reached

(lxpanel:6867): GLib-GIO-CRITICAL **: 10:14:05.102: GFileInfo created without standard::is-symlink

(lxpanel:6867): GLib-GIO-CRITICAL **: 10:14:05.102: file ../../../gio/gfileinfo.c: line 1691 (g_file_info_get_is_symlink): should not be reached

(lxpanel:6867): GLib-GIO-CRITICAL **: 10:14:05.102: GFileInfo created without standard::is-symlink

(lxpanel:6867): GLib-GIO-CRITICAL **: 10:14:05.102: file ../../../gio/gfileinfo.c: line 1691 (g_file_info_get_is_symlink): should not be reached

(lxpanel:6867): GLib-GIO-CRITICAL **: 10:14:05.102: GFileInfo created without standard::is-symlink

(lxpanel:6867): GLib-GIO-CRITICAL **: 10:14:05.102: file ../../../gio/gfileinfo.c: line 1691 (g_file_info_get_is_symlink): should not be reached

(lxpanel:6867): GLib-GIO-CRITICAL **: 10:14:05.102: GFileInfo created without standard::is-symlink

(lxpanel:6867): GLib-GIO-CRITICAL **: 10:14:05.102: file ../../../gio/gfileinfo.c: line 1691 (g_file_info_get_is_symlink): should not be reached

(lxpanel:6867): GLib-GIO-CRITICAL **: 10:14:05.102: GFileInfo created without standard::is-symlink

(lxpanel:6867): GLib-GIO-CRITICAL **: 10:14:05.102: file ../../../gio/gfileinfo.c: line 1691 (g_file_info_get_is_symlink): should not be reached

(lxpanel:6867): GLib-GIO-CRITICAL **: 10:14:05.102: GFileInfo created without standard::is-symlink

(lxpanel:6867): GLib-GIO-CRITICAL **: 10:14:05.102: file ../../../gio/gfileinfo.c: line 1691 (g_file_info_get_is_symlink): should not be reached

(lxpanel:6867): GLib-GIO-CRITICAL **: 10:14:05.102: GFileInfo created without standard::is-symlink

(lxpanel:6867): GLib-GIO-CRITICAL **: 10:14:05.102: file ../../../gio/gfileinfo.c: line 1691 (g_file_info_get_is_symlink): should not be reached

(lxpanel:6867): GLib-GIO-CRITICAL **: 10:14:05.102: GFileInfo created without standard::is-symlink

(lxpanel:6867): GLib-GIO-CRITICAL **: 10:14:05.102: file ../../../gio/gfileinfo.c: line 1691 (g_file_info_get_is_symlink): should not be reached

(lxpanel:6867): GLib-GIO-CRITICAL **: 10:14:05.102: GFileInfo created without standard::is-symlink

(lxpanel:6867): GLib-GIO-CRITICAL **: 10:14:05.102: file ../../../gio/gfileinfo.c: line 1691 (g_file_info_get_is_symlink): should not be reached

(lxpanel:6867): GLib-GIO-CRITICAL **: 10:14:05.102: GFileInfo created without standard::is-symlink

(lxpanel:6867): GLib-GIO-CRITICAL **: 10:14:05.102: file ../../../gio/gfileinfo.c: line 1691 (g_file_info_get_is_symlink): should not be reached

(lxpanel:6867): GLib-GIO-CRITICAL **: 10:14:05.102: GFileInfo created without standard::is-symlink

(lxpanel:6867): GLib-GIO-CRITICAL **: 10:14:05.102: file ../../../gio/gfileinfo.c: line 1691 (g_file_info_get_is_symlink): should not be reached

(lxpanel:6867): GLib-GIO-CRITICAL **: 10:14:05.102: GFileInfo created without standard::is-symlink

(lxpanel:6867): GLib-GIO-CRITICAL **: 10:14:05.102: file ../../../gio/gfileinfo.c: line 1691 (g_file_info_get_is_symlink): should not be reached

(lxpanel:6867): GLib-GIO-CRITICAL **: 10:14:05.102: GFileInfo created without standard::is-symlink

(lxpanel:6867): GLib-GIO-CRITICAL **: 10:14:05.102: file ../../../gio/gfileinfo.c: line 1691 (g_file_info_get_is_symlink): should not be reached

(lxpanel:6867): GLib-GIO-CRITICAL **: 10:14:05.102: GFileInfo created without standard::is-symlink

(lxpanel:6867): GLib-GIO-CRITICAL **: 10:14:05.102: file ../../../gio/gfileinfo.c: line 1691 (g_file_info_get_is_symlink): should not be reached

(lxpanel:6867): dbind-WARNING **: 10:16:45.308: AT-SPI: Error retrieving accessibility bus address: org.freedesktop.DBus.Error.ServiceUnknown: The name org.a11y.Bus was not provided by any .service files

(lxpanel:6867): GLib-GIO-CRITICAL **: 10:16:45.408: GFileInfo created without standard::edit-name

(lxpanel:6867): GLib-GIO-CRITICAL **: 10:16:45.408: GFileInfo created without standard::edit-name

(lxpanel:6867): GLib-GIO-CRITICAL **: 10:16:45.408: file ../../../gio/gfileinfo.c: line 1757 (g_file_info_get_edit_name): should not be reached

(lxpanel:6867): GLib-GIO-CRITICAL **: 10:16:45.408: file ../../../gio/gfileinfo.c: line 1757 (g_file_info_get_edit_name): should not be reached

(lxpanel:6867): GLib-GIO-CRITICAL **: 10:16:45.408: GFileInfo created without standard::size

(lxpanel:6867): GLib-GIO-CRITICAL **: 10:16:45.408: GFileInfo created without standard::size

(lxpanel:6867): GLib-GIO-CRITICAL **: 10:16:45.408: file ../../../gio/gfileinfo.c: line 1860 (g_file_info_get_size): should not be reached

(lxpanel:6867): GLib-GIO-CRITICAL **: 10:16:45.408: file ../../../gio/gfileinfo.c: line 1860 (g_file_info_get_size): should not be reached

(lxpanel:6867): GLib-GIO-CRITICAL **: 10:16:45.408: GFileInfo created without standard::content-type

(lxpanel:6867): GLib-GIO-CRITICAL **: 10:16:45.408: GFileInfo created without standard::content-type

(lxpanel:6867): GLib-GIO-CRITICAL **: 10:16:45.408: file ../../../gio/gfileinfo.c: line 1836 (g_file_info_get_content_type): should not be reached

(lxpanel:6867): GLib-GIO-CRITICAL **: 10:16:45.408: GFileInfo created without standard::is-symlink

(lxpanel:6867): GLib-GIO-CRITICAL **: 10:16:45.408: file ../../../gio/gfileinfo.c: line 1691 (g_file_info_get_is_symlink): should not be reached

(lxpanel:6867): GLib-GIO-CRITICAL **: 10:16:45.408: file ../../../gio/gfileinfo.c: line 1836 (g_file_info_get_content_type): should not be reached

(lxpanel:6867): GLib-GIO-CRITICAL **: 10:16:45.408: GFileInfo created without standard::is-hidden

(lxpanel:6867): GLib-GIO-CRITICAL **: 10:16:45.408: GFileInfo created without standard::is-symlink

(lxpanel:6867): GLib-GIO-CRITICAL **: 10:16:45.408: file ../../../gio/gfileinfo.c: line 1647 (g_file_info_get_is_hidden): should not be reached

(lxpanel:6867): GLib-GIO-CRITICAL **: 10:16:45.408: file ../../../gio/gfileinfo.c: line 1691 (g_file_info_get_is_symlink): should not be reached

(lxpanel:6867): GLib-GIO-CRITICAL **: 10:16:45.408: GFileInfo created without standard::is-backup

(lxpanel:6867): GLib-GIO-CRITICAL **: 10:16:45.408: file ../../../gio/gfileinfo.c: line 1669 (g_file_info_get_is_backup): should not be reached

(lxpanel:6867): GLib-GIO-CRITICAL **: 10:16:45.408: GFileInfo created without standard::is-hidden

(lxpanel:6867): GLib-GIO-CRITICAL **: 10:16:45.408: file ../../../gio/gfileinfo.c: line 1647 (g_file_info_get_is_hidden): should not be reached

(lxpanel:6867): GLib-GIO-CRITICAL **: 10:16:45.408: GFileInfo created without standard::is-backup

(lxpanel:6867): GLib-GIO-CRITICAL **: 10:16:45.408: file ../../../gio/gfileinfo.c: line 1669 (g_file_info_get_is_backup): should not be reached

(lxpanel:6867): GLib-GIO-CRITICAL **: 10:16:45.408: GFileInfo created without standard::is-symlink

(lxpanel:6867): GLib-GIO-CRITICAL **: 10:16:45.408: GFileInfo created without standard::is-symlink

(lxpanel:6867): GLib-GIO-CRITICAL **: 10:16:45.408: file ../../../gio/gfileinfo.c: line 1691 (g_file_info_get_is_symlink): should not be reached

(lxpanel:6867): GLib-GIO-CRITICAL **: 10:16:45.408: file ../../../gio/gfileinfo.c: line 1691 (g_file_info_get_is_symlink): should not be reached

(lxpanel:6867): GLib-GIO-CRITICAL **: 10:16:45.408: GFileInfo created without standard::is-symlink

(lxpanel:6867): GLib-GIO-CRITICAL **: 10:16:45.408: file ../../../gio/gfileinfo.c: line 1691 (g_file_info_get_is_symlink): should not be reached

(lxpanel:6867): GLib-GIO-CRITICAL **: 10:16:45.408: GFileInfo created without standard::is-symlink

(lxpanel:6867): GLib-GIO-CRITICAL **: 10:16:45.408: file ../../../gio/gfileinfo.c: line 1691 (g_file_info_get_is_symlink): should not be reached

(lxpanel:6867): GLib-GIO-CRITICAL **: 10:16:45.408: GFileInfo created without standard::is-symlink

(lxpanel:6867): GLib-GIO-CRITICAL **: 10:16:45.408: file ../../../gio/gfileinfo.c: line 1691 (g_file_info_get_is_symlink): should not be reached

(lxpanel:6867): GLib-GIO-CRITICAL **: 10:16:45.408: GFileInfo created without standard::is-symlink

(lxpanel:6867): GLib-GIO-CRITICAL **: 10:16:45.408: GFileInfo created without standard::is-symlink

(lxpanel:6867): GLib-GIO-CRITICAL **: 10:16:45.408: file ../../../gio/gfileinfo.c: line 1691 (g_file_info_get_is_symlink): should not be reached

(lxpanel:6867): GLib-GIO-CRITICAL **: 10:16:45.408: file ../../../gio/gfileinfo.c: line 1691 (g_file_info_get_is_symlink): should not be reached

(lxpanel:6867): GLib-GIO-CRITICAL **: 10:16:45.408: GFileInfo created without standard::is-symlink

(lxpanel:6867): GLib-GIO-CRITICAL **: 10:16:45.408: file ../../../gio/gfileinfo.c: line 1691 (g_file_info_get_is_symlink): should not be reached

(lxpanel:6867): GLib-GIO-CRITICAL **: 10:16:45.408: GFileInfo created without standard::is-symlink

(lxpanel:6867): GLib-GIO-CRITICAL **: 10:16:45.408: file ../../../gio/gfileinfo.c: line 1691 (g_file_info_get_is_symlink): should not be reached

(lxpanel:6867): GLib-GIO-CRITICAL **: 10:16:45.408: GFileInfo created without standard::is-symlink

(lxpanel:6867): GLib-GIO-CRITICAL **: 10:16:45.408: file ../../../gio/gfileinfo.c: line 1691 (g_file_info_get_is_symlink): should not be reached

(lxpanel:6867): GLib-GIO-CRITICAL **: 10:16:45.408: GFileInfo created without standard::is-symlink

(lxpanel:6867): GLib-GIO-CRITICAL **: 10:16:45.408: file ../../../gio/gfileinfo.c: line 1691 (g_file_info_get_is_symlink): should not be reached

(lxpanel:6867): GLib-GIO-CRITICAL **: 10:16:45.408: GFileInfo created without standard::is-symlink

(lxpanel:6867): GLib-GIO-CRITICAL **: 10:16:45.408: file ../../../gio/gfileinfo.c: line 1691 (g_file_info_get_is_symlink): should not be reached

(lxpanel:6867): GLib-GIO-CRITICAL **: 10:16:45.408: GFileInfo created without standard::is-symlink

(lxpanel:6867): GLib-GIO-CRITICAL **: 10:16:45.408: file ../../../gio/gfileinfo.c: line 1691 (g_file_info_get_is_symlink): should not be reached

(lxpanel:6867): GLib-GIO-CRITICAL **: 10:16:45.408: GFileInfo created without standard::is-symlink

(lxpanel:6867): GLib-GIO-CRITICAL **: 10:16:45.408: file ../../../gio/gfileinfo.c: line 1691 (g_file_info_get_is_symlink): should not be reached

(lxpanel:6867): GLib-GIO-CRITICAL **: 10:16:45.408: GFileInfo created without standard::is-symlink

(lxpanel:6867): GLib-GIO-CRITICAL **: 10:16:45.408: file ../../../gio/gfileinfo.c: line 1691 (g_file_info_get_is_symlink): should not be reached

(lxpanel:6867): GLib-GIO-CRITICAL **: 10:16:45.408: GFileInfo created without standard::is-symlink

(lxpanel:6867): GLib-GIO-CRITICAL **: 10:16:45.408: file ../../../gio/gfileinfo.c: line 1691 (g_file_info_get_is_symlink): should not be reached

(lxpanel:6867): GLib-GIO-CRITICAL **: 10:16:45.408: GFileInfo created without standard::is-symlink

(lxpanel:6867): GLib-GIO-CRITICAL **: 10:16:45.408: file ../../../gio/gfileinfo.c: line 1691 (g_file_info_get_is_symlink): should not be reached

(lxpanel:6867): GLib-GIO-CRITICAL **: 10:16:45.408: GFileInfo created without standard::is-symlink

(lxpanel:6867): GLib-GIO-CRITICAL **: 10:16:45.408: GFileInfo created without standard::is-symlink

(lxpanel:6867): GLib-GIO-CRITICAL **: 10:16:45.408: file ../../../gio/gfileinfo.c: line 1691 (g_file_info_get_is_symlink): should not be reached

(lxpanel:6867): GLib-GIO-CRITICAL **: 10:16:45.408: file ../../../gio/gfileinfo.c: line 1691 (g_file_info_get_is_symlink): should not be reached

(lxpanel:6867): GLib-GIO-CRITICAL **: 10:16:45.408: GFileInfo created without standard::is-symlink

(lxpanel:6867): GLib-GIO-CRITICAL **: 10:16:45.408: GFileInfo created without standard::is-symlink

(lxpanel:6867): GLib-GIO-CRITICAL **: 10:16:45.408: file ../../../gio/gfileinfo.c: line 1691 (g_file_info_get_is_symlink): should not be reached

(lxpanel:6867): GLib-GIO-CRITICAL **: 10:16:45.408: file ../../../gio/gfileinfo.c: line 1691 (g_file_info_get_is_symlink): should not be reached

(lxpanel:6867): GLib-GIO-CRITICAL **: 10:16:45.408: GFileInfo created without standard::is-symlink

(lxpanel:6867): GLib-GIO-CRITICAL **: 10:16:45.408: GFileInfo created without standard::is-symlink

(lxpanel:6867): GLib-GIO-CRITICAL **: 10:16:45.408: file ../../../gio/gfileinfo.c: line 1691 (g_file_info_get_is_symlink): should not be reached

(lxpanel:6867): GLib-GIO-CRITICAL **: 10:16:45.408: file ../../../gio/gfileinfo.c: line 1691 (g_file_info_get_is_symlink): should not be reached

(lxpanel:6867): GLib-GIO-CRITICAL **: 10:16:45.408: GFileInfo created without standard::is-symlink

(lxpanel:6867): GLib-GIO-CRITICAL **: 10:16:45.408: file ../../../gio/gfileinfo.c: line 1691 (g_file_info_get_is_symlink): should not be reached

(lxpanel:6867): GLib-GIO-CRITICAL **: 10:16:45.408: GFileInfo created without standard::is-symlink

(lxpanel:6867): GLib-GIO-CRITICAL **: 10:16:45.408: file ../../../gio/gfileinfo.c: line 1691 (g_file_info_get_is_symlink): should not be reached

(lxpanel:6867): GLib-GIO-CRITICAL **: 10:16:45.408: GFileInfo created without standard::is-symlink

(lxpanel:6867): GLib-GIO-CRITICAL **: 10:16:45.408: file ../../../gio/gfileinfo.c: line 1691 (g_file_info_get_is_symlink): should not be reached

(lxpanel:6867): GLib-GIO-CRITICAL **: 10:16:45.408: GFileInfo created without standard::is-symlink

(lxpanel:6867): GLib-GIO-CRITICAL **: 10:16:45.408: file ../../../gio/gfileinfo.c: line 1691 (g_file_info_get_is_symlink): should not be reached

(lxpanel:6867): GLib-GIO-CRITICAL **: 10:16:45.408: GFileInfo created without standard::is-symlink

(lxpanel:6867): GLib-GIO-CRITICAL **: 10:16:45.408: GFileInfo created without standard::is-symlink

(lxpanel:6867): GLib-GIO-CRITICAL **: 10:16:45.409: file ../../../gio/gfileinfo.c: line 1691 (g_file_info_get_is_symlink): should not be reached

(lxpanel:6867): GLib-GIO-CRITICAL **: 10:16:45.409: file ../../../gio/gfileinfo.c: line 1691 (g_file_info_get_is_symlink): should not be reached

(lxpanel:6867): GLib-GIO-CRITICAL **: 10:16:45.409: GFileInfo created without standard::is-symlink

(lxpanel:6867): GLib-GIO-CRITICAL **: 10:16:45.409: GFileInfo created without standard::is-symlink

(lxpanel:6867): GLib-GIO-CRITICAL **: 10:16:45.409: file ../../../gio/gfileinfo.c: line 1691 (g_file_info_get_is_symlink): should not be reached

(lxpanel:6867): GLib-GIO-CRITICAL **: 10:16:45.409: file ../../../gio/gfileinfo.c: line 1691 (g_file_info_get_is_symlink): should not be reached

(lxpanel:6867): GLib-GIO-CRITICAL **: 10:16:45.409: GFileInfo created without standard::is-symlink

(lxpanel:6867): GLib-GIO-CRITICAL **: 10:16:45.409: GFileInfo created without standard::is-symlink

(lxpanel:6867): GLib-GIO-CRITICAL **: 10:16:45.409: file ../../../gio/gfileinfo.c: line 1691 (g_file_info_get_is_symlink): should not be reached

(lxpanel:6867): GLib-GIO-CRITICAL **: 10:16:45.409: file ../../../gio/gfileinfo.c: line 1691 (g_file_info_get_is_symlink): should not be reached

(lxpanel:6867): GLib-GIO-CRITICAL **: 10:16:45.409: GFileInfo created without standard::is-symlink

(lxpanel:6867): GLib-GIO-CRITICAL **: 10:16:45.409: GFileInfo created without standard::is-symlink

(lxpanel:6867): GLib-GIO-CRITICAL **: 10:16:45.409: file ../../../gio/gfileinfo.c: line 1691 (g_file_info_get_is_symlink): should not be reached

(lxpanel:6867): GLib-GIO-CRITICAL **: 10:16:45.409: file ../../../gio/gfileinfo.c: line 1691 (g_file_info_get_is_symlink): should not be reached

(lxpanel:6867): GLib-GIO-CRITICAL **: 10:16:45.409: GFileInfo created without standard::is-symlink

(lxpanel:6867): GLib-GIO-CRITICAL **: 10:16:45.409: GFileInfo created without standard::is-symlink

(lxpanel:6867): GLib-GIO-CRITICAL **: 10:16:45.409: file ../../../gio/gfileinfo.c: line 1691 (g_file_info_get_is_symlink): should not be reached

(lxpanel:6867): GLib-GIO-CRITICAL **: 10:16:45.409: file ../../../gio/gfileinfo.c: line 1691 (g_file_info_get_is_symlink): should not be reached

(lxpanel:6867): GLib-GIO-CRITICAL **: 10:16:45.409: GFileInfo created without standard::is-symlink

(lxpanel:6867): GLib-GIO-CRITICAL **: 10:16:45.409: file ../../../gio/gfileinfo.c: line 1691 (g_file_info_get_is_symlink): should not be reached

(lxpanel:6867): GLib-GIO-CRITICAL **: 10:16:45.409: GFileInfo created without standard::is-symlink

(lxpanel:6867): GLib-GIO-CRITICAL **: 10:16:45.409: file ../../../gio/gfileinfo.c: line 1691 (g_file_info_get_is_symlink): should not be reached

(lxpanel:6867): GLib-GIO-CRITICAL **: 10:16:45.409: GFileInfo created without standard::is-symlink

(lxpanel:6867): GLib-GIO-CRITICAL **: 10:16:45.409: file ../../../gio/gfileinfo.c: line 1691 (g_file_info_get_is_symlink): should not be reached

(lxpanel:6867): GLib-GIO-CRITICAL **: 10:16:45.409: GFileInfo created without standard::is-symlink

(lxpanel:6867): GLib-GIO-CRITICAL **: 10:16:45.409: file ../../../gio/gfileinfo.c: line 1691 (g_file_info_get_is_symlink): should not be reached

(lxpanel:6867): GLib-GIO-CRITICAL **: 10:16:45.409: GFileInfo created without standard::is-symlink

(lxpanel:6867): GLib-GIO-CRITICAL **: 10:16:45.409: file ../../../gio/gfileinfo.c: line 1691 (g_file_info_get_is_symlink): should not be reached

(lxpanel:6867): GLib-GIO-CRITICAL **: 10:16:45.409: GFileInfo created without standard::is-symlink

(lxpanel:6867): GLib-GIO-CRITICAL **: 10:16:45.409: GFileInfo created without standard::is-symlink

(lxpanel:6867): GLib-GIO-CRITICAL **: 10:16:45.409: file ../../../gio/gfileinfo.c: line 1691 (g_file_info_get_is_symlink): should not be reached

(lxpanel:6867): GLib-GIO-CRITICAL **: 10:16:45.409: file ../../../gio/gfileinfo.c: line 1691 (g_file_info_get_is_symlink): should not be reached

(lxpanel:6867): GLib-GIO-CRITICAL **: 10:16:45.409: GFileInfo created without standard::is-symlink

(lxpanel:6867): GLib-GIO-CRITICAL **: 10:16:45.409: file ../../../gio/gfileinfo.c: line 1691 (g_file_info_get_is_symlink): should not be reached

(lxpanel:6867): GLib-GIO-CRITICAL **: 10:16:45.409: GFileInfo created without standard::is-symlink

(lxpanel:6867): GLib-GIO-CRITICAL **: 10:16:45.409: file ../../../gio/gfileinfo.c: line 1691 (g_file_info_get_is_symlink): should not be reached

(lxpanel:6867): GLib-GIO-CRITICAL **: 10:16:45.409: GFileInfo created without standard::is-symlink

(lxpanel:6867): GLib-GIO-CRITICAL **: 10:16:45.409: file ../../../gio/gfileinfo.c: line 1691 (g_file_info_get_is_symlink): should not be reached

(lxpanel:6867): GLib-GIO-CRITICAL **: 10:16:45.409: GFileInfo created without standard::is-symlink

(lxpanel:6867): GLib-GIO-CRITICAL **: 10:16:45.409: file ../../../gio/gfileinfo.c: line 1691 (g_file_info_get_is_symlink): should not be reached

(lxpanel:6867): GLib-GIO-CRITICAL **: 10:16:45.409: GFileInfo created without standard::is-symlink

(lxpanel:6867): GLib-GIO-CRITICAL **: 10:16:45.409: GFileInfo created without standard::is-symlink

(lxpanel:6867): GLib-GIO-CRITICAL **: 10:16:45.409: file ../../../gio/gfileinfo.c: line 1691 (g_file_info_get_is_symlink): should not be reached

(lxpanel:6867): GLib-GIO-CRITICAL **: 10:16:45.409: file ../../../gio/gfileinfo.c: line 1691 (g_file_info_get_is_symlink): should not be reached

(lxpanel:6867): GLib-GIO-CRITICAL **: 10:16:45.409: GFileInfo created without standard::is-symlink

(lxpanel:6867): GLib-GIO-CRITICAL **: 10:16:45.409: file ../../../gio/gfileinfo.c: line 1691 (g_file_info_get_is_symlink): should not be reached

(lxpanel:6867): GLib-GIO-CRITICAL **: 10:16:45.409: GFileInfo created without standard::is-symlink

(lxpanel:6867): GLib-GIO-CRITICAL **: 10:16:45.409: file ../../../gio/gfileinfo.c: line 1691 (g_file_info_get_is_symlink): should not be reached

(lxpanel:6867): GLib-GIO-CRITICAL **: 10:16:45.409: GFileInfo created without standard::is-symlink

(lxpanel:6867): GLib-GIO-CRITICAL **: 10:16:45.409: file ../../../gio/gfileinfo.c: line 1691 (g_file_info_get_is_symlink): should not be reached

(lxpanel:6867): GLib-GIO-CRITICAL **: 10:16:45.409: GFileInfo created without standard::is-symlink

(lxpanel:6867): GLib-GIO-CRITICAL **: 10:16:45.409: GFileInfo created without standard::is-symlink

(lxpanel:6867): GLib-GIO-CRITICAL **: 10:16:45.409: file ../../../gio/gfileinfo.c: line 1691 (g_file_info_get_is_symlink): should not be reached

(lxpanel:6867): GLib-GIO-CRITICAL **: 10:16:45.409: file ../../../gio/gfileinfo.c: line 1691 (g_file_info_get_is_symlink): should not be reached

(lxpanel:6867): GLib-GIO-CRITICAL **: 10:16:45.409: GFileInfo created without standard::is-symlink

(lxpanel:6867): GLib-GIO-CRITICAL **: 10:16:45.409: GFileInfo created without standard::is-symlink

(lxpanel:6867): GLib-GIO-CRITICAL **: 10:16:45.409: file ../../../gio/gfileinfo.c: line 1691 (g_file_info_get_is_symlink): should not be reached

(lxpanel:6867): GLib-GIO-CRITICAL **: 10:16:45.409: file ../../../gio/gfileinfo.c: line 1691 (g_file_info_get_is_symlink): should not be reached

(lxpanel:6867): GLib-GIO-CRITICAL **: 10:16:45.409: GFileInfo created without standard::size

(lxpanel:6867): GLib-GIO-CRITICAL **: 10:16:45.409: file ../../../gio/gfileinfo.c: line 1860 (g_file_info_get_size): should not be reached

(lxpanel:6867): GLib-GIO-CRITICAL **: 10:16:45.409: GFileInfo created without standard::is-symlink

(lxpanel:6867): GLib-GIO-CRITICAL **: 10:16:45.409: file ../../../gio/gfileinfo.c: line 1691 (g_file_info_get_is_symlink): should not be reached

(lxpanel:6867): GLib-GIO-CRITICAL **: 10:16:45.409: GFileInfo created without standard::edit-name

(lxpanel:6867): GLib-GIO-CRITICAL **: 10:16:45.409: file ../../../gio/gfileinfo.c: line 1757 (g_file_info_get_edit_name): should not be reached

(lxpanel:6867): GLib-GIO-CRITICAL **: 10:16:45.409: GFileInfo created without standard::size

(lxpanel:6867): GLib-GIO-CRITICAL **: 10:16:45.409: GFileInfo created without standard::is-symlink

(lxpanel:6867): GLib-GIO-CRITICAL **: 10:16:45.409: file ../../../gio/gfileinfo.c: line 1860 (g_file_info_get_size): should not be reached

(lxpanel:6867): GLib-GIO-CRITICAL **: 10:16:45.409: file ../../../gio/gfileinfo.c: line 1691 (g_file_info_get_is_symlink): should not be reached

(lxpanel:6867): GLib-GIO-CRITICAL **: 10:16:45.409: GFileInfo created without standard::is-symlink

(lxpanel:6867): GLib-GIO-CRITICAL **: 10:16:45.409: file ../../../gio/gfileinfo.c: line 1691 (g_file_info_get_is_symlink): should not be reached

(lxpanel:6867): GLib-GIO-CRITICAL **: 10:16:45.409: GFileInfo created without standard::is-symlink

(lxpanel:6867): GLib-GIO-CRITICAL **: 10:16:45.409: GFileInfo created without standard::is-backup

(lxpanel:6867): GLib-GIO-CRITICAL **: 10:16:45.409: file ../../../gio/gfileinfo.c: line 1669 (g_file_info_get_is_backup): should not be reached

(lxpanel:6867): GLib-GIO-CRITICAL **: 10:16:45.409: file ../../../gio/gfileinfo.c: line 1691 (g_file_info_get_is_symlink): should not be reached

(lxpanel:6867): GLib-GIO-CRITICAL **: 10:16:45.409: GFileInfo created without standard::is-symlink

(lxpanel:6867): GLib-GIO-CRITICAL **: 10:16:45.409: GFileInfo created without standard::is-symlink

(lxpanel:6867): GLib-GIO-CRITICAL **: 10:16:45.409: file ../../../gio/gfileinfo.c: line 1691 (g_file_info_get_is_symlink): should not be reached

(lxpanel:6867): GLib-GIO-CRITICAL **: 10:16:45.409: file ../../../gio/gfileinfo.c: line 1691 (g_file_info_get_is_symlink): should not be reached

(lxpanel:6867): GLib-GIO-CRITICAL **: 10:16:45.409: GFileInfo created without standard::is-symlink

(lxpanel:6867): GLib-GIO-CRITICAL **: 10:16:45.409: GFileInfo created without standard::is-symlink

(lxpanel:6867): GLib-GIO-CRITICAL **: 10:16:45.409: file ../../../gio/gfileinfo.c: line 1691 (g_file_info_get_is_symlink): should not be reached

(lxpanel:6867): GLib-GIO-CRITICAL **: 10:16:45.409: file ../../../gio/gfileinfo.c: line 1691 (g_file_info_get_is_symlink): should not be reached

(lxpanel:6867): GLib-GIO-CRITICAL **: 10:16:45.409: GFileInfo created without standard::is-symlink

(lxpanel:6867): GLib-GIO-CRITICAL **: 10:16:45.409: file ../../../gio/gfileinfo.c: line 1691 (g_file_info_get_is_symlink): should not be reached

(lxpanel:6867): GLib-GIO-CRITICAL **: 10:16:45.409: GFileInfo created without standard::is-symlink

(lxpanel:6867): GLib-GIO-CRITICAL **: 10:16:45.409: file ../../../gio/gfileinfo.c: line 1691 (g_file_info_get_is_symlink): should not be reached

(lxpanel:6867): GLib-GIO-CRITICAL **: 10:16:45.409: GFileInfo created without standard::is-symlink

(lxpanel:6867): GLib-GIO-CRITICAL **: 10:16:45.409: file ../../../gio/gfileinfo.c: line 1691 (g_file_info_get_is_symlink): should not be reached

(lxpanel:6867): GLib-GIO-CRITICAL **: 10:16:45.409: GFileInfo created without standard::is-symlink

(lxpanel:6867): GLib-GIO-CRITICAL **: 10:16:45.409: file ../../../gio/gfileinfo.c: line 1691 (g_file_info_get_is_symlink): should not be reached

(lxpanel:6867): GLib-GIO-CRITICAL **: 10:16:45.409: GFileInfo created without standard::is-symlink

(lxpanel:6867): GLib-GIO-CRITICAL **: 10:16:45.409: GFileInfo created without standard::is-symlink

(lxpanel:6867): GLib-GIO-CRITICAL **: 10:16:45.409: file ../../../gio/gfileinfo.c: line 1691 (g_file_info_get_is_symlink): should not be reached

(lxpanel:6867): GLib-GIO-CRITICAL **: 10:16:45.409: file ../../../gio/gfileinfo.c: line 1691 (g_file_info_get_is_symlink): should not be reached

(lxpanel:6867): GLib-GIO-CRITICAL **: 10:16:45.409: GFileInfo created without standard::is-symlink

(lxpanel:6867): GLib-GIO-CRITICAL **: 10:16:45.409: file ../../../gio/gfileinfo.c: line 1691 (g_file_info_get_is_symlink): should not be reached

(lxpanel:6867): GLib-GIO-CRITICAL **: 10:16:45.409: GFileInfo created without standard::is-symlink

(lxpanel:6867): GLib-GIO-CRITICAL **: 10:16:45.409: GFileInfo created without standard::is-symlink

(lxpanel:6867): GLib-GIO-CRITICAL **: 10:16:45.409: file ../../../gio/gfileinfo.c: line 1691 (g_file_info_get_is_symlink): should not be reached

(lxpanel:6867): GLib-GIO-CRITICAL **: 10:16:45.409: file ../../../gio/gfileinfo.c: line 1691 (g_file_info_get_is_symlink): should not be reached

(lxpanel:6867): GLib-GIO-CRITICAL **: 10:16:45.409: GFileInfo created without standard::is-symlink

(lxpanel:6867): GLib-GIO-CRITICAL **: 10:16:45.409: GFileInfo created without standard::is-symlink

(lxpanel:6867): GLib-GIO-CRITICAL **: 10:16:45.409: file ../../../gio/gfileinfo.c: line 1691 (g_file_info_get_is_symlink): should not be reached

(lxpanel:6867): GLib-GIO-CRITICAL **: 10:16:45.409: file ../../../gio/gfileinfo.c: line 1691 (g_file_info_get_is_symlink): should not be reached

(lxpanel:6867): GLib-GIO-CRITICAL **: 10:16:45.409: GFileInfo created without standard::is-symlink

(lxpanel:6867): GLib-GIO-CRITICAL **: 10:16:45.409: GFileInfo created without standard::is-symlink

(lxpanel:6867): GLib-GIO-CRITICAL **: 10:16:45.409: file ../../../gio/gfileinfo.c: line 1691 (g_file_info_get_is_symlink): should not be reached

(lxpanel:6867): GLib-GIO-CRITICAL **: 10:16:45.409: file ../../../gio/gfileinfo.c: line 1691 (g_file_info_get_is_symlink): should not be reached

(lxpanel:6867): GLib-GIO-CRITICAL **: 10:16:45.409: GFileInfo created without standard::is-symlink

(lxpanel:6867): GLib-GIO-CRITICAL **: 10:16:45.409: GFileInfo created without standard::is-symlink

(lxpanel:6867): GLib-GIO-CRITICAL **: 10:16:45.409: file ../../../gio/gfileinfo.c: line 1691 (g_file_info_get_is_symlink): should not be reached

(lxpanel:6867): GLib-GIO-CRITICAL **: 10:16:45.409: file ../../../gio/gfileinfo.c: line 1691 (g_file_info_get_is_symlink): should not be reached

(lxpanel:6867): GLib-GIO-CRITICAL **: 10:16:45.409: GFileInfo created without standard::is-symlink

(lxpanel:6867): GLib-GIO-CRITICAL **: 10:16:45.409: GFileInfo created without standard::is-symlink

(lxpanel:6867): GLib-GIO-CRITICAL **: 10:16:45.409: file ../../../gio/gfileinfo.c: line 1691 (g_file_info_get_is_symlink): should not be reached

(lxpanel:6867): GLib-GIO-CRITICAL **: 10:16:45.409: file ../../../gio/gfileinfo.c: line 1691 (g_file_info_get_is_symlink): should not be reached

(lxpanel:6867): GLib-GIO-CRITICAL **: 10:16:45.409: GFileInfo created without standard::is-symlink

(lxpanel:6867): GLib-GIO-CRITICAL **: 10:16:45.409: GFileInfo created without standard::is-symlink

(lxpanel:6867): GLib-GIO-CRITICAL **: 10:16:45.409: file ../../../gio/gfileinfo.c: line 1691 (g_file_info_get_is_symlink): should not be reached

(lxpanel:6867): GLib-GIO-CRITICAL **: 10:16:45.409: file ../../../gio/gfileinfo.c: line 1691 (g_file_info_get_is_symlink): should not be reached

(lxpanel:6867): GLib-GIO-CRITICAL **: 10:16:45.409: GFileInfo created without standard::is-symlink

(lxpanel:6867): GLib-GIO-CRITICAL **: 10:16:45.409: GFileInfo created without standard::is-symlink

(lxpanel:6867): GLib-GIO-CRITICAL **: 10:16:45.409: file ../../../gio/gfileinfo.c: line 1691 (g_file_info_get_is_symlink): should not be reached

(lxpanel:6867): GLib-GIO-CRITICAL **: 10:16:45.409: file ../../../gio/gfileinfo.c: line 1691 (g_file_info_get_is_symlink): should not be reached

(lxpanel:6867): GLib-GIO-CRITICAL **: 10:16:45.409: GFileInfo created without standard::is-symlink

(lxpanel:6867): GLib-GIO-CRITICAL **: 10:16:45.409: GFileInfo created without standard::is-symlink

(lxpanel:6867): GLib-GIO-CRITICAL **: 10:16:45.409: file ../../../gio/gfileinfo.c: line 1691 (g_file_info_get_is_symlink): should not be reached

(lxpanel:6867): GLib-GIO-CRITICAL **: 10:16:45.409: file ../../../gio/gfileinfo.c: line 1691 (g_file_info_get_is_symlink): should not be reached

(lxpanel:6867): GLib-GIO-CRITICAL **: 10:16:45.409: GFileInfo created without standard::is-symlink

(lxpanel:6867): GLib-GIO-CRITICAL **: 10:16:45.409: GFileInfo created without standard::is-symlink

(lxpanel:6867): GLib-GIO-CRITICAL **: 10:16:45.409: file ../../../gio/gfileinfo.c: line 1691 (g_file_info_get_is_symlink): should not be reached

(lxpanel:6867): GLib-GIO-CRITICAL **: 10:16:45.409: file ../../../gio/gfileinfo.c: line 1691 (g_file_info_get_is_symlink): should not be reached

(lxpanel:6867): GLib-GIO-CRITICAL **: 10:16:45.409: GFileInfo created without standard::is-symlink

(lxpanel:6867): GLib-GIO-CRITICAL **: 10:16:45.409: GFileInfo created without standard::is-symlink

(lxpanel:6867): GLib-GIO-CRITICAL **: 10:16:45.409: file ../../../gio/gfileinfo.c: line 1691 (g_file_info_get_is_symlink): should not be reached

(lxpanel:6867): GLib-GIO-CRITICAL **: 10:16:45.409: file ../../../gio/gfileinfo.c: line 1691 (g_file_info_get_is_symlink): should not be reached

(lxpanel:6867): GLib-GIO-CRITICAL **: 10:16:45.409: GFileInfo created without standard::is-symlink

(lxpanel:6867): GLib-GIO-CRITICAL **: 10:16:45.409: file ../../../gio/gfileinfo.c: line 1691 (g_file_info_get_is_symlink): should not be reached

(lxpanel:6867): GLib-GIO-CRITICAL **: 10:16:45.409: GFileInfo created without standard::is-symlink

(lxpanel:6867): GLib-GIO-CRITICAL **: 10:16:45.409: file ../../../gio/gfileinfo.c: line 1691 (g_file_info_get_is_symlink): should not be reached

(lxpanel:6867): GLib-GIO-CRITICAL **: 10:16:45.409: GFileInfo created without standard::is-symlink

(lxpanel:6867): GLib-GIO-CRITICAL **: 10:16:45.409: file ../../../gio/gfileinfo.c: line 1691 (g_file_info_get_is_symlink): should not be reached

(lxpanel:6867): GLib-GIO-CRITICAL **: 10:16:45.409: GFileInfo created without standard::is-symlink

(lxpanel:6867): GLib-GIO-CRITICAL **: 10:16:45.409: file ../../../gio/gfileinfo.c: line 1691 (g_file_info_get_is_symlink): should not be reached

(lxpanel:6867): GLib-GIO-CRITICAL **: 10:16:45.409: GFileInfo created without standard::is-symlink

(lxpanel:6867): GLib-GIO-CRITICAL **: 10:16:45.409: file ../../../gio/gfileinfo.c: line 1691 (g_file_info_get_is_symlink): should not be reached

(lxpanel:6867): GLib-GIO-CRITICAL **: 10:16:45.409: GFileInfo created without standard::is-symlink

(lxpanel:6867): GLib-GIO-CRITICAL **: 10:16:45.409: file ../../../gio/gfileinfo.c: line 1691 (g_file_info_get_is_symlink): should not be reached

(lxpanel:6867): GLib-GIO-CRITICAL **: 10:16:45.409: GFileInfo created without standard::is-symlink

(lxpanel:6867): GLib-GIO-CRITICAL **: 10:16:45.409: file ../../../gio/gfileinfo.c: line 1691 (g_file_info_get_is_symlink): should not be reached

(lxpanel:6867): GLib-GIO-CRITICAL **: 10:16:45.409: GFileInfo created without standard::is-symlink

(lxpanel:6867): GLib-GIO-CRITICAL **: 10:16:45.409: file ../../../gio/gfileinfo.c: line 1691 (g_file_info_get_is_symlink): should not be reached

(lxpanel:6867): GLib-GIO-CRITICAL **: 10:16:45.409: GFileInfo created without standard::is-symlink

(lxpanel:6867): GLib-GIO-CRITICAL **: 10:16:45.409: file ../../../gio/gfileinfo.c: line 1691 (g_file_info_get_is_symlink): should not be reached

(lxpanel:6867): GLib-GIO-CRITICAL **: 10:16:45.409: GFileInfo created without standard::is-symlink

(lxpanel:6867): GLib-GIO-CRITICAL **: 10:16:45.409: file ../../../gio/gfileinfo.c: line 1691 (g_file_info_get_is_symlink): should not be reached

(lxpanel:6867): GLib-GIO-CRITICAL **: 10:16:45.409: GFileInfo created without standard::is-symlink

(lxpanel:6867): GLib-GIO-CRITICAL **: 10:16:45.409: file ../../../gio/gfileinfo.c: line 1691 (g_file_info_get_is_symlink): should not be reached

(lxpanel:6867): GLib-GIO-CRITICAL **: 10:16:45.409: GFileInfo created without standard::is-symlink

(lxpanel:6867): GLib-GIO-CRITICAL **: 10:16:45.409: file ../../../gio/gfileinfo.c: line 1691 (g_file_info_get_is_symlink): should not be reached

(lxpanel:6867): GLib-GIO-CRITICAL **: 10:16:45.409: GFileInfo created without standard::is-symlink

(lxpanel:6867): GLib-GIO-CRITICAL **: 10:16:45.409: file ../../../gio/gfileinfo.c: line 1691 (g_file_info_get_is_symlink): should not be reached

(lxpanel:6867): GLib-GIO-CRITICAL **: 10:16:45.409: GFileInfo created without standard::is-symlink

(lxpanel:6867): GLib-GIO-CRITICAL **: 10:16:45.409: file ../../../gio/gfileinfo.c: line 1691 (g_file_info_get_is_symlink): should not be reached

(lxpanel:6867): GLib-GIO-CRITICAL **: 10:16:45.409: GFileInfo created without standard::is-symlink

(lxpanel:6867): GLib-GIO-CRITICAL **: 10:16:45.409: GFileInfo created without standard::is-symlink

(lxpanel:6867): GLib-GIO-CRITICAL **: 10:16:45.409: file ../../../gio/gfileinfo.c: line 1691 (g_file_info_get_is_symlink): should not be reached

(lxpanel:6867): GLib-GIO-CRITICAL **: 10:16:45.409: file ../../../gio/gfileinfo.c: line 1691 (g_file_info_get_is_symlink): should not be reached

(lxpanel:6867): GLib-GIO-CRITICAL **: 10:16:45.409: GFileInfo created without standard::is-symlink

(lxpanel:6867): GLib-GIO-CRITICAL **: 10:16:45.409: GFileInfo created without standard::is-symlink

(lxpanel:6867): GLib-GIO-CRITICAL **: 10:16:45.409: file ../../../gio/gfileinfo.c: line 1691 (g_file_info_get_is_symlink): should not be reached

(lxpanel:6867): GLib-GIO-CRITICAL **: 10:16:45.409: file ../../../gio/gfileinfo.c: line 1691 (g_file_info_get_is_symlink): should not be reached

(lxpanel:6867): GLib-GIO-CRITICAL **: 10:16:45.409: GFileInfo created without standard::is-symlink

(lxpanel:6867): GLib-GIO-CRITICAL **: 10:16:45.409: GFileInfo created without standard::is-symlink

(lxpanel:6867): GLib-GIO-CRITICAL **: 10:16:45.409: file ../../../gio/gfileinfo.c: line 1691 (g_file_info_get_is_symlink): should not be reached

(lxpanel:6867): GLib-GIO-CRITICAL **: 10:16:45.409: file ../../../gio/gfileinfo.c: line 1691 (g_file_info_get_is_symlink): should not be reached

(lxpanel:6867): GLib-GIO-CRITICAL **: 10:16:45.409: GFileInfo created without standard::is-symlink

(lxpanel:6867): GLib-GIO-CRITICAL **: 10:16:45.409: file ../../../gio/gfileinfo.c: line 1691 (g_file_info_get_is_symlink): should not be reached

(lxpanel:6867): GLib-GIO-CRITICAL **: 10:16:45.409: GFileInfo created without standard::is-symlink

(lxpanel:6867): GLib-GIO-CRITICAL **: 10:16:45.409: file ../../../gio/gfileinfo.c: line 1691 (g_file_info_get_is_symlink): should not be reached

(lxpanel:6867): GLib-GIO-CRITICAL **: 10:16:45.409: GFileInfo created without standard::is-symlink

(lxpanel:6867): GLib-GIO-CRITICAL **: 10:16:45.409: file ../../../gio/gfileinfo.c: line 1691 (g_file_info_get_is_symlink): should not be reached

(lxpanel:6867): GLib-GIO-CRITICAL **: 10:16:45.410: GFileInfo created without standard::is-symlink

(lxpanel:6867): GLib-GIO-CRITICAL **: 10:16:45.410: file ../../../gio/gfileinfo.c: line 1691 (g_file_info_get_is_symlink): should not be reached

(lxpanel:6867): GLib-GIO-CRITICAL **: 10:16:45.410: GFileInfo created without standard::is-symlink

(lxpanel:6867): GLib-GIO-CRITICAL **: 10:16:45.410: file ../../../gio/gfileinfo.c: line 1691 (g_file_info_get_is_symlink): should not be reached

(lxpanel:6867): GLib-GIO-CRITICAL **: 10:16:45.410: GFileInfo created without standard::is-symlink

(lxpanel:6867): GLib-GIO-CRITICAL **: 10:16:45.410: file ../../../gio/gfileinfo.c: line 1691 (g_file_info_get_is_symlink): should not be reached

(lxpanel:6867): GLib-GIO-CRITICAL **: 10:16:45.410: GFileInfo created without standard::is-symlink

(lxpanel:6867): GLib-GIO-CRITICAL **: 10:16:45.410: file ../../../gio/gfileinfo.c: line 1691 (g_file_info_get_is_symlink): should not be reached

(lxpanel:6867): GLib-GIO-CRITICAL **: 10:16:45.410: GFileInfo created without standard::is-symlink

(lxpanel:6867): GLib-GIO-CRITICAL **: 10:16:45.410: GFileInfo created without standard::is-symlink

(lxpanel:6867): GLib-GIO-CRITICAL **: 10:16:45.410: file ../../../gio/gfileinfo.c: line 1691 (g_file_info_get_is_symlink): should not be reached

(lxpanel:6867): GLib-GIO-CRITICAL **: 10:16:45.410: file ../../../gio/gfileinfo.c: line 1691 (g_file_info_get_is_symlink): should not be reached

(lxpanel:6867): GLib-GIO-CRITICAL **: 10:16:45.410: GFileInfo created without standard::is-symlink

(lxpanel:6867): GLib-GIO-CRITICAL **: 10:16:45.410: file ../../../gio/gfileinfo.c: line 1691 (g_file_info_get_is_symlink): should not be reached

(lxpanel:6867): GLib-GIO-CRITICAL **: 10:16:45.410: GFileInfo created without standard::is-symlink

(lxpanel:6867): GLib-GIO-CRITICAL **: 10:16:45.410: GFileInfo created without standard::is-symlink

(lxpanel:6867): GLib-GIO-CRITICAL **: 10:16:45.410: file ../../../gio/gfileinfo.c: line 1691 (g_file_info_get_is_symlink): should not be reached

(lxpanel:6867): GLib-GIO-CRITICAL **: 10:16:45.410: file ../../../gio/gfileinfo.c: line 1691 (g_file_info_get_is_symlink): should not be reached

(lxpanel:6867): GLib-GIO-CRITICAL **: 10:16:45.410: GFileInfo created without standard::is-symlink

(lxpanel:6867): GLib-GIO-CRITICAL **: 10:16:45.410: GFileInfo created without standard::is-symlink

(lxpanel:6867): GLib-GIO-CRITICAL **: 10:16:45.410: file ../../../gio/gfileinfo.c: line 1691 (g_file_info_get_is_symlink): should not be reached

(lxpanel:6867): GLib-GIO-CRITICAL **: 10:16:45.410: file ../../../gio/gfileinfo.c: line 1691 (g_file_info_get_is_symlink): should not be reached

(lxpanel:6867): GLib-GIO-CRITICAL **: 10:16:45.410: GFileInfo created without standard::is-symlink

(lxpanel:6867): GLib-GIO-CRITICAL **: 10:16:45.410: GFileInfo created without standard::is-symlink

(lxpanel:6867): GLib-GIO-CRITICAL **: 10:16:45.410: file ../../../gio/gfileinfo.c: line 1691 (g_file_info_get_is_symlink): should not be reached

(lxpanel:6867): GLib-GIO-CRITICAL **: 10:16:45.410: file ../../../gio/gfileinfo.c: line 1691 (g_file_info_get_is_symlink): should not be reached

(lxpanel:6867): GLib-GIO-CRITICAL **: 10:16:45.410: GFileInfo created without standard::is-symlink

(lxpanel:6867): GLib-GIO-CRITICAL **: 10:16:45.410: GFileInfo created without standard::is-symlink

(lxpanel:6867): GLib-GIO-CRITICAL **: 10:16:45.410: file ../../../gio/gfileinfo.c: line 1691 (g_file_info_get_is_symlink): should not be reached

(lxpanel:6867): GLib-GIO-CRITICAL **: 10:16:45.410: file ../../../gio/gfileinfo.c: line 1691 (g_file_info_get_is_symlink): should not be reached

(lxpanel:6867): GLib-GIO-CRITICAL **: 10:16:45.410: GFileInfo created without standard::is-symlink

(lxpanel:6867): GLib-GIO-CRITICAL **: 10:16:45.410: GFileInfo created without standard::is-symlink

(lxpanel:6867): GLib-GIO-CRITICAL **: 10:16:45.410: file ../../../gio/gfileinfo.c: line 1691 (g_file_info_get_is_symlink): should not be reached

(lxpanel:6867): GLib-GIO-CRITICAL **: 10:16:45.410: GFileInfo created without standard::is-symlink

(lxpanel:6867): GLib-GIO-CRITICAL **: 10:16:45.410: file ../../../gio/gfileinfo.c: line 1691 (g_file_info_get_is_symlink): should not be reached

(lxpanel:6867): GLib-GIO-CRITICAL **: 10:16:45.410: GFileInfo created without standard::is-symlink

(lxpanel:6867): GLib-GIO-CRITICAL **: 10:16:45.410: file ../../../gio/gfileinfo.c: line 1691 (g_file_info_get_is_symlink): should not be reached

(lxpanel:6867): GLib-GIO-CRITICAL **: 10:16:45.410: GFileInfo created without standard::is-symlink

(lxpanel:6867): GLib-GIO-CRITICAL **: 10:16:45.410: file ../../../gio/gfileinfo.c: line 1691 (g_file_info_get_is_symlink): should not be reached

(lxpanel:6867): GLib-GIO-CRITICAL **: 10:16:45.410: file ../../../gio/gfileinfo.c: line 1691 (g_file_info_get_is_symlink): should not be reached

(lxpanel:6867): GLib-GIO-CRITICAL **: 10:16:45.410: GFileInfo created without standard::is-symlink

(lxpanel:6867): GLib-GIO-CRITICAL **: 10:16:45.410: file ../../../gio/gfileinfo.c: line 1691 (g_file_info_get_is_symlink): should not be reached

(lxpanel:6867): GLib-GIO-CRITICAL **: 10:16:45.410: GFileInfo created without standard::is-symlink

(lxpanel:6867): GLib-GIO-CRITICAL **: 10:16:45.410: file ../../../gio/gfileinfo.c: line 1691 (g_file_info_get_is_symlink): should not be reached

(lxpanel:6867): GLib-GIO-CRITICAL **: 10:16:45.410: GFileInfo created without standard::is-symlink

(lxpanel:6867): GLib-GIO-CRITICAL **: 10:16:45.410: file ../../../gio/gfileinfo.c: line 1691 (g_file_info_get_is_symlink): should not be reached

(lxpanel:6867): GLib-GIO-CRITICAL **: 10:16:45.410: GFileInfo created without standard::is-symlink

(lxpanel:6867): GLib-GIO-CRITICAL **: 10:16:45.410: file ../../../gio/gfileinfo.c: line 1691 (g_file_info_get_is_symlink): should not be reached

(lxpanel:6867): GLib-GIO-CRITICAL **: 10:16:45.410: GFileInfo created without standard::is-symlink

(lxpanel:6867): GLib-GIO-CRITICAL **: 10:16:45.410: file ../../../gio/gfileinfo.c: line 1691 (g_file_info_get_is_symlink): should not be reached

(lxpanel:6867): GLib-GIO-CRITICAL **: 10:16:45.410: GFileInfo created without standard::is-symlink

(lxpanel:6867): GLib-GIO-CRITICAL **: 10:16:45.410: file ../../../gio/gfileinfo.c: line 1691 (g_file_info_get_is_symlink): should not be reached

(lxpanel:6867): GLib-GIO-CRITICAL **: 10:16:45.410: GFileInfo created without standard::is-symlink

(lxpanel:6867): GLib-GIO-CRITICAL **: 10:16:45.410: file ../../../gio/gfileinfo.c: line 1691 (g_file_info_get_is_symlink): should not be reached

(lxpanel:6867): GLib-GIO-CRITICAL **: 10:16:45.410: GFileInfo created without standard::is-symlink

(lxpanel:6867): GLib-GIO-CRITICAL **: 10:16:45.410: file ../../../gio/gfileinfo.c: line 1691 (g_file_info_get_is_symlink): should not be reached

(lxpanel:6867): GLib-GIO-CRITICAL **: 10:16:45.410: GFileInfo created without standard::is-symlink

(lxpanel:6867): GLib-GIO-CRITICAL **: 10:16:45.410: file ../../../gio/gfileinfo.c: line 1691 (g_file_info_get_is_symlink): should not be reached

(lxpanel:6867): GLib-GIO-CRITICAL **: 10:16:45.410: GFileInfo created without standard::is-symlink

(lxpanel:6867): GLib-GIO-CRITICAL **: 10:16:45.410: file ../../../gio/gfileinfo.c: line 1691 (g_file_info_get_is_symlink): should not be reached

(lxpanel:6867): GLib-GIO-CRITICAL **: 10:16:45.410: GFileInfo created without standard::is-symlink

(lxpanel:6867): GLib-GIO-CRITICAL **: 10:16:45.410: GFileInfo created without standard::is-symlink

(lxpanel:6867): GLib-GIO-CRITICAL **: 10:16:45.410: file ../../../gio/gfileinfo.c: line 1691 (g_file_info_get_is_symlink): should not be reached

(lxpanel:6867): GLib-GIO-CRITICAL **: 10:16:45.410: GFileInfo created without standard::is-symlink

(lxpanel:6867): GLib-GIO-CRITICAL **: 10:16:45.410: file ../../../gio/gfileinfo.c: line 1691 (g_file_info_get_is_symlink): should not be reached

(lxpanel:6867): GLib-GIO-CRITICAL **: 10:16:45.410: GFileInfo created without standard::is-symlink

(lxpanel:6867): GLib-GIO-CRITICAL **: 10:16:45.410: file ../../../gio/gfileinfo.c: line 1691 (g_file_info_get_is_symlink): should not be reached

(lxpanel:6867): GLib-GIO-CRITICAL **: 10:16:45.410: GFileInfo created without standard::is-symlink

(lxpanel:6867): GLib-GIO-CRITICAL **: 10:16:45.410: file ../../../gio/gfileinfo.c: line 1691 (g_file_info_get_is_symlink): should not be reached

(lxpanel:6867): GLib-GIO-CRITICAL **: 10:16:45.410: GFileInfo created without standard::is-symlink

(lxpanel:6867): GLib-GIO-CRITICAL **: 10:16:45.410: file ../../../gio/gfileinfo.c: line 1691 (g_file_info_get_is_symlink): should not be reached

(lxpanel:6867): GLib-GIO-CRITICAL **: 10:16:45.410: GFileInfo created without standard::is-symlink

(lxpanel:6867): GLib-GIO-CRITICAL **: 10:16:45.410: file ../../../gio/gfileinfo.c: line 1691 (g_file_info_get_is_symlink): should not be reached

(lxpanel:6867): GLib-GIO-CRITICAL **: 10:16:45.410: file ../../../gio/gfileinfo.c: line 1691 (g_file_info_get_is_symlink): should not be reached

(lxpanel:6867): GLib-GIO-CRITICAL **: 10:16:45.410: GFileInfo created without standard::is-symlink

(lxpanel:6867): GLib-GIO-CRITICAL **: 10:16:45.410: file ../../../gio/gfileinfo.c: line 1691 (g_file_info_get_is_symlink): should not be reached

(lxpanel:6867): GLib-GIO-CRITICAL **: 10:16:45.410: GFileInfo created without standard::is-symlink

(lxpanel:6867): GLib-GIO-CRITICAL **: 10:16:45.410: file ../../../gio/gfileinfo.c: line 1691 (g_file_info_get_is_symlink): should not be reached

(lxpanel:6867): GLib-GIO-CRITICAL **: 10:16:45.410: GFileInfo created without standard::is-symlink

(lxpanel:6867): GLib-GIO-CRITICAL **: 10:16:45.410: file ../../../gio/gfileinfo.c: line 1691 (g_file_info_get_is_symlink): should not be reached

(lxpanel:6867): GLib-GIO-CRITICAL **: 10:16:45.410: GFileInfo created without standard::is-symlink

(lxpanel:6867): GLib-GIO-CRITICAL **: 10:16:45.410: file ../../../gio/gfileinfo.c: line 1691 (g_file_info_get_is_symlink): should not be reached

(lxpanel:6867): GLib-GIO-CRITICAL **: 10:16:45.410: GFileInfo created without standard::size

(lxpanel:6867): GLib-GIO-CRITICAL **: 10:16:45.410: file ../../../gio/gfileinfo.c: line 1860 (g_file_info_get_size): should not be reached

(lxpanel:6867): GLib-GIO-CRITICAL **: 10:16:45.410: GFileInfo created without standard::edit-name

(lxpanel:6867): GLib-GIO-CRITICAL **: 10:16:45.410: file ../../../gio/gfileinfo.c: line 1757 (g_file_info_get_edit_name): should not be reached

(lxpanel:6867): GLib-GIO-CRITICAL **: 10:16:45.410: GFileInfo created without standard::size

(lxpanel:6867): GLib-GIO-CRITICAL **: 10:16:45.410: file ../../../gio/gfileinfo.c: line 1860 (g_file_info_get_size): should not be reached

(lxpanel:6867): GLib-GIO-CRITICAL **: 10:16:45.410: GFileInfo created without standard::is-symlink

(lxpanel:6867): GLib-GIO-CRITICAL **: 10:16:45.410: file ../../../gio/gfileinfo.c: line 1691 (g_file_info_get_is_symlink): should not be reached

(lxpanel:6867): GLib-GIO-CRITICAL **: 10:16:45.410: GFileInfo created without standard::is-backup

(lxpanel:6867): GLib-GIO-CRITICAL **: 10:16:45.410: file ../../../gio/gfileinfo.c: line 1669 (g_file_info_get_is_backup): should not be reached

(lxpanel:6867): GLib-GIO-CRITICAL **: 10:16:45.410: GFileInfo created without standard::is-symlink

(lxpanel:6867): GLib-GIO-CRITICAL **: 10:16:45.410: file ../../../gio/gfileinfo.c: line 1691 (g_file_info_get_is_symlink): should not be reached

(lxpanel:6867): GLib-GIO-CRITICAL **: 10:16:45.410: GFileInfo created without standard::is-symlink

(lxpanel:6867): GLib-GIO-CRITICAL **: 10:16:45.410: file ../../../gio/gfileinfo.c: line 1691 (g_file_info_get_is_symlink): should not be reached

(lxpanel:6867): GLib-GIO-CRITICAL **: 10:16:45.410: GFileInfo created without standard::is-symlink

(lxpanel:6867): GLib-GIO-CRITICAL **: 10:16:45.410: file ../../../gio/gfileinfo.c: line 1691 (g_file_info_get_is_symlink): should not be reached

(lxpanel:6867): GLib-GIO-CRITICAL **: 10:16:45.410: GFileInfo created without standard::is-symlink

(lxpanel:6867): GLib-GIO-CRITICAL **: 10:16:45.410: file ../../../gio/gfileinfo.c: line 1691 (g_file_info_get_is_symlink): should not be reached

(lxpanel:6867): GLib-GIO-CRITICAL **: 10:16:45.410: GFileInfo created without standard::is-symlink

(lxpanel:6867): GLib-GIO-CRITICAL **: 10:16:45.410: GFileInfo created without standard::is-symlink

(lxpanel:6867): GLib-GIO-CRITICAL **: 10:16:45.410: file ../../../gio/gfileinfo.c: line 1691 (g_file_info_get_is_symlink): should not be reached

(lxpanel:6867): GLib-GIO-CRITICAL **: 10:16:45.410: GFileInfo created without standard::is-symlink

(lxpanel:6867): GLib-GIO-CRITICAL **: 10:16:45.410: file ../../../gio/gfileinfo.c: line 1691 (g_file_info_get_is_symlink): should not be reached

(lxpanel:6867): GLib-GIO-CRITICAL **: 10:16:45.410: file ../../../gio/gfileinfo.c: line 1691 (g_file_info_get_is_symlink): should not be reached

(lxpanel:6867): GLib-GIO-CRITICAL **: 10:16:45.410: GFileInfo created without standard::is-symlink

(lxpanel:6867): GLib-GIO-CRITICAL **: 10:16:45.410: file ../../../gio/gfileinfo.c: line 1691 (g_file_info_get_is_symlink): should not be reached

(lxpanel:6867): GLib-GIO-CRITICAL **: 10:16:45.410: GFileInfo created without standard::is-symlink

(lxpanel:6867): GLib-GIO-CRITICAL **: 10:16:45.410: file ../../../gio/gfileinfo.c: line 1691 (g_file_info_get_is_symlink): should not be reached

(lxpanel:6867): GLib-GIO-CRITICAL **: 10:16:45.410: GFileInfo created without standard::is-symlink

(lxpanel:6867): GLib-GIO-CRITICAL **: 10:16:45.410: file ../../../gio/gfileinfo.c: line 1691 (g_file_info_get_is_symlink): should not be reached

(lxpanel:6867): GLib-GIO-CRITICAL **: 10:16:45.410: GFileInfo created without standard::is-symlink

(lxpanel:6867): GLib-GIO-CRITICAL **: 10:16:45.410: file ../../../gio/gfileinfo.c: line 1691 (g_file_info_get_is_symlink): should not be reached

(lxpanel:6867): GLib-GIO-CRITICAL **: 10:16:45.410: GFileInfo created without standard::is-symlink

(lxpanel:6867): GLib-GIO-CRITICAL **: 10:16:45.410: file ../../../gio/gfileinfo.c: line 1691 (g_file_info_get_is_symlink): should not be reached

(lxpanel:6867): GLib-GIO-CRITICAL **: 10:16:45.410: GFileInfo created without standard::is-symlink

(lxpanel:6867): GLib-GIO-CRITICAL **: 10:16:45.410: file ../../../gio/gfileinfo.c: line 1691 (g_file_info_get_is_symlink): should not be reached

(lxpanel:6867): GLib-GIO-CRITICAL **: 10:16:45.410: GFileInfo created without standard::is-symlink

(lxpanel:6867): GLib-GIO-CRITICAL **: 10:16:45.410: file ../../../gio/gfileinfo.c: line 1691 (g_file_info_get_is_symlink): should not be reached

(lxpanel:6867): GLib-GIO-CRITICAL **: 10:16:45.410: GFileInfo created without standard::is-symlink

(lxpanel:6867): GLib-GIO-CRITICAL **: 10:16:45.410: file ../../../gio/gfileinfo.c: line 1691 (g_file_info_get_is_symlink): should not be reached

(lxpanel:6867): GLib-GIO-CRITICAL **: 10:16:45.410: GFileInfo created without standard::is-symlink

(lxpanel:6867): GLib-GIO-CRITICAL **: 10:16:45.411: file ../../../gio/gfileinfo.c: line 1691 (g_file_info_get_is_symlink): should not be reached

(lxpanel:6867): GLib-GIO-CRITICAL **: 10:16:45.411: GFileInfo created without standard::is-symlink

(lxpanel:6867): GLib-GIO-CRITICAL **: 10:16:45.410: GFileInfo created without standard::is-symlink

(lxpanel:6867): GLib-GIO-CRITICAL **: 10:16:45.411: file ../../../gio/gfileinfo.c: line 1691 (g_file_info_get_is_symlink): should not be reached

(lxpanel:6867): GLib-GIO-CRITICAL **: 10:16:45.411: file ../../../gio/gfileinfo.c: line 1691 (g_file_info_get_is_symlink): should not be reached

(lxpanel:6867): GLib-GIO-CRITICAL **: 10:16:45.411: GFileInfo created without standard::is-symlink

(lxpanel:6867): GLib-GIO-CRITICAL **: 10:16:45.411: file ../../../gio/gfileinfo.c: line 1691 (g_file_info_get_is_symlink): should not be reached

(lxpanel:6867): GLib-GIO-CRITICAL **: 10:16:45.411: GFileInfo created without standard::is-symlink

(lxpanel:6867): GLib-GIO-CRITICAL **: 10:16:45.411: GFileInfo created without standard::is-symlink

(lxpanel:6867): GLib-GIO-CRITICAL **: 10:16:45.411: file ../../../gio/gfileinfo.c: line 1691 (g_file_info_get_is_symlink): should not be reached

(lxpanel:6867): GLib-GIO-CRITICAL **: 10:16:45.411: file ../../../gio/gfileinfo.c: line 1691 (g_file_info_get_is_symlink): should not be reached

(lxpanel:6867): GLib-GIO-CRITICAL **: 10:16:45.411: GFileInfo created without standard::is-symlink

(lxpanel:6867): GLib-GIO-CRITICAL **: 10:16:45.411: GFileInfo created without standard::is-symlink

(lxpanel:6867): GLib-GIO-CRITICAL **: 10:16:45.411: file ../../../gio/gfileinfo.c: line 1691 (g_file_info_get_is_symlink): should not be reached

(lxpanel:6867): GLib-GIO-CRITICAL **: 10:16:45.411: file ../../../gio/gfileinfo.c: line 1691 (g_file_info_get_is_symlink): should not be reached

(lxpanel:6867): GLib-GIO-CRITICAL **: 10:16:45.411: GFileInfo created without standard::is-symlink

(lxpanel:6867): GLib-GIO-CRITICAL **: 10:16:45.411: GFileInfo created without standard::is-symlink

(lxpanel:6867): GLib-GIO-CRITICAL **: 10:16:45.411: file ../../../gio/gfileinfo.c: line 1691 (g_file_info_get_is_symlink): should not be reached

(lxpanel:6867): GLib-GIO-CRITICAL **: 10:16:45.411: file ../../../gio/gfileinfo.c: line 1691 (g_file_info_get_is_symlink): should not be reached

(lxpanel:6867): GLib-GIO-CRITICAL **: 10:16:45.411: GFileInfo created without standard::is-symlink

(lxpanel:6867): GLib-GIO-CRITICAL **: 10:16:45.411: GFileInfo created without standard::is-symlink

(lxpanel:6867): GLib-GIO-CRITICAL **: 10:16:45.411: file ../../../gio/gfileinfo.c: line 1691 (g_file_info_get_is_symlink): should not be reached

(lxpanel:6867): GLib-GIO-CRITICAL **: 10:16:45.411: file ../../../gio/gfileinfo.c: line 1691 (g_file_info_get_is_symlink): should not be reached

(lxpanel:6867): GLib-GIO-CRITICAL **: 10:16:45.411: GFileInfo created without standard::is-symlink

(lxpanel:6867): GLib-GIO-CRITICAL **: 10:16:45.411: GFileInfo created without standard::is-symlink

(lxpanel:6867): GLib-GIO-CRITICAL **: 10:16:45.411: file ../../../gio/gfileinfo.c: line 1691 (g_file_info_get_is_symlink): should not be reached

(lxpanel:6867): GLib-GIO-CRITICAL **: 10:16:45.411: file ../../../gio/gfileinfo.c: line 1691 (g_file_info_get_is_symlink): should not be reached

(lxpanel:6867): GLib-GIO-CRITICAL **: 10:16:45.411: GFileInfo created without standard::is-symlink

(lxpanel:6867): GLib-GIO-CRITICAL **: 10:16:45.411: GFileInfo created without standard::is-symlink

(lxpanel:6867): GLib-GIO-CRITICAL **: 10:16:45.411: file ../../../gio/gfileinfo.c: line 1691 (g_file_info_get_is_symlink): should not be reached

(lxpanel:6867): GLib-GIO-CRITICAL **: 10:16:45.411: file ../../../gio/gfileinfo.c: line 1691 (g_file_info_get_is_symlink): should not be reached

(lxpanel:6867): GLib-GIO-CRITICAL **: 10:16:45.411: GFileInfo created without standard::is-symlink

(lxpanel:6867): GLib-GIO-CRITICAL **: 10:16:45.411: file ../../../gio/gfileinfo.c: line 1691 (g_file_info_get_is_symlink): should not be reached

(lxpanel:6867): GLib-GIO-CRITICAL **: 10:16:45.411: GFileInfo created without standard::is-symlink

(lxpanel:6867): GLib-GIO-CRITICAL **: 10:16:45.411: file ../../../gio/gfileinfo.c: line 1691 (g_file_info_get_is_symlink): should not be reached

(lxpanel:6867): GLib-GIO-CRITICAL **: 10:16:45.411: GFileInfo created without standard::is-symlink

(lxpanel:6867): GLib-GIO-CRITICAL **: 10:16:45.411: file ../../../gio/gfileinfo.c: line 1691 (g_file_info_get_is_symlink): should not be reached

(lxpanel:6867): GLib-GIO-CRITICAL **: 10:16:45.411: GFileInfo created without standard::is-symlink

(lxpanel:6867): GLib-GIO-CRITICAL **: 10:16:45.411: GFileInfo created without standard::is-symlink

(lxpanel:6867): GLib-GIO-CRITICAL **: 10:16:45.411: file ../../../gio/gfileinfo.c: line 1691 (g_file_info_get_is_symlink): should not be reached

(lxpanel:6867): GLib-GIO-CRITICAL **: 10:16:45.411: file ../../../gio/gfileinfo.c: line 1691 (g_file_info_get_is_symlink): should not be reached

(lxpanel:6867): GLib-GIO-CRITICAL **: 10:16:45.411: GFileInfo created without standard::is-symlink

(lxpanel:6867): GLib-GIO-CRITICAL **: 10:16:45.411: file ../../../gio/gfileinfo.c: line 1691 (g_file_info_get_is_symlink): should not be reached

(lxpanel:6867): GLib-GIO-CRITICAL **: 10:16:45.411: GFileInfo created without standard::is-symlink

(lxpanel:6867): GLib-GIO-CRITICAL **: 10:16:45.411: file ../../../gio/gfileinfo.c: line 1691 (g_file_info_get_is_symlink): should not be reached

(lxpanel:6867): GLib-GIO-CRITICAL **: 10:16:45.411: GFileInfo created without standard::is-symlink

(lxpanel:6867): GLib-GIO-CRITICAL **: 10:16:45.411: file ../../../gio/gfileinfo.c: line 1691 (g_file_info_get_is_symlink): should not be reached

(lxpanel:6867): GLib-GIO-CRITICAL **: 10:16:45.411: GFileInfo created without standard::is-symlink

(lxpanel:6867): GLib-GIO-CRITICAL **: 10:16:45.411: file ../../../gio/gfileinfo.c: line 1691 (g_file_info_get_is_symlink): should not be reached

(lxpanel:6867): GLib-GIO-CRITICAL **: 10:16:45.411: GFileInfo created without standard::is-symlink

(lxpanel:6867): GLib-GIO-CRITICAL **: 10:16:45.411: file ../../../gio/gfileinfo.c: line 1691 (g_file_info_get_is_symlink): should not be reached

(lxpanel:6867): GLib-GIO-CRITICAL **: 10:16:45.411: GFileInfo created without standard::is-symlink

(lxpanel:6867): GLib-GIO-CRITICAL **: 10:16:45.411: file ../../../gio/gfileinfo.c: line 1691 (g_file_info_get_is_symlink): should not be reached

(lxpanel:6867): GLib-GIO-CRITICAL **: 10:16:45.411: GFileInfo created without standard::is-symlink

(lxpanel:6867): GLib-GIO-CRITICAL **: 10:16:45.411: file ../../../gio/gfileinfo.c: line 1691 (g_file_info_get_is_symlink): should not be reached

(lxpanel:6867): GLib-GIO-CRITICAL **: 10:16:45.411: GFileInfo created without standard::is-symlink

(lxpanel:6867): GLib-GIO-CRITICAL **: 10:16:45.411: file ../../../gio/gfileinfo.c: line 1691 (g_file_info_get_is_symlink): should not be reached

(lxpanel:6867): GLib-GIO-CRITICAL **: 10:16:45.411: GFileInfo created without standard::is-symlink

(lxpanel:6867): GLib-GIO-CRITICAL **: 10:16:45.411: file ../../../gio/gfileinfo.c: line 1691 (g_file_info_get_is_symlink): should not be reached

(lxpanel:6867): GLib-GIO-CRITICAL **: 10:16:45.411: GFileInfo created without standard::is-symlink

(lxpanel:6867): GLib-GIO-CRITICAL **: 10:16:45.411: file ../../../gio/gfileinfo.c: line 1691 (g_file_info_get_is_symlink): should not be reached

(lxpanel:6867): GLib-GIO-CRITICAL **: 10:16:45.411: GFileInfo created without standard::is-symlink

(lxpanel:6867): GLib-GIO-CRITICAL **: 10:16:45.411: file ../../../gio/gfileinfo.c: line 1691 (g_file_info_get_is_symlink): should not be reached

(lxpanel:6867): GLib-GIO-CRITICAL **: 10:16:45.411: GFileInfo created without standard::is-symlink

(lxpanel:6867): GLib-GIO-CRITICAL **: 10:16:45.411: file ../../../gio/gfileinfo.c: line 1691 (g_file_info_get_is_symlink): should not be reached

(lxpanel:6867): GLib-GIO-CRITICAL **: 10:16:45.411: GFileInfo created without standard::is-symlink

(lxpanel:6867): GLib-GIO-CRITICAL **: 10:16:45.411: file ../../../gio/gfileinfo.c: line 1691 (g_file_info_get_is_symlink): should not be reached

(lxpanel:6867): GLib-GIO-CRITICAL **: 10:16:45.411: GFileInfo created without standard::is-symlink

(lxpanel:6867): GLib-GIO-CRITICAL **: 10:16:45.411: file ../../../gio/gfileinfo.c: line 1691 (g_file_info_get_is_symlink): should not be reached

(lxpanel:6867): GLib-GIO-CRITICAL **: 10:16:45.411: GFileInfo created without standard::is-symlink

(lxpanel:6867): GLib-GIO-CRITICAL **: 10:16:45.411: file ../../../gio/gfileinfo.c: line 1691 (g_file_info_get_is_symlink): should not be reached

(lxpanel:6867): GLib-GIO-CRITICAL **: 10:16:45.411: GFileInfo created without standard::is-symlink

(lxpanel:6867): GLib-GIO-CRITICAL **: 10:16:45.411: file ../../../gio/gfileinfo.c: line 1691 (g_file_info_get_is_symlink): should not be reached

(lxpanel:6867): GLib-GIO-CRITICAL **: 10:16:45.411: GFileInfo created without standard::is-symlink

(lxpanel:6867): GLib-GIO-CRITICAL **: 10:16:45.411: file ../../../gio/gfileinfo.c: line 1691 (g_file_info_get_is_symlink): should not be reached

(lxpanel:6867): GLib-GIO-CRITICAL **: 10:16:45.411: GFileInfo created without standard::is-symlink

(lxpanel:6867): GLib-GIO-CRITICAL **: 10:16:45.411: file ../../../gio/gfileinfo.c: line 1691 (g_file_info_get_is_symlink): should not be reached

(lxpanel:6867): GLib-GIO-CRITICAL **: 10:16:45.411: GFileInfo created without standard::is-symlink

(lxpanel:6867): GLib-GIO-CRITICAL **: 10:16:45.411: file ../../../gio/gfileinfo.c: line 1691 (g_file_info_get_is_symlink): should not be reached

(lxpanel:6867): GLib-GIO-CRITICAL **: 10:16:45.411: GFileInfo created without standard::is-symlink

(lxpanel:6867): GLib-GIO-CRITICAL **: 10:16:45.411: file ../../../gio/gfileinfo.c: line 1691 (g_file_info_get_is_symlink): should not be reached

(lxpanel:6867): GLib-GIO-CRITICAL **: 10:16:45.411: GFileInfo created without standard::is-symlink

(lxpanel:6867): GLib-GIO-CRITICAL **: 10:16:45.411: file ../../../gio/gfileinfo.c: line 1691 (g_file_info_get_is_symlink): should not be reached

(lxpanel:6867): GLib-GIO-CRITICAL **: 10:16:45.411: GFileInfo created without standard::is-symlink

(lxpanel:6867): GLib-GIO-CRITICAL **: 10:16:45.411: file ../../../gio/gfileinfo.c: line 1691 (g_file_info_get_is_symlink): should not be reached

(lxpanel:6867): GLib-GIO-CRITICAL **: 10:16:45.411: GFileInfo created without standard::is-symlink

(lxpanel:6867): GLib-GIO-CRITICAL **: 10:16:45.411: file ../../../gio/gfileinfo.c: line 1691 (g_file_info_get_is_symlink): should not be reached

(lxpanel:6867): GLib-GIO-CRITICAL **: 10:16:45.435: GFileInfo created without standard::edit-name

(lxpanel:6867): GLib-GIO-CRITICAL **: 10:16:45.435: GFileInfo created without standard::edit-name

(lxpanel:6867): GLib-GIO-CRITICAL **: 10:16:45.435: file ../../../gio/gfileinfo.c: line 1757 (g_file_info_get_edit_name): should not be reached

(lxpanel:6867): GLib-GIO-CRITICAL **: 10:16:45.435: file ../../../gio/gfileinfo.c: line 1757 (g_file_info_get_edit_name): should not be reached

(lxpanel:6867): GLib-GIO-CRITICAL **: 10:16:45.435: GFileInfo created without standard::size

(lxpanel:6867): GLib-GIO-CRITICAL **: 10:16:45.435: GFileInfo created without standard::size

(lxpanel:6867): GLib-GIO-CRITICAL **: 10:16:45.435: file ../../../gio/gfileinfo.c: line 1860 (g_file_info_get_size): should not be reached

(lxpanel:6867): GLib-GIO-CRITICAL **: 10:16:45.435: file ../../../gio/gfileinfo.c: line 1860 (g_file_info_get_size): should not be reached

(lxpanel:6867): GLib-GIO-CRITICAL **: 10:16:45.435: GFileInfo created without standard::content-type

(lxpanel:6867): GLib-GIO-CRITICAL **: 10:16:45.435: file ../../../gio/gfileinfo.c: line 1836 (g_file_info_get_content_type): should not be reached

(lxpanel:6867): GLib-GIO-CRITICAL **: 10:16:45.435: GFileInfo created without standard::content-type

(lxpanel:6867): GLib-GIO-CRITICAL **: 10:16:45.435: file ../../../gio/gfileinfo.c: line 1836 (g_file_info_get_content_type): should not be reached

(lxpanel:6867): GLib-GIO-CRITICAL **: 10:16:45.435: GFileInfo created without standard::is-symlink

(lxpanel:6867): GLib-GIO-CRITICAL **: 10:16:45.435: GFileInfo created without standard::is-symlink

(lxpanel:6867): GLib-GIO-CRITICAL **: 10:16:45.435: file ../../../gio/gfileinfo.c: line 1691 (g_file_info_get_is_symlink): should not be reached

(lxpanel:6867): GLib-GIO-CRITICAL **: 10:16:45.435: file ../../../gio/gfileinfo.c: line 1691 (g_file_info_get_is_symlink): should not be reached

(lxpanel:6867): GLib-GIO-CRITICAL **: 10:16:45.435: GFileInfo created without standard::is-hidden

(lxpanel:6867): GLib-GIO-CRITICAL **: 10:16:45.435: GFileInfo created without standard::is-hidden

(lxpanel:6867): GLib-GIO-CRITICAL **: 10:16:45.435: file ../../../gio/gfileinfo.c: line 1647 (g_file_info_get_is_hidden): should not be reached

(lxpanel:6867): GLib-GIO-CRITICAL **: 10:16:45.435: file ../../../gio/gfileinfo.c: line 1647 (g_file_info_get_is_hidden): should not be reached

(lxpanel:6867): GLib-GIO-CRITICAL **: 10:16:45.435: GFileInfo created without standard::is-backup

(lxpanel:6867): GLib-GIO-CRITICAL **: 10:16:45.435: GFileInfo created without standard::is-backup

(lxpanel:6867): GLib-GIO-CRITICAL **: 10:16:45.435: file ../../../gio/gfileinfo.c: line 1669 (g_file_info_get_is_backup): should not be reached

(lxpanel:6867): GLib-GIO-CRITICAL **: 10:16:45.435: file ../../../gio/gfileinfo.c: line 1669 (g_file_info_get_is_backup): should not be reached

(lxpanel:6867): GLib-GIO-CRITICAL **: 10:16:45.435: GFileInfo created without standard::is-symlink

(lxpanel:6867): GLib-GIO-CRITICAL **: 10:16:45.435: GFileInfo created without standard::is-symlink

(lxpanel:6867): GLib-GIO-CRITICAL **: 10:16:45.435: file ../../../gio/gfileinfo.c: line 1691 (g_file_info_get_is_symlink): should not be reached

(lxpanel:6867): GLib-GIO-CRITICAL **: 10:16:45.435: file ../../../gio/gfileinfo.c: line 1691 (g_file_info_get_is_symlink): should not be reached

(lxpanel:6867): GLib-GIO-CRITICAL **: 10:16:45.435: GFileInfo created without standard::is-symlink

(lxpanel:6867): GLib-GIO-CRITICAL **: 10:16:45.435: GFileInfo created without standard::is-symlink

(lxpanel:6867): GLib-GIO-CRITICAL **: 10:16:45.435: file ../../../gio/gfileinfo.c: line 1691 (g_file_info_get_is_symlink): should not be reached

(lxpanel:6867): GLib-GIO-CRITICAL **: 10:16:45.435: file ../../../gio/gfileinfo.c: line 1691 (g_file_info_get_is_symlink): should not be reached

(lxpanel:6867): GLib-GIO-CRITICAL **: 10:16:45.435: GFileInfo created without standard::is-symlink

(lxpanel:6867): GLib-GIO-CRITICAL **: 10:16:45.435: GFileInfo created without standard::is-symlink

(lxpanel:6867): GLib-GIO-CRITICAL **: 10:16:45.435: file ../../../gio/gfileinfo.c: line 1691 (g_file_info_get_is_symlink): should not be reached

(lxpanel:6867): GLib-GIO-CRITICAL **: 10:16:45.435: file ../../../gio/gfileinfo.c: line 1691 (g_file_info_get_is_symlink): should not be reached

(lxpanel:6867): GLib-GIO-CRITICAL **: 10:16:45.435: GFileInfo created without standard::is-symlink

(lxpanel:6867): GLib-GIO-CRITICAL **: 10:16:45.435: GFileInfo created without standard::is-symlink

(lxpanel:6867): GLib-GIO-CRITICAL **: 10:16:45.435: file ../../../gio/gfileinfo.c: line 1691 (g_file_info_get_is_symlink): should not be reached

(lxpanel:6867): GLib-GIO-CRITICAL **: 10:16:45.435: file ../../../gio/gfileinfo.c: line 1691 (g_file_info_get_is_symlink): should not be reached

(lxpanel:6867): GLib-GIO-CRITICAL **: 10:16:45.435: GFileInfo created without standard::is-symlink

(lxpanel:6867): GLib-GIO-CRITICAL **: 10:16:45.435: GFileInfo created without standard::is-symlink

(lxpanel:6867): GLib-GIO-CRITICAL **: 10:16:45.435: file ../../../gio/gfileinfo.c: line 1691 (g_file_info_get_is_symlink): should not be reached

(lxpanel:6867): GLib-GIO-CRITICAL **: 10:16:45.435: file ../../../gio/gfileinfo.c: line 1691 (g_file_info_get_is_symlink): should not be reached

(lxpanel:6867): GLib-GIO-CRITICAL **: 10:16:45.435: GFileInfo created without standard::is-symlink

(lxpanel:6867): GLib-GIO-CRITICAL **: 10:16:45.435: GFileInfo created without standard::is-symlink

(lxpanel:6867): GLib-GIO-CRITICAL **: 10:16:45.435: file ../../../gio/gfileinfo.c: line 1691 (g_file_info_get_is_symlink): should not be reached

(lxpanel:6867): GLib-GIO-CRITICAL **: 10:16:45.435: file ../../../gio/gfileinfo.c: line 1691 (g_file_info_get_is_symlink): should not be reached

(lxpanel:6867): GLib-GIO-CRITICAL **: 10:16:45.435: GFileInfo created without standard::is-symlink

(lxpanel:6867): GLib-GIO-CRITICAL **: 10:16:45.435: GFileInfo created without standard::is-symlink

(lxpanel:6867): GLib-GIO-CRITICAL **: 10:16:45.435: file ../../../gio/gfileinfo.c: line 1691 (g_file_info_get_is_symlink): should not be reached

(lxpanel:6867): GLib-GIO-CRITICAL **: 10:16:45.435: file ../../../gio/gfileinfo.c: line 1691 (g_file_info_get_is_symlink): should not be reached

(lxpanel:6867): GLib-GIO-CRITICAL **: 10:16:45.435: GFileInfo created without standard::is-symlink

(lxpanel:6867): GLib-GIO-CRITICAL **: 10:16:45.435: GFileInfo created without standard::is-symlink

(lxpanel:6867): GLib-GIO-CRITICAL **: 10:16:45.435: file ../../../gio/gfileinfo.c: line 1691 (g_file_info_get_is_symlink): should not be reached

(lxpanel:6867): GLib-GIO-CRITICAL **: 10:16:45.435: file ../../../gio/gfileinfo.c: line 1691 (g_file_info_get_is_symlink): should not be reached

(lxpanel:6867): GLib-GIO-CRITICAL **: 10:16:45.435: GFileInfo created without standard::is-symlink

(lxpanel:6867): GLib-GIO-CRITICAL **: 10:16:45.435: GFileInfo created without standard::is-symlink

(lxpanel:6867): GLib-GIO-CRITICAL **: 10:16:45.435: file ../../../gio/gfileinfo.c: line 1691 (g_file_info_get_is_symlink): should not be reached

(lxpanel:6867): GLib-GIO-CRITICAL **: 10:16:45.435: file ../../../gio/gfileinfo.c: line 1691 (g_file_info_get_is_symlink): should not be reached

(lxpanel:6867): GLib-GIO-CRITICAL **: 10:16:45.435: GFileInfo created without standard::is-symlink

(lxpanel:6867): GLib-GIO-CRITICAL **: 10:16:45.435: GFileInfo created without standard::is-symlink

(lxpanel:6867): GLib-GIO-CRITICAL **: 10:16:45.435: file ../../../gio/gfileinfo.c: line 1691 (g_file_info_get_is_symlink): should not be reached

(lxpanel:6867): GLib-GIO-CRITICAL **: 10:16:45.435: file ../../../gio/gfileinfo.c: line 1691 (g_file_info_get_is_symlink): should not be reached

(lxpanel:6867): GLib-GIO-CRITICAL **: 10:16:45.435: GFileInfo created without standard::is-symlink

(lxpanel:6867): GLib-GIO-CRITICAL **: 10:16:45.435: GFileInfo created without standard::is-symlink

(lxpanel:6867): GLib-GIO-CRITICAL **: 10:16:45.435: file ../../../gio/gfileinfo.c: line 1691 (g_file_info_get_is_symlink): should not be reached

(lxpanel:6867): GLib-GIO-CRITICAL **: 10:16:45.435: file ../../../gio/gfileinfo.c: line 1691 (g_file_info_get_is_symlink): should not be reached

(lxpanel:6867): GLib-GIO-CRITICAL **: 10:16:45.435: GFileInfo created without standard::is-symlink

(lxpanel:6867): GLib-GIO-CRITICAL **: 10:16:45.435: GFileInfo created without standard::is-symlink

(lxpanel:6867): GLib-GIO-CRITICAL **: 10:16:45.435: file ../../../gio/gfileinfo.c: line 1691 (g_file_info_get_is_symlink): should not be reached

(lxpanel:6867): GLib-GIO-CRITICAL **: 10:16:45.435: file ../../../gio/gfileinfo.c: line 1691 (g_file_info_get_is_symlink): should not be reached

(lxpanel:6867): GLib-GIO-CRITICAL **: 10:16:45.435: GFileInfo created without standard::is-symlink

(lxpanel:6867): GLib-GIO-CRITICAL **: 10:16:45.435: GFileInfo created without standard::is-symlink

(lxpanel:6867): GLib-GIO-CRITICAL **: 10:16:45.435: file ../../../gio/gfileinfo.c: line 1691 (g_file_info_get_is_symlink): should not be reached

(lxpanel:6867): GLib-GIO-CRITICAL **: 10:16:45.435: file ../../../gio/gfileinfo.c: line 1691 (g_file_info_get_is_symlink): should not be reached

(lxpanel:6867): GLib-GIO-CRITICAL **: 10:16:45.435: GFileInfo created without standard::is-symlink

(lxpanel:6867): GLib-GIO-CRITICAL **: 10:16:45.435: GFileInfo created without standard::is-symlink

(lxpanel:6867): GLib-GIO-CRITICAL **: 10:16:45.435: file ../../../gio/gfileinfo.c: line 1691 (g_file_info_get_is_symlink): should not be reached

(lxpanel:6867): GLib-GIO-CRITICAL **: 10:16:45.435: file ../../../gio/gfileinfo.c: line 1691 (g_file_info_get_is_symlink): should not be reached

(lxpanel:6867): GLib-GIO-CRITICAL **: 10:16:45.435: GFileInfo created without standard::is-symlink

(lxpanel:6867): GLib-GIO-CRITICAL **: 10:16:45.435: file ../../../gio/gfileinfo.c: line 1691 (g_file_info_get_is_symlink): should not be reached

(lxpanel:6867): GLib-GIO-CRITICAL **: 10:16:45.435: GFileInfo created without standard::is-symlink

(lxpanel:6867): GLib-GIO-CRITICAL **: 10:16:45.435: file ../../../gio/gfileinfo.c: line 1691 (g_file_info_get_is_symlink): should not be reached

(lxpanel:6867): GLib-GIO-CRITICAL **: 10:16:45.435: GFileInfo created without standard::is-symlink

(lxpanel:6867): GLib-GIO-CRITICAL **: 10:16:45.435: file ../../../gio/gfileinfo.c: line 1691 (g_file_info_get_is_symlink): should not be reached

(lxpanel:6867): GLib-GIO-CRITICAL **: 10:16:45.435: GFileInfo created without standard::is-symlink

(lxpanel:6867): GLib-GIO-CRITICAL **: 10:16:45.435: file ../../../gio/gfileinfo.c: line 1691 (g_file_info_get_is_symlink): should not be reached

(lxpanel:6867): GLib-GIO-CRITICAL **: 10:16:45.435: GFileInfo created without standard::is-symlink

(lxpanel:6867): GLib-GIO-CRITICAL **: 10:16:45.435: file ../../../gio/gfileinfo.c: line 1691 (g_file_info_get_is_symlink): should not be reached

(lxpanel:6867): GLib-GIO-CRITICAL **: 10:16:45.435: GFileInfo created without standard::is-symlink

(lxpanel:6867): GLib-GIO-CRITICAL **: 10:16:45.435: file ../../../gio/gfileinfo.c: line 1691 (g_file_info_get_is_symlink): should not be reached

(lxpanel:6867): GLib-GIO-CRITICAL **: 10:16:45.435: GFileInfo created without standard::is-symlink

(lxpanel:6867): GLib-GIO-CRITICAL **: 10:16:45.435: file ../../../gio/gfileinfo.c: line 1691 (g_file_info_get_is_symlink): should not be reached

(lxpanel:6867): GLib-GIO-CRITICAL **: 10:16:45.435: GFileInfo created without standard::is-symlink

(lxpanel:6867): GLib-GIO-CRITICAL **: 10:16:45.435: file ../../../gio/gfileinfo.c: line 1691 (g_file_info_get_is_symlink): should not be reached

(lxpanel:6867): GLib-GIO-CRITICAL **: 10:16:45.435: GFileInfo created without standard::is-symlink

(lxpanel:6867): GLib-GIO-CRITICAL **: 10:16:45.435: file ../../../gio/gfileinfo.c: line 1691 (g_file_info_get_is_symlink): should not be reached

(lxpanel:6867): GLib-GIO-CRITICAL **: 10:16:45.435: GFileInfo created without standard::is-symlink

(lxpanel:6867): GLib-GIO-CRITICAL **: 10:16:45.435: file ../../../gio/gfileinfo.c: line 1691 (g_file_info_get_is_symlink): should not be reached

(lxpanel:6867): GLib-GIO-CRITICAL **: 10:16:45.435: GFileInfo created without standard::is-symlink

(lxpanel:6867): GLib-GIO-CRITICAL **: 10:16:45.435: file ../../../gio/gfileinfo.c: line 1691 (g_file_info_get_is_symlink): should not be reached

(lxpanel:6867): GLib-GIO-CRITICAL **: 10:16:45.435: GFileInfo created without standard::is-symlink

(lxpanel:6867): GLib-GIO-CRITICAL **: 10:16:45.435: file ../../../gio/gfileinfo.c: line 1691 (g_file_info_get_is_symlink): should not be reached

(lxpanel:6867): GLib-GIO-CRITICAL **: 10:16:45.435: GFileInfo created without standard::is-symlink

(lxpanel:6867): GLib-GIO-CRITICAL **: 10:16:45.435: file ../../../gio/gfileinfo.c: line 1691 (g_file_info_get_is_symlink): should not be reached

(lxpanel:6867): GLib-GIO-CRITICAL **: 10:16:45.435: GFileInfo created without standard::is-symlink

(lxpanel:6867): GLib-GIO-CRITICAL **: 10:16:45.435: file ../../../gio/gfileinfo.c: line 1691 (g_file_info_get_is_symlink): should not be reached

(lxpanel:6867): GLib-GIO-CRITICAL **: 10:16:45.435: GFileInfo created without standard::is-symlink

(lxpanel:6867): GLib-GIO-CRITICAL **: 10:16:45.435: file ../../../gio/gfileinfo.c: line 1691 (g_file_info_get_is_symlink): should not be reached

(lxpanel:6867): GLib-GIO-CRITICAL **: 10:16:45.435: GFileInfo created without standard::is-symlink

(lxpanel:6867): GLib-GIO-CRITICAL **: 10:16:45.435: file ../../../gio/gfileinfo.c: line 1691 (g_file_info_get_is_symlink): should not be reached

(lxpanel:6867): GLib-GIO-CRITICAL **: 10:16:45.435: GFileInfo created without standard::is-symlink

(lxpanel:6867): GLib-GIO-CRITICAL **: 10:16:45.435: file ../../../gio/gfileinfo.c: line 1691 (g_file_info_get_is_symlink): should not be reached

(lxpanel:6867): GLib-GIO-CRITICAL **: 10:16:45.435: GFileInfo created without standard::is-symlink

(lxpanel:6867): GLib-GIO-CRITICAL **: 10:16:45.435: file ../../../gio/gfileinfo.c: line 1691 (g_file_info_get_is_symlink): should not be reached

(lxpanel:6867): GLib-GIO-CRITICAL **: 10:16:45.435: GFileInfo created without standard::is-symlink

(lxpanel:6867): GLib-GIO-CRITICAL **: 10:16:45.435: file ../../../gio/gfileinfo.c: line 1691 (g_file_info_get_is_symlink): should not be reached

(lxpanel:6867): GLib-GIO-CRITICAL **: 10:16:45.435: GFileInfo created without standard::is-symlink

(lxpanel:6867): GLib-GIO-CRITICAL **: 10:16:45.435: file ../../../gio/gfileinfo.c: line 1691 (g_file_info_get_is_symlink): should not be reached

(lxpanel:6867): GLib-GIO-CRITICAL **: 10:16:45.435: GFileInfo created without standard::is-symlink

(lxpanel:6867): GLib-GIO-CRITICAL **: 10:16:45.435: file ../../../gio/gfileinfo.c: line 1691 (g_file_info_get_is_symlink): should not be reached

(lxpanel:6867): GLib-GIO-CRITICAL **: 10:16:45.435: GFileInfo created without standard::is-symlink

(lxpanel:6867): GLib-GIO-CRITICAL **: 10:16:45.435: file ../../../gio/gfileinfo.c: line 1691 (g_file_info_get_is_symlink): should not be reached

(lxpanel:6867): GLib-GIO-CRITICAL **: 10:16:45.435: GFileInfo created without standard::is-symlink

(lxpanel:6867): GLib-GIO-CRITICAL **: 10:16:45.435: GFileInfo created without standard::is-symlink

(lxpanel:6867): GLib-GIO-CRITICAL **: 10:16:45.435: file ../../../gio/gfileinfo.c: line 1691 (g_file_info_get_is_symlink): should not be reached

(lxpanel:6867): GLib-GIO-CRITICAL **: 10:16:45.435: file ../../../gio/gfileinfo.c: line 1691 (g_file_info_get_is_symlink): should not be reached

(lxpanel:6867): GLib-GIO-CRITICAL **: 10:16:45.435: GFileInfo created without standard::is-symlink

(lxpanel:6867): GLib-GIO-CRITICAL **: 10:16:45.435: GFileInfo created without standard::is-symlink

(lxpanel:6867): GLib-GIO-CRITICAL **: 10:16:45.435: file ../../../gio/gfileinfo.c: line 1691 (g_file_info_get_is_symlink): should not be reached

(lxpanel:6867): GLib-GIO-CRITICAL **: 10:16:45.435: file ../../../gio/gfileinfo.c: line 1691 (g_file_info_get_is_symlink): should not be reached

(lxpanel:6867): GLib-GIO-CRITICAL **: 10:16:45.435: GFileInfo created without standard::is-symlink

(lxpanel:6867): GLib-GIO-CRITICAL **: 10:16:45.435: GFileInfo created without standard::is-symlink

(lxpanel:6867): GLib-GIO-CRITICAL **: 10:16:45.435: file ../../../gio/gfileinfo.c: line 1691 (g_file_info_get_is_symlink): should not be reached

(lxpanel:6867): GLib-GIO-CRITICAL **: 10:16:45.435: file ../../../gio/gfileinfo.c: line 1691 (g_file_info_get_is_symlink): should not be reached

(lxpanel:6867): GLib-GIO-CRITICAL **: 10:16:45.435: GFileInfo created without standard::is-symlink

(lxpanel:6867): GLib-GIO-CRITICAL **: 10:16:45.435: GFileInfo created without standard::is-symlink

(lxpanel:6867): GLib-GIO-CRITICAL **: 10:16:45.435: file ../../../gio/gfileinfo.c: line 1691 (g_file_info_get_is_symlink): should not be reached

(lxpanel:6867): GLib-GIO-CRITICAL **: 10:16:45.435: file ../../../gio/gfileinfo.c: line 1691 (g_file_info_get_is_symlink): should not be reached

(lxpanel:6867): GLib-GIO-CRITICAL **: 10:16:45.435: GFileInfo created without standard::is-symlink

(lxpanel:6867): GLib-GIO-CRITICAL **: 10:16:45.435: GFileInfo created without standard::is-symlink

(lxpanel:6867): GLib-GIO-CRITICAL **: 10:16:45.435: file ../../../gio/gfileinfo.c: line 1691 (g_file_info_get_is_symlink): should not be reached

(lxpanel:6867): GLib-GIO-CRITICAL **: 10:16:45.436: file ../../../gio/gfileinfo.c: line 1691 (g_file_info_get_is_symlink): should not be reached

(lxpanel:6867): GLib-GIO-CRITICAL **: 10:16:45.436: GFileInfo created without standard::is-symlink

(lxpanel:6867): GLib-GIO-CRITICAL **: 10:16:45.436: GFileInfo created without standard::is-symlink

(lxpanel:6867): GLib-GIO-CRITICAL **: 10:16:45.436: file ../../../gio/gfileinfo.c: line 1691 (g_file_info_get_is_symlink): should not be reached

(lxpanel:6867): GLib-GIO-CRITICAL **: 10:16:45.436: file ../../../gio/gfileinfo.c: line 1691 (g_file_info_get_is_symlink): should not be reached

(lxpanel:6867): GLib-GIO-CRITICAL **: 10:16:45.436: GFileInfo created without standard::is-symlink

(lxpanel:6867): GLib-GIO-CRITICAL **: 10:16:45.436: file ../../../gio/gfileinfo.c: line 1691 (g_file_info_get_is_symlink): should not be reached

(lxpanel:6867): GLib-GIO-CRITICAL **: 10:16:45.436: GFileInfo created without standard::is-symlink

(lxpanel:6867): GLib-GIO-CRITICAL **: 10:16:45.436: file ../../../gio/gfileinfo.c: line 1691 (g_file_info_get_is_symlink): should not be reached

(lxpanel:6867): GLib-GIO-CRITICAL **: 10:16:45.436: GFileInfo created without standard::is-symlink

(lxpanel:6867): GLib-GIO-CRITICAL **: 10:16:45.436: file ../../../gio/gfileinfo.c: line 1691 (g_file_info_get_is_symlink): should not be reached

(lxpanel:6867): GLib-GIO-CRITICAL **: 10:16:45.436: GFileInfo created without standard::is-symlink

(lxpanel:6867): GLib-GIO-CRITICAL **: 10:16:45.436: file ../../../gio/gfileinfo.c: line 1691 (g_file_info_get_is_symlink): should not be reached

(lxpanel:6867): GLib-GIO-CRITICAL **: 10:16:45.436: GFileInfo created without standard::is-symlink

(lxpanel:6867): GLib-GIO-CRITICAL **: 10:16:45.436: file ../../../gio/gfileinfo.c: line 1691 (g_file_info_get_is_symlink): should not be reached

(lxpanel:6867): GLib-GIO-CRITICAL **: 10:16:45.436: GFileInfo created without standard::is-symlink

(lxpanel:6867): GLib-GIO-CRITICAL **: 10:16:45.436: file ../../../gio/gfileinfo.c: line 1691 (g_file_info_get_is_symlink): should not be reached

(lxpanel:6867): GLib-GIO-CRITICAL **: 10:16:45.436: GFileInfo created without standard::is-symlink

(lxpanel:6867): GLib-GIO-CRITICAL **: 10:16:45.436: file ../../../gio/gfileinfo.c: line 1691 (g_file_info_get_is_symlink): should not be reached

(lxpanel:6867): GLib-GIO-CRITICAL **: 10:16:45.436: GFileInfo created without standard::is-symlink

(lxpanel:6867): GLib-GIO-CRITICAL **: 10:16:45.436: file ../../../gio/gfileinfo.c: line 1691 (g_file_info_get_is_symlink): should not be reached

(lxpanel:6867): GLib-GIO-CRITICAL **: 10:16:45.436: GFileInfo created without standard::is-symlink

(lxpanel:6867): GLib-GIO-CRITICAL **: 10:16:45.436: file ../../../gio/gfileinfo.c: line 1691 (g_file_info_get_is_symlink): should not be reached

(lxpanel:6867): GLib-GIO-CRITICAL **: 10:16:45.436: GFileInfo created without standard::is-symlink

(lxpanel:6867): GLib-GIO-CRITICAL **: 10:16:45.436: file ../../../gio/gfileinfo.c: line 1691 (g_file_info_get_is_symlink): should not be reached

(lxpanel:6867): GLib-GIO-CRITICAL **: 10:16:45.436: GFileInfo created without standard::is-symlink

(lxpanel:6867): GLib-GIO-CRITICAL **: 10:16:45.436: file ../../../gio/gfileinfo.c: line 1691 (g_file_info_get_is_symlink): should not be reached

(lxpanel:6867): GLib-GIO-CRITICAL **: 10:16:45.436: GFileInfo created without standard::is-symlink

(lxpanel:6867): GLib-GIO-CRITICAL **: 10:16:45.436: file ../../../gio/gfileinfo.c: line 1691 (g_file_info_get_is_symlink): should not be reached

(lxpanel:6867): GLib-GIO-CRITICAL **: 10:16:45.436: GFileInfo created without standard::is-symlink

(lxpanel:6867): GLib-GIO-CRITICAL **: 10:16:45.436: file ../../../gio/gfileinfo.c: line 1691 (g_file_info_get_is_symlink): should not be reached

(lxpanel:6867): GLib-GIO-CRITICAL **: 10:16:45.436: GFileInfo created without standard::is-symlink

(lxpanel:6867): GLib-GIO-CRITICAL **: 10:16:45.436: file ../../../gio/gfileinfo.c: line 1691 (g_file_info_get_is_symlink): should not be reached

(lxpanel:6867): GLib-GIO-CRITICAL **: 10:16:45.436: GFileInfo created without standard::is-symlink

(lxpanel:6867): GLib-GIO-CRITICAL **: 10:16:45.436: file ../../../gio/gfileinfo.c: line 1691 (g_file_info_get_is_symlink): should not be reached

(lxpanel:6867): GLib-GIO-CRITICAL **: 10:16:45.436: GFileInfo created without standard::is-symlink

(lxpanel:6867): GLib-GIO-CRITICAL **: 10:16:45.436: file ../../../gio/gfileinfo.c: line 1691 (g_file_info_get_is_symlink): should not be reached

(lxpanel:6867): GLib-GIO-CRITICAL **: 10:16:45.436: GFileInfo created without standard::is-symlink

(lxpanel:6867): GLib-GIO-CRITICAL **: 10:16:45.436: file ../../../gio/gfileinfo.c: line 1691 (g_file_info_get_is_symlink): should not be reached

(lxpanel:6867): GLib-GIO-CRITICAL **: 10:16:45.436: GFileInfo created without standard::is-symlink

(lxpanel:6867): GLib-GIO-CRITICAL **: 10:16:45.436: file ../../../gio/gfileinfo.c: line 1691 (g_file_info_get_is_symlink): should not be reached

(lxpanel:6867): GLib-GIO-CRITICAL **: 10:16:45.436: GFileInfo created without standard::is-symlink

(lxpanel:6867): GLib-GIO-CRITICAL **: 10:16:45.436: file ../../../gio/gfileinfo.c: line 1691 (g_file_info_get_is_symlink): should not be reached

(lxpanel:6867): GLib-GIO-CRITICAL **: 10:16:45.436: GFileInfo created without standard::is-symlink

(lxpanel:6867): GLib-GIO-CRITICAL **: 10:16:45.436: file ../../../gio/gfileinfo.c: line 1691 (g_file_info_get_is_symlink): should not be reached

(lxpanel:6867): GLib-GIO-CRITICAL **: 10:16:45.436: GFileInfo created without standard::size

(lxpanel:6867): GLib-GIO-CRITICAL **: 10:16:45.436: file ../../../gio/gfileinfo.c: line 1860 (g_file_info_get_size): should not be reached

(lxpanel:6867): GLib-GIO-CRITICAL **: 10:16:45.436: GFileInfo created without standard::edit-name

(lxpanel:6867): GLib-GIO-CRITICAL **: 10:16:45.436: file ../../../gio/gfileinfo.c: line 1757 (g_file_info_get_edit_name): should not be reached

(lxpanel:6867): GLib-GIO-CRITICAL **: 10:16:45.436: GFileInfo created without standard::size

(lxpanel:6867): GLib-GIO-CRITICAL **: 10:16:45.436: file ../../../gio/gfileinfo.c: line 1860 (g_file_info_get_size): should not be reached

(lxpanel:6867): GLib-GIO-CRITICAL **: 10:16:45.436: GFileInfo created without standard::is-symlink

(lxpanel:6867): GLib-GIO-CRITICAL **: 10:16:45.436: file ../../../gio/gfileinfo.c: line 1691 (g_file_info_get_is_symlink): should not be reached

(lxpanel:6867): GLib-GIO-CRITICAL **: 10:16:45.436: GFileInfo created without standard::is-backup

(lxpanel:6867): GLib-GIO-CRITICAL **: 10:16:45.436: file ../../../gio/gfileinfo.c: line 1669 (g_file_info_get_is_backup): should not be reached

(lxpanel:6867): GLib-GIO-CRITICAL **: 10:16:45.436: GFileInfo created without standard::is-symlink

(lxpanel:6867): GLib-GIO-CRITICAL **: 10:16:45.436: file ../../../gio/gfileinfo.c: line 1691 (g_file_info_get_is_symlink): should not be reached

(lxpanel:6867): GLib-GIO-CRITICAL **: 10:16:45.436: GFileInfo created without standard::is-symlink

(lxpanel:6867): GLib-GIO-CRITICAL **: 10:16:45.436: file ../../../gio/gfileinfo.c: line 1691 (g_file_info_get_is_symlink): should not be reached

(lxpanel:6867): GLib-GIO-CRITICAL **: 10:16:45.436: GFileInfo created without standard::is-symlink

(lxpanel:6867): GLib-GIO-CRITICAL **: 10:16:45.436: file ../../../gio/gfileinfo.c: line 1691 (g_file_info_get_is_symlink): should not be reached

(lxpanel:6867): GLib-GIO-CRITICAL **: 10:16:45.436: GFileInfo created without standard::is-symlink

(lxpanel:6867): GLib-GIO-CRITICAL **: 10:16:45.436: file ../../../gio/gfileinfo.c: line 1691 (g_file_info_get_is_symlink): should not be reached

(lxpanel:6867): GLib-GIO-CRITICAL **: 10:16:45.436: GFileInfo created without standard::is-symlink

(lxpanel:6867): GLib-GIO-CRITICAL **: 10:16:45.436: file ../../../gio/gfileinfo.c: line 1691 (g_file_info_get_is_symlink): should not be reached

(lxpanel:6867): GLib-GIO-CRITICAL **: 10:16:45.436: GFileInfo created without standard::is-symlink

(lxpanel:6867): GLib-GIO-CRITICAL **: 10:16:45.436: file ../../../gio/gfileinfo.c: line 1691 (g_file_info_get_is_symlink): should not be reached

(lxpanel:6867): GLib-GIO-CRITICAL **: 10:16:45.436: GFileInfo created without standard::is-symlink

(lxpanel:6867): GLib-GIO-CRITICAL **: 10:16:45.436: GFileInfo created without standard::is-symlink

(lxpanel:6867): GLib-GIO-CRITICAL **: 10:16:45.436: file ../../../gio/gfileinfo.c: line 1691 (g_file_info_get_is_symlink): should not be reached

(lxpanel:6867): GLib-GIO-CRITICAL **: 10:16:45.436: file ../../../gio/gfileinfo.c: line 1691 (g_file_info_get_is_symlink): should not be reached

(lxpanel:6867): GLib-GIO-CRITICAL **: 10:16:45.436: GFileInfo created without standard::is-symlink

(lxpanel:6867): GLib-GIO-CRITICAL **: 10:16:45.436: file ../../../gio/gfileinfo.c: line 1691 (g_file_info_get_is_symlink): should not be reached

(lxpanel:6867): GLib-GIO-CRITICAL **: 10:16:45.436: GFileInfo created without standard::is-symlink

(lxpanel:6867): GLib-GIO-CRITICAL **: 10:16:45.436: file ../../../gio/gfileinfo.c: line 1691 (g_file_info_get_is_symlink): should not be reached

(lxpanel:6867): GLib-GIO-CRITICAL **: 10:16:45.436: GFileInfo created without standard::is-symlink

(lxpanel:6867): GLib-GIO-CRITICAL **: 10:16:45.436: file ../../../gio/gfileinfo.c: line 1691 (g_file_info_get_is_symlink): should not be reached

(lxpanel:6867): GLib-GIO-CRITICAL **: 10:16:45.436: GFileInfo created without standard::is-symlink

(lxpanel:6867): GLib-GIO-CRITICAL **: 10:16:45.436: file ../../../gio/gfileinfo.c: line 1691 (g_file_info_get_is_symlink): should not be reached

(lxpanel:6867): GLib-GIO-CRITICAL **: 10:16:45.436: GFileInfo created without standard::is-symlink

(lxpanel:6867): GLib-GIO-CRITICAL **: 10:16:45.436: file ../../../gio/gfileinfo.c: line 1691 (g_file_info_get_is_symlink): should not be reached

(lxpanel:6867): GLib-GIO-CRITICAL **: 10:16:45.436: GFileInfo created without standard::is-symlink

(lxpanel:6867): GLib-GIO-CRITICAL **: 10:16:45.436: file ../../../gio/gfileinfo.c: line 1691 (g_file_info_get_is_symlink): should not be reached

(lxpanel:6867): GLib-GIO-CRITICAL **: 10:16:45.436: GFileInfo created without standard::is-symlink

(lxpanel:6867): GLib-GIO-CRITICAL **: 10:16:45.436: file ../../../gio/gfileinfo.c: line 1691 (g_file_info_get_is_symlink): should not be reached

(lxpanel:6867): GLib-GIO-CRITICAL **: 10:16:45.436: GFileInfo created without standard::is-symlink

(lxpanel:6867): GLib-GIO-CRITICAL **: 10:16:45.436: file ../../../gio/gfileinfo.c: line 1691 (g_file_info_get_is_symlink): should not be reached

(lxpanel:6867): GLib-GIO-CRITICAL **: 10:16:45.436: GFileInfo created without standard::is-symlink

(lxpanel:6867): GLib-GIO-CRITICAL **: 10:16:45.436: file ../../../gio/gfileinfo.c: line 1691 (g_file_info_get_is_symlink): should not be reached

(lxpanel:6867): GLib-GIO-CRITICAL **: 10:16:45.436: GFileInfo created without standard::is-symlink

(lxpanel:6867): GLib-GIO-CRITICAL **: 10:16:45.436: GFileInfo created without standard::is-symlink

(lxpanel:6867): GLib-GIO-CRITICAL **: 10:16:45.436: file ../../../gio/gfileinfo.c: line 1691 (g_file_info_get_is_symlink): should not be reached

(lxpanel:6867): GLib-GIO-CRITICAL **: 10:16:45.436: file ../../../gio/gfileinfo.c: line 1691 (g_file_info_get_is_symlink): should not be reached

(lxpanel:6867): GLib-GIO-CRITICAL **: 10:16:45.436: GFileInfo created without standard::is-symlink

(lxpanel:6867): GLib-GIO-CRITICAL **: 10:16:45.436: file ../../../gio/gfileinfo.c: line 1691 (g_file_info_get_is_symlink): should not be reached

(lxpanel:6867): GLib-GIO-CRITICAL **: 10:16:45.436: GFileInfo created without standard::is-symlink

(lxpanel:6867): GLib-GIO-CRITICAL **: 10:16:45.436: file ../../../gio/gfileinfo.c: line 1691 (g_file_info_get_is_symlink): should not be reached

(lxpanel:6867): GLib-GIO-CRITICAL **: 10:16:45.436: GFileInfo created without standard::is-symlink

(lxpanel:6867): GLib-GIO-CRITICAL **: 10:16:45.436: file ../../../gio/gfileinfo.c: line 1691 (g_file_info_get_is_symlink): should not be reached

(lxpanel:6867): GLib-GIO-CRITICAL **: 10:16:45.436: GFileInfo created without standard::is-symlink

(lxpanel:6867): GLib-GIO-CRITICAL **: 10:16:45.436: file ../../../gio/gfileinfo.c: line 1691 (g_file_info_get_is_symlink): should not be reached

(lxpanel:6867): GLib-GIO-CRITICAL **: 10:16:45.436: GFileInfo created without standard::is-symlink

(lxpanel:6867): GLib-GIO-CRITICAL **: 10:16:45.436: file ../../../gio/gfileinfo.c: line 1691 (g_file_info_get_is_symlink): should not be reached

(lxpanel:6867): GLib-GIO-CRITICAL **: 10:16:45.436: GFileInfo created without standard::is-symlink

(lxpanel:6867): GLib-GIO-CRITICAL **: 10:16:45.436: file ../../../gio/gfileinfo.c: line 1691 (g_file_info_get_is_symlink): should not be reached

(lxpanel:6867): GLib-GIO-CRITICAL **: 10:16:45.436: GFileInfo created without standard::is-symlink

(lxpanel:6867): GLib-GIO-CRITICAL **: 10:16:45.436: file ../../../gio/gfileinfo.c: line 1691 (g_file_info_get_is_symlink): should not be reached

(lxpanel:6867): GLib-GIO-CRITICAL **: 10:16:45.436: GFileInfo created without standard::is-symlink

(lxpanel:6867): GLib-GIO-CRITICAL **: 10:16:45.436: file ../../../gio/gfileinfo.c: line 1691 (g_file_info_get_is_symlink): should not be reached

(lxpanel:6867): GLib-GIO-CRITICAL **: 10:16:45.436: GFileInfo created without standard::is-symlink

(lxpanel:6867): GLib-GIO-CRITICAL **: 10:16:45.436: file ../../../gio/gfileinfo.c: line 1691 (g_file_info_get_is_symlink): should not be reached

(lxpanel:6867): GLib-GIO-CRITICAL **: 10:16:45.436: GFileInfo created without standard::is-symlink

(lxpanel:6867): GLib-GIO-CRITICAL **: 10:16:45.436: file ../../../gio/gfileinfo.c: line 1691 (g_file_info_get_is_symlink): should not be reached

(lxpanel:6867): GLib-GIO-CRITICAL **: 10:16:45.436: GFileInfo created without standard::is-symlink

(lxpanel:6867): GLib-GIO-CRITICAL **: 10:16:45.436: GFileInfo created without standard::is-symlink

(lxpanel:6867): GLib-GIO-CRITICAL **: 10:16:45.436: file ../../../gio/gfileinfo.c: line 1691 (g_file_info_get_is_symlink): should not be reached

(lxpanel:6867): GLib-GIO-CRITICAL **: 10:16:45.436: file ../../../gio/gfileinfo.c: line 1691 (g_file_info_get_is_symlink): should not be reached

(lxpanel:6867): GLib-GIO-CRITICAL **: 10:16:45.436: GFileInfo created without standard::is-symlink

(lxpanel:6867): GLib-GIO-CRITICAL **: 10:16:45.436: GFileInfo created without standard::is-symlink

(lxpanel:6867): GLib-GIO-CRITICAL **: 10:16:45.436: file ../../../gio/gfileinfo.c: line 1691 (g_file_info_get_is_symlink): should not be reached

(lxpanel:6867): GLib-GIO-CRITICAL **: 10:16:45.436: file ../../../gio/gfileinfo.c: line 1691 (g_file_info_get_is_symlink): should not be reached

(lxpanel:6867): GLib-GIO-CRITICAL **: 10:16:45.436: GFileInfo created without standard::is-symlink

(lxpanel:6867): GLib-GIO-CRITICAL **: 10:16:45.437: file ../../../gio/gfileinfo.c: line 1691 (g_file_info_get_is_symlink): should not be reached

(lxpanel:6867): GLib-GIO-CRITICAL **: 10:16:45.436: GFileInfo created without standard::is-symlink

(lxpanel:6867): GLib-GIO-CRITICAL **: 10:16:45.437: file ../../../gio/gfileinfo.c: line 1691 (g_file_info_get_is_symlink): should not be reached

(lxpanel:6867): GLib-GIO-CRITICAL **: 10:16:45.437: GFileInfo created without standard::is-symlink

(lxpanel:6867): GLib-GIO-CRITICAL **: 10:16:45.437: file ../../../gio/gfileinfo.c: line 1691 (g_file_info_get_is_symlink): should not be reached

(lxpanel:6867): GLib-GIO-CRITICAL **: 10:16:45.437: GFileInfo created without standard::is-symlink

(lxpanel:6867): GLib-GIO-CRITICAL **: 10:16:45.437: file ../../../gio/gfileinfo.c: line 1691 (g_file_info_get_is_symlink): should not be reached

(lxpanel:6867): GLib-GIO-CRITICAL **: 10:16:45.437: GFileInfo created without standard::is-symlink

(lxpanel:6867): GLib-GIO-CRITICAL **: 10:16:45.437: file ../../../gio/gfileinfo.c: line 1691 (g_file_info_get_is_symlink): should not be reached

(lxpanel:6867): GLib-GIO-CRITICAL **: 10:16:45.437: GFileInfo created without standard::is-symlink

(lxpanel:6867): GLib-GIO-CRITICAL **: 10:16:45.437: file ../../../gio/gfileinfo.c: line 1691 (g_file_info_get_is_symlink): should not be reached

(lxpanel:6867): GLib-GIO-CRITICAL **: 10:16:45.437: GFileInfo created without standard::is-symlink

(lxpanel:6867): GLib-GIO-CRITICAL **: 10:16:45.437: file ../../../gio/gfileinfo.c: line 1691 (g_file_info_get_is_symlink): should not be reached

(lxpanel:6867): GLib-GIO-CRITICAL **: 10:16:45.437: GFileInfo created without standard::is-symlink

(lxpanel:6867): GLib-GIO-CRITICAL **: 10:16:45.437: file ../../../gio/gfileinfo.c: line 1691 (g_file_info_get_is_symlink): should not be reached

(lxpanel:6867): GLib-GIO-CRITICAL **: 10:16:45.437: GFileInfo created without standard::is-symlink

(lxpanel:6867): GLib-GIO-CRITICAL **: 10:16:45.437: file ../../../gio/gfileinfo.c: line 1691 (g_file_info_get_is_symlink): should not be reached

(lxpanel:6867): GLib-GIO-CRITICAL **: 10:16:45.437: GFileInfo created without standard::is-symlink

(lxpanel:6867): GLib-GIO-CRITICAL **: 10:16:45.437: file ../../../gio/gfileinfo.c: line 1691 (g_file_info_get_is_symlink): should not be reached

(lxpanel:6867): GLib-GIO-CRITICAL **: 10:16:45.437: GFileInfo created without standard::size

(lxpanel:6867): GLib-GIO-CRITICAL **: 10:16:45.437: file ../../../gio/gfileinfo.c: line 1860 (g_file_info_get_size): should not be reached

(lxpanel:6867): GLib-GIO-CRITICAL **: 10:16:45.437: GFileInfo created without standard::is-symlink

(lxpanel:6867): GLib-GIO-CRITICAL **: 10:16:45.437: file ../../../gio/gfileinfo.c: line 1691 (g_file_info_get_is_symlink): should not be reached

(lxpanel:6867): GLib-GIO-CRITICAL **: 10:16:45.437: GFileInfo created without standard::edit-name

(lxpanel:6867): GLib-GIO-CRITICAL **: 10:16:45.437: file ../../../gio/gfileinfo.c: line 1757 (g_file_info_get_edit_name): should not be reached

(lxpanel:6867): GLib-GIO-CRITICAL **: 10:16:45.437: GFileInfo created without standard::is-symlink

(lxpanel:6867): GLib-GIO-CRITICAL **: 10:16:45.437: file ../../../gio/gfileinfo.c: line 1691 (g_file_info_get_is_symlink): should not be reached

(lxpanel:6867): GLib-GIO-CRITICAL **: 10:16:45.437: GFileInfo created without standard::size

(lxpanel:6867): GLib-GIO-CRITICAL **: 10:16:45.437: file ../../../gio/gfileinfo.c: line 1860 (g_file_info_get_size): should not be reached

(lxpanel:6867): GLib-GIO-CRITICAL **: 10:16:45.437: GFileInfo created without standard::is-symlink

(lxpanel:6867): GLib-GIO-CRITICAL **: 10:16:45.437: GFileInfo created without standard::is-symlink

(lxpanel:6867): GLib-GIO-CRITICAL **: 10:16:45.437: file ../../../gio/gfileinfo.c: line 1691 (g_file_info_get_is_symlink): should not be reached

(lxpanel:6867): GLib-GIO-CRITICAL **: 10:16:45.437: file ../../../gio/gfileinfo.c: line 1691 (g_file_info_get_is_symlink): should not be reached

(lxpanel:6867): GLib-GIO-CRITICAL **: 10:16:45.437: GFileInfo created without standard::is-backup

(lxpanel:6867): GLib-GIO-CRITICAL **: 10:16:45.437: file ../../../gio/gfileinfo.c: line 1669 (g_file_info_get_is_backup): should not be reached

(lxpanel:6867): GLib-GIO-CRITICAL **: 10:16:45.437: GFileInfo created without standard::is-symlink

(lxpanel:6867): GLib-GIO-CRITICAL **: 10:16:45.437: file ../../../gio/gfileinfo.c: line 1691 (g_file_info_get_is_symlink): should not be reached

(lxpanel:6867): GLib-GIO-CRITICAL **: 10:16:45.437: GFileInfo created without standard::is-symlink

(lxpanel:6867): GLib-GIO-CRITICAL **: 10:16:45.437: file ../../../gio/gfileinfo.c: line 1691 (g_file_info_get_is_symlink): should not be reached

(lxpanel:6867): GLib-GIO-CRITICAL **: 10:16:45.437: GFileInfo created without standard::is-symlink

(lxpanel:6867): GLib-GIO-CRITICAL **: 10:16:45.437: file ../../../gio/gfileinfo.c: line 1691 (g_file_info_get_is_symlink): should not be reached

(lxpanel:6867): GLib-GIO-CRITICAL **: 10:16:45.437: GFileInfo created without standard::is-symlink

(lxpanel:6867): GLib-GIO-CRITICAL **: 10:16:45.437: file ../../../gio/gfileinfo.c: line 1691 (g_file_info_get_is_symlink): should not be reached

(lxpanel:6867): GLib-GIO-CRITICAL **: 10:16:45.437: GFileInfo created without standard::is-symlink

(lxpanel:6867): GLib-GIO-CRITICAL **: 10:16:45.437: file ../../../gio/gfileinfo.c: line 1691 (g_file_info_get_is_symlink): should not be reached

(lxpanel:6867): GLib-GIO-CRITICAL **: 10:16:45.437: GFileInfo created without standard::is-symlink

(lxpanel:6867): GLib-GIO-CRITICAL **: 10:16:45.437: file ../../../gio/gfileinfo.c: line 1691 (g_file_info_get_is_symlink): should not be reached

(lxpanel:6867): GLib-GIO-CRITICAL **: 10:16:45.437: GFileInfo created without standard::is-symlink

(lxpanel:6867): GLib-GIO-CRITICAL **: 10:16:45.437: file ../../../gio/gfileinfo.c: line 1691 (g_file_info_get_is_symlink): should not be reached

(lxpanel:6867): GLib-GIO-CRITICAL **: 10:16:45.437: GFileInfo created without standard::is-symlink

(lxpanel:6867): GLib-GIO-CRITICAL **: 10:16:45.437: file ../../../gio/gfileinfo.c: line 1691 (g_file_info_get_is_symlink): should not be reached

(lxpanel:6867): GLib-GIO-CRITICAL **: 10:16:45.437: GFileInfo created without standard::is-symlink

(lxpanel:6867): GLib-GIO-CRITICAL **: 10:16:45.437: file ../../../gio/gfileinfo.c: line 1691 (g_file_info_get_is_symlink): should not be reached

(lxpanel:6867): GLib-GIO-CRITICAL **: 10:16:45.437: GFileInfo created without standard::is-symlink

(lxpanel:6867): GLib-GIO-CRITICAL **: 10:16:45.437: file ../../../gio/gfileinfo.c: line 1691 (g_file_info_get_is_symlink): should not be reached

(lxpanel:6867): GLib-GIO-CRITICAL **: 10:16:45.437: GFileInfo created without standard::is-symlink

(lxpanel:6867): GLib-GIO-CRITICAL **: 10:16:45.437: GFileInfo created without standard::is-symlink

(lxpanel:6867): GLib-GIO-CRITICAL **: 10:16:45.437: file ../../../gio/gfileinfo.c: line 1691 (g_file_info_get_is_symlink): should not be reached

(lxpanel:6867): GLib-GIO-CRITICAL **: 10:16:45.437: file ../../../gio/gfileinfo.c: line 1691 (g_file_info_get_is_symlink): should not be reached

(lxpanel:6867): GLib-GIO-CRITICAL **: 10:16:45.437: GFileInfo created without standard::is-symlink

(lxpanel:6867): GLib-GIO-CRITICAL **: 10:16:45.437: GFileInfo created without standard::is-symlink

(lxpanel:6867): GLib-GIO-CRITICAL **: 10:16:45.437: file ../../../gio/gfileinfo.c: line 1691 (g_file_info_get_is_symlink): should not be reached

(lxpanel:6867): GLib-GIO-CRITICAL **: 10:16:45.437: file ../../../gio/gfileinfo.c: line 1691 (g_file_info_get_is_symlink): should not be reached

(lxpanel:6867): GLib-GIO-CRITICAL **: 10:16:45.437: GFileInfo created without standard::is-symlink

(lxpanel:6867): GLib-GIO-CRITICAL **: 10:16:45.437: file ../../../gio/gfileinfo.c: line 1691 (g_file_info_get_is_symlink): should not be reached

(lxpanel:6867): GLib-GIO-CRITICAL **: 10:16:45.437: GFileInfo created without standard::is-symlink

(lxpanel:6867): GLib-GIO-CRITICAL **: 10:16:45.437: file ../../../gio/gfileinfo.c: line 1691 (g_file_info_get_is_symlink): should not be reached

(lxpanel:6867): GLib-GIO-CRITICAL **: 10:16:45.437: GFileInfo created without standard::is-symlink

(lxpanel:6867): GLib-GIO-CRITICAL **: 10:16:45.437: GFileInfo created without standard::is-symlink

(lxpanel:6867): GLib-GIO-CRITICAL **: 10:16:45.437: file ../../../gio/gfileinfo.c: line 1691 (g_file_info_get_is_symlink): should not be reached

(lxpanel:6867): GLib-GIO-CRITICAL **: 10:16:45.437: file ../../../gio/gfileinfo.c: line 1691 (g_file_info_get_is_symlink): should not be reached

(lxpanel:6867): GLib-GIO-CRITICAL **: 10:16:45.437: GFileInfo created without standard::is-symlink

(lxpanel:6867): GLib-GIO-CRITICAL **: 10:16:45.437: GFileInfo created without standard::is-symlink

(lxpanel:6867): GLib-GIO-CRITICAL **: 10:16:45.437: file ../../../gio/gfileinfo.c: line 1691 (g_file_info_get_is_symlink): should not be reached

(lxpanel:6867): GLib-GIO-CRITICAL **: 10:16:45.437: file ../../../gio/gfileinfo.c: line 1691 (g_file_info_get_is_symlink): should not be reached

(lxpanel:6867): GLib-GIO-CRITICAL **: 10:16:45.437: GFileInfo created without standard::is-symlink

(lxpanel:6867): GLib-GIO-CRITICAL **: 10:16:45.437: file ../../../gio/gfileinfo.c: line 1691 (g_file_info_get_is_symlink): should not be reached

(lxpanel:6867): GLib-GIO-CRITICAL **: 10:16:45.437: GFileInfo created without standard::is-symlink

(lxpanel:6867): GLib-GIO-CRITICAL **: 10:16:45.437: file ../../../gio/gfileinfo.c: line 1691 (g_file_info_get_is_symlink): should not be reached

(lxpanel:6867): GLib-GIO-CRITICAL **: 10:16:45.437: GFileInfo created without standard::is-symlink

(lxpanel:6867): GLib-GIO-CRITICAL **: 10:16:45.437: file ../../../gio/gfileinfo.c: line 1691 (g_file_info_get_is_symlink): should not be reached

(lxpanel:6867): GLib-GIO-CRITICAL **: 10:16:45.437: GFileInfo created without standard::is-symlink

(lxpanel:6867): GLib-GIO-CRITICAL **: 10:16:45.437: file ../../../gio/gfileinfo.c: line 1691 (g_file_info_get_is_symlink): should not be reached

(lxpanel:6867): GLib-GIO-CRITICAL **: 10:16:45.437: GFileInfo created without standard::is-symlink

(lxpanel:6867): GLib-GIO-CRITICAL **: 10:16:45.437: file ../../../gio/gfileinfo.c: line 1691 (g_file_info_get_is_symlink): should not be reached

(lxpanel:6867): GLib-GIO-CRITICAL **: 10:16:45.437: GFileInfo created without standard::is-symlink

(lxpanel:6867): GLib-GIO-CRITICAL **: 10:16:45.437: file ../../../gio/gfileinfo.c: line 1691 (g_file_info_get_is_symlink): should not be reached

(lxpanel:6867): GLib-GIO-CRITICAL **: 10:16:45.437: GFileInfo created without standard::is-symlink

(lxpanel:6867): GLib-GIO-CRITICAL **: 10:16:45.437: file ../../../gio/gfileinfo.c: line 1691 (g_file_info_get_is_symlink): should not be reached

(lxpanel:6867): GLib-GIO-CRITICAL **: 10:16:45.437: GFileInfo created without standard::is-symlink

(lxpanel:6867): GLib-GIO-CRITICAL **: 10:16:45.437: file ../../../gio/gfileinfo.c: line 1691 (g_file_info_get_is_symlink): should not be reached

(lxpanel:6867): GLib-GIO-CRITICAL **: 10:16:45.437: GFileInfo created without standard::is-symlink

(lxpanel:6867): GLib-GIO-CRITICAL **: 10:16:45.437: file ../../../gio/gfileinfo.c: line 1691 (g_file_info_get_is_symlink): should not be reached

(lxpanel:6867): GLib-GIO-CRITICAL **: 10:16:45.437: GFileInfo created without standard::is-symlink

(lxpanel:6867): GLib-GIO-CRITICAL **: 10:16:45.437: file ../../../gio/gfileinfo.c: line 1691 (g_file_info_get_is_symlink): should not be reached

(lxpanel:6867): GLib-GIO-CRITICAL **: 10:16:45.437: GFileInfo created without standard::is-symlink

(lxpanel:6867): GLib-GIO-CRITICAL **: 10:16:45.437: GFileInfo created without standard::is-symlink

(lxpanel:6867): GLib-GIO-CRITICAL **: 10:16:45.437: file ../../../gio/gfileinfo.c: line 1691 (g_file_info_get_is_symlink): should not be reached

(lxpanel:6867): GLib-GIO-CRITICAL **: 10:16:45.437: file ../../../gio/gfileinfo.c: line 1691 (g_file_info_get_is_symlink): should not be reached

(lxpanel:6867): GLib-GIO-CRITICAL **: 10:16:45.437: GFileInfo created without standard::is-symlink

(lxpanel:6867): GLib-GIO-CRITICAL **: 10:16:45.437: file ../../../gio/gfileinfo.c: line 1691 (g_file_info_get_is_symlink): should not be reached

(lxpanel:6867): GLib-GIO-CRITICAL **: 10:16:45.437: GFileInfo created without standard::is-symlink

(lxpanel:6867): GLib-GIO-CRITICAL **: 10:16:45.437: file ../../../gio/gfileinfo.c: line 1691 (g_file_info_get_is_symlink): should not be reached

(lxpanel:6867): GLib-GIO-CRITICAL **: 10:16:45.437: GFileInfo created without standard::is-symlink

(lxpanel:6867): GLib-GIO-CRITICAL **: 10:16:45.437: file ../../../gio/gfileinfo.c: line 1691 (g_file_info_get_is_symlink): should not be reached

(lxpanel:6867): GLib-GIO-CRITICAL **: 10:16:45.437: GFileInfo created without standard::is-symlink

(lxpanel:6867): GLib-GIO-CRITICAL **: 10:16:45.437: file ../../../gio/gfileinfo.c: line 1691 (g_file_info_get_is_symlink): should not be reached

(lxpanel:6867): GLib-GIO-CRITICAL **: 10:16:45.437: GFileInfo created without standard::is-symlink

(lxpanel:6867): GLib-GIO-CRITICAL **: 10:16:45.437: file ../../../gio/gfileinfo.c: line 1691 (g_file_info_get_is_symlink): should not be reached

(lxpanel:6867): GLib-GIO-CRITICAL **: 10:16:45.437: GFileInfo created without standard::is-symlink

(lxpanel:6867): GLib-GIO-CRITICAL **: 10:16:45.437: file ../../../gio/gfileinfo.c: line 1691 (g_file_info_get_is_symlink): should not be reached

(lxpanel:6867): GLib-GIO-CRITICAL **: 10:16:45.437: GFileInfo created without standard::is-symlink

(lxpanel:6867): GLib-GIO-CRITICAL **: 10:16:45.437: GFileInfo created without standard::is-symlink

(lxpanel:6867): GLib-GIO-CRITICAL **: 10:16:45.437: file ../../../gio/gfileinfo.c: line 1691 (g_file_info_get_is_symlink): should not be reached

(lxpanel:6867): GLib-GIO-CRITICAL **: 10:16:45.437: file ../../../gio/gfileinfo.c: line 1691 (g_file_info_get_is_symlink): should not be reached

(lxpanel:6867): GLib-GIO-CRITICAL **: 10:16:45.437: GFileInfo created without standard::is-symlink

(lxpanel:6867): GLib-GIO-CRITICAL **: 10:16:45.437: GFileInfo created without standard::is-symlink

(lxpanel:6867): GLib-GIO-CRITICAL **: 10:16:45.437: file ../../../gio/gfileinfo.c: line 1691 (g_file_info_get_is_symlink): should not be reached

(lxpanel:6867): GLib-GIO-CRITICAL **: 10:16:45.437: file ../../../gio/gfileinfo.c: line 1691 (g_file_info_get_is_symlink): should not be reached

(lxpanel:6867): GLib-GIO-CRITICAL **: 10:16:45.437: GFileInfo created without standard::is-symlink

(lxpanel:6867): GLib-GIO-CRITICAL **: 10:16:45.437: GFileInfo created without standard::is-symlink

(lxpanel:6867): GLib-GIO-CRITICAL **: 10:16:45.437: file ../../../gio/gfileinfo.c: line 1691 (g_file_info_get_is_symlink): should not be reached

(lxpanel:6867): GLib-GIO-CRITICAL **: 10:16:45.437: file ../../../gio/gfileinfo.c: line 1691 (g_file_info_get_is_symlink): should not be reached

(lxpanel:6867): GLib-GIO-CRITICAL **: 10:16:45.437: GFileInfo created without standard::is-symlink

(lxpanel:6867): GLib-GIO-CRITICAL **: 10:16:45.437: GFileInfo created without standard::is-symlink

(lxpanel:6867): GLib-GIO-CRITICAL **: 10:16:45.437: file ../../../gio/gfileinfo.c: line 1691 (g_file_info_get_is_symlink): should not be reached

(lxpanel:6867): GLib-GIO-CRITICAL **: 10:16:45.437: file ../../../gio/gfileinfo.c: line 1691 (g_file_info_get_is_symlink): should not be reached

(lxpanel:6867): GLib-GIO-CRITICAL **: 10:16:45.437: GFileInfo created without standard::is-symlink

(lxpanel:6867): GLib-GIO-CRITICAL **: 10:16:45.437: file ../../../gio/gfileinfo.c: line 1691 (g_file_info_get_is_symlink): should not be reached

(lxpanel:6867): GLib-GIO-CRITICAL **: 10:16:45.437: GFileInfo created without standard::is-symlink

(lxpanel:6867): GLib-GIO-CRITICAL **: 10:16:45.437: file ../../../gio/gfileinfo.c: line 1691 (g_file_info_get_is_symlink): should not be reached

(lxpanel:6867): GLib-GIO-CRITICAL **: 10:16:45.437: GFileInfo created without standard::is-symlink

(lxpanel:6867): GLib-GIO-CRITICAL **: 10:16:45.437: file ../../../gio/gfileinfo.c: line 1691 (g_file_info_get_is_symlink): should not be reached

(lxpanel:6867): GLib-GIO-CRITICAL **: 10:16:45.437: GFileInfo created without standard::is-symlink

(lxpanel:6867): GLib-GIO-CRITICAL **: 10:16:45.437: file ../../../gio/gfileinfo.c: line 1691 (g_file_info_get_is_symlink): should not be reached

(lxpanel:6867): GLib-GIO-CRITICAL **: 10:16:45.437: GFileInfo created without standard::is-symlink

(lxpanel:6867): GLib-GIO-CRITICAL **: 10:16:45.437: file ../../../gio/gfileinfo.c: line 1691 (g_file_info_get_is_symlink): should not be reached

(lxpanel:6867): GLib-GIO-CRITICAL **: 10:16:45.437: GFileInfo created without standard::is-symlink

(lxpanel:6867): GLib-GIO-CRITICAL **: 10:16:45.437: file ../../../gio/gfileinfo.c: line 1691 (g_file_info_get_is_symlink): should not be reached

(lxpanel:6867): GLib-GIO-CRITICAL **: 10:16:45.437: GFileInfo created without standard::is-symlink

(lxpanel:6867): GLib-GIO-CRITICAL **: 10:16:45.437: file ../../../gio/gfileinfo.c: line 1691 (g_file_info_get_is_symlink): should not be reached

(lxpanel:6867): GLib-GIO-CRITICAL **: 10:16:45.437: GFileInfo created without standard::is-symlink

(lxpanel:6867): GLib-GIO-CRITICAL **: 10:16:45.437: file ../../../gio/gfileinfo.c: line 1691 (g_file_info_get_is_symlink): should not be reached

(lxpanel:6867): GLib-GIO-CRITICAL **: 10:16:45.437: GFileInfo created without standard::is-symlink

(lxpanel:6867): GLib-GIO-CRITICAL **: 10:16:45.437: file ../../../gio/gfileinfo.c: line 1691 (g_file_info_get_is_symlink): should not be reached

(lxpanel:6867): GLib-GIO-CRITICAL **: 10:16:45.437: GFileInfo created without standard::is-symlink

(lxpanel:6867): GLib-GIO-CRITICAL **: 10:16:45.437: file ../../../gio/gfileinfo.c: line 1691 (g_file_info_get_is_symlink): should not be reached

(lxpanel:6867): GLib-GIO-CRITICAL **: 10:16:45.437: GFileInfo created without standard::is-symlink

(lxpanel:6867): GLib-GIO-CRITICAL **: 10:16:45.437: file ../../../gio/gfileinfo.c: line 1691 (g_file_info_get_is_symlink): should not be reached

(lxpanel:6867): GLib-GIO-CRITICAL **: 10:16:45.437: GFileInfo created without standard::is-symlink

(lxpanel:6867): GLib-GIO-CRITICAL **: 10:16:45.437: file ../../../gio/gfileinfo.c: line 1691 (g_file_info_get_is_symlink): should not be reached

(lxpanel:6867): GLib-GIO-CRITICAL **: 10:16:45.437: GFileInfo created without standard::is-symlink

(lxpanel:6867): GLib-GIO-CRITICAL **: 10:16:45.437: file ../../../gio/gfileinfo.c: line 1691 (g_file_info_get_is_symlink): should not be reached

(lxpanel:6867): GLib-GIO-CRITICAL **: 10:16:45.437: GFileInfo created without standard::is-symlink

(lxpanel:6867): GLib-GIO-CRITICAL **: 10:16:45.437: file ../../../gio/gfileinfo.c: line 1691 (g_file_info_get_is_symlink): should not be reached

(lxpanel:6867): GLib-GIO-CRITICAL **: 10:16:45.437: GFileInfo created without standard::is-symlink

(lxpanel:6867): GLib-GIO-CRITICAL **: 10:16:45.437: file ../../../gio/gfileinfo.c: line 1691 (g_file_info_get_is_symlink): should not be reached

(lxpanel:6867): GLib-GIO-CRITICAL **: 10:16:45.437: GFileInfo created without standard::is-symlink

(lxpanel:6867): GLib-GIO-CRITICAL **: 10:16:45.437: file ../../../gio/gfileinfo.c: line 1691 (g_file_info_get_is_symlink): should not be reached

(lxpanel:6867): GLib-GIO-CRITICAL **: 10:16:45.437: GFileInfo created without standard::is-symlink

(lxpanel:6867): GLib-GIO-CRITICAL **: 10:16:45.437: file ../../../gio/gfileinfo.c: line 1691 (g_file_info_get_is_symlink): should not be reached

(lxpanel:6867): GLib-GIO-CRITICAL **: 10:16:45.437: GFileInfo created without standard::is-symlink

(lxpanel:6867): GLib-GIO-CRITICAL **: 10:16:45.437: file ../../../gio/gfileinfo.c: line 1691 (g_file_info_get_is_symlink): should not be reached

(lxpanel:6867): GLib-GIO-CRITICAL **: 10:16:45.438: GFileInfo created without standard::is-symlink

(lxpanel:6867): GLib-GIO-CRITICAL **: 10:16:45.438: file ../../../gio/gfileinfo.c: line 1691 (g_file_info_get_is_symlink): should not be reached

(lxpanel:6867): GLib-GIO-CRITICAL **: 10:16:45.438: GFileInfo created without standard::is-symlink

(lxpanel:6867): GLib-GIO-CRITICAL **: 10:16:45.438: file ../../../gio/gfileinfo.c: line 1691 (g_file_info_get_is_symlink): should not be reached

(lxpanel:6867): GLib-GIO-CRITICAL **: 10:16:45.438: GFileInfo created without standard::is-symlink

(lxpanel:6867): GLib-GIO-CRITICAL **: 10:16:45.438: file ../../../gio/gfileinfo.c: line 1691 (g_file_info_get_is_symlink): should not be reached

(lxpanel:6867): GLib-GIO-CRITICAL **: 10:16:45.438: GFileInfo created without standard::is-symlink

(lxpanel:6867): GLib-GIO-CRITICAL **: 10:16:45.438: file ../../../gio/gfileinfo.c: line 1691 (g_file_info_get_is_symlink): should not be reached

(lxpanel:6867): GLib-GIO-CRITICAL **: 10:16:45.438: GFileInfo created without standard::is-symlink

(lxpanel:6867): GLib-GIO-CRITICAL **: 10:16:45.438: file ../../../gio/gfileinfo.c: line 1691 (g_file_info_get_is_symlink): should not be reached

(lxpanel:6867): GLib-GIO-CRITICAL **: 10:16:45.438: GFileInfo created without standard::is-symlink

(lxpanel:6867): GLib-GIO-CRITICAL **: 10:16:45.438: file ../../../gio/gfileinfo.c: line 1691 (g_file_info_get_is_symlink): should not be reached

(lxpanel:6867): GLib-GIO-CRITICAL **: 10:16:45.438: GFileInfo created without standard::is-symlink

(lxpanel:6867): GLib-GIO-CRITICAL **: 10:16:45.438: file ../../../gio/gfileinfo.c: line 1691 (g_file_info_get_is_symlink): should not be reached

(lxpanel:6867): GLib-GIO-CRITICAL **: 10:16:45.438: GFileInfo created without standard::is-symlink

(lxpanel:6867): GLib-GIO-CRITICAL **: 10:16:45.438: file ../../../gio/gfileinfo.c: line 1691 (g_file_info_get_is_symlink): should not be reached

(lxpanel:6867): GLib-GIO-CRITICAL **: 10:16:45.438: GFileInfo created without standard::is-symlink

(lxpanel:6867): GLib-GIO-CRITICAL **: 10:16:45.438: file ../../../gio/gfileinfo.c: line 1691 (g_file_info_get_is_symlink): should not be reached

(lxpanel:6867): GLib-GIO-CRITICAL **: 10:16:45.438: GFileInfo created without standard::is-symlink

(lxpanel:6867): GLib-GIO-CRITICAL **: 10:16:45.438: file ../../../gio/gfileinfo.c: line 1691 (g_file_info_get_is_symlink): should not be reached

(lxpanel:6867): GLib-GIO-CRITICAL **: 10:16:45.438: GFileInfo created without standard::is-symlink

(lxpanel:6867): GLib-GIO-CRITICAL **: 10:16:45.438: file ../../../gio/gfileinfo.c: line 1691 (g_file_info_get_is_symlink): should not be reached

(lxpanel:6867): GLib-GIO-CRITICAL **: 10:16:45.438: GFileInfo created without standard::is-symlink

(lxpanel:6867): GLib-GIO-CRITICAL **: 10:16:45.438: file ../../../gio/gfileinfo.c: line 1691 (g_file_info_get_is_symlink): should not be reached

(lxpanel:6867): GLib-GIO-CRITICAL **: 10:16:45.438: GFileInfo created without standard::is-symlink

(lxpanel:6867): GLib-GIO-CRITICAL **: 10:16:45.438: file ../../../gio/gfileinfo.c: line 1691 (g_file_info_get_is_symlink): should not be reached

(lxpanel:6867): GLib-GIO-CRITICAL **: 10:16:45.438: GFileInfo created without standard::is-symlink

(lxpanel:6867): GLib-GIO-CRITICAL **: 10:16:45.438: file ../../../gio/gfileinfo.c: line 1691 (g_file_info_get_is_symlink): should not be reached

(lxpanel:6867): GLib-GIO-CRITICAL **: 10:16:45.438: GFileInfo created without standard::is-symlink

(lxpanel:6867): GLib-GIO-CRITICAL **: 10:16:45.438: file ../../../gio/gfileinfo.c: line 1691 (g_file_info_get_is_symlink): should not be reached

(lxpanel:6867): GLib-GIO-CRITICAL **: 10:16:45.438: GFileInfo created without standard::is-symlink

(lxpanel:6867): GLib-GIO-CRITICAL **: 10:16:45.438: file ../../../gio/gfileinfo.c: line 1691 (g_file_info_get_is_symlink): should not be reached

(lxpanel:6867): GLib-GIO-CRITICAL **: 10:16:45.438: GFileInfo created without standard::is-symlink

(lxpanel:6867): GLib-GIO-CRITICAL **: 10:16:45.438: file ../../../gio/gfileinfo.c: line 1691 (g_file_info_get_is_symlink): should not be reached

(lxpanel:6867): GLib-GIO-CRITICAL **: 10:16:45.438: GFileInfo created without standard::is-symlink

(lxpanel:6867): GLib-GIO-CRITICAL **: 10:16:45.438: file ../../../gio/gfileinfo.c: line 1691 (g_file_info_get_is_symlink): should not be reached

(lxpanel:6867): GLib-GIO-CRITICAL **: 10:16:45.438: GFileInfo created without standard::is-symlink

(lxpanel:6867): GLib-GIO-CRITICAL **: 10:16:45.438: file ../../../gio/gfileinfo.c: line 1691 (g_file_info_get_is_symlink): should not be reached

(lxpanel:6867): GLib-GIO-CRITICAL **: 10:16:45.438: GFileInfo created without standard::is-symlink

(lxpanel:6867): GLib-GIO-CRITICAL **: 10:16:45.438: file ../../../gio/gfileinfo.c: line 1691 (g_file_info_get_is_symlink): should not be reached

(lxpanel:6867): GLib-GIO-CRITICAL **: 10:16:45.438: GFileInfo created without standard::is-symlink

(lxpanel:6867): GLib-GIO-CRITICAL **: 10:16:45.438: file ../../../gio/gfileinfo.c: line 1691 (g_file_info_get_is_symlink): should not be reached

(lxpanel:6867): GLib-GIO-CRITICAL **: 10:16:45.438: GFileInfo created without standard::is-symlink

(lxpanel:6867): GLib-GIO-CRITICAL **: 10:16:45.438: file ../../../gio/gfileinfo.c: line 1691 (g_file_info_get_is_symlink): should not be reached

(lxpanel:6867): dbind-WARNING **: 10:21:57.293: AT-SPI: Error retrieving accessibility bus address: org.freedesktop.DBus.Error.ServiceUnknown: The name org.a11y.Bus was not provided by any .service files

(lxpanel:6867): GLib-GIO-CRITICAL **: 10:21:57.404: GFileInfo created without standard::edit-name

(lxpanel:6867): GLib-GIO-CRITICAL **: 10:21:57.404: GFileInfo created without standard::edit-name

(lxpanel:6867): GLib-GIO-CRITICAL **: 10:21:57.404: file ../../../gio/gfileinfo.c: line 1757 (g_file_info_get_edit_name): should not be reached

(lxpanel:6867): GLib-GIO-CRITICAL **: 10:21:57.404: file ../../../gio/gfileinfo.c: line 1757 (g_file_info_get_edit_name): should not be reached

(lxpanel:6867): GLib-GIO-CRITICAL **: 10:21:57.404: GFileInfo created without standard::size

(lxpanel:6867): GLib-GIO-CRITICAL **: 10:21:57.404: GFileInfo created without standard::size

(lxpanel:6867): GLib-GIO-CRITICAL **: 10:21:57.404: file ../../../gio/gfileinfo.c: line 1860 (g_file_info_get_size): should not be reached

(lxpanel:6867): GLib-GIO-CRITICAL **: 10:21:57.404: file ../../../gio/gfileinfo.c: line 1860 (g_file_info_get_size): should not be reached

(lxpanel:6867): GLib-GIO-CRITICAL **: 10:21:57.404: GFileInfo created without standard::content-type

(lxpanel:6867): GLib-GIO-CRITICAL **: 10:21:57.404: GFileInfo created without standard::content-type

(lxpanel:6867): GLib-GIO-CRITICAL **: 10:21:57.404: file ../../../gio/gfileinfo.c: line 1836 (g_file_info_get_content_type): should not be reached

(lxpanel:6867): GLib-GIO-CRITICAL **: 10:21:57.404: file ../../../gio/gfileinfo.c: line 1836 (g_file_info_get_content_type): should not be reached

(lxpanel:6867): GLib-GIO-CRITICAL **: 10:21:57.404: GFileInfo created without standard::is-symlink

(lxpanel:6867): GLib-GIO-CRITICAL **: 10:21:57.404: GFileInfo created without standard::is-symlink

(lxpanel:6867): GLib-GIO-CRITICAL **: 10:21:57.404: file ../../../gio/gfileinfo.c: line 1691 (g_file_info_get_is_symlink): should not be reached

(lxpanel:6867): GLib-GIO-CRITICAL **: 10:21:57.404: file ../../../gio/gfileinfo.c: line 1691 (g_file_info_get_is_symlink): should not be reached

(lxpanel:6867): GLib-GIO-CRITICAL **: 10:21:57.404: GFileInfo created without standard::is-hidden

(lxpanel:6867): GLib-GIO-CRITICAL **: 10:21:57.404: GFileInfo created without standard::is-hidden

(lxpanel:6867): GLib-GIO-CRITICAL **: 10:21:57.404: file ../../../gio/gfileinfo.c: line 1647 (g_file_info_get_is_hidden): should not be reached

(lxpanel:6867): GLib-GIO-CRITICAL **: 10:21:57.404: file ../../../gio/gfileinfo.c: line 1647 (g_file_info_get_is_hidden): should not be reached

(lxpanel:6867): GLib-GIO-CRITICAL **: 10:21:57.404: GFileInfo created without standard::is-backup

(lxpanel:6867): GLib-GIO-CRITICAL **: 10:21:57.404: file ../../../gio/gfileinfo.c: line 1669 (g_file_info_get_is_backup): should not be reached

(lxpanel:6867): GLib-GIO-CRITICAL **: 10:21:57.404: GFileInfo created without standard::is-backup

(lxpanel:6867): GLib-GIO-CRITICAL **: 10:21:57.404: file ../../../gio/gfileinfo.c: line 1669 (g_file_info_get_is_backup): should not be reached

(lxpanel:6867): GLib-GIO-CRITICAL **: 10:21:57.404: GFileInfo created without standard::is-symlink

(lxpanel:6867): GLib-GIO-CRITICAL **: 10:21:57.404: GFileInfo created without standard::is-symlink

(lxpanel:6867): GLib-GIO-CRITICAL **: 10:21:57.404: file ../../../gio/gfileinfo.c: line 1691 (g_file_info_get_is_symlink): should not be reached

(lxpanel:6867): GLib-GIO-CRITICAL **: 10:21:57.404: file ../../../gio/gfileinfo.c: line 1691 (g_file_info_get_is_symlink): should not be reached

(lxpanel:6867): GLib-GIO-CRITICAL **: 10:21:57.405: GFileInfo created without standard::is-symlink

(lxpanel:6867): GLib-GIO-CRITICAL **: 10:21:57.405: GFileInfo created without standard::is-symlink

(lxpanel:6867): GLib-GIO-CRITICAL **: 10:21:57.405: file ../../../gio/gfileinfo.c: line 1691 (g_file_info_get_is_symlink): should not be reached

(lxpanel:6867): GLib-GIO-CRITICAL **: 10:21:57.405: file ../../../gio/gfileinfo.c: line 1691 (g_file_info_get_is_symlink): should not be reached

(lxpanel:6867): GLib-GIO-CRITICAL **: 10:21:57.405: GFileInfo created without standard::is-symlink

(lxpanel:6867): GLib-GIO-CRITICAL **: 10:21:57.405: GFileInfo created without standard::is-symlink

(lxpanel:6867): GLib-GIO-CRITICAL **: 10:21:57.405: file ../../../gio/gfileinfo.c: line 1691 (g_file_info_get_is_symlink): should not be reached

(lxpanel:6867): GLib-GIO-CRITICAL **: 10:21:57.405: file ../../../gio/gfileinfo.c: line 1691 (g_file_info_get_is_symlink): should not be reached

(lxpanel:6867): GLib-GIO-CRITICAL **: 10:21:57.405: GFileInfo created without standard::is-symlink

(lxpanel:6867): GLib-GIO-CRITICAL **: 10:21:57.405: GFileInfo created without standard::is-symlink

(lxpanel:6867): GLib-GIO-CRITICAL **: 10:21:57.405: file ../../../gio/gfileinfo.c: line 1691 (g_file_info_get_is_symlink): should not be reached

(lxpanel:6867): GLib-GIO-CRITICAL **: 10:21:57.405: file ../../../gio/gfileinfo.c: line 1691 (g_file_info_get_is_symlink): should not be reached

(lxpanel:6867): GLib-GIO-CRITICAL **: 10:21:57.405: GFileInfo created without standard::is-symlink

(lxpanel:6867): GLib-GIO-CRITICAL **: 10:21:57.405: GFileInfo created without standard::is-symlink

(lxpanel:6867): GLib-GIO-CRITICAL **: 10:21:57.405: file ../../../gio/gfileinfo.c: line 1691 (g_file_info_get_is_symlink): should not be reached

(lxpanel:6867): GLib-GIO-CRITICAL **: 10:21:57.405: file ../../../gio/gfileinfo.c: line 1691 (g_file_info_get_is_symlink): should not be reached

(lxpanel:6867): GLib-GIO-CRITICAL **: 10:21:57.405: GFileInfo created without standard::is-symlink

(lxpanel:6867): GLib-GIO-CRITICAL **: 10:21:57.405: GFileInfo created without standard::is-symlink

(lxpanel:6867): GLib-GIO-CRITICAL **: 10:21:57.405: file ../../../gio/gfileinfo.c: line 1691 (g_file_info_get_is_symlink): should not be reached

(lxpanel:6867): GLib-GIO-CRITICAL **: 10:21:57.405: file ../../../gio/gfileinfo.c: line 1691 (g_file_info_get_is_symlink): should not be reached

(lxpanel:6867): GLib-GIO-CRITICAL **: 10:21:57.405: GFileInfo created without standard::is-symlink

(lxpanel:6867): GLib-GIO-CRITICAL **: 10:21:57.405: GFileInfo created without standard::is-symlink

(lxpanel:6867): GLib-GIO-CRITICAL **: 10:21:57.405: file ../../../gio/gfileinfo.c: line 1691 (g_file_info_get_is_symlink): should not be reached

(lxpanel:6867): GLib-GIO-CRITICAL **: 10:21:57.405: file ../../../gio/gfileinfo.c: line 1691 (g_file_info_get_is_symlink): should not be reached

(lxpanel:6867): GLib-GIO-CRITICAL **: 10:21:57.405: GFileInfo created without standard::is-symlink

(lxpanel:6867): GLib-GIO-CRITICAL **: 10:21:57.405: GFileInfo created without standard::is-symlink

(lxpanel:6867): GLib-GIO-CRITICAL **: 10:21:57.405: file ../../../gio/gfileinfo.c: line 1691 (g_file_info_get_is_symlink): should not be reached

(lxpanel:6867): GLib-GIO-CRITICAL **: 10:21:57.405: file ../../../gio/gfileinfo.c: line 1691 (g_file_info_get_is_symlink): should not be reached

(lxpanel:6867): GLib-GIO-CRITICAL **: 10:21:57.405: GFileInfo created without standard::is-symlink

(lxpanel:6867): GLib-GIO-CRITICAL **: 10:21:57.405: GFileInfo created without standard::is-symlink

(lxpanel:6867): GLib-GIO-CRITICAL **: 10:21:57.405: file ../../../gio/gfileinfo.c: line 1691 (g_file_info_get_is_symlink): should not be reached

(lxpanel:6867): GLib-GIO-CRITICAL **: 10:21:57.405: file ../../../gio/gfileinfo.c: line 1691 (g_file_info_get_is_symlink): should not be reached

(lxpanel:6867): GLib-GIO-CRITICAL **: 10:21:57.405: GFileInfo created without standard::is-symlink

(lxpanel:6867): GLib-GIO-CRITICAL **: 10:21:57.405: GFileInfo created without standard::is-symlink

(lxpanel:6867): GLib-GIO-CRITICAL **: 10:21:57.405: file ../../../gio/gfileinfo.c: line 1691 (g_file_info_get_is_symlink): should not be reached

(lxpanel:6867): GLib-GIO-CRITICAL **: 10:21:57.405: file ../../../gio/gfileinfo.c: line 1691 (g_file_info_get_is_symlink): should not be reached

(lxpanel:6867): GLib-GIO-CRITICAL **: 10:21:57.405: GFileInfo created without standard::is-symlink

(lxpanel:6867): GLib-GIO-CRITICAL **: 10:21:57.405: file ../../../gio/gfileinfo.c: line 1691 (g_file_info_get_is_symlink): should not be reached

(lxpanel:6867): GLib-GIO-CRITICAL **: 10:21:57.405: GFileInfo created without standard::is-symlink

(lxpanel:6867): GLib-GIO-CRITICAL **: 10:21:57.405: file ../../../gio/gfileinfo.c: line 1691 (g_file_info_get_is_symlink): should not be reached

(lxpanel:6867): GLib-GIO-CRITICAL **: 10:21:57.405: GFileInfo created without standard::is-symlink

(lxpanel:6867): GLib-GIO-CRITICAL **: 10:21:57.405: file ../../../gio/gfileinfo.c: line 1691 (g_file_info_get_is_symlink): should not be reached

(lxpanel:6867): GLib-GIO-CRITICAL **: 10:21:57.405: GFileInfo created without standard::is-symlink

(lxpanel:6867): GLib-GIO-CRITICAL **: 10:21:57.405: file ../../../gio/gfileinfo.c: line 1691 (g_file_info_get_is_symlink): should not be reached

(lxpanel:6867): GLib-GIO-CRITICAL **: 10:21:57.405: GFileInfo created without standard::is-symlink

(lxpanel:6867): GLib-GIO-CRITICAL **: 10:21:57.405: file ../../../gio/gfileinfo.c: line 1691 (g_file_info_get_is_symlink): should not be reached

(lxpanel:6867): GLib-GIO-CRITICAL **: 10:21:57.405: GFileInfo created without standard::is-symlink

(lxpanel:6867): GLib-GIO-CRITICAL **: 10:21:57.405: GFileInfo created without standard::is-symlink

(lxpanel:6867): GLib-GIO-CRITICAL **: 10:21:57.405: file ../../../gio/gfileinfo.c: line 1691 (g_file_info_get_is_symlink): should not be reached

(lxpanel:6867): GLib-GIO-CRITICAL **: 10:21:57.405: file ../../../gio/gfileinfo.c: line 1691 (g_file_info_get_is_symlink): should not be reached

(lxpanel:6867): GLib-GIO-CRITICAL **: 10:21:57.405: GFileInfo created without standard::is-symlink

(lxpanel:6867): GLib-GIO-CRITICAL **: 10:21:57.405: file ../../../gio/gfileinfo.c: line 1691 (g_file_info_get_is_symlink): should not be reached

(lxpanel:6867): GLib-GIO-CRITICAL **: 10:21:57.405: GFileInfo created without standard::is-symlink

(lxpanel:6867): GLib-GIO-CRITICAL **: 10:21:57.405: file ../../../gio/gfileinfo.c: line 1691 (g_file_info_get_is_symlink): should not be reached

(lxpanel:6867): GLib-GIO-CRITICAL **: 10:21:57.405: GFileInfo created without standard::is-symlink

(lxpanel:6867): GLib-GIO-CRITICAL **: 10:21:57.405: file ../../../gio/gfileinfo.c: line 1691 (g_file_info_get_is_symlink): should not be reached

(lxpanel:6867): GLib-GIO-CRITICAL **: 10:21:57.405: GFileInfo created without standard::is-symlink

(lxpanel:6867): GLib-GIO-CRITICAL **: 10:21:57.405: file ../../../gio/gfileinfo.c: line 1691 (g_file_info_get_is_symlink): should not be reached

(lxpanel:6867): GLib-GIO-CRITICAL **: 10:21:57.405: GFileInfo created without standard::is-symlink

(lxpanel:6867): GLib-GIO-CRITICAL **: 10:21:57.405: file ../../../gio/gfileinfo.c: line 1691 (g_file_info_get_is_symlink): should not be reached

(lxpanel:6867): GLib-GIO-CRITICAL **: 10:21:57.405: GFileInfo created without standard::is-symlink

(lxpanel:6867): GLib-GIO-CRITICAL **: 10:21:57.405: file ../../../gio/gfileinfo.c: line 1691 (g_file_info_get_is_symlink): should not be reached

(lxpanel:6867): GLib-GIO-CRITICAL **: 10:21:57.405: GFileInfo created without standard::is-symlink

(lxpanel:6867): GLib-GIO-CRITICAL **: 10:21:57.405: file ../../../gio/gfileinfo.c: line 1691 (g_file_info_get_is_symlink): should not be reached

(lxpanel:6867): GLib-GIO-CRITICAL **: 10:21:57.405: GFileInfo created without standard::is-symlink

(lxpanel:6867): GLib-GIO-CRITICAL **: 10:21:57.405: file ../../../gio/gfileinfo.c: line 1691 (g_file_info_get_is_symlink): should not be reached

(lxpanel:6867): GLib-GIO-CRITICAL **: 10:21:57.405: GFileInfo created without standard::is-symlink

(lxpanel:6867): GLib-GIO-CRITICAL **: 10:21:57.405: file ../../../gio/gfileinfo.c: line 1691 (g_file_info_get_is_symlink): should not be reached

(lxpanel:6867): GLib-GIO-CRITICAL **: 10:21:57.405: GFileInfo created without standard::is-symlink

(lxpanel:6867): GLib-GIO-CRITICAL **: 10:21:57.405: file ../../../gio/gfileinfo.c: line 1691 (g_file_info_get_is_symlink): should not be reached

(lxpanel:6867): GLib-GIO-CRITICAL **: 10:21:57.405: GFileInfo created without standard::is-symlink

(lxpanel:6867): GLib-GIO-CRITICAL **: 10:21:57.405: file ../../../gio/gfileinfo.c: line 1691 (g_file_info_get_is_symlink): should not be reached

(lxpanel:6867): GLib-GIO-CRITICAL **: 10:21:57.405: GFileInfo created without standard::is-symlink

(lxpanel:6867): GLib-GIO-CRITICAL **: 10:21:57.405: file ../../../gio/gfileinfo.c: line 1691 (g_file_info_get_is_symlink): should not be reached

(lxpanel:6867): GLib-GIO-CRITICAL **: 10:21:57.405: GFileInfo created without standard::is-symlink

(lxpanel:6867): GLib-GIO-CRITICAL **: 10:21:57.405: file ../../../gio/gfileinfo.c: line 1691 (g_file_info_get_is_symlink): should not be reached

(lxpanel:6867): GLib-GIO-CRITICAL **: 10:21:57.405: GFileInfo created without standard::is-symlink

(lxpanel:6867): GLib-GIO-CRITICAL **: 10:21:57.405: file ../../../gio/gfileinfo.c: line 1691 (g_file_info_get_is_symlink): should not be reached

(lxpanel:6867): GLib-GIO-CRITICAL **: 10:21:57.405: GFileInfo created without standard::is-symlink

(lxpanel:6867): GLib-GIO-CRITICAL **: 10:21:57.405: file ../../../gio/gfileinfo.c: line 1691 (g_file_info_get_is_symlink): should not be reached

(lxpanel:6867): GLib-GIO-CRITICAL **: 10:21:57.405: GFileInfo created without standard::is-symlink

(lxpanel:6867): GLib-GIO-CRITICAL **: 10:21:57.405: file ../../../gio/gfileinfo.c: line 1691 (g_file_info_get_is_symlink): should not be reached

(lxpanel:6867): GLib-GIO-CRITICAL **: 10:21:57.405: GFileInfo created without standard::is-symlink

(lxpanel:6867): GLib-GIO-CRITICAL **: 10:21:57.405: file ../../../gio/gfileinfo.c: line 1691 (g_file_info_get_is_symlink): should not be reached

(lxpanel:6867): GLib-GIO-CRITICAL **: 10:21:57.405: GFileInfo created without standard::is-symlink

(lxpanel:6867): GLib-GIO-CRITICAL **: 10:21:57.405: file ../../../gio/gfileinfo.c: line 1691 (g_file_info_get_is_symlink): should not be reached

(lxpanel:6867): GLib-GIO-CRITICAL **: 10:21:57.405: GFileInfo created without standard::is-symlink

(lxpanel:6867): GLib-GIO-CRITICAL **: 10:21:57.405: file ../../../gio/gfileinfo.c: line 1691 (g_file_info_get_is_symlink): should not be reached

(lxpanel:6867): GLib-GIO-CRITICAL **: 10:21:57.405: GFileInfo created without standard::is-symlink

(lxpanel:6867): GLib-GIO-CRITICAL **: 10:21:57.405: file ../../../gio/gfileinfo.c: line 1691 (g_file_info_get_is_symlink): should not be reached

(lxpanel:6867): GLib-GIO-CRITICAL **: 10:21:57.405: GFileInfo created without standard::is-symlink

(lxpanel:6867): GLib-GIO-CRITICAL **: 10:21:57.405: file ../../../gio/gfileinfo.c: line 1691 (g_file_info_get_is_symlink): should not be reached

(lxpanel:6867): GLib-GIO-CRITICAL **: 10:21:57.405: GFileInfo created without standard::is-symlink

(lxpanel:6867): GLib-GIO-CRITICAL **: 10:21:57.405: file ../../../gio/gfileinfo.c: line 1691 (g_file_info_get_is_symlink): should not be reached

(lxpanel:6867): GLib-GIO-CRITICAL **: 10:21:57.405: GFileInfo created without standard::is-symlink

(lxpanel:6867): GLib-GIO-CRITICAL **: 10:21:57.405: GFileInfo created without standard::is-symlink

(lxpanel:6867): GLib-GIO-CRITICAL **: 10:21:57.405: file ../../../gio/gfileinfo.c: line 1691 (g_file_info_get_is_symlink): should not be reached

(lxpanel:6867): GLib-GIO-CRITICAL **: 10:21:57.405: file ../../../gio/gfileinfo.c: line 1691 (g_file_info_get_is_symlink): should not be reached

(lxpanel:6867): GLib-GIO-CRITICAL **: 10:21:57.405: GFileInfo created without standard::is-symlink

(lxpanel:6867): GLib-GIO-CRITICAL **: 10:21:57.405: file ../../../gio/gfileinfo.c: line 1691 (g_file_info_get_is_symlink): should not be reached

(lxpanel:6867): GLib-GIO-CRITICAL **: 10:21:57.405: GFileInfo created without standard::is-symlink

(lxpanel:6867): GLib-GIO-CRITICAL **: 10:21:57.405: GFileInfo created without standard::is-symlink

(lxpanel:6867): GLib-GIO-CRITICAL **: 10:21:57.405: file ../../../gio/gfileinfo.c: line 1691 (g_file_info_get_is_symlink): should not be reached

(lxpanel:6867): GLib-GIO-CRITICAL **: 10:21:57.405: file ../../../gio/gfileinfo.c: line 1691 (g_file_info_get_is_symlink): should not be reached

(lxpanel:6867): GLib-GIO-CRITICAL **: 10:21:57.405: GFileInfo created without standard::is-symlink

(lxpanel:6867): GLib-GIO-CRITICAL **: 10:21:57.405: GFileInfo created without standard::is-symlink

(lxpanel:6867): GLib-GIO-CRITICAL **: 10:21:57.405: file ../../../gio/gfileinfo.c: line 1691 (g_file_info_get_is_symlink): should not be reached

(lxpanel:6867): GLib-GIO-CRITICAL **: 10:21:57.405: file ../../../gio/gfileinfo.c: line 1691 (g_file_info_get_is_symlink): should not be reached

(lxpanel:6867): GLib-GIO-CRITICAL **: 10:21:57.405: GFileInfo created without standard::is-symlink

(lxpanel:6867): GLib-GIO-CRITICAL **: 10:21:57.405: file ../../../gio/gfileinfo.c: line 1691 (g_file_info_get_is_symlink): should not be reached

(lxpanel:6867): GLib-GIO-CRITICAL **: 10:21:57.405: GFileInfo created without standard::is-symlink

(lxpanel:6867): GLib-GIO-CRITICAL **: 10:21:57.405: file ../../../gio/gfileinfo.c: line 1691 (g_file_info_get_is_symlink): should not be reached

(lxpanel:6867): GLib-GIO-CRITICAL **: 10:21:57.405: GFileInfo created without standard::size

(lxpanel:6867): GLib-GIO-CRITICAL **: 10:21:57.405: file ../../../gio/gfileinfo.c: line 1860 (g_file_info_get_size): should not be reached

(lxpanel:6867): GLib-GIO-CRITICAL **: 10:21:57.405: GFileInfo created without standard::is-symlink

(lxpanel:6867): GLib-GIO-CRITICAL **: 10:21:57.405: file ../../../gio/gfileinfo.c: line 1691 (g_file_info_get_is_symlink): should not be reached

(lxpanel:6867): GLib-GIO-CRITICAL **: 10:21:57.405: GFileInfo created without standard::edit-name

(lxpanel:6867): GLib-GIO-CRITICAL **: 10:21:57.405: file ../../../gio/gfileinfo.c: line 1757 (g_file_info_get_edit_name): should not be reached

(lxpanel:6867): GLib-GIO-CRITICAL **: 10:21:57.405: GFileInfo created without standard::is-symlink

(lxpanel:6867): GLib-GIO-CRITICAL **: 10:21:57.405: GFileInfo created without standard::size

(lxpanel:6867): GLib-GIO-CRITICAL **: 10:21:57.405: file ../../../gio/gfileinfo.c: line 1691 (g_file_info_get_is_symlink): should not be reached

(lxpanel:6867): GLib-GIO-CRITICAL **: 10:21:57.405: file ../../../gio/gfileinfo.c: line 1860 (g_file_info_get_size): should not be reached

(lxpanel:6867): GLib-GIO-CRITICAL **: 10:21:57.405: GFileInfo created without standard::is-symlink

(lxpanel:6867): GLib-GIO-CRITICAL **: 10:21:57.405: file ../../../gio/gfileinfo.c: line 1691 (g_file_info_get_is_symlink): should not be reached

(lxpanel:6867): GLib-GIO-CRITICAL **: 10:21:57.405: GFileInfo created without standard::is-symlink

(lxpanel:6867): GLib-GIO-CRITICAL **: 10:21:57.405: file ../../../gio/gfileinfo.c: line 1691 (g_file_info_get_is_symlink): should not be reached

(lxpanel:6867): GLib-GIO-CRITICAL **: 10:21:57.405: GFileInfo created without standard::is-backup

(lxpanel:6867): GLib-GIO-CRITICAL **: 10:21:57.405: file ../../../gio/gfileinfo.c: line 1669 (g_file_info_get_is_backup): should not be reached

(lxpanel:6867): GLib-GIO-CRITICAL **: 10:21:57.405: GFileInfo created without standard::is-symlink

(lxpanel:6867): GLib-GIO-CRITICAL **: 10:21:57.405: GFileInfo created without standard::is-symlink

(lxpanel:6867): GLib-GIO-CRITICAL **: 10:21:57.405: file ../../../gio/gfileinfo.c: line 1691 (g_file_info_get_is_symlink): should not be reached

(lxpanel:6867): GLib-GIO-CRITICAL **: 10:21:57.405: file ../../../gio/gfileinfo.c: line 1691 (g_file_info_get_is_symlink): should not be reached

(lxpanel:6867): GLib-GIO-CRITICAL **: 10:21:57.405: GFileInfo created without standard::is-symlink

(lxpanel:6867): GLib-GIO-CRITICAL **: 10:21:57.405: GFileInfo created without standard::is-symlink

(lxpanel:6867): GLib-GIO-CRITICAL **: 10:21:57.405: file ../../../gio/gfileinfo.c: line 1691 (g_file_info_get_is_symlink): should not be reached

(lxpanel:6867): GLib-GIO-CRITICAL **: 10:21:57.405: file ../../../gio/gfileinfo.c: line 1691 (g_file_info_get_is_symlink): should not be reached

(lxpanel:6867): GLib-GIO-CRITICAL **: 10:21:57.405: GFileInfo created without standard::is-symlink

(lxpanel:6867): GLib-GIO-CRITICAL **: 10:21:57.405: GFileInfo created without standard::is-symlink

(lxpanel:6867): GLib-GIO-CRITICAL **: 10:21:57.405: file ../../../gio/gfileinfo.c: line 1691 (g_file_info_get_is_symlink): should not be reached

(lxpanel:6867): GLib-GIO-CRITICAL **: 10:21:57.405: file ../../../gio/gfileinfo.c: line 1691 (g_file_info_get_is_symlink): should not be reached

(lxpanel:6867): GLib-GIO-CRITICAL **: 10:21:57.405: GFileInfo created without standard::is-symlink

(lxpanel:6867): GLib-GIO-CRITICAL **: 10:21:57.405: GFileInfo created without standard::is-symlink

(lxpanel:6867): GLib-GIO-CRITICAL **: 10:21:57.405: file ../../../gio/gfileinfo.c: line 1691 (g_file_info_get_is_symlink): should not be reached

(lxpanel:6867): GLib-GIO-CRITICAL **: 10:21:57.405: file ../../../gio/gfileinfo.c: line 1691 (g_file_info_get_is_symlink): should not be reached

(lxpanel:6867): GLib-GIO-CRITICAL **: 10:21:57.405: GFileInfo created without standard::is-symlink

(lxpanel:6867): GLib-GIO-CRITICAL **: 10:21:57.405: GFileInfo created without standard::is-symlink

(lxpanel:6867): GLib-GIO-CRITICAL **: 10:21:57.405: file ../../../gio/gfileinfo.c: line 1691 (g_file_info_get_is_symlink): should not be reached

(lxpanel:6867): GLib-GIO-CRITICAL **: 10:21:57.405: file ../../../gio/gfileinfo.c: line 1691 (g_file_info_get_is_symlink): should not be reached

(lxpanel:6867): GLib-GIO-CRITICAL **: 10:21:57.405: GFileInfo created without standard::is-symlink

(lxpanel:6867): GLib-GIO-CRITICAL **: 10:21:57.405: GFileInfo created without standard::is-symlink

(lxpanel:6867): GLib-GIO-CRITICAL **: 10:21:57.405: file ../../../gio/gfileinfo.c: line 1691 (g_file_info_get_is_symlink): should not be reached

(lxpanel:6867): GLib-GIO-CRITICAL **: 10:21:57.405: file ../../../gio/gfileinfo.c: line 1691 (g_file_info_get_is_symlink): should not be reached

(lxpanel:6867): GLib-GIO-CRITICAL **: 10:21:57.405: GFileInfo created without standard::is-symlink

(lxpanel:6867): GLib-GIO-CRITICAL **: 10:21:57.405: GFileInfo created without standard::is-symlink

(lxpanel:6867): GLib-GIO-CRITICAL **: 10:21:57.405: file ../../../gio/gfileinfo.c: line 1691 (g_file_info_get_is_symlink): should not be reached

(lxpanel:6867): GLib-GIO-CRITICAL **: 10:21:57.405: file ../../../gio/gfileinfo.c: line 1691 (g_file_info_get_is_symlink): should not be reached

(lxpanel:6867): GLib-GIO-CRITICAL **: 10:21:57.405: GFileInfo created without standard::is-symlink

(lxpanel:6867): GLib-GIO-CRITICAL **: 10:21:57.405: GFileInfo created without standard::is-symlink

(lxpanel:6867): GLib-GIO-CRITICAL **: 10:21:57.405: file ../../../gio/gfileinfo.c: line 1691 (g_file_info_get_is_symlink): should not be reached

(lxpanel:6867): GLib-GIO-CRITICAL **: 10:21:57.405: file ../../../gio/gfileinfo.c: line 1691 (g_file_info_get_is_symlink): should not be reached

(lxpanel:6867): GLib-GIO-CRITICAL **: 10:21:57.405: GFileInfo created without standard::is-symlink

(lxpanel:6867): GLib-GIO-CRITICAL **: 10:21:57.405: GFileInfo created without standard::is-symlink

(lxpanel:6867): GLib-GIO-CRITICAL **: 10:21:57.405: file ../../../gio/gfileinfo.c: line 1691 (g_file_info_get_is_symlink): should not be reached

(lxpanel:6867): GLib-GIO-CRITICAL **: 10:21:57.405: file ../../../gio/gfileinfo.c: line 1691 (g_file_info_get_is_symlink): should not be reached

(lxpanel:6867): GLib-GIO-CRITICAL **: 10:21:57.405: GFileInfo created without standard::is-symlink

(lxpanel:6867): GLib-GIO-CRITICAL **: 10:21:57.405: GFileInfo created without standard::is-symlink

(lxpanel:6867): GLib-GIO-CRITICAL **: 10:21:57.405: file ../../../gio/gfileinfo.c: line 1691 (g_file_info_get_is_symlink): should not be reached

(lxpanel:6867): GLib-GIO-CRITICAL **: 10:21:57.405: file ../../../gio/gfileinfo.c: line 1691 (g_file_info_get_is_symlink): should not be reached

(lxpanel:6867): GLib-GIO-CRITICAL **: 10:21:57.405: GFileInfo created without standard::is-symlink

(lxpanel:6867): GLib-GIO-CRITICAL **: 10:21:57.405: GFileInfo created without standard::is-symlink

(lxpanel:6867): GLib-GIO-CRITICAL **: 10:21:57.405: file ../../../gio/gfileinfo.c: line 1691 (g_file_info_get_is_symlink): should not be reached

(lxpanel:6867): GLib-GIO-CRITICAL **: 10:21:57.405: file ../../../gio/gfileinfo.c: line 1691 (g_file_info_get_is_symlink): should not be reached

(lxpanel:6867): GLib-GIO-CRITICAL **: 10:21:57.405: GFileInfo created without standard::is-symlink

(lxpanel:6867): GLib-GIO-CRITICAL **: 10:21:57.405: file ../../../gio/gfileinfo.c: line 1691 (g_file_info_get_is_symlink): should not be reached

(lxpanel:6867): GLib-GIO-CRITICAL **: 10:21:57.405: GFileInfo created without standard::is-symlink

(lxpanel:6867): GLib-GIO-CRITICAL **: 10:21:57.405: file ../../../gio/gfileinfo.c: line 1691 (g_file_info_get_is_symlink): should not be reached

(lxpanel:6867): GLib-GIO-CRITICAL **: 10:21:57.405: GFileInfo created without standard::is-symlink

(lxpanel:6867): GLib-GIO-CRITICAL **: 10:21:57.405: file ../../../gio/gfileinfo.c: line 1691 (g_file_info_get_is_symlink): should not be reached

(lxpanel:6867): GLib-GIO-CRITICAL **: 10:21:57.406: GFileInfo created without standard::is-symlink

(lxpanel:6867): GLib-GIO-CRITICAL **: 10:21:57.406: file ../../../gio/gfileinfo.c: line 1691 (g_file_info_get_is_symlink): should not be reached

(lxpanel:6867): GLib-GIO-CRITICAL **: 10:21:57.406: GFileInfo created without standard::is-symlink

(lxpanel:6867): GLib-GIO-CRITICAL **: 10:21:57.406: file ../../../gio/gfileinfo.c: line 1691 (g_file_info_get_is_symlink): should not be reached

(lxpanel:6867): GLib-GIO-CRITICAL **: 10:21:57.406: GFileInfo created without standard::is-symlink

(lxpanel:6867): GLib-GIO-CRITICAL **: 10:21:57.406: file ../../../gio/gfileinfo.c: line 1691 (g_file_info_get_is_symlink): should not be reached

(lxpanel:6867): GLib-GIO-CRITICAL **: 10:21:57.406: GFileInfo created without standard::is-symlink

(lxpanel:6867): GLib-GIO-CRITICAL **: 10:21:57.406: file ../../../gio/gfileinfo.c: line 1691 (g_file_info_get_is_symlink): should not be reached

(lxpanel:6867): GLib-GIO-CRITICAL **: 10:21:57.406: GFileInfo created without standard::is-symlink

(lxpanel:6867): GLib-GIO-CRITICAL **: 10:21:57.406: file ../../../gio/gfileinfo.c: line 1691 (g_file_info_get_is_symlink): should not be reached

(lxpanel:6867): GLib-GIO-CRITICAL **: 10:21:57.406: GFileInfo created without standard::is-symlink

(lxpanel:6867): GLib-GIO-CRITICAL **: 10:21:57.406: file ../../../gio/gfileinfo.c: line 1691 (g_file_info_get_is_symlink): should not be reached

(lxpanel:6867): GLib-GIO-CRITICAL **: 10:21:57.406: GFileInfo created without standard::is-symlink

(lxpanel:6867): GLib-GIO-CRITICAL **: 10:21:57.406: GFileInfo created without standard::is-symlink

(lxpanel:6867): GLib-GIO-CRITICAL **: 10:21:57.406: file ../../../gio/gfileinfo.c: line 1691 (g_file_info_get_is_symlink): should not be reached

(lxpanel:6867): GLib-GIO-CRITICAL **: 10:21:57.406: file ../../../gio/gfileinfo.c: line 1691 (g_file_info_get_is_symlink): should not be reached

(lxpanel:6867): GLib-GIO-CRITICAL **: 10:21:57.406: GFileInfo created without standard::is-symlink

(lxpanel:6867): GLib-GIO-CRITICAL **: 10:21:57.406: GFileInfo created without standard::is-symlink

(lxpanel:6867): GLib-GIO-CRITICAL **: 10:21:57.406: file ../../../gio/gfileinfo.c: line 1691 (g_file_info_get_is_symlink): should not be reached

(lxpanel:6867): GLib-GIO-CRITICAL **: 10:21:57.406: file ../../../gio/gfileinfo.c: line 1691 (g_file_info_get_is_symlink): should not be reached

(lxpanel:6867): GLib-GIO-CRITICAL **: 10:21:57.406: GFileInfo created without standard::is-symlink

(lxpanel:6867): GLib-GIO-CRITICAL **: 10:21:57.406: GFileInfo created without standard::is-symlink

(lxpanel:6867): GLib-GIO-CRITICAL **: 10:21:57.406: file ../../../gio/gfileinfo.c: line 1691 (g_file_info_get_is_symlink): should not be reached

(lxpanel:6867): GLib-GIO-CRITICAL **: 10:21:57.406: file ../../../gio/gfileinfo.c: line 1691 (g_file_info_get_is_symlink): should not be reached

(lxpanel:6867): GLib-GIO-CRITICAL **: 10:21:57.406: GFileInfo created without standard::is-symlink

(lxpanel:6867): GLib-GIO-CRITICAL **: 10:21:57.406: file ../../../gio/gfileinfo.c: line 1691 (g_file_info_get_is_symlink): should not be reached

(lxpanel:6867): GLib-GIO-CRITICAL **: 10:21:57.406: GFileInfo created without standard::is-symlink

(lxpanel:6867): GLib-GIO-CRITICAL **: 10:21:57.406: file ../../../gio/gfileinfo.c: line 1691 (g_file_info_get_is_symlink): should not be reached

(lxpanel:6867): GLib-GIO-CRITICAL **: 10:21:57.406: GFileInfo created without standard::is-symlink

(lxpanel:6867): GLib-GIO-CRITICAL **: 10:21:57.406: file ../../../gio/gfileinfo.c: line 1691 (g_file_info_get_is_symlink): should not be reached

(lxpanel:6867): GLib-GIO-CRITICAL **: 10:21:57.406: GFileInfo created without standard::is-symlink

(lxpanel:6867): GLib-GIO-CRITICAL **: 10:21:57.406: GFileInfo created without standard::is-symlink

(lxpanel:6867): GLib-GIO-CRITICAL **: 10:21:57.406: file ../../../gio/gfileinfo.c: line 1691 (g_file_info_get_is_symlink): should not be reached

(lxpanel:6867): GLib-GIO-CRITICAL **: 10:21:57.406: file ../../../gio/gfileinfo.c: line 1691 (g_file_info_get_is_symlink): should not be reached

(lxpanel:6867): GLib-GIO-CRITICAL **: 10:21:57.406: GFileInfo created without standard::is-symlink

(lxpanel:6867): GLib-GIO-CRITICAL **: 10:21:57.406: GFileInfo created without standard::is-symlink

(lxpanel:6867): GLib-GIO-CRITICAL **: 10:21:57.406: file ../../../gio/gfileinfo.c: line 1691 (g_file_info_get_is_symlink): should not be reached

(lxpanel:6867): GLib-GIO-CRITICAL **: 10:21:57.406: file ../../../gio/gfileinfo.c: line 1691 (g_file_info_get_is_symlink): should not be reached

(lxpanel:6867): GLib-GIO-CRITICAL **: 10:21:57.406: GFileInfo created without standard::is-symlink

(lxpanel:6867): GLib-GIO-CRITICAL **: 10:21:57.406: GFileInfo created without standard::is-symlink

(lxpanel:6867): GLib-GIO-CRITICAL **: 10:21:57.406: file ../../../gio/gfileinfo.c: line 1691 (g_file_info_get_is_symlink): should not be reached

(lxpanel:6867): GLib-GIO-CRITICAL **: 10:21:57.406: file ../../../gio/gfileinfo.c: line 1691 (g_file_info_get_is_symlink): should not be reached

(lxpanel:6867): GLib-GIO-CRITICAL **: 10:21:57.406: GFileInfo created without standard::is-symlink

(lxpanel:6867): GLib-GIO-CRITICAL **: 10:21:57.406: GFileInfo created without standard::is-symlink

(lxpanel:6867): GLib-GIO-CRITICAL **: 10:21:57.406: file ../../../gio/gfileinfo.c: line 1691 (g_file_info_get_is_symlink): should not be reached

(lxpanel:6867): GLib-GIO-CRITICAL **: 10:21:57.406: file ../../../gio/gfileinfo.c: line 1691 (g_file_info_get_is_symlink): should not be reached

(lxpanel:6867): GLib-GIO-CRITICAL **: 10:21:57.406: GFileInfo created without standard::is-symlink

(lxpanel:6867): GLib-GIO-CRITICAL **: 10:21:57.406: file ../../../gio/gfileinfo.c: line 1691 (g_file_info_get_is_symlink): should not be reached

(lxpanel:6867): GLib-GIO-CRITICAL **: 10:21:57.406: GFileInfo created without standard::is-symlink

(lxpanel:6867): GLib-GIO-CRITICAL **: 10:21:57.406: file ../../../gio/gfileinfo.c: line 1691 (g_file_info_get_is_symlink): should not be reached

(lxpanel:6867): GLib-GIO-CRITICAL **: 10:21:57.406: GFileInfo created without standard::is-symlink

(lxpanel:6867): GLib-GIO-CRITICAL **: 10:21:57.406: file ../../../gio/gfileinfo.c: line 1691 (g_file_info_get_is_symlink): should not be reached

(lxpanel:6867): GLib-GIO-CRITICAL **: 10:21:57.406: GFileInfo created without standard::is-symlink

(lxpanel:6867): GLib-GIO-CRITICAL **: 10:21:57.406: GFileInfo created without standard::is-symlink

(lxpanel:6867): GLib-GIO-CRITICAL **: 10:21:57.406: file ../../../gio/gfileinfo.c: line 1691 (g_file_info_get_is_symlink): should not be reached

(lxpanel:6867): GLib-GIO-CRITICAL **: 10:21:57.406: file ../../../gio/gfileinfo.c: line 1691 (g_file_info_get_is_symlink): should not be reached

(lxpanel:6867): GLib-GIO-CRITICAL **: 10:21:57.406: GFileInfo created without standard::is-symlink

(lxpanel:6867): GLib-GIO-CRITICAL **: 10:21:57.406: GFileInfo created without standard::is-symlink

(lxpanel:6867): GLib-GIO-CRITICAL **: 10:21:57.406: file ../../../gio/gfileinfo.c: line 1691 (g_file_info_get_is_symlink): should not be reached

(lxpanel:6867): GLib-GIO-CRITICAL **: 10:21:57.406: file ../../../gio/gfileinfo.c: line 1691 (g_file_info_get_is_symlink): should not be reached

(lxpanel:6867): GLib-GIO-CRITICAL **: 10:21:57.406: GFileInfo created without standard::is-symlink

(lxpanel:6867): GLib-GIO-CRITICAL **: 10:21:57.406: GFileInfo created without standard::is-symlink

(lxpanel:6867): GLib-GIO-CRITICAL **: 10:21:57.406: file ../../../gio/gfileinfo.c: line 1691 (g_file_info_get_is_symlink): should not be reached

(lxpanel:6867): GLib-GIO-CRITICAL **: 10:21:57.406: file ../../../gio/gfileinfo.c: line 1691 (g_file_info_get_is_symlink): should not be reached

(lxpanel:6867): GLib-GIO-CRITICAL **: 10:21:57.406: GFileInfo created without standard::is-symlink

(lxpanel:6867): GLib-GIO-CRITICAL **: 10:21:57.406: GFileInfo created without standard::is-symlink

(lxpanel:6867): GLib-GIO-CRITICAL **: 10:21:57.406: file ../../../gio/gfileinfo.c: line 1691 (g_file_info_get_is_symlink): should not be reached

(lxpanel:6867): GLib-GIO-CRITICAL **: 10:21:57.406: file ../../../gio/gfileinfo.c: line 1691 (g_file_info_get_is_symlink): should not be reached

(lxpanel:6867): GLib-GIO-CRITICAL **: 10:21:57.406: GFileInfo created without standard::is-symlink

(lxpanel:6867): GLib-GIO-CRITICAL **: 10:21:57.406: GFileInfo created without standard::is-symlink

(lxpanel:6867): GLib-GIO-CRITICAL **: 10:21:57.406: file ../../../gio/gfileinfo.c: line 1691 (g_file_info_get_is_symlink): should not be reached

(lxpanel:6867): GLib-GIO-CRITICAL **: 10:21:57.406: file ../../../gio/gfileinfo.c: line 1691 (g_file_info_get_is_symlink): should not be reached

(lxpanel:6867): GLib-GIO-CRITICAL **: 10:21:57.406: GFileInfo created without standard::is-symlink

(lxpanel:6867): GLib-GIO-CRITICAL **: 10:21:57.406: GFileInfo created without standard::is-symlink

(lxpanel:6867): GLib-GIO-CRITICAL **: 10:21:57.406: file ../../../gio/gfileinfo.c: line 1691 (g_file_info_get_is_symlink): should not be reached

(lxpanel:6867): GLib-GIO-CRITICAL **: 10:21:57.406: file ../../../gio/gfileinfo.c: line 1691 (g_file_info_get_is_symlink): should not be reached

(lxpanel:6867): GLib-GIO-CRITICAL **: 10:21:57.406: GFileInfo created without standard::is-symlink

(lxpanel:6867): GLib-GIO-CRITICAL **: 10:21:57.406: GFileInfo created without standard::is-symlink

(lxpanel:6867): GLib-GIO-CRITICAL **: 10:21:57.406: file ../../../gio/gfileinfo.c: line 1691 (g_file_info_get_is_symlink): should not be reached

(lxpanel:6867): GLib-GIO-CRITICAL **: 10:21:57.406: GFileInfo created without standard::is-symlink

(lxpanel:6867): GLib-GIO-CRITICAL **: 10:21:57.406: file ../../../gio/gfileinfo.c: line 1691 (g_file_info_get_is_symlink): should not be reached

(lxpanel:6867): GLib-GIO-CRITICAL **: 10:21:57.406: file ../../../gio/gfileinfo.c: line 1691 (g_file_info_get_is_symlink): should not be reached

(lxpanel:6867): GLib-GIO-CRITICAL **: 10:21:57.406: GFileInfo created without standard::is-symlink

(lxpanel:6867): GLib-GIO-CRITICAL **: 10:21:57.406: GFileInfo created without standard::is-symlink

(lxpanel:6867): GLib-GIO-CRITICAL **: 10:21:57.406: file ../../../gio/gfileinfo.c: line 1691 (g_file_info_get_is_symlink): should not be reached

(lxpanel:6867): GLib-GIO-CRITICAL **: 10:21:57.406: file ../../../gio/gfileinfo.c: line 1691 (g_file_info_get_is_symlink): should not be reached

(lxpanel:6867): GLib-GIO-CRITICAL **: 10:21:57.406: GFileInfo created without standard::is-symlink

(lxpanel:6867): GLib-GIO-CRITICAL **: 10:21:57.406: file ../../../gio/gfileinfo.c: line 1691 (g_file_info_get_is_symlink): should not be reached

(lxpanel:6867): GLib-GIO-CRITICAL **: 10:21:57.406: GFileInfo created without standard::is-symlink

(lxpanel:6867): GLib-GIO-CRITICAL **: 10:21:57.406: GFileInfo created without standard::is-symlink

(lxpanel:6867): GLib-GIO-CRITICAL **: 10:21:57.406: file ../../../gio/gfileinfo.c: line 1691 (g_file_info_get_is_symlink): should not be reached

(lxpanel:6867): GLib-GIO-CRITICAL **: 10:21:57.406: file ../../../gio/gfileinfo.c: line 1691 (g_file_info_get_is_symlink): should not be reached

(lxpanel:6867): GLib-GIO-CRITICAL **: 10:21:57.406: GFileInfo created without standard::is-symlink

(lxpanel:6867): GLib-GIO-CRITICAL **: 10:21:57.406: GFileInfo created without standard::is-symlink

(lxpanel:6867): GLib-GIO-CRITICAL **: 10:21:57.406: file ../../../gio/gfileinfo.c: line 1691 (g_file_info_get_is_symlink): should not be reached

(lxpanel:6867): GLib-GIO-CRITICAL **: 10:21:57.406: file ../../../gio/gfileinfo.c: line 1691 (g_file_info_get_is_symlink): should not be reached

(lxpanel:6867): GLib-GIO-CRITICAL **: 10:21:57.406: GFileInfo created without standard::is-symlink

(lxpanel:6867): GLib-GIO-CRITICAL **: 10:21:57.406: file ../../../gio/gfileinfo.c: line 1691 (g_file_info_get_is_symlink): should not be reached

(lxpanel:6867): GLib-GIO-CRITICAL **: 10:21:57.406: GFileInfo created without standard::is-symlink

(lxpanel:6867): GLib-GIO-CRITICAL **: 10:21:57.406: file ../../../gio/gfileinfo.c: line 1691 (g_file_info_get_is_symlink): should not be reached

(lxpanel:6867): GLib-GIO-CRITICAL **: 10:21:57.406: GFileInfo created without standard::is-symlink

(lxpanel:6867): GLib-GIO-CRITICAL **: 10:21:57.406: file ../../../gio/gfileinfo.c: line 1691 (g_file_info_get_is_symlink): should not be reached

(lxpanel:6867): GLib-GIO-CRITICAL **: 10:21:57.406: GFileInfo created without standard::is-symlink

(lxpanel:6867): GLib-GIO-CRITICAL **: 10:21:57.406: file ../../../gio/gfileinfo.c: line 1691 (g_file_info_get_is_symlink): should not be reached

(lxpanel:6867): GLib-GIO-CRITICAL **: 10:21:57.406: GFileInfo created without standard::is-symlink

(lxpanel:6867): GLib-GIO-CRITICAL **: 10:21:57.406: file ../../../gio/gfileinfo.c: line 1691 (g_file_info_get_is_symlink): should not be reached

(lxpanel:6867): GLib-GIO-CRITICAL **: 10:21:57.406: GFileInfo created without standard::is-symlink

(lxpanel:6867): GLib-GIO-CRITICAL **: 10:21:57.406: file ../../../gio/gfileinfo.c: line 1691 (g_file_info_get_is_symlink): should not be reached

(lxpanel:6867): GLib-GIO-CRITICAL **: 10:21:57.406: GFileInfo created without standard::is-symlink

(lxpanel:6867): GLib-GIO-CRITICAL **: 10:21:57.406: GFileInfo created without standard::is-symlink

(lxpanel:6867): GLib-GIO-CRITICAL **: 10:21:57.406: file ../../../gio/gfileinfo.c: line 1691 (g_file_info_get_is_symlink): should not be reached

(lxpanel:6867): GLib-GIO-CRITICAL **: 10:21:57.406: file ../../../gio/gfileinfo.c: line 1691 (g_file_info_get_is_symlink): should not be reached

(lxpanel:6867): GLib-GIO-CRITICAL **: 10:21:57.406: GFileInfo created without standard::is-symlink

(lxpanel:6867): GLib-GIO-CRITICAL **: 10:21:57.406: file ../../../gio/gfileinfo.c: line 1691 (g_file_info_get_is_symlink): should not be reached

(lxpanel:6867): GLib-GIO-CRITICAL **: 10:21:57.406: GFileInfo created without standard::is-symlink

(lxpanel:6867): GLib-GIO-CRITICAL **: 10:21:57.406: file ../../../gio/gfileinfo.c: line 1691 (g_file_info_get_is_symlink): should not be reached

(lxpanel:6867): GLib-GIO-CRITICAL **: 10:21:57.406: GFileInfo created without standard::is-symlink

(lxpanel:6867): GLib-GIO-CRITICAL **: 10:21:57.406: file ../../../gio/gfileinfo.c: line 1691 (g_file_info_get_is_symlink): should not be reached

(lxpanel:6867): GLib-GIO-CRITICAL **: 10:21:57.406: GFileInfo created without standard::is-symlink

(lxpanel:6867): GLib-GIO-CRITICAL **: 10:21:57.406: GFileInfo created without standard::is-symlink

(lxpanel:6867): GLib-GIO-CRITICAL **: 10:21:57.406: file ../../../gio/gfileinfo.c: line 1691 (g_file_info_get_is_symlink): should not be reached

(lxpanel:6867): GLib-GIO-CRITICAL **: 10:21:57.406: file ../../../gio/gfileinfo.c: line 1691 (g_file_info_get_is_symlink): should not be reached

(lxpanel:6867): GLib-GIO-CRITICAL **: 10:21:57.406: GFileInfo created without standard::is-symlink

(lxpanel:6867): GLib-GIO-CRITICAL **: 10:21:57.406: GFileInfo created without standard::is-symlink

(lxpanel:6867): GLib-GIO-CRITICAL **: 10:21:57.406: file ../../../gio/gfileinfo.c: line 1691 (g_file_info_get_is_symlink): should not be reached

(lxpanel:6867): GLib-GIO-CRITICAL **: 10:21:57.406: file ../../../gio/gfileinfo.c: line 1691 (g_file_info_get_is_symlink): should not be reached

(lxpanel:6867): GLib-GIO-CRITICAL **: 10:21:57.406: GFileInfo created without standard::is-symlink

(lxpanel:6867): GLib-GIO-CRITICAL **: 10:21:57.406: GFileInfo created without standard::is-symlink

(lxpanel:6867): GLib-GIO-CRITICAL **: 10:21:57.406: file ../../../gio/gfileinfo.c: line 1691 (g_file_info_get_is_symlink): should not be reached

(lxpanel:6867): GLib-GIO-CRITICAL **: 10:21:57.406: file ../../../gio/gfileinfo.c: line 1691 (g_file_info_get_is_symlink): should not be reached

(lxpanel:6867): GLib-GIO-CRITICAL **: 10:21:57.406: GFileInfo created without standard::is-symlink

(lxpanel:6867): GLib-GIO-CRITICAL **: 10:21:57.406: GFileInfo created without standard::is-symlink

(lxpanel:6867): GLib-GIO-CRITICAL **: 10:21:57.406: file ../../../gio/gfileinfo.c: line 1691 (g_file_info_get_is_symlink): should not be reached

(lxpanel:6867): GLib-GIO-CRITICAL **: 10:21:57.406: file ../../../gio/gfileinfo.c: line 1691 (g_file_info_get_is_symlink): should not be reached

(lxpanel:6867): GLib-GIO-CRITICAL **: 10:21:57.406: GFileInfo created without standard::is-symlink

(lxpanel:6867): GLib-GIO-CRITICAL **: 10:21:57.406: GFileInfo created without standard::is-symlink

(lxpanel:6867): GLib-GIO-CRITICAL **: 10:21:57.406: file ../../../gio/gfileinfo.c: line 1691 (g_file_info_get_is_symlink): should not be reached

(lxpanel:6867): GLib-GIO-CRITICAL **: 10:21:57.406: file ../../../gio/gfileinfo.c: line 1691 (g_file_info_get_is_symlink): should not be reached

(lxpanel:6867): GLib-GIO-CRITICAL **: 10:21:57.406: GFileInfo created without standard::is-symlink

(lxpanel:6867): GLib-GIO-CRITICAL **: 10:21:57.406: GFileInfo created without standard::is-symlink

(lxpanel:6867): GLib-GIO-CRITICAL **: 10:21:57.406: file ../../../gio/gfileinfo.c: line 1691 (g_file_info_get_is_symlink): should not be reached

(lxpanel:6867): GLib-GIO-CRITICAL **: 10:21:57.406: file ../../../gio/gfileinfo.c: line 1691 (g_file_info_get_is_symlink): should not be reached

(lxpanel:6867): GLib-GIO-CRITICAL **: 10:21:57.406: GFileInfo created without standard::is-symlink

(lxpanel:6867): GLib-GIO-CRITICAL **: 10:21:57.406: file ../../../gio/gfileinfo.c: line 1691 (g_file_info_get_is_symlink): should not be reached

(lxpanel:6867): GLib-GIO-CRITICAL **: 10:21:57.406: GFileInfo created without standard::is-symlink

(lxpanel:6867): GLib-GIO-CRITICAL **: 10:21:57.406: file ../../../gio/gfileinfo.c: line 1691 (g_file_info_get_is_symlink): should not be reached

(lxpanel:6867): GLib-GIO-CRITICAL **: 10:21:57.406: GFileInfo created without standard::is-symlink

(lxpanel:6867): GLib-GIO-CRITICAL **: 10:21:57.406: file ../../../gio/gfileinfo.c: line 1691 (g_file_info_get_is_symlink): should not be reached

(lxpanel:6867): GLib-GIO-CRITICAL **: 10:21:57.406: GFileInfo created without standard::is-symlink

(lxpanel:6867): GLib-GIO-CRITICAL **: 10:21:57.406: file ../../../gio/gfileinfo.c: line 1691 (g_file_info_get_is_symlink): should not be reached

(lxpanel:6867): GLib-GIO-CRITICAL **: 10:21:57.406: GFileInfo created without standard::is-symlink

(lxpanel:6867): GLib-GIO-CRITICAL **: 10:21:57.406: file ../../../gio/gfileinfo.c: line 1691 (g_file_info_get_is_symlink): should not be reached

(lxpanel:6867): GLib-GIO-CRITICAL **: 10:21:57.406: GFileInfo created without standard::is-symlink

(lxpanel:6867): GLib-GIO-CRITICAL **: 10:21:57.406: file ../../../gio/gfileinfo.c: line 1691 (g_file_info_get_is_symlink): should not be reached

(lxpanel:6867): GLib-GIO-CRITICAL **: 10:21:57.406: GFileInfo created without standard::is-symlink

(lxpanel:6867): GLib-GIO-CRITICAL **: 10:21:57.406: file ../../../gio/gfileinfo.c: line 1691 (g_file_info_get_is_symlink): should not be reached

(lxpanel:6867): GLib-GIO-CRITICAL **: 10:21:57.406: GFileInfo created without standard::is-symlink

(lxpanel:6867): GLib-GIO-CRITICAL **: 10:21:57.406: file ../../../gio/gfileinfo.c: line 1691 (g_file_info_get_is_symlink): should not be reached

(lxpanel:6867): GLib-GIO-CRITICAL **: 10:21:57.406: GFileInfo created without standard::is-symlink

(lxpanel:6867): GLib-GIO-CRITICAL **: 10:21:57.406: file ../../../gio/gfileinfo.c: line 1691 (g_file_info_get_is_symlink): should not be reached

(lxpanel:6867): GLib-GIO-CRITICAL **: 10:21:57.406: GFileInfo created without standard::size

(lxpanel:6867): GLib-GIO-CRITICAL **: 10:21:57.406: file ../../../gio/gfileinfo.c: line 1860 (g_file_info_get_size): should not be reached

(lxpanel:6867): GLib-GIO-CRITICAL **: 10:21:57.406: GFileInfo created without standard::is-symlink

(lxpanel:6867): GLib-GIO-CRITICAL **: 10:21:57.406: file ../../../gio/gfileinfo.c: line 1691 (g_file_info_get_is_symlink): should not be reached

(lxpanel:6867): GLib-GIO-CRITICAL **: 10:21:57.406: GFileInfo created without standard::edit-name

(lxpanel:6867): GLib-GIO-CRITICAL **: 10:21:57.406: GFileInfo created without standard::is-symlink

(lxpanel:6867): GLib-GIO-CRITICAL **: 10:21:57.406: file ../../../gio/gfileinfo.c: line 1757 (g_file_info_get_edit_name): should not be reached

(lxpanel:6867): GLib-GIO-CRITICAL **: 10:21:57.406: file ../../../gio/gfileinfo.c: line 1691 (g_file_info_get_is_symlink): should not be reached

(lxpanel:6867): GLib-GIO-CRITICAL **: 10:21:57.406: GFileInfo created without standard::size

(lxpanel:6867): GLib-GIO-CRITICAL **: 10:21:57.406: file ../../../gio/gfileinfo.c: line 1860 (g_file_info_get_size): should not be reached

(lxpanel:6867): GLib-GIO-CRITICAL **: 10:21:57.406: GFileInfo created without standard::is-symlink

(lxpanel:6867): GLib-GIO-CRITICAL **: 10:21:57.407: GFileInfo created without standard::is-symlink

(lxpanel:6867): GLib-GIO-CRITICAL **: 10:21:57.407: file ../../../gio/gfileinfo.c: line 1691 (g_file_info_get_is_symlink): should not be reached

(lxpanel:6867): GLib-GIO-CRITICAL **: 10:21:57.407: file ../../../gio/gfileinfo.c: line 1691 (g_file_info_get_is_symlink): should not be reached

(lxpanel:6867): GLib-GIO-CRITICAL **: 10:21:57.407: GFileInfo created without standard::is-backup

(lxpanel:6867): GLib-GIO-CRITICAL **: 10:21:57.407: file ../../../gio/gfileinfo.c: line 1669 (g_file_info_get_is_backup): should not be reached

(lxpanel:6867): GLib-GIO-CRITICAL **: 10:21:57.407: GFileInfo created without standard::is-symlink

(lxpanel:6867): GLib-GIO-CRITICAL **: 10:21:57.407: file ../../../gio/gfileinfo.c: line 1691 (g_file_info_get_is_symlink): should not be reached

(lxpanel:6867): GLib-GIO-CRITICAL **: 10:21:57.407: GFileInfo created without standard::is-symlink

(lxpanel:6867): GLib-GIO-CRITICAL **: 10:21:57.407: file ../../../gio/gfileinfo.c: line 1691 (g_file_info_get_is_symlink): should not be reached

(lxpanel:6867): GLib-GIO-CRITICAL **: 10:21:57.407: GFileInfo created without standard::is-symlink

(lxpanel:6867): GLib-GIO-CRITICAL **: 10:21:57.407: GFileInfo created without standard::is-symlink

(lxpanel:6867): GLib-GIO-CRITICAL **: 10:21:57.407: file ../../../gio/gfileinfo.c: line 1691 (g_file_info_get_is_symlink): should not be reached

(lxpanel:6867): GLib-GIO-CRITICAL **: 10:21:57.407: file ../../../gio/gfileinfo.c: line 1691 (g_file_info_get_is_symlink): should not be reached

(lxpanel:6867): GLib-GIO-CRITICAL **: 10:21:57.407: GFileInfo created without standard::is-symlink

(lxpanel:6867): GLib-GIO-CRITICAL **: 10:21:57.407: GFileInfo created without standard::is-symlink

(lxpanel:6867): GLib-GIO-CRITICAL **: 10:21:57.407: file ../../../gio/gfileinfo.c: line 1691 (g_file_info_get_is_symlink): should not be reached

(lxpanel:6867): GLib-GIO-CRITICAL **: 10:21:57.407: file ../../../gio/gfileinfo.c: line 1691 (g_file_info_get_is_symlink): should not be reached

(lxpanel:6867): GLib-GIO-CRITICAL **: 10:21:57.407: GFileInfo created without standard::is-symlink

(lxpanel:6867): GLib-GIO-CRITICAL **: 10:21:57.407: file ../../../gio/gfileinfo.c: line 1691 (g_file_info_get_is_symlink): should not be reached

(lxpanel:6867): GLib-GIO-CRITICAL **: 10:21:57.407: GFileInfo created without standard::is-symlink

(lxpanel:6867): GLib-GIO-CRITICAL **: 10:21:57.407: file ../../../gio/gfileinfo.c: line 1691 (g_file_info_get_is_symlink): should not be reached

(lxpanel:6867): GLib-GIO-CRITICAL **: 10:21:57.407: GFileInfo created without standard::is-symlink

(lxpanel:6867): GLib-GIO-CRITICAL **: 10:21:57.407: file ../../../gio/gfileinfo.c: line 1691 (g_file_info_get_is_symlink): should not be reached

(lxpanel:6867): GLib-GIO-CRITICAL **: 10:21:57.407: GFileInfo created without standard::is-symlink

(lxpanel:6867): GLib-GIO-CRITICAL **: 10:21:57.407: file ../../../gio/gfileinfo.c: line 1691 (g_file_info_get_is_symlink): should not be reached

(lxpanel:6867): GLib-GIO-CRITICAL **: 10:21:57.407: GFileInfo created without standard::is-symlink

(lxpanel:6867): GLib-GIO-CRITICAL **: 10:21:57.407: file ../../../gio/gfileinfo.c: line 1691 (g_file_info_get_is_symlink): should not be reached

(lxpanel:6867): GLib-GIO-CRITICAL **: 10:21:57.407: GFileInfo created without standard::is-symlink

(lxpanel:6867): GLib-GIO-CRITICAL **: 10:21:57.407: file ../../../gio/gfileinfo.c: line 1691 (g_file_info_get_is_symlink): should not be reached

(lxpanel:6867): GLib-GIO-CRITICAL **: 10:21:57.407: GFileInfo created without standard::is-symlink

(lxpanel:6867): GLib-GIO-CRITICAL **: 10:21:57.407: GFileInfo created without standard::is-symlink

(lxpanel:6867): GLib-GIO-CRITICAL **: 10:21:57.407: file ../../../gio/gfileinfo.c: line 1691 (g_file_info_get_is_symlink): should not be reached

(lxpanel:6867): GLib-GIO-CRITICAL **: 10:21:57.407: file ../../../gio/gfileinfo.c: line 1691 (g_file_info_get_is_symlink): should not be reached

(lxpanel:6867): GLib-GIO-CRITICAL **: 10:21:57.407: GFileInfo created without standard::is-symlink

(lxpanel:6867): GLib-GIO-CRITICAL **: 10:21:57.407: GFileInfo created without standard::is-symlink

(lxpanel:6867): GLib-GIO-CRITICAL **: 10:21:57.407: file ../../../gio/gfileinfo.c: line 1691 (g_file_info_get_is_symlink): should not be reached

(lxpanel:6867): GLib-GIO-CRITICAL **: 10:21:57.407: file ../../../gio/gfileinfo.c: line 1691 (g_file_info_get_is_symlink): should not be reached

(lxpanel:6867): GLib-GIO-CRITICAL **: 10:21:57.407: GFileInfo created without standard::is-symlink

(lxpanel:6867): GLib-GIO-CRITICAL **: 10:21:57.407: GFileInfo created without standard::is-symlink

(lxpanel:6867): GLib-GIO-CRITICAL **: 10:21:57.407: file ../../../gio/gfileinfo.c: line 1691 (g_file_info_get_is_symlink): should not be reached

(lxpanel:6867): GLib-GIO-CRITICAL **: 10:21:57.407: file ../../../gio/gfileinfo.c: line 1691 (g_file_info_get_is_symlink): should not be reached

(lxpanel:6867): GLib-GIO-CRITICAL **: 10:21:57.407: GFileInfo created without standard::is-symlink

(lxpanel:6867): GLib-GIO-CRITICAL **: 10:21:57.407: file ../../../gio/gfileinfo.c: line 1691 (g_file_info_get_is_symlink): should not be reached

(lxpanel:6867): GLib-GIO-CRITICAL **: 10:21:57.407: GFileInfo created without standard::is-symlink

(lxpanel:6867): GLib-GIO-CRITICAL **: 10:21:57.407: file ../../../gio/gfileinfo.c: line 1691 (g_file_info_get_is_symlink): should not be reached

(lxpanel:6867): GLib-GIO-CRITICAL **: 10:21:57.407: GFileInfo created without standard::is-symlink

(lxpanel:6867): GLib-GIO-CRITICAL **: 10:21:57.407: file ../../../gio/gfileinfo.c: line 1691 (g_file_info_get_is_symlink): should not be reached

(lxpanel:6867): GLib-GIO-CRITICAL **: 10:21:57.407: GFileInfo created without standard::is-symlink

(lxpanel:6867): GLib-GIO-CRITICAL **: 10:21:57.407: file ../../../gio/gfileinfo.c: line 1691 (g_file_info_get_is_symlink): should not be reached

(lxpanel:6867): GLib-GIO-CRITICAL **: 10:21:57.407: GFileInfo created without standard::is-symlink

(lxpanel:6867): GLib-GIO-CRITICAL **: 10:21:57.407: file ../../../gio/gfileinfo.c: line 1691 (g_file_info_get_is_symlink): should not be reached

(lxpanel:6867): GLib-GIO-CRITICAL **: 10:21:57.407: GFileInfo created without standard::is-symlink

(lxpanel:6867): GLib-GIO-CRITICAL **: 10:21:57.407: file ../../../gio/gfileinfo.c: line 1691 (g_file_info_get_is_symlink): should not be reached

(lxpanel:6867): GLib-GIO-CRITICAL **: 10:21:57.407: GFileInfo created without standard::is-symlink

(lxpanel:6867): GLib-GIO-CRITICAL **: 10:21:57.407: file ../../../gio/gfileinfo.c: line 1691 (g_file_info_get_is_symlink): should not be reached

(lxpanel:6867): GLib-GIO-CRITICAL **: 10:21:57.407: GFileInfo created without standard::is-symlink

(lxpanel:6867): GLib-GIO-CRITICAL **: 10:21:57.407: file ../../../gio/gfileinfo.c: line 1691 (g_file_info_get_is_symlink): should not be reached

(lxpanel:6867): GLib-GIO-CRITICAL **: 10:21:57.407: GFileInfo created without standard::is-symlink

(lxpanel:6867): GLib-GIO-CRITICAL **: 10:21:57.407: file ../../../gio/gfileinfo.c: line 1691 (g_file_info_get_is_symlink): should not be reached

(lxpanel:6867): GLib-GIO-CRITICAL **: 10:21:57.407: GFileInfo created without standard::is-symlink

(lxpanel:6867): GLib-GIO-CRITICAL **: 10:21:57.407: file ../../../gio/gfileinfo.c: line 1691 (g_file_info_get_is_symlink): should not be reached

(lxpanel:6867): GLib-GIO-CRITICAL **: 10:21:57.407: GFileInfo created without standard::is-symlink

(lxpanel:6867): GLib-GIO-CRITICAL **: 10:21:57.407: file ../../../gio/gfileinfo.c: line 1691 (g_file_info_get_is_symlink): should not be reached

(lxpanel:6867): GLib-GIO-CRITICAL **: 10:21:57.407: GFileInfo created without standard::is-symlink

(lxpanel:6867): GLib-GIO-CRITICAL **: 10:21:57.407: GFileInfo created without standard::is-symlink

(lxpanel:6867): GLib-GIO-CRITICAL **: 10:21:57.407: file ../../../gio/gfileinfo.c: line 1691 (g_file_info_get_is_symlink): should not be reached

(lxpanel:6867): GLib-GIO-CRITICAL **: 10:21:57.407: file ../../../gio/gfileinfo.c: line 1691 (g_file_info_get_is_symlink): should not be reached

(lxpanel:6867): GLib-GIO-CRITICAL **: 10:21:57.407: GFileInfo created without standard::is-symlink

(lxpanel:6867): GLib-GIO-CRITICAL **: 10:21:57.407: GFileInfo created without standard::is-symlink

(lxpanel:6867): GLib-GIO-CRITICAL **: 10:21:57.407: file ../../../gio/gfileinfo.c: line 1691 (g_file_info_get_is_symlink): should not be reached

(lxpanel:6867): GLib-GIO-CRITICAL **: 10:21:57.407: file ../../../gio/gfileinfo.c: line 1691 (g_file_info_get_is_symlink): should not be reached

(lxpanel:6867): GLib-GIO-CRITICAL **: 10:21:57.407: GFileInfo created without standard::is-symlink

(lxpanel:6867): GLib-GIO-CRITICAL **: 10:21:57.407: GFileInfo created without standard::is-symlink

(lxpanel:6867): GLib-GIO-CRITICAL **: 10:21:57.407: file ../../../gio/gfileinfo.c: line 1691 (g_file_info_get_is_symlink): should not be reached

(lxpanel:6867): GLib-GIO-CRITICAL **: 10:21:57.407: file ../../../gio/gfileinfo.c: line 1691 (g_file_info_get_is_symlink): should not be reached

(lxpanel:6867): GLib-GIO-CRITICAL **: 10:21:57.407: GFileInfo created without standard::is-symlink

(lxpanel:6867): GLib-GIO-CRITICAL **: 10:21:57.407: GFileInfo created without standard::is-symlink

(lxpanel:6867): GLib-GIO-CRITICAL **: 10:21:57.407: file ../../../gio/gfileinfo.c: line 1691 (g_file_info_get_is_symlink): should not be reached

(lxpanel:6867): GLib-GIO-CRITICAL **: 10:21:57.407: file ../../../gio/gfileinfo.c: line 1691 (g_file_info_get_is_symlink): should not be reached

(lxpanel:6867): GLib-GIO-CRITICAL **: 10:21:57.407: GFileInfo created without standard::is-symlink

(lxpanel:6867): GLib-GIO-CRITICAL **: 10:21:57.407: GFileInfo created without standard::is-symlink

(lxpanel:6867): GLib-GIO-CRITICAL **: 10:21:57.407: file ../../../gio/gfileinfo.c: line 1691 (g_file_info_get_is_symlink): should not be reached

(lxpanel:6867): GLib-GIO-CRITICAL **: 10:21:57.407: file ../../../gio/gfileinfo.c: line 1691 (g_file_info_get_is_symlink): should not be reached

(lxpanel:6867): GLib-GIO-CRITICAL **: 10:21:57.407: GFileInfo created without standard::is-symlink

(lxpanel:6867): GLib-GIO-CRITICAL **: 10:21:57.407: file ../../../gio/gfileinfo.c: line 1691 (g_file_info_get_is_symlink): should not be reached

(lxpanel:6867): GLib-GIO-CRITICAL **: 10:21:57.407: GFileInfo created without standard::is-symlink

(lxpanel:6867): GLib-GIO-CRITICAL **: 10:21:57.407: file ../../../gio/gfileinfo.c: line 1691 (g_file_info_get_is_symlink): should not be reached

(lxpanel:6867): GLib-GIO-CRITICAL **: 10:21:57.407: GFileInfo created without standard::is-symlink

(lxpanel:6867): GLib-GIO-CRITICAL **: 10:21:57.407: file ../../../gio/gfileinfo.c: line 1691 (g_file_info_get_is_symlink): should not be reached

(lxpanel:6867): GLib-GIO-CRITICAL **: 10:21:57.407: GFileInfo created without standard::is-symlink

(lxpanel:6867): GLib-GIO-CRITICAL **: 10:21:57.407: file ../../../gio/gfileinfo.c: line 1691 (g_file_info_get_is_symlink): should not be reached

(lxpanel:6867): GLib-GIO-CRITICAL **: 10:21:57.407: GFileInfo created without standard::is-symlink

(lxpanel:6867): GLib-GIO-CRITICAL **: 10:21:57.407: file ../../../gio/gfileinfo.c: line 1691 (g_file_info_get_is_symlink): should not be reached

(lxpanel:6867): GLib-GIO-CRITICAL **: 10:21:57.407: GFileInfo created without standard::is-symlink

(lxpanel:6867): GLib-GIO-CRITICAL **: 10:21:57.407: file ../../../gio/gfileinfo.c: line 1691 (g_file_info_get_is_symlink): should not be reached

(lxpanel:6867): GLib-GIO-CRITICAL **: 10:21:57.430: GFileInfo created without standard::edit-name

(lxpanel:6867): GLib-GIO-CRITICAL **: 10:21:57.430: GFileInfo created without standard::edit-name

(lxpanel:6867): GLib-GIO-CRITICAL **: 10:21:57.430: file ../../../gio/gfileinfo.c: line 1757 (g_file_info_get_edit_name): should not be reached

(lxpanel:6867): GLib-GIO-CRITICAL **: 10:21:57.430: file ../../../gio/gfileinfo.c: line 1757 (g_file_info_get_edit_name): should not be reached

(lxpanel:6867): GLib-GIO-CRITICAL **: 10:21:57.430: GFileInfo created without standard::size

(lxpanel:6867): GLib-GIO-CRITICAL **: 10:21:57.430: GFileInfo created without standard::size

(lxpanel:6867): GLib-GIO-CRITICAL **: 10:21:57.430: file ../../../gio/gfileinfo.c: line 1860 (g_file_info_get_size): should not be reached

(lxpanel:6867): GLib-GIO-CRITICAL **: 10:21:57.430: file ../../../gio/gfileinfo.c: line 1860 (g_file_info_get_size): should not be reached

(lxpanel:6867): GLib-GIO-CRITICAL **: 10:21:57.430: GFileInfo created without standard::content-type

(lxpanel:6867): GLib-GIO-CRITICAL **: 10:21:57.430: GFileInfo created without standard::content-type

(lxpanel:6867): GLib-GIO-CRITICAL **: 10:21:57.430: file ../../../gio/gfileinfo.c: line 1836 (g_file_info_get_content_type): should not be reached

(lxpanel:6867): GLib-GIO-CRITICAL **: 10:21:57.430: file ../../../gio/gfileinfo.c: line 1836 (g_file_info_get_content_type): should not be reached

(lxpanel:6867): GLib-GIO-CRITICAL **: 10:21:57.430: GFileInfo created without standard::is-symlink

(lxpanel:6867): GLib-GIO-CRITICAL **: 10:21:57.430: GFileInfo created without standard::is-symlink

(lxpanel:6867): GLib-GIO-CRITICAL **: 10:21:57.430: file ../../../gio/gfileinfo.c: line 1691 (g_file_info_get_is_symlink): should not be reached

(lxpanel:6867): GLib-GIO-CRITICAL **: 10:21:57.430: file ../../../gio/gfileinfo.c: line 1691 (g_file_info_get_is_symlink): should not be reached

(lxpanel:6867): GLib-GIO-CRITICAL **: 10:21:57.430: GFileInfo created without standard::is-hidden

(lxpanel:6867): GLib-GIO-CRITICAL **: 10:21:57.430: GFileInfo created without standard::is-hidden

(lxpanel:6867): GLib-GIO-CRITICAL **: 10:21:57.430: file ../../../gio/gfileinfo.c: line 1647 (g_file_info_get_is_hidden): should not be reached

(lxpanel:6867): GLib-GIO-CRITICAL **: 10:21:57.430: file ../../../gio/gfileinfo.c: line 1647 (g_file_info_get_is_hidden): should not be reached

(lxpanel:6867): GLib-GIO-CRITICAL **: 10:21:57.430: GFileInfo created without standard::is-backup

(lxpanel:6867): GLib-GIO-CRITICAL **: 10:21:57.430: GFileInfo created without standard::is-backup

(lxpanel:6867): GLib-GIO-CRITICAL **: 10:21:57.430: file ../../../gio/gfileinfo.c: line 1669 (g_file_info_get_is_backup): should not be reached

(lxpanel:6867): GLib-GIO-CRITICAL **: 10:21:57.430: file ../../../gio/gfileinfo.c: line 1669 (g_file_info_get_is_backup): should not be reached

(lxpanel:6867): GLib-GIO-CRITICAL **: 10:21:57.430: GFileInfo created without standard::is-symlink

(lxpanel:6867): GLib-GIO-CRITICAL **: 10:21:57.430: GFileInfo created without standard::is-symlink

(lxpanel:6867): GLib-GIO-CRITICAL **: 10:21:57.430: file ../../../gio/gfileinfo.c: line 1691 (g_file_info_get_is_symlink): should not be reached

(lxpanel:6867): GLib-GIO-CRITICAL **: 10:21:57.430: file ../../../gio/gfileinfo.c: line 1691 (g_file_info_get_is_symlink): should not be reached

(lxpanel:6867): GLib-GIO-CRITICAL **: 10:21:57.430: GFileInfo created without standard::is-symlink

(lxpanel:6867): GLib-GIO-CRITICAL **: 10:21:57.430: file ../../../gio/gfileinfo.c: line 1691 (g_file_info_get_is_symlink): should not be reached

(lxpanel:6867): GLib-GIO-CRITICAL **: 10:21:57.430: GFileInfo created without standard::is-symlink

(lxpanel:6867): GLib-GIO-CRITICAL **: 10:21:57.430: file ../../../gio/gfileinfo.c: line 1691 (g_file_info_get_is_symlink): should not be reached

(lxpanel:6867): GLib-GIO-CRITICAL **: 10:21:57.430: GFileInfo created without standard::is-symlink

(lxpanel:6867): GLib-GIO-CRITICAL **: 10:21:57.430: file ../../../gio/gfileinfo.c: line 1691 (g_file_info_get_is_symlink): should not be reached

(lxpanel:6867): GLib-GIO-CRITICAL **: 10:21:57.430: GFileInfo created without standard::is-symlink

(lxpanel:6867): GLib-GIO-CRITICAL **: 10:21:57.430: file ../../../gio/gfileinfo.c: line 1691 (g_file_info_get_is_symlink): should not be reached

(lxpanel:6867): GLib-GIO-CRITICAL **: 10:21:57.430: GFileInfo created without standard::is-symlink

(lxpanel:6867): GLib-GIO-CRITICAL **: 10:21:57.430: file ../../../gio/gfileinfo.c: line 1691 (g_file_info_get_is_symlink): should not be reached

(lxpanel:6867): GLib-GIO-CRITICAL **: 10:21:57.430: GFileInfo created without standard::is-symlink

(lxpanel:6867): GLib-GIO-CRITICAL **: 10:21:57.430: file ../../../gio/gfileinfo.c: line 1691 (g_file_info_get_is_symlink): should not be reached

(lxpanel:6867): GLib-GIO-CRITICAL **: 10:21:57.430: GFileInfo created without standard::is-symlink

(lxpanel:6867): GLib-GIO-CRITICAL **: 10:21:57.430: file ../../../gio/gfileinfo.c: line 1691 (g_file_info_get_is_symlink): should not be reached

(lxpanel:6867): GLib-GIO-CRITICAL **: 10:21:57.430: GFileInfo created without standard::is-symlink

(lxpanel:6867): GLib-GIO-CRITICAL **: 10:21:57.430: file ../../../gio/gfileinfo.c: line 1691 (g_file_info_get_is_symlink): should not be reached

(lxpanel:6867): GLib-GIO-CRITICAL **: 10:21:57.430: GFileInfo created without standard::is-symlink

(lxpanel:6867): GLib-GIO-CRITICAL **: 10:21:57.430: file ../../../gio/gfileinfo.c: line 1691 (g_file_info_get_is_symlink): should not be reached

(lxpanel:6867): GLib-GIO-CRITICAL **: 10:21:57.430: GFileInfo created without standard::is-symlink

(lxpanel:6867): GLib-GIO-CRITICAL **: 10:21:57.430: file ../../../gio/gfileinfo.c: line 1691 (g_file_info_get_is_symlink): should not be reached

(lxpanel:6867): GLib-GIO-CRITICAL **: 10:21:57.430: GFileInfo created without standard::is-symlink

(lxpanel:6867): GLib-GIO-CRITICAL **: 10:21:57.430: file ../../../gio/gfileinfo.c: line 1691 (g_file_info_get_is_symlink): should not be reached

(lxpanel:6867): GLib-GIO-CRITICAL **: 10:21:57.430: GFileInfo created without standard::is-symlink

(lxpanel:6867): GLib-GIO-CRITICAL **: 10:21:57.430: file ../../../gio/gfileinfo.c: line 1691 (g_file_info_get_is_symlink): should not be reached

(lxpanel:6867): GLib-GIO-CRITICAL **: 10:21:57.430: GFileInfo created without standard::is-symlink

(lxpanel:6867): GLib-GIO-CRITICAL **: 10:21:57.430: file ../../../gio/gfileinfo.c: line 1691 (g_file_info_get_is_symlink): should not be reached

(lxpanel:6867): GLib-GIO-CRITICAL **: 10:21:57.430: GFileInfo created without standard::is-symlink

(lxpanel:6867): GLib-GIO-CRITICAL **: 10:21:57.430: file ../../../gio/gfileinfo.c: line 1691 (g_file_info_get_is_symlink): should not be reached

(lxpanel:6867): GLib-GIO-CRITICAL **: 10:21:57.430: GFileInfo created without standard::is-symlink

(lxpanel:6867): GLib-GIO-CRITICAL **: 10:21:57.430: file ../../../gio/gfileinfo.c: line 1691 (g_file_info_get_is_symlink): should not be reached

(lxpanel:6867): GLib-GIO-CRITICAL **: 10:21:57.430: GFileInfo created without standard::is-symlink

(lxpanel:6867): GLib-GIO-CRITICAL **: 10:21:57.430: file ../../../gio/gfileinfo.c: line 1691 (g_file_info_get_is_symlink): should not be reached

(lxpanel:6867): GLib-GIO-CRITICAL **: 10:21:57.430: GFileInfo created without standard::is-symlink

(lxpanel:6867): GLib-GIO-CRITICAL **: 10:21:57.430: file ../../../gio/gfileinfo.c: line 1691 (g_file_info_get_is_symlink): should not be reached

(lxpanel:6867): GLib-GIO-CRITICAL **: 10:21:57.430: GFileInfo created without standard::is-symlink

(lxpanel:6867): GLib-GIO-CRITICAL **: 10:21:57.431: file ../../../gio/gfileinfo.c: line 1691 (g_file_info_get_is_symlink): should not be reached

(lxpanel:6867): GLib-GIO-CRITICAL **: 10:21:57.431: GFileInfo created without standard::is-symlink

(lxpanel:6867): GLib-GIO-CRITICAL **: 10:21:57.431: file ../../../gio/gfileinfo.c: line 1691 (g_file_info_get_is_symlink): should not be reached

(lxpanel:6867): GLib-GIO-CRITICAL **: 10:21:57.431: GFileInfo created without standard::is-symlink

(lxpanel:6867): GLib-GIO-CRITICAL **: 10:21:57.431: file ../../../gio/gfileinfo.c: line 1691 (g_file_info_get_is_symlink): should not be reached

(lxpanel:6867): GLib-GIO-CRITICAL **: 10:21:57.431: GFileInfo created without standard::is-symlink

(lxpanel:6867): GLib-GIO-CRITICAL **: 10:21:57.431: file ../../../gio/gfileinfo.c: line 1691 (g_file_info_get_is_symlink): should not be reached

(lxpanel:6867): GLib-GIO-CRITICAL **: 10:21:57.431: GFileInfo created without standard::is-symlink

(lxpanel:6867): GLib-GIO-CRITICAL **: 10:21:57.431: file ../../../gio/gfileinfo.c: line 1691 (g_file_info_get_is_symlink): should not be reached

(lxpanel:6867): GLib-GIO-CRITICAL **: 10:21:57.431: GFileInfo created without standard::is-symlink

(lxpanel:6867): GLib-GIO-CRITICAL **: 10:21:57.431: file ../../../gio/gfileinfo.c: line 1691 (g_file_info_get_is_symlink): should not be reached

(lxpanel:6867): GLib-GIO-CRITICAL **: 10:21:57.431: GFileInfo created without standard::is-symlink

(lxpanel:6867): GLib-GIO-CRITICAL **: 10:21:57.431: GFileInfo created without standard::is-symlink

(lxpanel:6867): GLib-GIO-CRITICAL **: 10:21:57.431: file ../../../gio/gfileinfo.c: line 1691 (g_file_info_get_is_symlink): should not be reached

(lxpanel:6867): GLib-GIO-CRITICAL **: 10:21:57.431: file ../../../gio/gfileinfo.c: line 1691 (g_file_info_get_is_symlink): should not be reached

(lxpanel:6867): GLib-GIO-CRITICAL **: 10:21:57.431: GFileInfo created without standard::is-symlink

(lxpanel:6867): GLib-GIO-CRITICAL **: 10:21:57.431: file ../../../gio/gfileinfo.c: line 1691 (g_file_info_get_is_symlink): should not be reached

(lxpanel:6867): GLib-GIO-CRITICAL **: 10:21:57.431: GFileInfo created without standard::is-symlink

(lxpanel:6867): GLib-GIO-CRITICAL **: 10:21:57.431: file ../../../gio/gfileinfo.c: line 1691 (g_file_info_get_is_symlink): should not be reached

(lxpanel:6867): GLib-GIO-CRITICAL **: 10:21:57.431: GFileInfo created without standard::is-symlink

(lxpanel:6867): GLib-GIO-CRITICAL **: 10:21:57.431: file ../../../gio/gfileinfo.c: line 1691 (g_file_info_get_is_symlink): should not be reached

(lxpanel:6867): GLib-GIO-CRITICAL **: 10:21:57.431: GFileInfo created without standard::is-symlink

(lxpanel:6867): GLib-GIO-CRITICAL **: 10:21:57.431: file ../../../gio/gfileinfo.c: line 1691 (g_file_info_get_is_symlink): should not be reached

(lxpanel:6867): GLib-GIO-CRITICAL **: 10:21:57.431: GFileInfo created without standard::is-symlink

(lxpanel:6867): GLib-GIO-CRITICAL **: 10:21:57.431: file ../../../gio/gfileinfo.c: line 1691 (g_file_info_get_is_symlink): should not be reached

(lxpanel:6867): GLib-GIO-CRITICAL **: 10:21:57.431: GFileInfo created without standard::is-symlink

(lxpanel:6867): GLib-GIO-CRITICAL **: 10:21:57.431: file ../../../gio/gfileinfo.c: line 1691 (g_file_info_get_is_symlink): should not be reached

(lxpanel:6867): GLib-GIO-CRITICAL **: 10:21:57.431: GFileInfo created without standard::is-symlink

(lxpanel:6867): GLib-GIO-CRITICAL **: 10:21:57.431: file ../../../gio/gfileinfo.c: line 1691 (g_file_info_get_is_symlink): should not be reached

(lxpanel:6867): GLib-GIO-CRITICAL **: 10:21:57.431: GFileInfo created without standard::is-symlink

(lxpanel:6867): GLib-GIO-CRITICAL **: 10:21:57.431: file ../../../gio/gfileinfo.c: line 1691 (g_file_info_get_is_symlink): should not be reached

(lxpanel:6867): GLib-GIO-CRITICAL **: 10:21:57.431: GFileInfo created without standard::is-symlink

(lxpanel:6867): GLib-GIO-CRITICAL **: 10:21:57.431: file ../../../gio/gfileinfo.c: line 1691 (g_file_info_get_is_symlink): should not be reached

(lxpanel:6867): GLib-GIO-CRITICAL **: 10:21:57.431: GFileInfo created without standard::is-symlink

(lxpanel:6867): GLib-GIO-CRITICAL **: 10:21:57.431: file ../../../gio/gfileinfo.c: line 1691 (g_file_info_get_is_symlink): should not be reached

(lxpanel:6867): GLib-GIO-CRITICAL **: 10:21:57.431: GFileInfo created without standard::is-symlink

(lxpanel:6867): GLib-GIO-CRITICAL **: 10:21:57.431: file ../../../gio/gfileinfo.c: line 1691 (g_file_info_get_is_symlink): should not be reached

(lxpanel:6867): GLib-GIO-CRITICAL **: 10:21:57.431: GFileInfo created without standard::is-symlink

(lxpanel:6867): GLib-GIO-CRITICAL **: 10:21:57.431: file ../../../gio/gfileinfo.c: line 1691 (g_file_info_get_is_symlink): should not be reached

(lxpanel:6867): GLib-GIO-CRITICAL **: 10:21:57.431: GFileInfo created without standard::is-symlink

(lxpanel:6867): GLib-GIO-CRITICAL **: 10:21:57.431: file ../../../gio/gfileinfo.c: line 1691 (g_file_info_get_is_symlink): should not be reached

(lxpanel:6867): GLib-GIO-CRITICAL **: 10:21:57.431: GFileInfo created without standard::is-symlink

(lxpanel:6867): GLib-GIO-CRITICAL **: 10:21:57.431: file ../../../gio/gfileinfo.c: line 1691 (g_file_info_get_is_symlink): should not be reached

(lxpanel:6867): GLib-GIO-CRITICAL **: 10:21:57.431: GFileInfo created without standard::is-symlink

(lxpanel:6867): GLib-GIO-CRITICAL **: 10:21:57.431: file ../../../gio/gfileinfo.c: line 1691 (g_file_info_get_is_symlink): should not be reached

(lxpanel:6867): GLib-GIO-CRITICAL **: 10:21:57.431: GFileInfo created without standard::is-symlink

(lxpanel:6867): GLib-GIO-CRITICAL **: 10:21:57.431: file ../../../gio/gfileinfo.c: line 1691 (g_file_info_get_is_symlink): should not be reached

(lxpanel:6867): GLib-GIO-CRITICAL **: 10:21:57.431: GFileInfo created without standard::is-symlink

(lxpanel:6867): GLib-GIO-CRITICAL **: 10:21:57.431: file ../../../gio/gfileinfo.c: line 1691 (g_file_info_get_is_symlink): should not be reached

(lxpanel:6867): GLib-GIO-CRITICAL **: 10:21:57.431: GFileInfo created without standard::is-symlink

(lxpanel:6867): GLib-GIO-CRITICAL **: 10:21:57.431: file ../../../gio/gfileinfo.c: line 1691 (g_file_info_get_is_symlink): should not be reached

(lxpanel:6867): GLib-GIO-CRITICAL **: 10:21:57.431: GFileInfo created without standard::is-symlink

(lxpanel:6867): GLib-GIO-CRITICAL **: 10:21:57.431: GFileInfo created without standard::is-symlink

(lxpanel:6867): GLib-GIO-CRITICAL **: 10:21:57.431: file ../../../gio/gfileinfo.c: line 1691 (g_file_info_get_is_symlink): should not be reached

(lxpanel:6867): GLib-GIO-CRITICAL **: 10:21:57.431: file ../../../gio/gfileinfo.c: line 1691 (g_file_info_get_is_symlink): should not be reached

(lxpanel:6867): GLib-GIO-CRITICAL **: 10:21:57.431: GFileInfo created without standard::is-symlink

(lxpanel:6867): GLib-GIO-CRITICAL **: 10:21:57.431: file ../../../gio/gfileinfo.c: line 1691 (g_file_info_get_is_symlink): should not be reached

(lxpanel:6867): GLib-GIO-CRITICAL **: 10:21:57.431: GFileInfo created without standard::is-symlink

(lxpanel:6867): GLib-GIO-CRITICAL **: 10:21:57.431: file ../../../gio/gfileinfo.c: line 1691 (g_file_info_get_is_symlink): should not be reached

(lxpanel:6867): GLib-GIO-CRITICAL **: 10:21:57.431: GFileInfo created without standard::is-symlink

(lxpanel:6867): GLib-GIO-CRITICAL **: 10:21:57.431: file ../../../gio/gfileinfo.c: line 1691 (g_file_info_get_is_symlink): should not be reached

(lxpanel:6867): GLib-GIO-CRITICAL **: 10:21:57.431: GFileInfo created without standard::is-symlink

(lxpanel:6867): GLib-GIO-CRITICAL **: 10:21:57.431: file ../../../gio/gfileinfo.c: line 1691 (g_file_info_get_is_symlink): should not be reached

(lxpanel:6867): GLib-GIO-CRITICAL **: 10:21:57.431: GFileInfo created without standard::is-symlink

(lxpanel:6867): GLib-GIO-CRITICAL **: 10:21:57.431: file ../../../gio/gfileinfo.c: line 1691 (g_file_info_get_is_symlink): should not be reached

(lxpanel:6867): GLib-GIO-CRITICAL **: 10:21:57.431: GFileInfo created without standard::is-symlink

(lxpanel:6867): GLib-GIO-CRITICAL **: 10:21:57.431: file ../../../gio/gfileinfo.c: line 1691 (g_file_info_get_is_symlink): should not be reached

(lxpanel:6867): GLib-GIO-CRITICAL **: 10:21:57.431: GFileInfo created without standard::is-symlink

(lxpanel:6867): GLib-GIO-CRITICAL **: 10:21:57.431: GFileInfo created without standard::is-symlink

(lxpanel:6867): GLib-GIO-CRITICAL **: 10:21:57.431: file ../../../gio/gfileinfo.c: line 1691 (g_file_info_get_is_symlink): should not be reached

(lxpanel:6867): GLib-GIO-CRITICAL **: 10:21:57.431: file ../../../gio/gfileinfo.c: line 1691 (g_file_info_get_is_symlink): should not be reached

(lxpanel:6867): GLib-GIO-CRITICAL **: 10:21:57.431: GFileInfo created without standard::is-symlink

(lxpanel:6867): GLib-GIO-CRITICAL **: 10:21:57.431: file ../../../gio/gfileinfo.c: line 1691 (g_file_info_get_is_symlink): should not be reached

(lxpanel:6867): GLib-GIO-CRITICAL **: 10:21:57.431: GFileInfo created without standard::is-symlink

(lxpanel:6867): GLib-GIO-CRITICAL **: 10:21:57.431: file ../../../gio/gfileinfo.c: line 1691 (g_file_info_get_is_symlink): should not be reached

(lxpanel:6867): GLib-GIO-CRITICAL **: 10:21:57.431: GFileInfo created without standard::is-symlink

(lxpanel:6867): GLib-GIO-CRITICAL **: 10:21:57.431: GFileInfo created without standard::is-symlink

(lxpanel:6867): GLib-GIO-CRITICAL **: 10:21:57.431: file ../../../gio/gfileinfo.c: line 1691 (g_file_info_get_is_symlink): should not be reached

(lxpanel:6867): GLib-GIO-CRITICAL **: 10:21:57.431: file ../../../gio/gfileinfo.c: line 1691 (g_file_info_get_is_symlink): should not be reached

(lxpanel:6867): GLib-GIO-CRITICAL **: 10:21:57.431: GFileInfo created without standard::is-symlink

(lxpanel:6867): GLib-GIO-CRITICAL **: 10:21:57.431: GFileInfo created without standard::is-symlink

(lxpanel:6867): GLib-GIO-CRITICAL **: 10:21:57.431: file ../../../gio/gfileinfo.c: line 1691 (g_file_info_get_is_symlink): should not be reached

(lxpanel:6867): GLib-GIO-CRITICAL **: 10:21:57.431: file ../../../gio/gfileinfo.c: line 1691 (g_file_info_get_is_symlink): should not be reached

(lxpanel:6867): GLib-GIO-CRITICAL **: 10:21:57.431: GFileInfo created without standard::is-symlink

(lxpanel:6867): GLib-GIO-CRITICAL **: 10:21:57.431: file ../../../gio/gfileinfo.c: line 1691 (g_file_info_get_is_symlink): should not be reached

(lxpanel:6867): GLib-GIO-CRITICAL **: 10:21:57.431: GFileInfo created without standard::is-symlink

(lxpanel:6867): GLib-GIO-CRITICAL **: 10:21:57.431: file ../../../gio/gfileinfo.c: line 1691 (g_file_info_get_is_symlink): should not be reached

(lxpanel:6867): GLib-GIO-CRITICAL **: 10:21:57.431: GFileInfo created without standard::is-symlink

(lxpanel:6867): GLib-GIO-CRITICAL **: 10:21:57.431: GFileInfo created without standard::is-symlink

(lxpanel:6867): GLib-GIO-CRITICAL **: 10:21:57.431: file ../../../gio/gfileinfo.c: line 1691 (g_file_info_get_is_symlink): should not be reached

(lxpanel:6867): GLib-GIO-CRITICAL **: 10:21:57.431: file ../../../gio/gfileinfo.c: line 1691 (g_file_info_get_is_symlink): should not be reached

(lxpanel:6867): GLib-GIO-CRITICAL **: 10:21:57.431: GFileInfo created without standard::is-symlink

(lxpanel:6867): GLib-GIO-CRITICAL **: 10:21:57.431: file ../../../gio/gfileinfo.c: line 1691 (g_file_info_get_is_symlink): should not be reached

(lxpanel:6867): GLib-GIO-CRITICAL **: 10:21:57.431: GFileInfo created without standard::is-symlink

(lxpanel:6867): GLib-GIO-CRITICAL **: 10:21:57.431: file ../../../gio/gfileinfo.c: line 1691 (g_file_info_get_is_symlink): should not be reached

(lxpanel:6867): GLib-GIO-CRITICAL **: 10:21:57.431: GFileInfo created without standard::is-symlink

(lxpanel:6867): GLib-GIO-CRITICAL **: 10:21:57.431: file ../../../gio/gfileinfo.c: line 1691 (g_file_info_get_is_symlink): should not be reached

(lxpanel:6867): GLib-GIO-CRITICAL **: 10:21:57.432: GFileInfo created without standard::is-symlink

(lxpanel:6867): GLib-GIO-CRITICAL **: 10:21:57.432: GFileInfo created without standard::is-symlink

(lxpanel:6867): GLib-GIO-CRITICAL **: 10:21:57.432: file ../../../gio/gfileinfo.c: line 1691 (g_file_info_get_is_symlink): should not be reached

(lxpanel:6867): GLib-GIO-CRITICAL **: 10:21:57.432: file ../../../gio/gfileinfo.c: line 1691 (g_file_info_get_is_symlink): should not be reached

(lxpanel:6867): GLib-GIO-CRITICAL **: 10:21:57.432: GFileInfo created without standard::is-symlink

(lxpanel:6867): GLib-GIO-CRITICAL **: 10:21:57.432: GFileInfo created without standard::is-symlink

(lxpanel:6867): GLib-GIO-CRITICAL **: 10:21:57.432: file ../../../gio/gfileinfo.c: line 1691 (g_file_info_get_is_symlink): should not be reached

(lxpanel:6867): GLib-GIO-CRITICAL **: 10:21:57.432: file ../../../gio/gfileinfo.c: line 1691 (g_file_info_get_is_symlink): should not be reached

(lxpanel:6867): GLib-GIO-CRITICAL **: 10:21:57.432: GFileInfo created without standard::is-symlink

(lxpanel:6867): GLib-GIO-CRITICAL **: 10:21:57.432: GFileInfo created without standard::is-symlink

(lxpanel:6867): GLib-GIO-CRITICAL **: 10:21:57.432: file ../../../gio/gfileinfo.c: line 1691 (g_file_info_get_is_symlink): should not be reached

(lxpanel:6867): GLib-GIO-CRITICAL **: 10:21:57.432: file ../../../gio/gfileinfo.c: line 1691 (g_file_info_get_is_symlink): should not be reached

(lxpanel:6867): GLib-GIO-CRITICAL **: 10:21:57.432: GFileInfo created without standard::is-symlink

(lxpanel:6867): GLib-GIO-CRITICAL **: 10:21:57.432: file ../../../gio/gfileinfo.c: line 1691 (g_file_info_get_is_symlink): should not be reached

(lxpanel:6867): GLib-GIO-CRITICAL **: 10:21:57.432: GFileInfo created without standard::is-symlink

(lxpanel:6867): GLib-GIO-CRITICAL **: 10:21:57.432: GFileInfo created without standard::is-symlink

(lxpanel:6867): GLib-GIO-CRITICAL **: 10:21:57.432: file ../../../gio/gfileinfo.c: line 1691 (g_file_info_get_is_symlink): should not be reached

(lxpanel:6867): GLib-GIO-CRITICAL **: 10:21:57.432: file ../../../gio/gfileinfo.c: line 1691 (g_file_info_get_is_symlink): should not be reached

(lxpanel:6867): GLib-GIO-CRITICAL **: 10:21:57.432: GFileInfo created without standard::is-symlink

(lxpanel:6867): GLib-GIO-CRITICAL **: 10:21:57.432: file ../../../gio/gfileinfo.c: line 1691 (g_file_info_get_is_symlink): should not be reached

(lxpanel:6867): GLib-GIO-CRITICAL **: 10:21:57.432: GFileInfo created without standard::is-symlink

(lxpanel:6867): GLib-GIO-CRITICAL **: 10:21:57.432: file ../../../gio/gfileinfo.c: line 1691 (g_file_info_get_is_symlink): should not be reached

(lxpanel:6867): GLib-GIO-CRITICAL **: 10:21:57.432: GFileInfo created without standard::is-symlink

(lxpanel:6867): GLib-GIO-CRITICAL **: 10:21:57.432: file ../../../gio/gfileinfo.c: line 1691 (g_file_info_get_is_symlink): should not be reached

(lxpanel:6867): GLib-GIO-CRITICAL **: 10:21:57.432: GFileInfo created without standard::is-symlink

(lxpanel:6867): GLib-GIO-CRITICAL **: 10:21:57.432: file ../../../gio/gfileinfo.c: line 1691 (g_file_info_get_is_symlink): should not be reached

(lxpanel:6867): GLib-GIO-CRITICAL **: 10:21:57.432: GFileInfo created without standard::is-symlink

(lxpanel:6867): GLib-GIO-CRITICAL **: 10:21:57.432: GFileInfo created without standard::is-symlink

(lxpanel:6867): GLib-GIO-CRITICAL **: 10:21:57.432: file ../../../gio/gfileinfo.c: line 1691 (g_file_info_get_is_symlink): should not be reached

(lxpanel:6867): GLib-GIO-CRITICAL **: 10:21:57.432: file ../../../gio/gfileinfo.c: line 1691 (g_file_info_get_is_symlink): should not be reached

(lxpanel:6867): GLib-GIO-CRITICAL **: 10:21:57.432: GFileInfo created without standard::is-symlink

(lxpanel:6867): GLib-GIO-CRITICAL **: 10:21:57.432: file ../../../gio/gfileinfo.c: line 1691 (g_file_info_get_is_symlink): should not be reached

(lxpanel:6867): GLib-GIO-CRITICAL **: 10:21:57.432: GFileInfo created without standard::is-symlink

(lxpanel:6867): GLib-GIO-CRITICAL **: 10:21:57.432: file ../../../gio/gfileinfo.c: line 1691 (g_file_info_get_is_symlink): should not be reached

(lxpanel:6867): GLib-GIO-CRITICAL **: 10:21:57.432: GFileInfo created without standard::size

(lxpanel:6867): GLib-GIO-CRITICAL **: 10:21:57.432: file ../../../gio/gfileinfo.c: line 1860 (g_file_info_get_size): should not be reached

(lxpanel:6867): GLib-GIO-CRITICAL **: 10:21:57.432: GFileInfo created without standard::is-symlink

(lxpanel:6867): GLib-GIO-CRITICAL **: 10:21:57.432: file ../../../gio/gfileinfo.c: line 1691 (g_file_info_get_is_symlink): should not be reached

(lxpanel:6867): GLib-GIO-CRITICAL **: 10:21:57.432: GFileInfo created without standard::edit-name

(lxpanel:6867): GLib-GIO-CRITICAL **: 10:21:57.432: GFileInfo created without standard::is-symlink

(lxpanel:6867): GLib-GIO-CRITICAL **: 10:21:57.432: file ../../../gio/gfileinfo.c: line 1757 (g_file_info_get_edit_name): should not be reached

(lxpanel:6867): GLib-GIO-CRITICAL **: 10:21:57.432: file ../../../gio/gfileinfo.c: line 1691 (g_file_info_get_is_symlink): should not be reached

(lxpanel:6867): GLib-GIO-CRITICAL **: 10:21:57.432: GFileInfo created without standard::size

(lxpanel:6867): GLib-GIO-CRITICAL **: 10:21:57.432: file ../../../gio/gfileinfo.c: line 1860 (g_file_info_get_size): should not be reached

(lxpanel:6867): GLib-GIO-CRITICAL **: 10:21:57.432: GFileInfo created without standard::is-symlink

(lxpanel:6867): GLib-GIO-CRITICAL **: 10:21:57.432: file ../../../gio/gfileinfo.c: line 1691 (g_file_info_get_is_symlink): should not be reached

(lxpanel:6867): GLib-GIO-CRITICAL **: 10:21:57.432: GFileInfo created without standard::is-symlink

(lxpanel:6867): GLib-GIO-CRITICAL **: 10:21:57.432: GFileInfo created without standard::is-symlink

(lxpanel:6867): GLib-GIO-CRITICAL **: 10:21:57.432: file ../../../gio/gfileinfo.c: line 1691 (g_file_info_get_is_symlink): should not be reached

(lxpanel:6867): GLib-GIO-CRITICAL **: 10:21:57.432: file ../../../gio/gfileinfo.c: line 1691 (g_file_info_get_is_symlink): should not be reached

(lxpanel:6867): GLib-GIO-CRITICAL **: 10:21:57.432: GFileInfo created without standard::is-symlink

(lxpanel:6867): GLib-GIO-CRITICAL **: 10:21:57.432: GFileInfo created without standard::is-backup

(lxpanel:6867): GLib-GIO-CRITICAL **: 10:21:57.432: file ../../../gio/gfileinfo.c: line 1691 (g_file_info_get_is_symlink): should not be reached

(lxpanel:6867): GLib-GIO-CRITICAL **: 10:21:57.432: file ../../../gio/gfileinfo.c: line 1669 (g_file_info_get_is_backup): should not be reached

(lxpanel:6867): GLib-GIO-CRITICAL **: 10:21:57.432: GFileInfo created without standard::is-symlink

(lxpanel:6867): GLib-GIO-CRITICAL **: 10:21:57.432: file ../../../gio/gfileinfo.c: line 1691 (g_file_info_get_is_symlink): should not be reached

(lxpanel:6867): GLib-GIO-CRITICAL **: 10:21:57.432: GFileInfo created without standard::is-symlink

(lxpanel:6867): GLib-GIO-CRITICAL **: 10:21:57.432: file ../../../gio/gfileinfo.c: line 1691 (g_file_info_get_is_symlink): should not be reached

(lxpanel:6867): GLib-GIO-CRITICAL **: 10:21:57.432: GFileInfo created without standard::is-symlink

(lxpanel:6867): GLib-GIO-CRITICAL **: 10:21:57.432: file ../../../gio/gfileinfo.c: line 1691 (g_file_info_get_is_symlink): should not be reached

(lxpanel:6867): GLib-GIO-CRITICAL **: 10:21:57.432: GFileInfo created without standard::is-symlink

(lxpanel:6867): GLib-GIO-CRITICAL **: 10:21:57.432: file ../../../gio/gfileinfo.c: line 1691 (g_file_info_get_is_symlink): should not be reached

(lxpanel:6867): GLib-GIO-CRITICAL **: 10:21:57.432: GFileInfo created without standard::is-symlink

(lxpanel:6867): GLib-GIO-CRITICAL **: 10:21:57.432: file ../../../gio/gfileinfo.c: line 1691 (g_file_info_get_is_symlink): should not be reached

(lxpanel:6867): GLib-GIO-CRITICAL **: 10:21:57.432: GFileInfo created without standard::is-symlink

(lxpanel:6867): GLib-GIO-CRITICAL **: 10:21:57.432: file ../../../gio/gfileinfo.c: line 1691 (g_file_info_get_is_symlink): should not be reached

(lxpanel:6867): GLib-GIO-CRITICAL **: 10:21:57.432: GFileInfo created without standard::is-symlink

(lxpanel:6867): GLib-GIO-CRITICAL **: 10:21:57.432: file ../../../gio/gfileinfo.c: line 1691 (g_file_info_get_is_symlink): should not be reached

(lxpanel:6867): GLib-GIO-CRITICAL **: 10:21:57.432: GFileInfo created without standard::is-symlink

(lxpanel:6867): GLib-GIO-CRITICAL **: 10:21:57.432: file ../../../gio/gfileinfo.c: line 1691 (g_file_info_get_is_symlink): should not be reached

(lxpanel:6867): GLib-GIO-CRITICAL **: 10:21:57.432: GFileInfo created without standard::is-symlink

(lxpanel:6867): GLib-GIO-CRITICAL **: 10:21:57.432: file ../../../gio/gfileinfo.c: line 1691 (g_file_info_get_is_symlink): should not be reached

(lxpanel:6867): GLib-GIO-CRITICAL **: 10:21:57.432: GFileInfo created without standard::is-symlink

(lxpanel:6867): GLib-GIO-CRITICAL **: 10:21:57.432: file ../../../gio/gfileinfo.c: line 1691 (g_file_info_get_is_symlink): should not be reached

(lxpanel:6867): GLib-GIO-CRITICAL **: 10:21:57.432: GFileInfo created without standard::is-symlink

(lxpanel:6867): GLib-GIO-CRITICAL **: 10:21:57.432: GFileInfo created without standard::is-symlink

(lxpanel:6867): GLib-GIO-CRITICAL **: 10:21:57.432: file ../../../gio/gfileinfo.c: line 1691 (g_file_info_get_is_symlink): should not be reached

(lxpanel:6867): GLib-GIO-CRITICAL **: 10:21:57.432: file ../../../gio/gfileinfo.c: line 1691 (g_file_info_get_is_symlink): should not be reached

(lxpanel:6867): GLib-GIO-CRITICAL **: 10:21:57.432: GFileInfo created without standard::size

(lxpanel:6867): GLib-GIO-CRITICAL **: 10:21:57.432: file ../../../gio/gfileinfo.c: line 1860 (g_file_info_get_size): should not be reached

(lxpanel:6867): GLib-GIO-CRITICAL **: 10:21:57.432: GFileInfo created without standard::is-symlink

(lxpanel:6867): GLib-GIO-CRITICAL **: 10:21:57.432: file ../../../gio/gfileinfo.c: line 1691 (g_file_info_get_is_symlink): should not be reached

(lxpanel:6867): GLib-GIO-CRITICAL **: 10:21:57.432: GFileInfo created without standard::edit-name

(lxpanel:6867): GLib-GIO-CRITICAL **: 10:21:57.432: GFileInfo created without standard::is-symlink

(lxpanel:6867): GLib-GIO-CRITICAL **: 10:21:57.432: file ../../../gio/gfileinfo.c: line 1691 (g_file_info_get_is_symlink): should not be reached

(lxpanel:6867): GLib-GIO-CRITICAL **: 10:21:57.432: file ../../../gio/gfileinfo.c: line 1757 (g_file_info_get_edit_name): should not be reached

(lxpanel:6867): GLib-GIO-CRITICAL **: 10:21:57.432: GFileInfo created without standard::is-symlink

(lxpanel:6867): GLib-GIO-CRITICAL **: 10:21:57.432: GFileInfo created without standard::size

(lxpanel:6867): GLib-GIO-CRITICAL **: 10:21:57.432: file ../../../gio/gfileinfo.c: line 1691 (g_file_info_get_is_symlink): should not be reached

(lxpanel:6867): GLib-GIO-CRITICAL **: 10:21:57.432: file ../../../gio/gfileinfo.c: line 1860 (g_file_info_get_size): should not be reached

(lxpanel:6867): GLib-GIO-CRITICAL **: 10:21:57.432: GFileInfo created without standard::is-symlink

(lxpanel:6867): GLib-GIO-CRITICAL **: 10:21:57.432: GFileInfo created without standard::is-symlink

(lxpanel:6867): GLib-GIO-CRITICAL **: 10:21:57.432: file ../../../gio/gfileinfo.c: line 1691 (g_file_info_get_is_symlink): should not be reached

(lxpanel:6867): GLib-GIO-CRITICAL **: 10:21:57.432: file ../../../gio/gfileinfo.c: line 1691 (g_file_info_get_is_symlink): should not be reached

(lxpanel:6867): GLib-GIO-CRITICAL **: 10:21:57.432: GFileInfo created without standard::is-backup

(lxpanel:6867): GLib-GIO-CRITICAL **: 10:21:57.432: GFileInfo created without standard::is-symlink

(lxpanel:6867): GLib-GIO-CRITICAL **: 10:21:57.432: file ../../../gio/gfileinfo.c: line 1669 (g_file_info_get_is_backup): should not be reached

(lxpanel:6867): GLib-GIO-CRITICAL **: 10:21:57.432: file ../../../gio/gfileinfo.c: line 1691 (g_file_info_get_is_symlink): should not be reached

(lxpanel:6867): GLib-GIO-CRITICAL **: 10:21:57.432: GFileInfo created without standard::is-symlink

(lxpanel:6867): GLib-GIO-CRITICAL **: 10:21:57.432: GFileInfo created without standard::is-symlink

(lxpanel:6867): GLib-GIO-CRITICAL **: 10:21:57.432: file ../../../gio/gfileinfo.c: line 1691 (g_file_info_get_is_symlink): should not be reached

(lxpanel:6867): GLib-GIO-CRITICAL **: 10:21:57.432: file ../../../gio/gfileinfo.c: line 1691 (g_file_info_get_is_symlink): should not be reached

(lxpanel:6867): GLib-GIO-CRITICAL **: 10:21:57.432: GFileInfo created without standard::is-symlink

(lxpanel:6867): GLib-GIO-CRITICAL **: 10:21:57.432: file ../../../gio/gfileinfo.c: line 1691 (g_file_info_get_is_symlink): should not be reached

(lxpanel:6867): GLib-GIO-CRITICAL **: 10:21:57.432: GFileInfo created without standard::is-symlink

(lxpanel:6867): GLib-GIO-CRITICAL **: 10:21:57.432: file ../../../gio/gfileinfo.c: line 1691 (g_file_info_get_is_symlink): should not be reached

(lxpanel:6867): GLib-GIO-CRITICAL **: 10:21:57.432: GFileInfo created without standard::is-symlink

(lxpanel:6867): GLib-GIO-CRITICAL **: 10:21:57.432: file ../../../gio/gfileinfo.c: line 1691 (g_file_info_get_is_symlink): should not be reached

(lxpanel:6867): GLib-GIO-CRITICAL **: 10:21:57.432: GFileInfo created without standard::is-symlink

(lxpanel:6867): GLib-GIO-CRITICAL **: 10:21:57.432: GFileInfo created without standard::is-symlink

(lxpanel:6867): GLib-GIO-CRITICAL **: 10:21:57.432: file ../../../gio/gfileinfo.c: line 1691 (g_file_info_get_is_symlink): should not be reached

(lxpanel:6867): GLib-GIO-CRITICAL **: 10:21:57.432: file ../../../gio/gfileinfo.c: line 1691 (g_file_info_get_is_symlink): should not be reached

(lxpanel:6867): GLib-GIO-CRITICAL **: 10:21:57.432: GFileInfo created without standard::is-symlink

(lxpanel:6867): GLib-GIO-CRITICAL **: 10:21:57.432: file ../../../gio/gfileinfo.c: line 1691 (g_file_info_get_is_symlink): should not be reached

(lxpanel:6867): GLib-GIO-CRITICAL **: 10:21:57.432: GFileInfo created without standard::is-symlink

(lxpanel:6867): GLib-GIO-CRITICAL **: 10:21:57.432: file ../../../gio/gfileinfo.c: line 1691 (g_file_info_get_is_symlink): should not be reached

(lxpanel:6867): GLib-GIO-CRITICAL **: 10:21:57.432: GFileInfo created without standard::is-symlink

(lxpanel:6867): GLib-GIO-CRITICAL **: 10:21:57.432: GFileInfo created without standard::is-symlink

(lxpanel:6867): GLib-GIO-CRITICAL **: 10:21:57.432: file ../../../gio/gfileinfo.c: line 1691 (g_file_info_get_is_symlink): should not be reached

(lxpanel:6867): GLib-GIO-CRITICAL **: 10:21:57.432: file ../../../gio/gfileinfo.c: line 1691 (g_file_info_get_is_symlink): should not be reached

(lxpanel:6867): GLib-GIO-CRITICAL **: 10:21:57.432: GFileInfo created without standard::is-symlink

(lxpanel:6867): GLib-GIO-CRITICAL **: 10:21:57.432: file ../../../gio/gfileinfo.c: line 1691 (g_file_info_get_is_symlink): should not be reached

(lxpanel:6867): GLib-GIO-CRITICAL **: 10:21:57.432: GFileInfo created without standard::is-symlink

(lxpanel:6867): GLib-GIO-CRITICAL **: 10:21:57.432: file ../../../gio/gfileinfo.c: line 1691 (g_file_info_get_is_symlink): should not be reached

(lxpanel:6867): GLib-GIO-CRITICAL **: 10:21:57.432: GFileInfo created without standard::is-symlink

(lxpanel:6867): GLib-GIO-CRITICAL **: 10:21:57.432: file ../../../gio/gfileinfo.c: line 1691 (g_file_info_get_is_symlink): should not be reached

(lxpanel:6867): GLib-GIO-CRITICAL **: 10:21:57.432: GFileInfo created without standard::is-symlink

(lxpanel:6867): GLib-GIO-CRITICAL **: 10:21:57.432: GFileInfo created without standard::is-symlink

(lxpanel:6867): GLib-GIO-CRITICAL **: 10:21:57.432: file ../../../gio/gfileinfo.c: line 1691 (g_file_info_get_is_symlink): should not be reached

(lxpanel:6867): GLib-GIO-CRITICAL **: 10:21:57.432: file ../../../gio/gfileinfo.c: line 1691 (g_file_info_get_is_symlink): should not be reached

(lxpanel:6867): GLib-GIO-CRITICAL **: 10:21:57.432: GFileInfo created without standard::is-symlink

(lxpanel:6867): GLib-GIO-CRITICAL **: 10:21:57.432: GFileInfo created without standard::is-symlink

(lxpanel:6867): GLib-GIO-CRITICAL **: 10:21:57.432: file ../../../gio/gfileinfo.c: line 1691 (g_file_info_get_is_symlink): should not be reached

(lxpanel:6867): GLib-GIO-CRITICAL **: 10:21:57.432: file ../../../gio/gfileinfo.c: line 1691 (g_file_info_get_is_symlink): should not be reached

(lxpanel:6867): GLib-GIO-CRITICAL **: 10:21:57.432: GFileInfo created without standard::is-symlink

(lxpanel:6867): GLib-GIO-CRITICAL **: 10:21:57.432: file ../../../gio/gfileinfo.c: line 1691 (g_file_info_get_is_symlink): should not be reached

(lxpanel:6867): GLib-GIO-CRITICAL **: 10:21:57.432: GFileInfo created without standard::is-symlink

(lxpanel:6867): GLib-GIO-CRITICAL **: 10:21:57.432: file ../../../gio/gfileinfo.c: line 1691 (g_file_info_get_is_symlink): should not be reached

(lxpanel:6867): GLib-GIO-CRITICAL **: 10:21:57.432: GFileInfo created without standard::is-symlink

(lxpanel:6867): GLib-GIO-CRITICAL **: 10:21:57.432: file ../../../gio/gfileinfo.c: line 1691 (g_file_info_get_is_symlink): should not be reached

(lxpanel:6867): GLib-GIO-CRITICAL **: 10:21:57.432: GFileInfo created without standard::is-symlink

(lxpanel:6867): GLib-GIO-CRITICAL **: 10:21:57.432: file ../../../gio/gfileinfo.c: line 1691 (g_file_info_get_is_symlink): should not be reached

(lxpanel:6867): GLib-GIO-CRITICAL **: 10:21:57.432: GFileInfo created without standard::is-symlink

(lxpanel:6867): GLib-GIO-CRITICAL **: 10:21:57.432: GFileInfo created without standard::is-symlink

(lxpanel:6867): GLib-GIO-CRITICAL **: 10:21:57.432: file ../../../gio/gfileinfo.c: line 1691 (g_file_info_get_is_symlink): should not be reached

(lxpanel:6867): GLib-GIO-CRITICAL **: 10:21:57.432: file ../../../gio/gfileinfo.c: line 1691 (g_file_info_get_is_symlink): should not be reached

(lxpanel:6867): GLib-GIO-CRITICAL **: 10:21:57.432: GFileInfo created without standard::is-symlink

(lxpanel:6867): GLib-GIO-CRITICAL **: 10:21:57.432: GFileInfo created without standard::is-symlink

(lxpanel:6867): GLib-GIO-CRITICAL **: 10:21:57.432: file ../../../gio/gfileinfo.c: line 1691 (g_file_info_get_is_symlink): should not be reached

(lxpanel:6867): GLib-GIO-CRITICAL **: 10:21:57.432: file ../../../gio/gfileinfo.c: line 1691 (g_file_info_get_is_symlink): should not be reached

(lxpanel:6867): GLib-GIO-CRITICAL **: 10:21:57.432: GFileInfo created without standard::is-symlink

(lxpanel:6867): GLib-GIO-CRITICAL **: 10:21:57.432: GFileInfo created without standard::is-symlink

(lxpanel:6867): GLib-GIO-CRITICAL **: 10:21:57.432: file ../../../gio/gfileinfo.c: line 1691 (g_file_info_get_is_symlink): should not be reached

(lxpanel:6867): GLib-GIO-CRITICAL **: 10:21:57.432: file ../../../gio/gfileinfo.c: line 1691 (g_file_info_get_is_symlink): should not be reached

(lxpanel:6867): GLib-GIO-CRITICAL **: 10:21:57.432: GFileInfo created without standard::is-symlink

(lxpanel:6867): GLib-GIO-CRITICAL **: 10:21:57.432: GFileInfo created without standard::is-symlink

(lxpanel:6867): GLib-GIO-CRITICAL **: 10:21:57.432: file ../../../gio/gfileinfo.c: line 1691 (g_file_info_get_is_symlink): should not be reached

(lxpanel:6867): GLib-GIO-CRITICAL **: 10:21:57.432: file ../../../gio/gfileinfo.c: line 1691 (g_file_info_get_is_symlink): should not be reached

(lxpanel:6867): GLib-GIO-CRITICAL **: 10:21:57.432: GFileInfo created without standard::is-symlink

(lxpanel:6867): GLib-GIO-CRITICAL **: 10:21:57.432: GFileInfo created without standard::is-symlink

(lxpanel:6867): GLib-GIO-CRITICAL **: 10:21:57.432: file ../../../gio/gfileinfo.c: line 1691 (g_file_info_get_is_symlink): should not be reached

(lxpanel:6867): GLib-GIO-CRITICAL **: 10:21:57.432: file ../../../gio/gfileinfo.c: line 1691 (g_file_info_get_is_symlink): should not be reached

(lxpanel:6867): GLib-GIO-CRITICAL **: 10:21:57.432: GFileInfo created without standard::is-symlink

(lxpanel:6867): GLib-GIO-CRITICAL **: 10:21:57.432: GFileInfo created without standard::is-symlink

(lxpanel:6867): GLib-GIO-CRITICAL **: 10:21:57.432: file ../../../gio/gfileinfo.c: line 1691 (g_file_info_get_is_symlink): should not be reached

(lxpanel:6867): GLib-GIO-CRITICAL **: 10:21:57.432: file ../../../gio/gfileinfo.c: line 1691 (g_file_info_get_is_symlink): should not be reached

(lxpanel:6867): GLib-GIO-CRITICAL **: 10:21:57.432: GFileInfo created without standard::is-symlink

(lxpanel:6867): GLib-GIO-CRITICAL **: 10:21:57.432: GFileInfo created without standard::is-symlink

(lxpanel:6867): GLib-GIO-CRITICAL **: 10:21:57.432: file ../../../gio/gfileinfo.c: line 1691 (g_file_info_get_is_symlink): should not be reached

(lxpanel:6867): GLib-GIO-CRITICAL **: 10:21:57.432: file ../../../gio/gfileinfo.c: line 1691 (g_file_info_get_is_symlink): should not be reached

(lxpanel:6867): GLib-GIO-CRITICAL **: 10:21:57.432: GFileInfo created without standard::is-symlink

(lxpanel:6867): GLib-GIO-CRITICAL **: 10:21:57.432: file ../../../gio/gfileinfo.c: line 1691 (g_file_info_get_is_symlink): should not be reached

(lxpanel:6867): GLib-GIO-CRITICAL **: 10:21:57.432: GFileInfo created without standard::is-symlink

(lxpanel:6867): GLib-GIO-CRITICAL **: 10:21:57.432: file ../../../gio/gfileinfo.c: line 1691 (g_file_info_get_is_symlink): should not be reached

(lxpanel:6867): GLib-GIO-CRITICAL **: 10:21:57.432: GFileInfo created without standard::is-symlink

(lxpanel:6867): GLib-GIO-CRITICAL **: 10:21:57.432: file ../../../gio/gfileinfo.c: line 1691 (g_file_info_get_is_symlink): should not be reached

(lxpanel:6867): GLib-GIO-CRITICAL **: 10:21:57.432: GFileInfo created without standard::is-symlink

(lxpanel:6867): GLib-GIO-CRITICAL **: 10:21:57.432: file ../../../gio/gfileinfo.c: line 1691 (g_file_info_get_is_symlink): should not be reached

(lxpanel:6867): GLib-GIO-CRITICAL **: 10:21:57.432: GFileInfo created without standard::is-symlink

(lxpanel:6867): GLib-GIO-CRITICAL **: 10:21:57.432: file ../../../gio/gfileinfo.c: line 1691 (g_file_info_get_is_symlink): should not be reached

(lxpanel:6867): GLib-GIO-CRITICAL **: 10:21:57.432: GFileInfo created without standard::is-symlink

(lxpanel:6867): GLib-GIO-CRITICAL **: 10:21:57.432: file ../../../gio/gfileinfo.c: line 1691 (g_file_info_get_is_symlink): should not be reached

(lxpanel:6867): GLib-GIO-CRITICAL **: 10:21:57.432: GFileInfo created without standard::is-symlink

(lxpanel:6867): GLib-GIO-CRITICAL **: 10:21:57.432: file ../../../gio/gfileinfo.c: line 1691 (g_file_info_get_is_symlink): should not be reached

(lxpanel:6867): GLib-GIO-CRITICAL **: 10:21:57.432: GFileInfo created without standard::is-symlink

(lxpanel:6867): GLib-GIO-CRITICAL **: 10:21:57.432: file ../../../gio/gfileinfo.c: line 1691 (g_file_info_get_is_symlink): should not be reached

(lxpanel:6867): GLib-GIO-CRITICAL **: 10:21:57.432: GFileInfo created without standard::is-symlink

(lxpanel:6867): GLib-GIO-CRITICAL **: 10:21:57.433: file ../../../gio/gfileinfo.c: line 1691 (g_file_info_get_is_symlink): should not be reached

(lxpanel:6867): GLib-GIO-CRITICAL **: 10:21:57.433: GFileInfo created without standard::is-symlink

(lxpanel:6867): GLib-GIO-CRITICAL **: 10:21:57.433: file ../../../gio/gfileinfo.c: line 1691 (g_file_info_get_is_symlink): should not be reached

(lxpanel:6867): GLib-GIO-CRITICAL **: 10:21:57.433: GFileInfo created without standard::is-symlink

(lxpanel:6867): GLib-GIO-CRITICAL **: 10:21:57.433: file ../../../gio/gfileinfo.c: line 1691 (g_file_info_get_is_symlink): should not be reached

(lxpanel:6867): GLib-GIO-CRITICAL **: 10:21:57.433: GFileInfo created without standard::is-symlink

(lxpanel:6867): GLib-GIO-CRITICAL **: 10:21:57.433: file ../../../gio/gfileinfo.c: line 1691 (g_file_info_get_is_symlink): should not be reached

(lxpanel:6867): GLib-GIO-CRITICAL **: 10:21:57.433: GFileInfo created without standard::is-symlink

(lxpanel:6867): GLib-GIO-CRITICAL **: 10:21:57.433: file ../../../gio/gfileinfo.c: line 1691 (g_file_info_get_is_symlink): should not be reached

(lxpanel:6867): GLib-GIO-CRITICAL **: 10:21:57.433: GFileInfo created without standard::is-symlink

(lxpanel:6867): GLib-GIO-CRITICAL **: 10:21:57.433: file ../../../gio/gfileinfo.c: line 1691 (g_file_info_get_is_symlink): should not be reached

(lxpanel:6867): GLib-GIO-CRITICAL **: 10:21:57.433: GFileInfo created without standard::is-symlink

(lxpanel:6867): GLib-GIO-CRITICAL **: 10:21:57.433: GFileInfo created without standard::is-symlink

(lxpanel:6867): GLib-GIO-CRITICAL **: 10:21:57.433: file ../../../gio/gfileinfo.c: line 1691 (g_file_info_get_is_symlink): should not be reached

(lxpanel:6867): GLib-GIO-CRITICAL **: 10:21:57.433: file ../../../gio/gfileinfo.c: line 1691 (g_file_info_get_is_symlink): should not be reached

(lxpanel:6867): GLib-GIO-CRITICAL **: 10:21:57.433: GFileInfo created without standard::is-symlink

(lxpanel:6867): GLib-GIO-CRITICAL **: 10:21:57.433: GFileInfo created without standard::is-symlink

(lxpanel:6867): GLib-GIO-CRITICAL **: 10:21:57.433: file ../../../gio/gfileinfo.c: line 1691 (g_file_info_get_is_symlink): should not be reached

(lxpanel:6867): GLib-GIO-CRITICAL **: 10:21:57.433: file ../../../gio/gfileinfo.c: line 1691 (g_file_info_get_is_symlink): should not be reached

(lxpanel:6867): GLib-GIO-CRITICAL **: 10:21:57.433: GFileInfo created without standard::is-symlink

(lxpanel:6867): GLib-GIO-CRITICAL **: 10:21:57.433: GFileInfo created without standard::is-symlink

(lxpanel:6867): GLib-GIO-CRITICAL **: 10:21:57.433: file ../../../gio/gfileinfo.c: line 1691 (g_file_info_get_is_symlink): should not be reached

(lxpanel:6867): GLib-GIO-CRITICAL **: 10:21:57.433: file ../../../gio/gfileinfo.c: line 1691 (g_file_info_get_is_symlink): should not be reached

(lxpanel:6867): GLib-GIO-CRITICAL **: 10:21:57.433: GFileInfo created without standard::is-symlink

(lxpanel:6867): GLib-GIO-CRITICAL **: 10:21:57.433: GFileInfo created without standard::is-symlink

(lxpanel:6867): GLib-GIO-CRITICAL **: 10:21:57.433: file ../../../gio/gfileinfo.c: line 1691 (g_file_info_get_is_symlink): should not be reached

(lxpanel:6867): GLib-GIO-CRITICAL **: 10:21:57.433: file ../../../gio/gfileinfo.c: line 1691 (g_file_info_get_is_symlink): should not be reached

(lxpanel:6867): GLib-GIO-CRITICAL **: 10:21:57.433: GFileInfo created without standard::is-symlink

(lxpanel:6867): GLib-GIO-CRITICAL **: 10:21:57.433: GFileInfo created without standard::is-symlink

(lxpanel:6867): GLib-GIO-CRITICAL **: 10:21:57.433: file ../../../gio/gfileinfo.c: line 1691 (g_file_info_get_is_symlink): should not be reached

(lxpanel:6867): GLib-GIO-CRITICAL **: 10:21:57.433: file ../../../gio/gfileinfo.c: line 1691 (g_file_info_get_is_symlink): should not be reached

(lxpanel:6867): GLib-GIO-CRITICAL **: 10:21:57.433: GFileInfo created without standard::is-symlink

(lxpanel:6867): GLib-GIO-CRITICAL **: 10:21:57.433: GFileInfo created without standard::is-symlink

(lxpanel:6867): GLib-GIO-CRITICAL **: 10:21:57.433: file ../../../gio/gfileinfo.c: line 1691 (g_file_info_get_is_symlink): should not be reached

(lxpanel:6867): GLib-GIO-CRITICAL **: 10:21:57.433: file ../../../gio/gfileinfo.c: line 1691 (g_file_info_get_is_symlink): should not be reached

(lxpanel:6867): GLib-GIO-CRITICAL **: 10:21:57.433: GFileInfo created without standard::is-symlink

(lxpanel:6867): GLib-GIO-CRITICAL **: 10:21:57.433: file ../../../gio/gfileinfo.c: line 1691 (g_file_info_get_is_symlink): should not be reached

(lxpanel:6867): GLib-GIO-CRITICAL **: 10:21:57.433: GFileInfo created without standard::is-symlink

(lxpanel:6867): GLib-GIO-CRITICAL **: 10:21:57.433: GFileInfo created without standard::is-symlink

(lxpanel:6867): GLib-GIO-CRITICAL **: 10:21:57.433: file ../../../gio/gfileinfo.c: line 1691 (g_file_info_get_is_symlink): should not be reached

(lxpanel:6867): GLib-GIO-CRITICAL **: 10:21:57.433: file ../../../gio/gfileinfo.c: line 1691 (g_file_info_get_is_symlink): should not be reached

(lxpanel:6867): GLib-GIO-CRITICAL **: 10:21:57.433: GFileInfo created without standard::is-symlink

(lxpanel:6867): GLib-GIO-CRITICAL **: 10:21:57.433: file ../../../gio/gfileinfo.c: line 1691 (g_file_info_get_is_symlink): should not be reached

(lxpanel:6867): GLib-GIO-CRITICAL **: 10:21:57.433: GFileInfo created without standard::is-symlink

(lxpanel:6867): GLib-GIO-CRITICAL **: 10:21:57.433: GFileInfo created without standard::is-symlink

(lxpanel:6867): GLib-GIO-CRITICAL **: 10:21:57.433: file ../../../gio/gfileinfo.c: line 1691 (g_file_info_get_is_symlink): should not be reached

(lxpanel:6867): GLib-GIO-CRITICAL **: 10:21:57.433: file ../../../gio/gfileinfo.c: line 1691 (g_file_info_get_is_symlink): should not be reached

(lxpanel:6867): GLib-GIO-CRITICAL **: 10:21:57.433: GFileInfo created without standard::is-symlink

(lxpanel:6867): GLib-GIO-CRITICAL **: 10:21:57.433: GFileInfo created without standard::is-symlink

(lxpanel:6867): GLib-GIO-CRITICAL **: 10:21:57.433: file ../../../gio/gfileinfo.c: line 1691 (g_file_info_get_is_symlink): should not be reached

(lxpanel:6867): GLib-GIO-CRITICAL **: 10:21:57.433: file ../../../gio/gfileinfo.c: line 1691 (g_file_info_get_is_symlink): should not be reached

(lxpanel:6867): GLib-GIO-CRITICAL **: 10:21:57.433: GFileInfo created without standard::is-symlink

(lxpanel:6867): GLib-GIO-CRITICAL **: 10:21:57.433: file ../../../gio/gfileinfo.c: line 1691 (g_file_info_get_is_symlink): should not be reached

(lxpanel:6867): GLib-GIO-CRITICAL **: 10:21:57.433: GFileInfo created without standard::is-symlink

(lxpanel:6867): GLib-GIO-CRITICAL **: 10:21:57.433: file ../../../gio/gfileinfo.c: line 1691 (g_file_info_get_is_symlink): should not be reached

(lxpanel:6867): GLib-GIO-CRITICAL **: 10:21:57.433: GFileInfo created without standard::is-symlink

(lxpanel:6867): GLib-GIO-CRITICAL **: 10:21:57.433: file ../../../gio/gfileinfo.c: line 1691 (g_file_info_get_is_symlink): should not be reached

(lxpanel:6867): GLib-GIO-CRITICAL **: 10:21:57.433: GFileInfo created without standard::is-symlink

(lxpanel:6867): GLib-GIO-CRITICAL **: 10:21:57.433: GFileInfo created without standard::is-symlink

(lxpanel:6867): GLib-GIO-CRITICAL **: 10:21:57.433: file ../../../gio/gfileinfo.c: line 1691 (g_file_info_get_is_symlink): should not be reached

(lxpanel:6867): GLib-GIO-CRITICAL **: 10:21:57.433: file ../../../gio/gfileinfo.c: line 1691 (g_file_info_get_is_symlink): should not be reached

(lxpanel:6867): GLib-GIO-CRITICAL **: 10:21:57.433: GFileInfo created without standard::is-symlink

(lxpanel:6867): GLib-GIO-CRITICAL **: 10:21:57.433: GFileInfo created without standard::is-symlink

(lxpanel:6867): GLib-GIO-CRITICAL **: 10:21:57.433: file ../../../gio/gfileinfo.c: line 1691 (g_file_info_get_is_symlink): should not be reached

(lxpanel:6867): GLib-GIO-CRITICAL **: 10:21:57.433: file ../../../gio/gfileinfo.c: line 1691 (g_file_info_get_is_symlink): should not be reached

(lxpanel:6867): GLib-GIO-CRITICAL **: 10:21:57.433: GFileInfo created without standard::is-symlink

(lxpanel:6867): GLib-GIO-CRITICAL **: 10:21:57.433: file ../../../gio/gfileinfo.c: line 1691 (g_file_info_get_is_symlink): should not be reached

(lxpanel:6867): GLib-GIO-CRITICAL **: 10:21:57.433: GFileInfo created without standard::is-symlink

(lxpanel:6867): GLib-GIO-CRITICAL **: 10:21:57.433: file ../../../gio/gfileinfo.c: line 1691 (g_file_info_get_is_symlink): should not be reached

(lxpanel:6867): GLib-GIO-CRITICAL **: 10:21:57.433: GFileInfo created without standard::is-symlink

(lxpanel:6867): GLib-GIO-CRITICAL **: 10:21:57.433: file ../../../gio/gfileinfo.c: line 1691 (g_file_info_get_is_symlink): should not be reached

(lxpanel:6867): GLib-GIO-CRITICAL **: 10:21:57.433: GFileInfo created without standard::is-symlink

(lxpanel:6867): GLib-GIO-CRITICAL **: 10:21:57.433: file ../../../gio/gfileinfo.c: line 1691 (g_file_info_get_is_symlink): should not be reached

(lxpanel:6867): GLib-GIO-CRITICAL **: 10:21:57.433: GFileInfo created without standard::is-symlink

(lxpanel:6867): GLib-GIO-CRITICAL **: 10:21:57.433: file ../../../gio/gfileinfo.c: line 1691 (g_file_info_get_is_symlink): should not be reached

(lxpanel:6867): GLib-GIO-CRITICAL **: 10:21:57.433: GFileInfo created without standard::is-symlink

(lxpanel:6867): GLib-GIO-CRITICAL **: 10:21:57.433: file ../../../gio/gfileinfo.c: line 1691 (g_file_info_get_is_symlink): should not be reached

(lxpanel:6867): GLib-GIO-CRITICAL **: 10:21:57.433: GFileInfo created without standard::is-symlink

(lxpanel:6867): GLib-GIO-CRITICAL **: 10:21:57.433: file ../../../gio/gfileinfo.c: line 1691 (g_file_info_get_is_symlink): should not be reached

(lxpanel:6867): GLib-GIO-CRITICAL **: 10:21:57.433: GFileInfo created without standard::is-symlink

(lxpanel:6867): GLib-GIO-CRITICAL **: 10:21:57.433: file ../../../gio/gfileinfo.c: line 1691 (g_file_info_get_is_symlink): should not be reached

(lxpanel:6867): GLib-GIO-CRITICAL **: 10:21:57.433: GFileInfo created without standard::is-symlink

(lxpanel:6867): GLib-GIO-CRITICAL **: 10:21:57.433: file ../../../gio/gfileinfo.c: line 1691 (g_file_info_get_is_symlink): should not be reached

(lxpanel:6867): GLib-GIO-CRITICAL **: 10:21:57.433: GFileInfo created without standard::is-symlink

(lxpanel:6867): GLib-GIO-CRITICAL **: 10:21:57.433: file ../../../gio/gfileinfo.c: line 1691 (g_file_info_get_is_symlink): should not be reached

(lxpanel:6867): GLib-GIO-CRITICAL **: 10:21:57.433: GFileInfo created without standard::is-symlink

(lxpanel:6867): GLib-GIO-CRITICAL **: 10:21:57.433: file ../../../gio/gfileinfo.c: line 1691 (g_file_info_get_is_symlink): should not be reached

(lxpanel:6867): GLib-GIO-CRITICAL **: 10:21:57.433: GFileInfo created without standard::is-symlink

(lxpanel:6867): GLib-GIO-CRITICAL **: 10:21:57.433: file ../../../gio/gfileinfo.c: line 1691 (g_file_info_get_is_symlink): should not be reached

(lxpanel:6867): GLib-GIO-CRITICAL **: 10:21:57.433: GFileInfo created without standard::is-symlink

(lxpanel:6867): GLib-GIO-CRITICAL **: 10:21:57.433: file ../../../gio/gfileinfo.c: line 1691 (g_file_info_get_is_symlink): should not be reached

(lxpanel:6867): GLib-GIO-CRITICAL **: 10:21:57.433: GFileInfo created without standard::is-symlink

(lxpanel:6867): GLib-GIO-CRITICAL **: 10:21:57.433: file ../../../gio/gfileinfo.c: line 1691 (g_file_info_get_is_symlink): should not be reached

(lxpanel:6867): GLib-GIO-CRITICAL **: 10:21:57.433: GFileInfo created without standard::is-symlink

(lxpanel:6867): GLib-GIO-CRITICAL **: 10:21:57.433: file ../../../gio/gfileinfo.c: line 1691 (g_file_info_get_is_symlink): should not be reached

(lxpanel:6867): GLib-GIO-CRITICAL **: 10:21:57.433: GFileInfo created without standard::is-symlink

(lxpanel:6867): GLib-GIO-CRITICAL **: 10:21:57.433: GFileInfo created without standard::is-symlink

(lxpanel:6867): GLib-GIO-CRITICAL **: 10:21:57.433: file ../../../gio/gfileinfo.c: line 1691 (g_file_info_get_is_symlink): should not be reached

(lxpanel:6867): GLib-GIO-CRITICAL **: 10:21:57.433: file ../../../gio/gfileinfo.c: line 1691 (g_file_info_get_is_symlink): should not be reached

(lxpanel:6867): GLib-GIO-CRITICAL **: 10:21:57.433: GFileInfo created without standard::is-symlink

(lxpanel:6867): GLib-GIO-CRITICAL **: 10:21:57.433: GFileInfo created without standard::is-symlink

(lxpanel:6867): GLib-GIO-CRITICAL **: 10:21:57.433: file ../../../gio/gfileinfo.c: line 1691 (g_file_info_get_is_symlink): should not be reached

(lxpanel:6867): GLib-GIO-CRITICAL **: 10:21:57.433: file ../../../gio/gfileinfo.c: line 1691 (g_file_info_get_is_symlink): should not be reached

(lxpanel:6867): GLib-GIO-CRITICAL **: 10:21:57.433: GFileInfo created without standard::is-symlink

(lxpanel:6867): GLib-GIO-CRITICAL **: 10:21:57.433: file ../../../gio/gfileinfo.c: line 1691 (g_file_info_get_is_symlink): should not be reached

(lxpanel:6867): GLib-GIO-CRITICAL **: 10:21:57.433: GFileInfo created without standard::is-symlink

(lxpanel:6867): GLib-GIO-CRITICAL **: 10:21:57.433: file ../../../gio/gfileinfo.c: line 1691 (g_file_info_get_is_symlink): should not be reached

(lxpanel:6867): GLib-GIO-CRITICAL **: 10:21:57.433: GFileInfo created without standard::is-symlink

(lxpanel:6867): GLib-GIO-CRITICAL **: 10:21:57.433: file ../../../gio/gfileinfo.c: line 1691 (g_file_info_get_is_symlink): should not be reached

(lxpanel:6867): GLib-GIO-CRITICAL **: 10:21:57.433: GFileInfo created without standard::is-symlink

(lxpanel:6867): GLib-GIO-CRITICAL **: 10:21:57.433: file ../../../gio/gfileinfo.c: line 1691 (g_file_info_get_is_symlink): should not be reached

(lxpanel:6867): GLib-GIO-CRITICAL **: 10:21:57.433: GFileInfo created without standard::is-symlink

(lxpanel:6867): GLib-GIO-CRITICAL **: 10:21:57.433: file ../../../gio/gfileinfo.c: line 1691 (g_file_info_get_is_symlink): should not be reached

(lxpanel:6867): GLib-GIO-CRITICAL **: 10:21:57.433: GFileInfo created without standard::is-symlink

(lxpanel:6867): GLib-GIO-CRITICAL **: 10:21:57.433: file ../../../gio/gfileinfo.c: line 1691 (g_file_info_get_is_symlink): should not be reached

(lxpanel:6867): GLib-GIO-CRITICAL **: 10:21:57.433: GFileInfo created without standard::is-symlink

(lxpanel:6867): GLib-GIO-CRITICAL **: 10:21:57.433: file ../../../gio/gfileinfo.c: line 1691 (g_file_info_get_is_symlink): should not be reached

(lxpanel:6867): GLib-GIO-CRITICAL **: 10:21:57.433: GFileInfo created without standard::is-symlink

(lxpanel:6867): GLib-GIO-CRITICAL **: 10:21:57.433: file ../../../gio/gfileinfo.c: line 1691 (g_file_info_get_is_symlink): should not be reached

(lxpanel:6867): GLib-GIO-CRITICAL **: 10:21:57.433: GFileInfo created without standard::is-symlink

(lxpanel:6867): GLib-GIO-CRITICAL **: 10:21:57.433: file ../../../gio/gfileinfo.c: line 1691 (g_file_info_get_is_symlink): should not be reached

(lxpanel:6867): GLib-GIO-CRITICAL **: 10:21:57.433: GFileInfo created without standard::is-symlink

(lxpanel:6867): GLib-GIO-CRITICAL **: 10:21:57.433: file ../../../gio/gfileinfo.c: line 1691 (g_file_info_get_is_symlink): should not be reached

(lxpanel:6867): GLib-GIO-CRITICAL **: 10:21:57.433: GFileInfo created without standard::is-symlink

(lxpanel:6867): GLib-GIO-CRITICAL **: 10:21:57.433: file ../../../gio/gfileinfo.c: line 1691 (g_file_info_get_is_symlink): should not be reached

** (lxpanel:6867): WARNING **: 10:58:21.568: lxpanel : X error: BadWindow (invalid Window parameter)

** (lxpanel:6867): WARNING **: 10:58:21.568: lxpanel : X error: BadWindow (invalid Window parameter)

** (lxpanel:6867): WARNING **: 10:58:21.568: lxpanel : X error: BadWindow (invalid Window parameter)

** (lxpanel:6867): WARNING **: 12:40:11.051: lxpanel : X error: BadWindow (invalid Window parameter)

** (lxpanel:6867): WARNING **: 12:40:11.051: lxpanel : X error: BadWindow (invalid Window parameter)

** (lxpanel:6867): WARNING **: 12:40:11.051: lxpanel : X error: BadWindow (invalid Window parameter)

** (lxpanel:6867): WARNING **: 12:40:11.065: lxpanel : X error: BadWindow (invalid Window parameter)

** (lxpanel:6867): WARNING **: 12:40:11.065: lxpanel : X error: BadWindow (invalid Window parameter)

** (lxpanel:6867): WARNING **: 12:40:11.065: lxpanel : X error: BadWindow (invalid Window parameter)
X connection to :0 broken (explicit kill or server shutdown).
